district_code,district_name_english,state_name_english,pop2011,is_post2011_district,parent_district_name,nfhs5_coverage,hmis_coverage,log_pop_now,density,pop_under15_pct,inmigrant_recent_per1000,diabetes_prev_pct,hypertension_prev_pct,obese_women_pct,central_obesity_pct,tobacco_use_pct,alcohol_use_pct,anaemia_women_pct,opd_diabetes_per1000,opd_hypertension_per1000,opd_neuropsych_per1000,opd_ophthalmic_per1000,ipd_tb_per1000,ipd_resp_chronic_per1000,cancer_incidence_per100k,child_diarrhoea_pct,child_ari_pct,child_anaemia_pct,child_undernutrition_pct,vector_borne_per1000,enteric_ipd_per1000,child_acute_hmis_per1000,snakebite_per1000,pm25_mean,poor_sanitation_pct,unsafe_water_pct,solid_fuel_ari_pct,opd_total_per1000,acute_seasonality_amp,primary_care_per100k,chc_per100k,public_hospitals_per100k,osm_hospitals_per100k,osm_clinics_per100k,pmjay_private_share,mbbs_seats_per100k,pg_seats_per100k,superspec_seats_per100k,med_college_hub,ipd_total_per1000,lab_tests_per1000,institutional_births_pct,child_full_immun_pct,child_acute_careseek_pct,chronic_treat_realiz_pct,csection_pct,screening_uptake_pct,osm_labs_per100k,health_insurance_pct,pmjay_hospitals_per100k,wealth_rwi,log_deposits_per_capita,bank_outlets_per100k,janaushadhi_per100k,osm_pharmacies_per100k,rural_stable_income_share,rural_income10k_share,vehicle_owning_share,worker_rate,oop_delivery_rs,viirs_level,kisan_cc_share,deposits_cagr_3y,credit_cagr_3y,nightlights_cagr,cd_ratio_pct,nonfarm_emp_per_1k,services_emp_share,vehicle_reg_per1000,vehicle_4w_share,vehicle_reg_growth,grad_share,women_schooling_pct,clean_fuel_pct,facility_growth_pct,obesity_delta,insurance_delta,immunisation_delta,inst_births_delta,ageing_transition,sanitation_delta,pop_growth_15_25
554,Alappuzha,Kerala,2127789.0,False,,direct,direct,6.338767508162556,1562.5286385296674,16.6,50.65178675976357,25.299999999999997,34.150000000000006,41.9,58.9,10.05,14.6,31.9,75.50829163609787,88.19461607377403,10.647876512602243,52.31894104433606,0.06417420946938371,5.247616785753604,164.0,4.5,2.8,30.3,18.3,0.36350105792300913,0.6261569295369868,4.259333959925096,0.04858904431253338,22.502085847007724,0.7999999999999972,1.5999999999999943,20.799999999999997,4232.7543775245085,38.72,19.66481133026115,0.7334195367929567,0.36670976839647834,14.210003525363534,5.133936757550696,50.0,8.021776183672962,4.171323615509941,0.0,1.0986122886681098,99.02309714731155,907.0474443844793,99.4,61.9,79.9,24.43280977312391,47.8,2.6666666666666665,2.612807099824908,60.4,0.9167744209911958,0.6546717623558153,5.412488993871539,18.839714351369075,3.850452568163022,6.188227341690572,,0.13733366076445247,,0.3780783714926621,,0.7445406057106363,0.0036616587917520276,0.0960067385695258,0.1368254796407311,14.312823298112454,52.71082505398303,165.4304068683502,0.6610265311746274,24.454499292729654,24.591842882101332,-12.751447355509763,0.11803365932813073,78.8,79.2,12.894736842105264,4.199999999999996,4.399999999999999,,0.4000000000000057,0.8999999999999986,2.0,1.1124841863154162
121,Ambedkar Nagar,Uttar Pradesh,2397888.0,False,,direct,direct,6.482665548004526,1027.032581369016,29.2,15.192802224275251,16.5,19.6,20.3,47.2,32.85,8.35,52.7,5.645466800000382,3.867970811496123,6.547543545878956,13.064480328763855,0.22082944052700573,1.4299611312814307,86.91,3.0,1.6,54.9,26.033333333333335,0.05265679654891344,2.112853961525152,3.0962196370761106,0.3504968020287051,102.82285933530906,36.4,0.0,67.8,309.74274523469506,32.16,9.873149352921269,0.329104978430709,0.0329104978430709,0.625299459018347,0.0329104978430709,35.13513513513514,3.29104978430709,0.1645524892153545,0.0,1.0986122886681098,17.415906353574687,166.17793870382377,92.2,75.1,62.1,10.377358490566037,16.0,1.866666666666667,0.0,23.0,1.2176884201936233,-0.0859183233929754,4.580837391203472,6.154263096654258,0.09873149352921269,0.0329104978430709,0.0745147753446715,0.0975333105665279,0.2059723830400081,0.3283714668908639,3.4169731726030363,0.7565345146378234,0.0574818169456756,0.1074944436766063,0.1577941712570592,14.722836670601325,48.43891613278164,42.42900419035418,0.8339984273638686,9.648041547674666,10.499730084059536,-6.068567766741429,0.07777466276523615,53.0,32.2,13.553113553113553,8.100000000000001,17.6,13.899999999999991,11.100000000000009,2.900000000000002,42.0,10.506171973779791
27,Amritsar,Punjab,2490656.0,False,,direct,direct,6.469918508437309,949.3375520875672,22.9,34.18562406145994,13.25,39.45,42.3,72.4,4.199999999999999,9.200000000000001,52.1,13.73254175642269,16.79457321667143,5.333730063242355,23.20704662667325,0.024740265257128732,0.09387744487978986,126.06,2.9,1.6,73.6,14.166666666666666,0.07896550417686293,0.3741541485461661,2.082588082261042,0.01423412521643023,75.32436279826464,14.0,0.4000000000000057,17.099999999999994,484.78990351409976,33.15,7.218734931189617,0.2033446459490033,0.10167232297450166,4.371909887903571,0.4066892918980066,85.55555555555556,13.556309729933552,8.879382873106477,0.0,1.6094379124341003,15.428775011380624,627.4029596884873,95.9,65.8,,7.287449392712546,43.3,2.566666666666667,0.03389077432483388,26.2,3.0501696892350494,0.3529087312336174,5.375795575866349,19.35163213948015,0.6439247121718438,0.06778154864966776,0.11336603678352411,0.1332903107991422,0.4699030052296569,0.3685197795279637,3.582404298019028,1.2743017278815783,0.0530735534020381,0.1011726272912847,0.1215082285633677,2.257495092658845,50.8019627079218,116.51870029421968,0.6598336365641195,20.11146329984292,25.23290496004713,-6.393248678917896,0.07425425461745025,56.7,82.9,0.45871559633027525,11.999999999999996,6.5,-26.10000000000001,5.900000000000006,3.400000000000002,6.799999999999997,10.488386195149356
672,Arvalli,Gujarat,1039918.0,True,Sabar Kantha,direct,direct,6.110931570762698,,25.5,24.939018758295152,13.75,21.5,18.1,42.2,27.7,2.75,77.3,15.483930858153236,9.171847188163705,0.20681388389829483,38.24120392531392,0.10069589852725966,1.698662349771388,98.87,16.6,1.8,89.5,41.1,0.2927926895638781,1.2966533394971744,16.367731013688644,0.020913763540277006,,43.7,1.5,52.1,775.0664005541703,27.52,19.90680455500441,0.7745838348250742,0.07745838348250743,5.1897116933279985,1.2393341357201189,31.25,0.0,0.0,0.0,0.0,68.276466704491,444.4771181861679,92.2,77.0,65.85,8.383233532934124,21.0,0.5,0.0,43.9,4.957336542880475,,4.698736380914997,10.069589852725967,0.3872919174125371,0.0,,0.1050430222477927,,,3.5643109099606027,,0.028682993868724214,0.1041821524745729,0.1760836186916641,,91.36029684729948,,,17.590798888877437,31.762424242424242,3.964475370811207,0.08969440349991027,34.7,47.9,24.45961797563657,,,,,,,9.976011839810713
611,Arwal,Bihar,700843.0,False,,direct,direct,5.849814455415924,1115.299417183311,36.6,39.10302890188383,13.4,13.45,12.4,51.3,25.15,12.9,66.9,1.480971930511158,1.0951843951776217,0.035328528876697476,19.14099694539469,0.0,1.8031681138666389,82.08,13.4,5.0,65.8,45.1,0.004239423465203697,0.30523848949466614,1.454122248564868,0.0,85.18290854572713,56.6,0.09999999999999432,70.7,519.2233889008228,35.42,13.70746920415862,0.0,0.14131411550678988,0.42394234652036966,0.0,0.0,0.0,0.0,0.0,0.0,27.4432012314186,52.924962539602944,79.2,84.2,84.69999999999999,9.243697478991608,12.7,0.26666666666666666,0.0,15.6,0.8478846930407393,-0.0805769410508044,4.594820979785241,9.326731623448133,0.28262823101357976,0.0,0.0847000404838828,0.0948659913258533,0.08436237057165691,0.3372424351816313,3.286456469746983,0.9358054743827445,0.0297141127096336,0.0899152086355659,0.1980119740109107,39.32223634168914,40.53766901080234,28.86951856549898,0.9204764493648988,5.9832396505574845,4.407570650764843,17.676486937187327,0.0408981262299388,32.9,29.3,5.434782608695652,4.6000000000000005,-9.4,10.100000000000009,9.299999999999997,1.6000000000000014,20.799999999999997,14.595818777835959
189,Aurangabad,Bihar,2540073.0,False,,direct,direct,6.534617697564598,783.9009041469668,35.2,14.943665108965972,12.35,15.75,10.0,52.4,25.0,12.5,60.5,3.9636029894113394,3.9671069849817635,0.09986387375708546,5.69895679566385,0.0014599981543433546,0.004963993724767406,82.08,7.1,2.5,68.4,40.93333333333333,0.38310351569969625,0.030951960872079118,0.08759988926060129,0.03825195164379589,72.6729490022173,52.9,0.0,61.1,527.2792094399952,69.5,9.54838792940554,0.17519977852120255,0.058399926173734185,0.613199224824209,0.08759988926060128,33.33333333333333,0.0,0.0,0.0,0.0,25.92956722113798,68.5069093969915,77.5,89.7,83.95,7.462686567164173,10.2,0.0,0.0,15.4,0.5255993355636077,-0.1059523871869143,4.5473253828010085,6.277992063676425,0.14599981543433546,0.0,0.0580951078631845,0.0917194671311885,0.0961884147722633,0.3298212295473398,3.256477206241677,0.8544314361955154,0.0389976172781631,0.1042819459287862,0.1735480072543196,24.99147124827377,46.556025469242726,25.63351525723867,0.8146396154259649,6.35595596511836,9.062036840990896,12.51421482476998,0.0657655901567806,36.9,38.9,15.22491349480969,-2.1999999999999993,-5.1,12.100000000000009,6.0,1.5,19.6,14.357647292175418
125,Bahraich,Uttar Pradesh,3487731.0,False,,direct,direct,6.618751925997588,791.2666076717387,41.0,13.471643767958883,7.35,26.45,12.5,55.4,42.8,6.3999999999999995,48.8,3.6692294501394493,3.8301732281451724,0.19871384250033997,22.486419925552998,0.14699050577204323,1.8221048947912528,86.91,9.8,6.6,71.7,34.833333333333336,0.3606199151428688,2.656895492220042,5.594059297409692,0.09358315342933685,81.80419246646026,55.8,0.0,61.8,476.6418549132367,35.25,8.925282756371201,0.2405736592013801,0.04811473184027602,0.14434419552082806,0.16840156144096607,14.942528735632186,2.4057365920138007,0.5292620502430362,0.0,1.0986122886681098,64.12707402306067,309.21004589251146,67.7,51.8,63.199999999999996,14.191419141914189,5.2,0.5,0.0,10.1,2.092990835052007,-0.2721912429005674,4.443167265796337,5.172333672829672,0.2405736592013801,0.02405736592013801,0.0253911992703753,0.0365589352524868,0.1110507641120924,0.3303465777607275,3.2420442393695508,0.5113119633900108,0.0421525271455338,0.1141054205058067,0.1290903945313515,16.808002007118294,70.16042678359516,27.89406637151776,0.8169025666327464,9.884209361947901,6.81433838817887,-2.3110942032431403,0.04464183067864395,14.4,38.2,4.098360655737705,2.0,0.9000000000000004,42.4,30.300000000000004,1.1000000000000014,30.200000000000003,10.140297524205112
646,Balod,Chhattisgarh,826165.0,True,Durg,direct,direct,5.998033437208703,,20.7,50.35495498327918,8.25,26.4,12.2,69.2,23.75,14.15,56.4,4.530468390822124,5.116114304757667,0.6228138364323098,11.278957670099958,0.0703176912100995,0.30437514909514496,94.16,1.3,1.2,68.3,28.233333333333334,1.3561269019090616,4.297415471382938,6.461191283762284,0.06931315276424092,,16.200000000000003,0.5,66.7,754.5841670678068,37.04,22.702568876403546,0.6027230675151385,0.10045384458585642,1.205446135030277,0.20090768917171284,15.909090909090908,0.0,0.0,0.0,0.0,46.988290343480195,98.53718523115828,97.4,85.2,,5.120481927710847,17.8,0.26666666666666666,0.0,79.5,4.419969161777682,,4.65783257552976,8.940392168141221,0.6027230675151385,0.0,,0.04292292193068192,,,3.2801228963023075,,0.05594200931843376,0.0994213516506796,0.1633191869147696,,47.24433631854124,,,10.309578069846443,13.205997124666254,-37.41309915843395,0.0851332873994197,46.3,33.3,1.3100436681222707,,,,,,,10.09422546057043
127,Balrampur,Uttar Pradesh,2148665.0,False,,direct,direct,6.400799883520418,711.2367898034773,38.9,14.484304594240394,8.45,24.25,14.8,72.2,41.7,5.55,53.7,6.969950688147503,0.9544938171568017,0.3691610142126015,20.129408327183576,0.14106798713183372,0.024637225921616032,86.91,5.1,5.4,75.4,34.43333333333333,0.3814796271734095,0.4768495339667619,5.764316116434873,0.024637225921616032,71.34788935352623,40.3,0.20000000000000284,60.4,454.9657167291923,36.07,9.536990679335238,0.3576371504750714,0.11921238349169047,0.23842476698338094,0.11921238349169047,16.0,0.0,0.0,0.0,0.0,24.2636937866754,175.20087677317454,69.7,57.4,66.19999999999999,10.509554140127394,5.3,1.7,0.0,13.0,1.9868730581948413,-0.2568267590279439,4.501995685134264,5.801669329928936,0.23842476698338094,0.0,0.0323566200329446,0.0734461334369156,0.1962471668114351,0.3538257476153797,3.2579184503140586,0.40247040724351474,0.0396702544670483,0.1097898014531422,0.0990599584243747,13.639876983872124,45.12163175515917,28.98730141739173,0.7799916511463618,9.372080215505067,6.220419202163624,-5.8295068876023155,0.0458940145688142,16.8,39.6,-2.3529411764705883,3.5,7.9,50.3,38.900000000000006,4.0,45.0,11.945964652745241
649,Balrampur-Ramanujganj,Chhattisgarh,730491.0,True,Surguja,direct,direct,5.981159313183369,,29.2,19.764041638029884,9.55,28.2,9.9,40.5,37.3,30.35,63.4,1.8484765829749568,2.680813213839951,0.11383273872557642,3.9392393621364614,0.06161588609916522,0.43966589911438236,94.16,1.1,0.5,50.1,32.300000000000004,12.921582350931716,9.270580015293046,3.6311599316406356,0.25377390376435843,,42.7,15.599999999999994,86.8,511.3387510293944,31.42,23.184282566126576,0.6266022315169344,0.20886741050564483,0.7310359367697569,0.10443370525282242,10.256410256410255,0.0,0.0,0.0,0.0,41.45809231126544,122.79941665858377,78.9,76.1,,1.812688821752268,8.8,0.0,0.0,62.3,4.072914504860074,,4.529870395926227,6.892624546686279,0.6266022315169344,0.0,,0.031404614898824616,,,2.9854264740830017,,0.01637575181866879,0.1444369616626557,0.1882170670689567,,39.103097888366605,,,10.117537364893437,14.751121555223243,14.664457332228666,0.09184820361390865,32.2,13.2,3.167420814479638,,,,,,,10.406162143934562
623,Bandipora,Jammu And Kashmir,392232.0,False,,direct,direct,5.710377748254694,1070.643672756123,25.5,8.271842212965117,8.35,19.4,28.2,89.8,24.6,0.25,73.7,8.856287023113381,13.9156309296302,4.038513638124515,48.46800810559566,0.019481493671608847,0.5610670177423348,87.34,8.0,4.8,75.1,18.666666666666668,0.0,1.3072082253649537,6.105500116682213,0.0,23.50926743159753,33.2,10.200000000000003,22.099999999999994,1243.3790594992945,40.77,17.92297417788014,0.5844448101482654,0.19481493671608846,2.5325941773091505,0.19481493671608846,42.857142857142854,0.0,0.0,0.0,0.0,43.846997806690034,495.6773842335797,92.8,90.3,66.1,30.564784053156146,48.1,0.5333333333333333,0.19481493671608846,9.1,1.3637045570126194,0.0531200460793864,4.584465914330617,7.208152658495274,0.9740746835804424,0.0,0.191241979895234,0.1720684961232455,0.0657763375293864,0.3806854106753146,3.806179973983887,0.14337109017951052,0.0063215851959447,0.0923390684890039,0.1001093633035443,4.243954340939382,95.02693033261542,53.86607925921393,0.7393506247633472,5.748988782491771,38.663967611336034,41.26376256582097,0.05687020597077295,35.9,77.9,79.24528301886792,-5.800000000000001,5.699999999999999,22.299999999999997,4.099999999999994,3.6999999999999993,27.5,13.029424251244839
470,Beed,Maharashtra,2585049.0,False,,direct,direct,6.475392274469717,232.6387499145769,24.0,33.63329882524534,11.7,25.25,21.9,30.4,21.9,5.15,50.8,3.4436824735746088,5.342895110847292,1.9905756416736418,24.072645676063672,0.03681293217621059,0.5679231445729943,92.93,14.8,3.0,61.0,35.33333333333333,0.16833549895121752,2.4688090969445957,1.2231933373095427,0.3018660438449268,38.741596861414486,33.599999999999994,14.599999999999994,45.6,691.5600466128371,32.24,11.780138296387388,0.33466301978373264,0.13386520791349305,6.894058207544893,0.7362586435242118,68.08510638297872,5.019945296755989,3.112366083988714,0.0,1.0986122886681098,48.08003206326951,274.26939657054044,94.0,75.9,68.05,13.27913279132791,17.5,2.1333333333333333,0.0,9.3,1.5729161929835433,-0.2115434828091872,4.770706519945219,6.0574006580855615,1.1043879652863178,0.0,0.057858084124235695,0.1165691303311756,0.1691406222923502,0.485696015820203,3.6008640363098396,0.4935834348291046,0.0097675174394864,0.1619692550247977,0.1684205978737778,8.574011393586956,74.6938649194421,62.133058212823045,0.7992802754378429,13.598027819852625,20.153690386562477,-7.9495253845631035,0.08560054489754584,38.6,54.4,6.158357771260997,3.299999999999997,-3.799999999999999,22.000000000000007,0.29999999999999716,3.6999999999999993,25.300000000000004,6.794911333390523
650,Bemetara,Chhattisgarh,795759.0,True,Durg,direct,direct,5.92930631017452,,27.0,56.81775972370284,10.05,27.25,14.9,57.4,25.400000000000002,14.85,47.0,4.551768387058876,5.600275531027195,0.05295490626102622,12.720945259593188,0.13885953197335762,0.3259668674289836,94.16,1.3,0.0,61.8,27.46666666666667,0.06942976598667881,2.919580498524579,3.5773981118559934,0.4212856986988308,,19.5,1.2000000000000028,81.1,533.8301725875425,32.82,17.416280281404177,0.4707102778757886,0.2353551389378943,0.8237429862826301,0.2353551389378943,10.0,0.0,0.0,0.0,0.0,28.496800222600243,204.8554664829326,95.0,93.4,,9.915014164305942,13.2,0.16666666666666666,0.0,63.4,3.5303270840684147,,4.571050221140601,7.531364446012618,0.4707102778757886,0.0,,0.04292292193068192,,,3.400710636773231,,0.05594200931843376,0.1168850862908841,0.1863887691799701,,63.42933739232855,,,12.95747717422577,18.817619783616692,-30.89185966233603,0.0851332873994197,33.0,18.9,2.013422818791946,,,,,,,9.482634375036298
525,Bengaluru Urban,Karnataka,9621551.0,False,,direct,direct,7.159006915250889,3405.4082317706225,20.6,142.17027447822372,20.35,32.1,40.1,44.4,11.899999999999999,9.200000000000001,35.5,24.934085475618886,21.208090578885702,6.0337485751896,13.952753212693226,0.10338814141938396,0.34379504034695213,131.82,2.2,0.0,58.9,26.2,0.34462713806461315,0.49433538576712827,1.0477497094881902,0.054225034600910965,34.265995522199795,9.599999999999994,0.7999999999999972,2.799999999999997,609.1700714150868,30.01,2.6003053676907433,0.034670738235876575,0.020802442941525945,7.897994170132684,7.683035593070249,22.25705329153605,22.535979853319773,16.72516412498686,1.9762320794449646,3.784189633918261,22.470313475101023,541.719328982289,99.3,78.2,,10.379241516966069,30.6,0.4000000000000001,0.5131269258909733,28.8,2.211993099448925,0.8442828220161586,6.009158808941304,21.606804068598283,2.0525077035638932,6.739991513054407,0.35566018665208965,0.10085057488851,0.3463924465403038,0.4413973381214733,3.5603849229720157,2.933420384503748,0.0148149757029179,0.1394589971149602,0.1418590757707296,1.5576349023766811,60.3420736888558,172.22254499300578,0.7317561108670358,39.49891590112828,26.420422809860987,12.526643712083949,0.1291485288781869,70.1,97.2,39.1941391941392,8.100000000000001,13.4,16.1,3.3999999999999915,1.5,2.0,31.082386782472014
179,Bhadohi,Uttar Pradesh,1578213.0,False,,direct,direct,6.2875841917440525,1518.3848170253875,33.7,26.390535301481087,10.95,18.95,26.5,49.8,21.95,3.9,43.8,1.3857454927514983,1.4146259347291998,0.17173548533168922,4.078330984993989,0.05105649563915085,1.0010167478342606,86.91,4.1,1.6,59.2,26.100000000000005,0.2769428096790304,0.6028792262845186,2.5853152791824567,0.0113458879198113,100.62369919196864,31.200000000000003,3.299999999999997,60.1,405.1260727861676,51.89,9.179854771483688,0.2578610890866205,0.1031444356346482,0.7220110494425374,0.4641499603559169,57.692307692307686,0.0,0.0,0.0,0.0,18.023974404976595,192.88731474728655,90.3,62.2,77.3,8.050847457627112,18.9,0.7999999999999999,0.0,18.8,2.681755326500853,0.1230567262331989,4.698030537734078,7.0653938409734005,0.30943330690394455,0.0515722178173241,0.08199517455458499,0.0996031440238354,0.2117604451165374,0.2981904216984652,3.5185139398778875,1.229994559483082,0.0305121335467855,0.1016881828881288,0.132633990171056,12.565805755480586,48.64068567633775,71.82047036743457,0.4743268518191763,10.87297068242644,9.832431038927558,2.1314731385941967,0.06135418713735215,46.5,39.9,-1.6129032258064515,12.9,15.600000000000001,19.1,9.599999999999994,2.0999999999999943,46.099999999999994,8.232871372348454
471,Bhandara,Maharashtra,1200334.0,False,,direct,direct,6.1053070262274085,379.8663077205357,22.5,47.90946514302918,10.3,20.55,9.8,37.1,40.2,13.65,65.3,11.990705857747459,25.93055858746957,13.585177050924793,20.99256290899272,0.3013173908366615,1.2280253038004563,92.93,3.9,2.7,72.8,31.2,0.008631487758341865,2.6914548191920544,2.574537394101787,0.4402058756754351,55.48514476399278,18.200000000000003,8.0,28.599999999999994,1305.0621167243628,38.8,17.812252010396396,0.5492764937126641,0.23540421159114178,5.100424584474738,2.2755740453810374,56.52173913043478,7.846807053038059,0.0,0.0,0.6931471805599453,81.24113214292423,398.5228519289916,100.0,87.0,55.3,17.956656346749234,31.3,0.4666666666666666,0.0,30.0,1.8047656221987536,-0.1497014319112865,4.8866119910968555,10.67165759213176,0.07846807053038059,0.07846807053038059,0.062632475091432,0.0735628467740092,0.14087576970859939,0.4976156636402868,3.412460547429961,0.38566697576461234,0.0242967654169124,0.1148779824989338,0.1502129809677133,9.895931408803229,42.81233045029752,92.47759373641004,0.7339104897120824,13.315246888300283,22.576279527559056,-5.068531468531468,0.10702389046619575,53.9,71.4,0.4291845493562232,-4.699999999999999,13.899999999999999,5.900000000000006,1.2999999999999972,1.1000000000000014,11.599999999999994,5.476044382260136
395,Bhind,Madhya Pradesh,1703005.0,False,,direct,direct,6.3014274998237925,388.6995890587187,28.5,29.052896084209085,13.25,16.1,20.5,30.5,21.75,3.5500000000000003,69.9,1.6764648508159647,0.8457255638949429,0.07093504434322614,11.818677564199913,0.12038975835716552,0.42211346809877537,92.55,7.0,0.2,75.6,24.53333333333333,0.4455919686912516,2.1415389795733137,4.651240830139288,0.009491308750149977,100.00228412497118,20.099999999999994,4.5,69.0,626.0991771293013,35.51,11.839158809397604,0.34967979605815713,0.09990851315947345,1.2488564144934182,0.049954256579736726,9.090909090909092,0.0,0.0,0.0,0.0,48.245321462143934,296.30966741349795,93.5,70.7,73.2,6.0931899641577045,11.9,0.4000000000000001,0.0,31.0,0.549496822377104,-0.2770737563677648,4.506800917686775,4.395974579016832,0.049954256579736726,0.0,0.0682102532880656,0.146485532179196,0.312467336849126,0.3057935825203097,3.09795107099415,0.6628852036029579,0.0494845582187692,0.1154363373746765,0.1942316269225716,13.681894408786556,53.96615312076263,37.51134024856064,0.7521054444131368,9.64866465837615,7.062475746992628,-20.48822657665075,0.05835180148068765,28.9,31.0,14.553990610328638,8.4,19.8,19.700000000000003,7.900000000000006,1.3999999999999986,47.10000000000001,9.431383337229896
636,Bijapur,Chhattisgarh,255230.0,False,,direct,direct,5.469375335380538,54.35189992496615,30.5,26.31179405914265,8.75,18.3,6.0,52.2,53.15,46.4,72.1,16.28453697315264,26.03014859784411,0.6718771245434929,24.567628190378226,0.6175840235702814,1.2555279600055171,94.16,4.5,2.8,77.2,39.96666666666667,105.79689388392435,6.240313293108502,17.22787960256219,0.34611851870422367,36.09629564606742,69.4,5.700000000000003,81.5,1275.6096207279836,35.97,45.470472065064676,1.6966594054128608,0.3393318810825722,1.0179956432477166,0.0,0.0,0.0,0.0,0.0,0.0,104.4701062288915,525.5436441454445,63.6,78.4,51.0,10.30042918454936,3.6,0.0,0.0,73.5,6.786637621651443,-0.5261827841378156,4.6029932395713375,13.91260712438546,0.6786637621651443,0.0,0.0506491623604762,0.031932863900152,0.07207150671673279,0.5270736198722721,2.890421018800914,0.03219837772165721,0.0037342165586972,0.1185284016222956,0.2178233308081132,16.184476032970487,63.27014637262396,23.00278180464679,0.9514563106796116,12.79281191681297,23.357461024498885,89.06720160481444,0.03513211068435675,24.2,18.5,29.906542056074763,3.6,-12.5,-5.299999999999997,-11.899999999999999,-1.1999999999999993,8.5,9.397173107930294
676,Botad,Gujarat,656005.0,True,Ahmedabad,direct,direct,5.888642000268802,,24.8,78.26427837453274,16.75,12.25,27.3,25.0,27.099999999999998,0.8500000000000001,58.8,26.92603143592394,14.893574212853878,0.17704292122871856,17.401897644276815,0.02326111373807981,0.31014818317439746,98.87,5.4,0.6,75.5,30.166666666666668,0.07882932989015935,0.6345114914109549,2.7616111143486974,0.10338272772479914,,28.0,0.7999999999999972,37.0,666.9284379731621,43.16,14.602810291127879,0.6461420482799947,0.12922840965599894,4.522994337959963,1.2922840965599893,25.806451612903224,0.0,0.0,0.0,0.0,35.19664965390787,484.42173958418795,93.5,65.1,,14.041095890410958,16.6,0.43333333333333335,0.0,38.0,4.006080699335967,,4.702168156194875,8.658303446951928,1.0338272772479915,0.0,,0.07344151321167137,,,3.3070679506612985,,0.01413807144593144,0.1306808681175142,0.1848446854208705,,87.87270999466523,,,16.857846039625063,25.349267800033665,27.293130366900858,0.09418707385187464,22.0,63.0,313.51865560726185,,,,,,,9.999147467136707
47,Chamoli,Uttarakhand,391605.0,False,,direct,direct,5.6830821893211985,161.19903239131958,26.1,40.760186281106186,8.3,24.1,24.2,73.5,20.3,18.950000000000003,41.8,1.842174542835011,4.043241198181798,0.17218523317038953,6.412344044935831,0.004149041763141917,0.9314598758253602,100.85,5.7,1.5,65.5,23.96666666666667,0.03941589674984821,1.2135947157190103,0.09335343967069312,0.026968771460422456,25.80463457962545,12.400000000000006,5.599999999999994,62.6,388.047428981374,59.21,26.138963107794073,1.244712528942575,0.20745208815709582,2.6968771460422456,2.9043292341993414,22.22222222222222,0.0,0.0,0.0,0.0,20.481744663750067,37.88490033924884,73.9,85.0,,5.283018867924523,8.8,0.19999999999999998,0.0,71.1,1.8670687934138623,-0.1857911095475498,5.0059490326125005,16.803619140724763,1.037260440785479,0.6223562644712874,0.2478812175102455,0.1562891892529066,0.0294184512393148,0.4620472159446381,3.896691526562884,0.08169313714769376,0.0103981607699333,0.0997158081414093,0.0822065405911571,-0.5700014405957465,25.410868365763825,79.15373909934756,0.8649224118463077,6.076271662121337,20.352781546811396,18.295638126009692,0.14123395104110864,59.0,37.4,23.076923076923077,7.599999999999998,52.3,22.799999999999997,20.60000000000001,3.6999999999999993,22.69999999999999,7.2978642040055925
135,Chandauli,Uttar Pradesh,1952756.0,False,,direct,direct,6.32345913395269,970.0363391527528,30.5,25.879346501466316,10.75,21.25,23.1,57.7,25.95,8.649999999999999,48.7,1.268278861425572,1.1058859858705195,0.3452035687968517,9.607295471068364,0.01377015611431733,0.2564098035079779,86.91,4.4,1.2,64.6,28.933333333333334,0.07359911026617884,1.1467216212440123,4.513287374709869,0.001899331877836873,79.28530371485944,33.3,2.5,57.7,393.35495573080266,35.14,13.200356550966267,0.1899331877836873,0.1899331877836873,0.4273496725132964,0.3798663755673746,75.80645161290323,4.748329694592183,0.0,0.0,0.6931471805599453,16.629125423431283,141.10611353419588,86.2,70.6,53.1,8.561643835616433,18.5,1.8666666666666665,0.0,28.1,2.9439644106471534,-0.0582410373117554,4.71541423170769,8.499510153320006,0.7122494541888275,0.0,0.0712144080863805,0.0854981245373603,0.1916490052566959,0.3341651491532992,3.4032921451582543,0.8577939541879868,0.033354571436949,0.0901708470428332,0.1747429956268746,9.216991978491262,53.30718943060444,34.477425751092305,0.8234708730653834,11.502353852180104,11.72172954096402,-6.0466198658030486,0.0710351534153393,47.2,42.3,-2.083333333333333,9.000000000000002,19.6,12.099999999999994,8.799999999999997,3.799999999999997,34.2,10.90627685625291
253,Chandel,Manipur,85072.0,False,,direct,direct,5.064044084230471,47.16404413928996,29.8,9.648076260335358,13.95,24.95,33.7,71.2,56.3,20.150000000000002,27.3,2.4183832314824776,3.50283718581041,1.3339292771545455,5.585192431444795,0.005091333118910479,0.7789739671933034,58.18,4.9,1.2,42.4,19.0,0.4734939800586746,3.1922658655568705,8.344694981894275,0.020365332475641915,29.210251387528565,14.799999999999997,31.400000000000006,48.0,190.96063129097533,34.53,25.023837644315133,0.862890953252246,0.862890953252246,0.862890953252246,1.725781906504492,0.0,0.0,0.0,0.0,0.0,13.257831441642889,205.62367067343754,55.5,55.5,44.8,7.4074074074074,14.9,0.4000000000000001,0.0,16.1,1.725781906504492,-0.3732199079698697,4.471061828976033,4.31445476626123,1.725781906504492,0.0,0.1840250964645338,0.1524488875476145,0.1281530061387059,0.5287622588117795,4.038262407104784,0.07845717496530599,0.0126079495064918,0.4070010670250252,0.1083504343366805,30.72686374195923,72.15851251809154,106.55282906326724,0.7650849443468073,0.18120710018297165,,,0.045222108961399596,43.3,52.0,64.01514921705788,9.300000000000004,15.000000000000002,4.899999999999999,17.299999999999997,3.8000000000000007,22.1,15.212898839424046
473,Chandrapur,Maharashtra,2204307.0,False,,direct,direct,6.393693449968896,287.174165802857,19.6,55.90194904866064,10.05,20.65,9.4,43.5,30.200000000000003,10.65,55.5,7.3773850025271,12.92860062285835,2.91274218425443,26.405738742071918,0.23589535925732733,1.0550662301029776,92.93,5.7,7.3,76.6,40.800000000000004,0.16641932879112817,2.4288335534491594,1.5999683527710162,0.4620963886821617,44.52258191478894,22.700000000000003,3.5,14.900000000000006,1082.4967402944262,41.0,16.399574633300496,0.40393040968720434,0.1211791229061613,5.412667489808538,1.6561146797175377,34.78260869565217,6.0589561453080645,2.625547662966828,0.0,1.0986122886681098,54.71237399213182,344.3886437168523,99.6,95.0,72.7,15.932203389830512,20.8,0.6,0.0,28.9,0.9290399422805699,-0.2542748284021048,4.979304856173385,9.532757668618022,0.2423582458123226,0.20196520484360217,0.0595446783732122,0.0750431456399705,0.09876542792755,0.4800474707016763,3.3242824552976926,0.4134755404703276,0.0450765622758538,0.10867919671967,0.1614151355332773,6.468232889880698,46.148606592605546,81.04587972546473,0.80314581584103,15.239890427088532,18.35086292056482,-1.9593067068575734,0.08391801153776396,57.5,85.1,1.9607843137254901,-2.799999999999999,17.599999999999998,34.5,7.8999999999999915,3.6999999999999993,23.5,5.7725625145124315
398,Chhatarpur,Madhya Pradesh,1762375.0,False,,direct,direct,6.3308068907311945,213.3495571352361,29.6,30.35101891071715,10.85,17.35,13.9,46.8,35.65,9.0,63.5,1.4888386295381786,1.0257066381609843,0.07843364370097648,3.6555680367776544,0.15640042047516145,1.1041402818619606,92.55,6.2,4.9,87.2,32.4,0.1013101231137613,1.4631609485646448,1.2334624205832136,0.06862943823835443,61.58584986732602,44.5,13.5,69.9,464.9102875013434,34.82,12.792153794087833,0.46686692679152675,0.04668669267915267,0.6069270048289848,0.04668669267915267,8.333333333333332,0.0,0.0,0.0,0.0,43.20993467533617,229.84092239410256,85.2,72.9,51.3,7.2519083969465665,11.0,3.5,0.0,17.1,0.560240312149832,-0.3596078293489055,4.730119516951795,6.769570438477137,0.46686692679152675,0.0,0.0278194376487177,0.0367625472442531,0.0989143499038803,0.4265817433860557,3.177824971864682,0.4806866662119054,0.0499918851592799,0.1449755159918409,0.1550041557744452,12.436667368954613,44.50780811323307,56.20767430314206,0.6962719187554891,12.79448812872179,17.625614201933747,-13.038649489115947,0.07199602442919735,24.7,30.1,18.828451882845187,3.5,9.700000000000001,31.800000000000004,4.0,4.199999999999996,41.0,10.616201026698699
668,Chhotaudepur,Gujarat,1071831.0,True,Vadodara,direct,direct,6.099331448911546,,25.4,66.68298189642844,12.100000000000001,18.45,7.6,49.2,28.3,6.25,78.9,4.643636801654166,6.564099237698908,0.1519504247243354,7.424886460482839,0.07716854030502898,0.7820275785550874,98.87,11.3,2.7,87.7,41.699999999999996,0.7923697540598852,2.1535591608836437,1.2148078458327758,0.2044568542102314,,47.0,2.5999999999999943,74.3,380.9580124790328,42.68,28.719425824861297,0.9546623542890182,0.07955519619075152,3.2617630438208125,1.2728831390520243,16.666666666666664,0.0,0.0,0.0,0.0,58.90584946748006,423.40707406249396,85.7,81.7,71.69999999999999,7.718120805369124,7.5,0.3333333333333333,0.0,40.0,3.500428632393067,,4.516507648824654,7.716854030502898,0.3977759809537576,0.0,,0.09362316228458374,,,2.9661417327390325,,0.019427134145128814,0.098060767665044,0.1218437382309718,,65.30232504968188,,,14.9683101632899,19.836880621194346,10.481503229594832,0.10214695894664895,20.3,25.7,157.94462219207546,,,,,,,8.549154525425205
445,Dahod,Gujarat,2127086.0,False,,direct,direct,6.422419089595711,586.2443545412914,35.6,13.627805929921145,11.600000000000001,17.95,6.5,61.9,35.25,7.55,75.1,11.71473343705387,6.470797572218072,1.5591918894436065,8.71620024714668,0.3338424923323726,1.865056641761715,98.87,14.0,3.7,87.2,45.36666666666667,1.3145757031026724,1.7429375873751276,7.926018130527587,0.1085082619472151,43.58109640140433,64.1,9.0,73.2,547.2880735993066,32.74,27.82650898716039,0.793962892296696,0.03780775677603314,4.6503540834520765,2.419696433666121,8.035714285714286,7.561551355206628,3.213659325962817,0.0,1.0986122886681098,77.2306609215384,690.0781409256219,92.5,66.2,83.25,5.666666666666665,6.1,0.0,0.0,40.3,4.310084272467778,-0.190159643789863,4.437663704236758,5.293085948644639,0.07561551355206628,0.0,0.044375179731272904,0.0433039236588785,0.0980956201379323,0.4697149057442905,3.1809855807867304,0.33233269843323804,0.0096931284919212,0.0635373076082539,0.1347762451457164,1.6764829257950309,69.368967503213,28.43232478611584,0.795347068355435,15.794190393187844,14.667644678267907,34.627779568159845,0.04915719262817935,23.1,26.8,85.08557457212714,-3.3000000000000007,16.799999999999997,33.2,8.700000000000003,2.799999999999997,15.299999999999997,9.365664654212056
310,Dakshin Dinajpur,West Bengal,1676276.0,False,,direct,direct,6.2657403713855,762.5897565002381,23.4,17.107642270313285,19.75,16.9,20.2,76.6,30.0,12.5,82.0,6.448244304771753,16.672155291614235,6.0105880260542754,35.724575028446566,0.12527707606411057,6.007334076026636,110.07,2.7,2.1,72.5,28.3,0.059113425502112786,7.789956366168331,5.666211648129123,0.4582646288925257,73.12560617298037,21.0,0.29999999999999716,71.3,1330.3047972496845,30.45,14.642775124376563,0.48809250414588545,0.21693000184261574,1.2473475105950405,0.21693000184261574,,0.0,0.0,0.0,0.0,75.68145439284255,430.8679966348172,91.4,92.6,75.5,11.68091168091169,25.3,0.3,0.0,28.3,,-0.2720236437938757,4.548095974714655,7.755247565873513,0.054232500460653935,0.0,0.0335071200257479,0.0307048288329493,0.0420115891954895,0.4193742557908125,3.4139699717480614,0.4722456997428096,0.0107032475104511,0.1048299894540207,0.1307219081619057,7.008316974728301,66.58788793278478,99.06542836621176,0.7753054600417919,6.939590758945277,9.33422549347608,-25.265739983646768,0.0696117871236682,30.5,28.7,2.197802197802198,8.1,-12.400000000000002,9.399999999999991,13.200000000000003,0.7000000000000028,31.5,4.318337071965741
400,Damoh,Madhya Pradesh,1264219.0,False,,direct,direct,6.176454330763234,246.85070419826212,28.4,26.29667336369859,9.25,22.0,17.4,46.0,35.75,7.6499999999999995,48.1,1.6905860731816968,1.949702693539333,0.32039870023656275,3.6342937806459177,0.1172352832466425,0.20183119786211748,92.55,10.5,4.1,76.3,29.599999999999998,0.31906648110876,2.5412079862837564,1.9936659247568236,0.12522859801345904,50.899195172868446,59.4,19.0,71.9,457.56997662120955,55.84,12.855914583296592,0.3996657383408267,0.13322191278027556,1.1989972150224801,0.06661095639013778,11.11111111111111,0.0,0.0,0.0,0.0,49.64781023582529,261.1722344718356,85.0,60.8,70.8,11.575562700964635,8.8,0.2333333333333333,0.0,21.6,0.5994986075112401,-0.3125621486459327,4.579512199023151,6.128207987892676,0.26644382556055113,0.0,0.026019916861313,0.0260387150633492,0.0688463323908921,0.4545059044358612,3.2598326990634834,0.38479712525557713,0.0507789614675832,0.1199511568435767,0.1289692662166306,9.980382060485171,63.421453425482845,86.28568309762787,0.4804554288438267,11.237934452580145,15.054440178740009,2.0320532204414876,0.07280489235043325,24.8,28.1,8.743169398907105,4.399999999999999,7.400000000000002,4.899999999999999,15.099999999999994,1.6000000000000014,17.3,10.008123775008329
444,Dangs,Gujarat,228291.0,False,,direct,direct,5.446357684070281,132.45225561348695,28.8,25.2393270512905,7.949999999999999,23.5,8.1,59.8,31.65,11.45,77.2,21.93323998077839,25.436117948344794,9.678534118761101,30.398826570423036,0.41862790827913077,1.8033202202793326,98.87,5.1,2.7,82.4,43.86666666666667,1.130653153984661,13.93637352775397,16.941907228219524,2.619107938977126,33.877065693701724,28.299999999999997,8.799999999999997,76.6,1097.0663148819583,38.58,27.908527218608718,1.0734048930234124,0.3578016310078041,3.220214679070237,1.4312065240312164,0.0,0.0,0.0,0.0,0.0,165.40453798228765,1316.2806401515097,74.5,91.3,,3.3783783783783727,7.1,0.3666666666666667,0.0,44.3,2.862413048062433,-0.2820453859767403,4.598369099555031,7.513834251163885,1.0734048930234124,0.0,0.0296578255078023,0.0503411280592607,0.0636762679630594,0.5180099084063761,2.8221680793680175,0.07103918332074714,0.0051298778935897,0.0818987422347914,0.1875002452138241,11.764063343258323,23.316492689381462,44.12788940431291,0.8354179074846139,15.14216502425027,18.842364532019705,10.007798284377436,0.03277421678731242,20.7,23.4,42.10526315789473,4.1,5.299999999999997,47.0,21.299999999999997,4.699999999999999,53.300000000000004,5.742305134450541
309,Darjeeling,West Bengal,1595181.0,False,,direct,direct,6.259235039587621,665.3331489142341,20.7,42.51960059402292,14.85,29.35,28.3,74.5,31.7,19.349999999999998,59.2,20.098007422025706,33.117561369952405,2.1282704254834934,23.96974200620196,0.18662278174829391,3.7638346867642642,110.07,6.6,3.1,68.1,28.833333333333332,0.020368858184917037,7.339395062738214,4.580791052883639,0.11891009102546161,48.04289195939413,17.0,9.200000000000003,31.200000000000003,1742.3163460085593,30.55,12.477905267195904,0.7707135529428067,0.22020387226937335,2.0368858184917036,0.9358664571448367,,11.010193613468667,4.9545871260609005,0.0,1.0986122886681098,113.06918331351648,357.8158781666728,98.4,94.2,78.6,10.141509433962266,30.5,0.3333333333333333,0.16515290420203002,26.3,,0.0700214255721638,5.215692180552925,17.726411717684552,0.2752548403367167,3.413160020175287,0.18354416876385238,0.083004882004083,0.0677076560847232,0.3702173949533875,3.3392526340327,0.4833768482243726,0.0047937265787379,0.0870824157872982,0.1356372869502464,4.95161947629339,75.64948783934626,127.4800021442228,0.8076990056619081,23.94882263833637,19.962667742911915,-9.103635603844547,0.09808764486696739,41.3,68.8,5.5399840348695735,4.699999999999999,1.8000000000000007,10.0,3.9000000000000057,1.6999999999999993,16.0,2.480025175758664
535,Davangere,Karnataka,1643494.0,False,,direct,direct,6.312004423979692,354.5356930040961,21.9,41.18208710885262,16.8,27.15,38.1,40.4,19.45,7.8999999999999995,51.7,40.4313008820836,45.1134768053886,4.602222065389345,21.576328596179685,0.21012263879055165,3.5330829775292987,131.82,9.2,3.4,70.2,30.0,0.3032396318508657,4.195627446476769,3.576960094678138,0.25692489708264665,26.43676552881925,16.700000000000003,2.5,20.900000000000006,1660.9955709866408,28.8,20.71974976472957,0.29251411432559393,0.29251411432559393,4.485216419659107,2.6326270289303455,15.789473684210526,21.69479681248155,16.38079040223326,0.4875235238759899,1.6094379124341003,92.95367267981561,460.27875926770406,98.3,79.4,57.25,18.581907090464547,39.8,0.7999999999999999,0.0,25.2,6.484062867550666,-0.0680619504261622,4.83807672391607,11.993078687349351,1.3163135144651728,0.29251411432559393,0.05970977178329259,0.0695920521118272,0.19092326618865302,0.4498629399068721,3.8755821043278855,0.5985879214231018,0.02860404060979,0.0898773523137588,0.1547530615932262,12.164108483003266,139.01380284002832,57.989809287806665,0.7328198264476729,20.13764667722164,20.505730011433435,16.584815128422242,0.09143950944324525,47.1,79.1,4.1062801932367154,12.200000000000003,-12.8,4.200000000000003,1.0,1.1000000000000014,20.199999999999996,2.5378481634423835
269,Dhalai,Tripura,378230.0,False,,direct,direct,5.636035172442599,178.06231546169332,27.2,26.348468429525415,15.75,15.95,19.1,67.7,58.25,23.85,70.0,4.392567343695559,15.029515948086754,1.3894384071373849,20.034730842350378,0.06704444893009011,3.518677630055074,64.37,4.9,1.5,81.2,29.733333333333334,25.456083695490424,6.951815790785551,4.940482322882848,0.2496827753258528,58.19827586206897,32.400000000000006,29.700000000000003,66.0,948.4616358711396,36.43,31.672722425594298,0.46237550986269044,0.9247510197253809,1.8495020394507617,1.1559387746567262,0.0,0.0,0.0,0.0,0.0,115.73490199618074,302.4721872868762,87.3,73.7,68.8,7.931034482758623,10.1,0.5,0.0,44.2,3.6990040789015235,-0.3582568198804187,4.570836546181594,11.790575501498607,0.46237550986269044,0.23118775493134522,0.1114492149948475,0.0598439366083861,0.0473015717770623,0.4120006345345425,3.6032526619816467,0.21192708545087113,0.0101995015212394,0.1045093363710671,0.1367110865205241,6.816371220551298,71.17352938746994,82.27533511355524,0.7919920305922427,8.519268769220071,9.083536090835361,33.273056057866185,0.042424835581768655,13.9,34.0,11.200000000000001,5.600000000000001,-24.599999999999994,29.400000000000006,11.099999999999994,0.6999999999999993,17.299999999999997,6.281972644781743
352,Dhenkanal,Odisha,1192811.0,False,,direct,direct,6.117516381314558,352.09519635443473,25.4,29.972393865014983,15.85,25.65,21.8,59.6,42.1,16.1,65.9,20.44113294367832,34.385933001325924,1.3786111010049908,19.21434453724997,0.13046070740002957,1.0803062086458588,111.09,9.5,6.1,62.0,28.666666666666668,0.11977971381172307,3.8863558099166706,2.7679031955982882,0.29220146745152825,51.939294403892944,41.8,36.6,71.2,994.7270363038933,31.21,15.64002632573454,0.7629281134504654,0.22887843403513963,2.5939555857315826,1.144392170175698,,0.0,0.0,0.0,0.0,58.949166541977114,217.09577225101063,94.8,88.6,73.4,13.750000000000004,30.0,0.19999999999999998,0.0,55.2,,-0.1926140429267367,4.916092242690362,11.977971381172308,0.6866353021054189,0.0,0.06763316053091539,0.0427178196181442,0.07134037103746159,0.3651316092826105,3.7301360039966776,0.5548642404774953,0.0162406723539893,0.1256392286273788,0.174012597991316,2.79932300048491,42.19498949471567,69.32950819534696,0.8034390606672551,8.579126635750482,6.204852750509353,-25.11819937404275,0.09947293672772255,33.3,28.8,2.8708133971291865,3.0,2.700000000000003,1.5999999999999943,4.700000000000003,0.5,24.800000000000004,5.221364346155997
404,Dindori,Madhya Pradesh,704524.0,False,,direct,direct,5.966816385528061,182.56849832994155,27.2,15.606008347624861,9.7,26.45,7.9,37.2,41.7,21.4,65.2,5.918366563150306,6.192534921173318,0.5904334324353853,5.964780891477036,0.11009910440294204,0.5224310444218034,92.55,6.9,4.8,78.1,29.433333333333337,0.25258029833616114,3.9398208928503773,2.3282722372269213,0.2882005968194659,39.39321292644901,52.1,33.900000000000006,87.9,443.16832447555987,33.07,22.99128356649672,0.7555820890397983,0.1079402984342569,1.6191044765138534,0.3238208953027707,11.11111111111111,0.0,0.0,0.0,0.0,39.49319639112591,230.21614790356745,77.6,80.3,30.6,4.117647058823525,2.1,0.20000000000000004,0.0,47.2,0.9714626859083121,-0.4114831293333154,4.388159745195227,4.965253727975817,0.1079402984342569,0.0,0.0413404365252538,0.0270836724709846,0.054793351328445095,0.5534587891966775,2.287801729930226,0.221101265363564,0.0112424774009663,0.1434922917025967,0.1609857304420296,26.07945437303309,44.568891417661824,32.81790258387223,0.8604299122010294,5.8320143244029,11.776136805285658,-27.641623141824024,0.07779908939500504,25.8,12.1,15.789473684210526,3.1000000000000005,11.600000000000001,30.9,21.799999999999997,4.300000000000001,40.199999999999996,10.963607658336214
769,Dudu,Rajasthan,404142.0,True,Jaipur,inherited,inherited,5.764916394349003,,25.6,53.81138234991686,8.2,15.6,18.1,60.6,19.7,3.95,54.1,30.379743757454328,37.319580513079984,18.936724550796104,36.70829241508069,2.192851067311014,0.4019365664094554,88.3,4.3,0.6,71.3,20.133333333333336,0.6150777856254409,1.0917745533870549,1.490725305303183,0.0514478805004103,,20.400000000000006,0.09999999999999432,39.9,2006.6219128355406,30.45,9.474219065365734,0.36748486071721637,0.011483901897413,6.316146043577157,4.7773031893238125,80.21390374331551,0.0,0.0,0.0,0.0,80.61216808104243,1526.5011048841936,97.3,89.3,79.4,14.601769911504428,18.0,0.6000000000000001,0.045935607589652046,81.5,4.294979309632466,,4.581549423144402,16.215269479147175,0.2870975474353253,0.44787217399910745,,0.11754579996613353,,,3.5122840632818537,,0.09713567072564407,0.0227151540892622,0.0382771948969089,,146.75828670121086,,,18.503717212872793,17.005584237698873,4.583859376517433,0.12206581158984708,47.9,60.1,35.816164817749616,0.7000000000000028,52.6,31.099999999999994,3.3999999999999915,3.3999999999999986,20.199999999999996,16.636091818849437
657,East Jaintia Hills,Meghalaya,123164.0,True,West Jaintia Hills,direct,direct,5.234731374656116,,46.1,4.426420840551586,7.0,17.95,15.2,62.3,58.85,22.8,43.9,0.3494780274164093,7.350687843325142,1.537703320632201,0.4601460694316056,0.046597070322187906,1.6017742923252092,77.51,10.6,4.8,47.2,27.3,0.5941126466078959,5.801335255112394,43.038219076330805,0.0990187744346493,,16.400000000000006,25.400000000000006,73.5,791.0726382259938,32.08,23.880998540121304,1.1649267580546976,0.0,0.0,0.5824633790273488,0.0,0.0,0.0,0.0,0.0,43.277029061732016,246.56839760985733,48.4,74.4,64.75,18.8,8.0,0.4333333333333333,0.0,74.1,5.242170411246139,,4.798410105658199,9.901877443464931,0.5824633790273488,1.7473901370820466,,0.08929149126405621,,,3.5397032389478253,,0.0035599460475366934,0.0745897249595921,0.2602071161936963,,25.3394782879085,,,7.455531251550065,75.67567567567568,34.59516298633018,0.07468199399395181,23.0,26.5,42.21530792737333,,,,,,,17.308117610660965
748,Eluru,Andhra Pradesh,1999182.0,True,West Godavari,inherited,inherited,6.346165116249049,,21.5,41.492174936209935,21.35,30.1,45.3,51.6,12.0,11.9,63.0,69.97726550287223,68.78082654529568,0.6805991641140626,24.745310655585122,0.25311539161266794,2.3361613181435867,137.81,2.7,1.0,62.3,21.866666666666664,0.13007318735650988,1.9346921831134942,0.27397397481037855,0.5118555697056174,,19.200000000000003,0.9000000000000057,13.200000000000003,1517.2737316524601,31.1,17.718077412886757,0.32811254468308804,0.09374644133802516,9.069968199453934,2.4842806954576666,29.411764705882355,11.266133480427111,7.120196359629935,0.0,1.0986122886681098,52.10544392619111,763.5483590709807,98.7,80.0,71.9,21.67300380228137,55.7,7.333333333333333,0.07030983100351887,67.6,0.7660970766690435,,4.855097795912386,14.105199117494744,0.2703872035302507,0.42185898602111327,,0.034751815232868626,,,3.3653007486379876,,0.003763371535967362,0.1007223737544862,0.1627061356521506,,189.4915585694933,,,20.632796856054213,15.126642220549307,-42.35006736423274,0.08955061427155891,46.5,86.8,5.76923076923078,5.299999999999997,-11.400000000000006,2.299999999999997,1.5,1.5,17.699999999999996,1.8362731726623414
573,Erode,Tamil Nadu,2251744.0,False,,direct,direct,6.337630326051683,662.6922218058456,18.2,72.23820707023665,16.35,32.8,37.1,58.5,18.65,11.8,55.4,174.02477301034685,237.79597099001876,17.14129284322825,38.220344677280956,0.16683082559165227,1.694504831835873,120.98,1.5,0.0,46.5,22.399999999999995,0.4053575431731055,1.1305890659930156,16.118707204271153,0.3318232949784379,27.29943287263137,32.400000000000006,1.0999999999999943,4.099999999999994,2873.9275324659166,26.86,19.71637029719527,0.6434246717033422,0.36767124097333836,16.95883598989523,5.6989042350867445,68.47826086956522,11.489726280416823,0.27575343073000375,0.0,1.3862943611198906,100.69733988872669,1556.3440904372194,100.0,95.9,,11.713665943600867,48.5,8.166666666666666,0.0,77.7,4.2282192711933915,0.2241405713284405,5.218066901380178,21.416849786696957,1.5166438690150208,0.41363014609500565,0.08183585800080939,0.0606165498468849,0.4577787210199367,0.531043049298677,3.3805730030668872,0.576346799474998,0.0274387504363253,0.0983136573464931,0.1606427754190855,7.720400312289133,141.07681437872583,164.33440035812242,0.7221725277605874,22.250084736552786,16.555314727504303,-17.35857430610085,0.11369267564650265,57.8,95.9,21.36986301369863,9.700000000000003,17.300000000000004,14.0,0.0,3.1000000000000014,4.8999999999999915,3.012639881698653
651,Fazilka,Punjab,1203445.0,True,Ferozepur,direct,direct,6.109474400776754,,23.7,51.79189784367586,13.65,32.05,31.6,63.3,8.95,10.55,66.9,5.138761292085716,6.18407797960164,0.5844447204549998,22.944118400628334,0.13212181180498667,0.13833930883110368,126.06,5.2,1.8,70.0,21.866666666666664,1.1028285350075062,0.14300243160069145,0.3699410730539627,0.03885935641323137,,18.200000000000003,2.700000000000003,42.9,418.60697665163707,58.99,9.94799524178723,0.4663122769587765,0.15543742565292548,7.305559005687498,1.3212181180498666,57.14285714285714,0.0,0.0,0.0,0.0,23.170279854953336,644.4909751718532,91.7,60.5,56.7,13.106796116504851,25.2,1.8,0.0,20.6,1.0880619795704785,,4.908895678341657,13.523056031804519,0.6217497026117019,0.07771871282646274,,0.16233921620113415,,,3.256236533205923,,0.1029332971459181,0.0974289138347683,0.097088558993106,,99.76519017370072,,,10.043589258563781,24.627097576134243,-33.574916473914165,0.07005571657995477,41.3,57.1,-17.84315678587872,,,,,,,4.765305449789871
31,Ferozepur,Punjab,825629.0,False,,direct,direct,5.970561150030104,391.2258772944772,23.7,48.92533052843752,12.95,31.799999999999997,39.2,64.9,6.35,13.35,61.5,6.0430562630505,6.302029100957038,9.908386389159656,37.94380129608316,0.14553845436069915,0.14125791158538445,126.06,2.5,4.4,73.4,21.633333333333336,0.33816287924985977,0.2611131092941955,0.24720134527442278,0.00963122124445803,73.87182421072296,15.200000000000003,4.400000000000006,31.400000000000006,645.6760020927726,48.75,14.874886144218515,0.428054277531468,0.214027138765734,5.4576920385262175,3.959502067166079,61.111111111111114,0.0,0.0,0.0,0.0,22.14431791239667,542.0643940805869,95.5,74.5,70.1,8.391608391608386,35.6,3.1999999999999997,0.0,21.0,1.9262442488916063,0.2749796930653739,5.134973632009059,19.69049676644753,0.749094985680069,0.214027138765734,0.0577317154698722,0.1643131601703674,0.33753244555502343,0.3729262708013606,3.484584529282843,0.812222112978644,0.1025540127835229,0.0865639292230489,0.1273079707620474,4.3386725880111054,93.85569356278096,81.69982957743285,0.7256522394812246,17.97720952062783,25.476320087098532,-20.519492808478425,0.08119786722243574,47.5,68.6,27.795714540065813,,,,,,,5.625607222865842
446,Gandhinagar,Gujarat,1391753.0,False,,direct,direct,6.139491265719686,620.8800734180763,22.3,115.6401759625299,18.6,26.6,29.5,43.5,20.5,2.75,68.8,23.384641048311845,20.310882945131347,0.41123663154868856,14.284489344535134,0.03989067854528725,0.4061596360974702,98.87,15.0,0.4,81.2,37.76666666666667,1.007420954534618,1.141598691459675,1.761717421572777,0.20888209856441325,53.95929691254205,15.400000000000006,0.29999999999999716,23.099999999999994,1210.2795606386928,32.34,15.085929340763178,0.6527565580137914,0.07252850644597682,10.661690447558593,4.5692959060965395,35.294117647058826,36.264253222988415,3.553896815852864,0.0,1.6094379124341003,98.98472974227579,1214.8626369610142,97.8,77.7,72.8,15.330188679245284,32.7,0.5333333333333333,0.14505701289195364,29.7,5.0769954512183775,0.2082490364214611,5.665684028757729,26.182790826997632,0.8703420773517218,0.36264253222988413,0.11646260623270549,0.0691468342221199,0.27541059385691574,0.3843900462222822,3.3884564527002667,1.4479218046148914,0.0177434870007713,0.0830010664141946,0.2471125457565566,8.008753997828787,52.51783600966023,100.40574728418046,0.5575139544869042,49.27949370471895,39.55410040536327,20.45063730964917,0.1328626902734808,37.9,76.9,6.372549019607843,7.399999999999999,1.3000000000000007,11.600000000000009,5.5,2.8000000000000007,22.499999999999993,13.342342576628463
328,Garhwa,Jharkhand,1322784.0,False,,direct,direct,6.232512847842775,334.029766521141,33.3,18.818004170572326,14.0,20.85,13.6,35.5,25.75,16.1,62.7,1.1000538168965373,0.3618058854933795,0.052690177499035845,3.8387721540130895,0.0,0.01990517816630243,86.87,6.6,0.2,62.5,35.73333333333333,1.7715608568009165,1.4483944348068298,0.24471660216218874,0.014636160416398846,47.47492138874481,45.9,7.5,75.3,277.62220345675325,30.52,7.49371413319621,0.35126784999357236,0.11708928333119079,1.1123481916463125,0.17563392499678618,16.666666666666664,0.0,0.0,0.0,0.0,16.94047751235668,36.706319431495,84.0,77.2,60.5,8.169934640522886,10.2,0.43333333333333335,0.0,55.3,0.7025356999871447,-0.350528756968028,4.465330396510567,6.381365941549898,0.17563392499678618,0.0,0.058498718986841405,0.0425569449217511,0.1041445594813091,0.4319911640902823,3.353531559077762,0.22029757701911193,0.018495055360681,0.1429378963937355,0.1363518882862464,27.288518314419164,38.76599882607815,15.79396182596705,0.9035994639096304,5.520759709065644,0.6359477853397301,40.62033999403519,0.06456860645232575,31.0,24.7,-11.258278145695364,6.1,45.4,23.0,26.200000000000003,3.0,42.8,12.544711951033577
645,Gariyaband,Chhattisgarh,597653.0,True,Raipur,direct,direct,5.871215123832717,,26.5,59.496211521388844,8.0,24.1,9.1,58.8,33.15,18.150000000000002,64.6,20.851850014880235,13.294550912654755,0.36589272976242976,22.067905263796547,0.09954434559713163,0.7896287954799495,94.16,1.6,4.8,73.9,24.3,3.9400728142432233,4.06786623088819,4.802342078131891,0.27845512890008445,,19.0,3.200000000000003,82.9,714.0410073252411,34.99,29.19070674942914,0.8071163156524186,0.26903877188413955,0.9416357015944885,0.0,29.03225806451613,0.0,0.0,0.0,0.0,27.599342413734455,258.2045805403652,87.6,83.4,40.1,6.666666666666667,10.9,0.06666666666666667,0.0,79.8,4.170100964204162,,4.454126281623149,8.205682542466256,0.6725969297103488,0.0,,0.02854964990802238,,,3.1961761850399735,,0.018918570424052143,0.114430810711579,0.2018494007296305,,70.8414748816686,,,12.16458807074137,12.296096298796265,-36.87260034904014,0.08398115968771189,27.8,17.1,2.293577981651376,,,,,,,11.155232337593024
196,Gaya,Bihar,4391418.0,False,,direct,direct,6.758154840313605,920.7347906637197,36.3,12.464042599186694,9.8,17.700000000000003,10.8,58.5,27.8,15.399999999999999,64.3,2.07661326660584,0.8607325515505507,0.025305397399600537,2.7041871221159335,0.012739958690833374,0.031413596771917913,82.08,5.1,4.1,76.7,38.4,0.021465957794143904,0.21989517740342537,0.2937171298174324,0.00855147912124432,71.25851320201174,55.6,0.7999999999999972,65.3,586.169164284867,34.8,5.811515402804813,0.15706798385958956,0.05235599461986318,0.5235599461986318,1.3961598565296849,31.70731707317073,2.094239784794527,0.7155319264714636,0.0,1.0986122886681098,26.123372555544865,30.930699981540705,76.6,85.0,79.0,6.451612903225805,14.4,0.03333333333333333,0.03490399641324212,9.7,0.7155319264714636,0.0260619089559374,4.665835590276185,5.916227392044539,0.33158796592580014,0.03490399641324212,0.0459024986797545,0.0608239784291669,0.0773030889913883,0.3789350045930494,3.285107029566812,0.8837526649497486,0.029288537448519,0.1027710681991884,0.1982996515918638,19.36300534790427,52.275112742287945,26.517630523899115,0.7864233576642335,9.301391484182826,11.01653588686439,-4.076527122853749,0.0660259606599867,30.7,34.7,-33.33333333333333,-0.29999999999999893,6.8999999999999995,17.400000000000006,19.799999999999997,3.1000000000000014,16.0,14.47623228759535
654,Gomati,Tripura,432350.0,True,UNRESOLVED,direct,direct,5.758628485606746,,24.2,,17.1,20.6,19.6,72.5,52.7,21.55,62.3,5.97951052193467,19.524932316521372,1.4242740805891037,29.491364285588578,0.05752881843260762,5.118321542973817,64.37,9.8,1.6,70.7,26.433333333333334,1.6613625444325775,4.93701860003469,3.0002150461369004,0.17084315776956202,,22.599999999999994,12.299999999999997,52.3,864.2955351562141,32.35,27.718430699347305,0.5229892584782511,0.5229892584782511,0.6973190113043347,0.17432975282608368,0.0,0.0,0.0,0.0,0.0,91.29126166243525,294.2407300099771,93.2,67.1,62.8,19.39890710382513,23.6,0.7666666666666666,0.0,29.9,2.789276045217339,,4.670276960841746,11.157104180869355,0.17432975282608368,0.0,,,,,4.039612381896724,,,0.0988257254373681,0.1500647457555908,,67.95925060597962,,,10.735226179030233,10.07081038552321,-6.569564557730239,,22.8,47.7,58.82352941176471,,,,,,,6.044679114206937
331,Gumla,Jharkhand,1025213.0,False,,direct,direct,6.091714646978481,192.58477265976265,30.7,22.358678287416783,10.3,17.5,5.6,70.8,35.15,34.6,59.5,8.879186876379631,9.591659243591637,0.9075926405052945,9.965707236377941,0.029146596840491173,0.19026250715320628,86.87,5.1,3.0,65.8,33.0,1.6289709123074512,1.2055356304303155,0.9974613140968089,0.12225378119206019,51.03931311018131,49.9,24.799999999999997,80.9,471.4121995319642,33.35,19.916841174335634,0.8096276900136438,0.08096276900136437,0.890590459015008,0.3238510760054575,0.0,0.0,0.0,0.0,0.0,20.891632913112062,181.32664633852568,83.8,85.3,71.4,4.149377593360995,7.7,0.26666666666666666,0.0,51.7,0.890590459015008,-0.4363926063319929,4.611664296165538,6.315095982106421,0.08096276900136437,0.0,0.046066214902169896,0.0967224193709655,0.2270007808561933,0.4755187458606162,3.0511525224473814,0.1292680962011169,0.0226405709896468,0.1264091049383631,0.181703562063505,14.291030866368072,31.697514270144765,28.87497524904581,0.7891767726243962,4.804330712540962,1.5680125441003527,-4.352030947775629,0.0817164194146785,33.3,19.1,-3.7593984962406015,-2.0,25.400000000000002,26.5,14.5,5.300000000000001,33.3,11.739089311286008
17,Hamirpur,Himachal Pradesh,454768.0,False,,direct,direct,5.71576028997459,413.67739714020297,20.3,49.8317267637338,20.2,31.650000000000002,37.1,59.6,16.85,14.75,49.5,27.07476358377088,39.47978105406943,6.311223406635526,133.14757234523327,0.1289182830013964,1.87412548721433,119.01,12.4,1.1,52.0,21.933333333333337,0.06926952519478016,2.1454311275605527,1.3642248156416428,0.20396026862907493,31.19251559810672,14.5,2.0,55.3,2052.2867060153044,41.51,35.4044239884432,0.3848306955265565,1.1544920865796693,6.542121823951461,1.9241534776327822,52.94117647058824,23.08984173159339,0.0,0.0,0.6931471805599453,71.21869266762218,1060.3105463099776,97.6,74.3,,18.39323467230444,21.3,0.5333333333333333,0.0,32.0,3.2710609119757303,0.067265917077674,5.457928774320042,26.36090264356912,0.769661391053113,0.0,0.4910630546331527,0.3476209669440991,0.1415577322374907,0.531987738803082,3.6263403673750423,0.18863858356427632,0.0365927973946178,0.1204250358678622,0.1572445070964956,4.091336791363109,23.36195455125444,122.53940470745522,0.8215586699445511,17.407816512143782,40.88621578495152,-3.724592955198468,0.14016546301533445,76.1,44.7,2.197802197802198,6.200000000000003,19.2,28.4,6.699999999999989,4.300000000000001,1.4000000000000057,4.319488328964492
686,Hanumakonda,Telangana,920853.0,True,Warangal,direct,direct,6.031938236186374,,20.2,22.469349279412224,18.05,28.6,32.0,50.7,7.75,23.099999999999998,57.9,24.675927339413075,29.819416693341715,6.19151247373202,2.7204004386385585,0.02508565978252769,0.20161437677068553,125.53,8.7,4.3,67.0,31.666666666666668,0.33075906972517993,0.40694514758322703,0.2796586516496606,0.0,,18.799999999999997,0.9000000000000057,5.400000000000006,1801.9131622625791,32.42,10.127173764057476,0.0,0.0,17.374142145676586,9.383894955686285,66.26506024096386,0.0,0.0,0.0,0.0,90.32045349773573,344.74571870170485,99.7,70.1,81.5,24.519230769230774,69.3,0.6,0.4645492552319943,62.0,7.711517636851106,,5.1959289743662325,17.559961847769383,0.5574591062783931,2.5085659782527694,,0.03819746263556098,,,3.45117215751254,,0.009866136188887408,0.0196700146321691,0.0684528696714574,,134.5540337694705,,,,,,0.12827462885264435,57.2,94.6,-34.199528766036174,,,,,,,0.3034479700748712
408,Harda,Madhya Pradesh,570465.0,False,,direct,direct,5.842368585424595,216.266540109533,24.3,63.004730520991316,9.25,21.299999999999997,16.8,34.7,28.8,8.35,62.6,6.637297574906265,4.866201492540115,0.4801510483038104,4.748320097447562,0.112131083136818,0.7849175819577259,92.55,6.4,9.2,85.6,33.833333333333336,0.20269849643963253,3.0332895566498204,6.776742639832821,0.10494319319215017,51.839903069466885,31.200000000000003,7.700000000000003,42.4,535.6904363282697,31.3,12.36317070482865,0.5750311955734255,0.14375779889335638,1.5813357878269203,0.28751559778671276,50.0,0.0,0.0,0.0,0.0,67.08888958755156,227.05681788412284,88.4,90.8,58.2,13.000000000000002,14.5,0.16666666666666666,0.0,33.3,1.437577988933564,-0.2144356758590871,4.751015636726328,13.22571749818879,0.28751559778671276,0.14375779889335638,0.040839922695838596,0.1093274335530342,0.23731368010241158,0.4048960058899319,3.478854967528663,0.34626978942789893,0.2112596694539599,0.1073102126746432,0.1319993350394224,10.857512677579727,133.2269847364701,50.77962714627541,0.7587682960508146,22.78992385856379,14.141805501743509,24.994086572577466,0.07782471604354806,30.8,57.6,36.36363636363637,0.5,16.699999999999996,42.199999999999996,8.700000000000003,5.399999999999999,16.799999999999997,9.67996523942826
50,Haridwar,Uttarakhand,1890422.0,False,,direct,direct,6.36985976768793,1061.7089789714328,31.0,72.6328287580042,11.100000000000001,30.049999999999997,29.8,74.3,18.75,9.0,43.8,0.5837492420728719,0.43482491057913486,0.011521366619859315,4.08539125994567,0.01536182215981242,1.241320573969287,100.85,6.4,3.9,63.1,24.833333333333332,0.1937296461265233,0.38660585768861255,0.5602797915509363,0.004693890104387128,54.49964612369338,30.200000000000003,0.4000000000000057,38.5,358.313221725778,48.58,8.06495663390152,0.2987020975519082,0.17068691288680465,3.029692703740783,2.3896167804152655,81.48148148148148,4.267172822170116,0.0,0.0,0.6931471805599453,11.38780411052539,127.1246256971166,79.8,76.5,77.8,16.897506925207757,22.1,0.9,0.0,46.6,2.304273323971863,0.0916827724736223,5.153884498352868,12.929533651175452,2.0482429546416556,0.3840455539953105,0.0888179739597754,0.0836628801339834,0.32550278261435633,0.3058158442929674,3.578295305120826,1.1949077829102106,0.1079450639196862,0.0908494518882103,0.15444915966183,3.3683962049282146,58.8208742546362,142.95644041383352,0.4796557236316272,22.46709162600788,18.54005594836891,-55.91513091240967,0.1187550544743724,40.3,61.5,3.571428571428571,5.800000000000001,40.2,21.200000000000003,17.0,0.8999999999999986,9.199999999999996,9.21473148559047
539,Hassan,Karnataka,1776421.0,False,,direct,direct,6.261401189663475,278.1924682337847,20.2,39.430179388248405,17.5,28.8,36.1,57.0,19.95,13.8,42.2,45.936052172019934,43.239924712078576,10.39559263201281,43.98544065539028,0.4037070170615155,4.052955521354346,131.82,4.0,1.9,63.6,22.03333333333333,2.2874905064435396,4.191541512285911,5.419643455639938,0.3905605198980469,21.789129340714645,12.099999999999994,3.200000000000003,13.900000000000006,1656.993266815027,33.99,34.07133848198951,0.8216560727167888,0.38343950060116805,3.9439491490405856,3.0127389332948917,5.347593582887701,8.216560727167886,3.3414013623816072,0.0,1.0986122886681098,94.73694518424573,519.1003959138613,100.0,96.8,,13.738738738738748,41.8,0.0,0.16433121454335775,36.9,10.243312373202633,0.0154713741143286,5.003915760480144,19.226752101572856,0.9859872872601464,3.39617843389606,0.058073490458186,0.0508639380001136,0.2200964477263682,0.5086519468076542,3.5342800052050816,0.5960974015508668,0.0127713192411071,0.1059198824091482,0.156389280443947,11.749860998523133,108.57730483819522,79.81497629221903,0.8254046619882216,20.590153411567577,21.035550079634582,7.345003855270297,0.10315930751436295,51.3,86.1,4.942339373970346,8.200000000000003,-2.8999999999999986,28.700000000000003,2.700000000000003,1.6000000000000014,21.0,2.455655613824681
355,Jagatsinghapur,Odisha,1136971.0,False,,direct,direct,6.112126244287344,707.651043880271,20.4,26.824307354601654,19.15,28.2,35.5,64.2,38.4,9.75,59.8,12.453535770629726,24.40497513567024,1.3842411674090356,26.729295265544007,0.0015449120171975844,3.3640459174477395,111.09,11.0,7.1,58.2,11.633333333333333,0.5121383337009993,7.456517851004141,7.866691991570099,1.2065762854313133,45.094202898550726,39.9,0.5,69.5,942.5832648446074,32.81,17.303014592612946,0.8497016094586715,0.07724560085987922,1.6221576180574635,0.9269472103185507,,0.0,0.0,0.0,0.0,54.37240598926038,173.46117637892758,98.3,91.3,68.9,12.761020881670536,42.2,0.7999999999999999,0.0,56.8,,0.0742539322572207,5.206190288984199,13.054506545319587,1.7766488197772219,0.0,0.14022118522775961,0.0930941759745523,0.1390933794347747,0.3550213681791356,3.7707047682157793,1.1977953400091657,0.0227154325140984,0.1720246135709084,0.2041010842295134,8.688351620862033,24.783412581761063,77.0899169811719,0.8018688176704811,9.837227269505618,3.5313396149119214,-29.703024950320163,0.08678198603235016,46.6,30.5,0.0,9.8,5.599999999999994,5.599999999999994,0.7000000000000028,0.6000000000000014,28.1,4.476328964259606
102,Jaipur,Rajasthan,3720483.0,False,,direct,direct,6.7289817324550825,598.1776832484944,25.6,53.81138234991687,8.2,15.6,18.1,60.6,19.7,3.95,54.1,30.379743757454328,37.319580513079984,18.936724550796107,36.7082924150807,2.192851067311014,0.40193656640945546,88.3,4.3,0.6,71.3,20.133333333333336,0.615077785625441,1.0917745533870549,1.4907253053031833,0.0514478805004103,65.98709783941881,20.400000000000006,0.09999999999999432,39.9,2006.6219128355406,30.45,9.474219065365734,0.36748486071721637,0.011483901897413011,6.316146043577157,4.777303189323812,80.2139037433155,16.798123775020358,21.016319300747693,3.210308099226113,2.1972245773362196,80.61216808104244,1526.5011048841936,97.3,89.3,79.4,14.601769911504428,18.0,0.6000000000000001,0.045935607589652046,81.5,4.294979309632466,0.1220247328176686,5.645976089178121,16.21526947914717,0.2870975474353253,0.44787217399910745,0.107543691521242,0.1258480720569323,0.2614020851518344,0.3719931761567528,3.5122840632818537,1.0665405061079927,0.1206787211720266,0.1249018181183598,0.1740404884970394,2.9329138032413,93.36375915350384,122.29070815785512,0.7025434396287886,48.17683234093866,27.838523958474997,24.962601122208397,0.13142204700472465,47.9,60.1,35.816164817749616,0.7000000000000028,52.6,31.099999999999994,3.3999999999999915,3.3999999999999986,20.199999999999996,16.636091818849433
104,Jalore,Rajasthan,983300.0,False,,direct,direct,6.090418209359477,176.66446511780504,31.1,21.292490829920563,9.95,10.95,4.3,55.7,25.35,5.2,59.9,7.22062792688191,9.580201810710285,0.6510223280510933,7.658135889797534,0.798604854463749,1.1308838562389882,88.3,5.2,1.7,66.3,30.96666666666667,0.04846645098167092,1.2937485969251437,4.513056192311267,0.05326943261048516,55.75652458686014,22.599999999999994,1.7000000000000028,63.5,797.5329162911362,38.66,20.914801820018354,0.4366346935285668,0.043663469352856685,1.7028753047614107,0.2183173467642834,61.76470588235294,0.0,0.0,0.0,0.0,27.843757771623178,234.37851733103824,95.5,78.0,,6.66666666666667,4.1,0.10000000000000002,0.0,96.6,1.4845579579971273,-0.1033303981265533,4.722212519746661,7.335462851279924,0.26198081611714014,0.0,0.09215777085380031,0.0953554114461715,0.1003217172248587,0.4903096684584384,3.1646502159342966,0.1793805308905749,0.1246534194777636,0.1454198938920652,0.1725131154933052,7.07651756072496,73.50121424371474,53.267568203069885,0.7129614421221204,23.838486004943295,22.76792205903737,9.623212218529446,0.0397093933338865,22.2,36.5,7.472527472527456,-5.000000000000001,87.3,42.3,11.599999999999994,3.5,37.50000000000001,11.613475885778799
314,Jalpaiguri,West Bengal,2381596.0,False,,direct,direct,6.44878391199733,705.1377408838691,22.6,30.25415697665645,15.5,22.45,16.7,82.7,36.6,15.5,71.4,7.004086599612744,16.106730616777735,12.21810158720356,34.3678805559154,0.17149960584268953,3.740968580560244,110.07,4.3,2.1,67.4,24.2,0.0672477707557434,4.2604487144405905,5.599711196581427,0.3426434033745021,57.391501753507015,26.799999999999997,4.799999999999997,57.3,1263.3084378262454,30.61,11.670512596763933,0.28464664870155937,0.14232332435077968,1.0318441015431528,0.7116166217538984,,3.558083108769492,0.0,0.0,0.6931471805599453,54.12129055087099,200.7968621602975,95.8,87.9,80.9,8.571428571428571,28.7,0.0,0.3202274797892543,35.8,,-0.0372730154099065,4.7652751338553,9.855890211291493,0.3202274797892543,4.518765548137255,0.1194966393013713,0.0393523146542169,0.0546208630412361,0.3906455356086971,3.3510228525841237,0.46007552842654603,0.0072248719958381,0.0844122723035154,0.134588767882438,7.534582598638062,69.16439600890395,120.16563529765963,0.7965868972437755,6.026325361322888,8.439156700776723,-30.432103836359154,0.09270988016171144,33.9,42.7,-7.234579316261168,1.8999999999999986,10.499999999999996,6.200000000000003,11.799999999999997,3.099999999999998,22.200000000000003,3.6062497947402807
687,Jayashankar Bhupalapally,Telangana,410963.0,True,Warangal,direct,direct,5.627985927644063,,18.5,25.418810273617773,15.45,29.95,22.4,46.3,16.5,28.7,65.9,57.488615781669345,55.498534653627125,11.919290637895477,9.347493487810144,0.9137887309827001,2.5977035316338095,125.53,7.0,1.9,67.9,33.666666666666664,4.792680586468543,7.36683286214919,0.6193980315681703,1.071582145868888,,34.400000000000006,4.900000000000006,9.700000000000003,2297.5663257667084,40.71,24.49330619128887,0.4710251190632474,0.0,0.9420502381264948,4.710251190632474,6.451612903225806,23.55125595316237,0.0,0.0,0.6931471805599453,106.61418057437074,494.2678535634234,99.5,87.9,71.2,13.84248210023866,64.3,4.333333333333333,0.0,71.5,7.300889345480335,,4.663874769240675,11.540115417049563,0.9420502381264948,0.0,,0.03819746263556098,,,3.7777167386096258,,0.009866136188887408,0.1362994787563958,0.1785670419928007,,131.0037157065715,,,,,,0.12827462885264435,36.3,90.3,43.382436284509055,,,,,,,2.071138231228538
105,Jhalawar,Rajasthan,1411129.0,False,,direct,direct,6.238045436272408,234.3150427978437,25.7,40.53243217943805,8.25,16.15,8.6,59.0,32.6,7.75,51.5,21.85032256834526,42.345151725860916,9.23180608288252,35.446875237656045,0.8710996034627735,7.738740206476186,88.3,3.7,5.1,73.1,33.699999999999996,0.41907578799635753,11.464757488441041,7.917353197498082,0.14046264342498604,55.12551288958886,37.9,7.599999999999994,66.2,1833.187785944177,37.62,21.445119634020504,0.8092497975102076,0.0,1.6763031519854301,1.0982675823352819,33.33333333333333,11.560711393002967,6.300587709186617,0.0,1.0986122886681098,121.22619770259877,574.7650443970678,98.3,81.5,59.3,9.691629955947144,8.6,0.16666666666666666,0.05780355696501484,93.6,1.5606960380554005,-0.266773498247891,4.566251295332982,7.803480190277003,0.1734106708950445,0.0,0.030626530972801397,0.0366255208469941,0.1649781583157178,0.4861001368407849,3.2286569581089353,0.5013023186779004,0.1075344865337351,0.0767266126400332,0.1336866145664794,2.809096332564676,119.63251529558084,69.44439523246989,0.7957242716465126,15.012161779384003,23.281924737816162,-9.997920709731078,0.06442828558542255,22.4,33.8,21.069182389937108,0.0,82.0,6.099999999999994,4.3999999999999915,2.6999999999999993,24.800000000000004,10.475579557064334
153,Jhansi,Uttar Pradesh,1998603.0,False,,direct,direct,6.3677266028893875,435.9260532734703,24.7,36.41182672779495,7.15,16.5,12.6,55.1,29.8,5.6000000000000005,41.3,36.503165043851816,19.561837098037383,1.3383421803449222,61.49855990130942,0.06989739679468836,8.537774050197823,86.91,4.9,3.4,70.3,35.13333333333333,0.13550660973694184,2.1380884688240256,11.65742780284419,0.006003457393408815,74.24248213576816,26.799999999999997,3.200000000000003,48.1,1174.7136609037127,33.87,16.595271508922938,0.34305470819478945,0.08576367704869736,6.303630263079256,0.7289912549139276,74.24242424242425,6.432275778652302,5.0171751073487965,0.6432275778652303,1.0986122886681098,104.56693442323902,213.13817492788172,92.9,44.5,40.5,11.428571428571423,12.8,1.0333333333333334,0.0,11.4,2.830201342607013,-0.2312558574577364,5.0635438696042305,10.506050438465428,0.6861094163895789,0.6432275778652303,0.0442790006746519,0.0531005797307438,0.2001780526382012,0.4077418076526454,3.037824750588342,0.7348637957300982,0.2456663461434201,0.1222978493034572,0.1587102518652356,6.689868848112823,52.19042365669292,52.94298067199939,0.8238763089252636,19.371441734989276,19.976442283594807,-4.138018843901197,0.06908884188455935,43.3,51.9,4.774535809018567,-3.4000000000000004,5.6000000000000005,-18.200000000000003,8.400000000000006,0.6999999999999993,25.300000000000004,9.376152945147153
357,Jharsuguda,Odisha,579505.0,False,,direct,direct,5.801426994673043,334.49247536773294,19.6,83.2325042025345,17.8,22.85,27.0,63.0,33.25,16.349999999999998,67.8,9.509758683961694,22.324237495306754,0.6571527595561569,22.55645253293838,0.12795522481742477,0.7424562427677736,111.09,5.9,1.0,65.5,23.633333333333336,0.21799779042968667,2.0441242088116995,2.2652813875084834,0.30804035604194857,61.833503314635394,30.0,11.599999999999994,58.2,1051.2690692410272,35.12,13.42740013516186,0.9478164801290725,0.1579694133548454,3.6332965071614445,4.265174160580826,,0.0,0.0,0.0,0.0,45.86799886171292,289.3778495482071,98.6,97.6,,14.594594594594591,30.7,0.13333333333333333,0.0,37.7,,-0.121236044232946,5.19047592434525,16.90272722896846,0.6318776534193816,0.0,0.0826428143217211,0.0587626092855641,0.1398296347728959,0.4274458373957084,3.757471947765668,0.8819869649073374,0.0201023479690651,0.1270094699163493,0.1909137689080264,2.5935636077855984,54.86411320832301,125.29313810924842,0.5849906346408109,24.96548608659977,14.02009296746139,-4.800915607493525,0.060277103503658044,40.9,41.8,4.597701149425287,8.399999999999999,-5.299999999999997,18.5,3.3999999999999915,3.1999999999999993,29.4,4.084150091113067
382,Kabeerdham,Chhattisgarh,822526.0,False,,direct,direct,6.027735239955981,433.9742937634149,27.4,29.670356094913373,8.95,25.25,11.8,59.3,26.950000000000003,15.100000000000001,43.6,3.480476210583635,2.2290057887727,0.16323527241012195,10.563386019183755,0.05253548997107373,0.7917848845640398,94.16,0.0,0.0,67.5,25.733333333333334,3.275024919446757,2.62771263230317,2.808772445953478,0.2598630486069183,57.55260736687148,19.700000000000003,2.0999999999999943,75.0,511.47052021838215,30.5,27.11206536007198,0.7505069995867676,0.1876267498966919,1.2195738743284974,0.1876267498966919,34.04255319148936,0.0,0.0,0.0,0.0,36.22228220130586,118.87092739704916,91.7,95.4,,3.692307692307696,9.6,0.2333333333333333,0.0,72.1,4.40922862257226,-0.2411281912631075,4.46152755765568,6.285496121539179,0.28144012484503783,0.0,0.0285908783201108,0.0293224035408989,0.0960098006297659,0.491359543649684,3.127428777851599,0.425472268676176,0.0362013534422728,0.1068929688695532,0.1835407745780084,4.566410109629571,81.05898459993291,129.92416045207082,0.2849549903617615,14.252127922152717,15.749590387766249,-31.662993117718504,0.04648800849324135,32.6,25.0,71.67630057803468,3.0,5.699999999999989,33.900000000000006,47.1,5.600000000000001,56.199999999999996,11.34680366464206
702,Kalimpong,West Bengal,251642.0,True,Darjeeling,inherited,direct,5.331296545811312,,20.7,56.819947768171005,14.85,29.35,28.3,74.5,31.7,19.349999999999998,59.2,19.97337834011257,47.89320465864023,0.9699889551117007,39.67161558238096,0.3684092666049248,10.133586535854452,110.07,6.6,3.1,68.1,28.833333333333332,0.041970675942333203,10.483342168707228,11.04295118127167,0.2238436050257771,,17.0,9.200000000000003,31.200000000000003,1933.9714401552098,29.92,17.879060297070364,0.0,,0.4663408438037023,1.3990225314111069,,0.0,0.0,0.0,0.0,88.46019466112429,489.86307596516104,98.4,94.2,78.6,10.141509433962266,30.5,0.3333333333333333,0.0,26.3,,,5.033268677574075,15.389247845522176,0.4663408438037023,0.0,,0.0983486215797047,,,3.3392526340327,,0.004780498978120702,0.1029840779370958,0.2314765079456395,,57.51133969033298,,,15.20737491643873,13.173044361666102,-44.4179307993864,0.10066925631764193,41.3,68.8,6.580917443323145,4.699999999999999,1.8000000000000007,10.0,3.9000000000000057,1.6999999999999993,16.0,6.261178170992175
156,Kanpur Dehat,Uttar Pradesh,1796184.0,False,,direct,direct,6.322320986313571,568.8189678602946,27.9,28.85229096267517,8.75,14.55,19.6,62.1,30.35,8.45,54.9,0.9354952105744953,0.6093811040892387,0.07569655902358512,12.947444145946042,0.005236868863266895,0.17567314641322584,86.91,4.4,1.5,69.2,29.8,0.22375712415776733,0.7669632489748153,2.1990088435845263,0.062366347371633025,100.08690960912053,29.400000000000006,0.5999999999999943,60.7,502.835578829111,39.34,12.90174056313935,0.28564739254183064,0.04760789875697177,0.2380394937848589,0.0,28.947368421052634,0.0,0.0,0.0,0.0,31.92204827452471,114.8131129582634,84.3,56.3,47.6,10.891089108910888,8.3,0.39999999999999997,0.0,17.9,1.8091001527649273,-0.2944034869346518,4.605810231836947,8.140950687442173,0.09521579751394355,0.0,0.057700271095650305,0.0606028244918553,0.1600922141144873,0.3501111244727711,3.2997251539756367,0.6734181773293698,0.0625801465928059,0.1014943704795667,0.1447900700444484,11.839028374872008,49.30547068617544,40.63392169176432,0.777875208944181,12.828900478041184,16.85139487222385,1.4838248032237413,0.06235416020754745,45.4,39.3,6.94980694980695,8.100000000000001,14.499999999999998,-5.800000000000004,11.799999999999997,3.0,40.8,9.720162256243265
108,Karauli,Rajasthan,1056170.0,False,,direct,direct,5.946576980327903,293.9780768508815,32.1,30.883728203628564,6.9,11.899999999999999,10.5,47.6,34.45,3.7,61.5,3.953378270812391,10.102204914883941,3.1714046415810806,21.663207620312228,0.15409835815609288,5.093706121167479,88.3,6.4,2.4,75.9,33.833333333333336,0.15228543629543298,14.581330525287708,10.308273699712284,0.012690453024619413,75.32347797927461,50.1,5.200000000000003,75.8,1504.4604577560744,31.49,19.216971722995115,0.6647380155753027,0.12086145737732776,1.8129218606599165,0.9668916590186221,31.03448275862069,11.308969158414937,0.0,0.0,0.6931471805599453,135.36181072617265,307.6081210147582,97.6,88.9,67.0,10.240963855421688,2.8,0.39999999999999997,0.0,86.4,1.7524911319712528,-0.1999449773982923,4.797460194565643,6.4660879696870355,0.0,0.0,0.09650229456097209,0.1105563066299504,0.14776031882559643,0.4311516285295779,3.2984163800612945,0.5252115034187002,0.0410804948931335,0.1238860079649331,0.1767312686196152,3.00000897351358,65.32674564953898,44.775648586523005,0.8115600208288664,24.17405247302777,14.883860033894925,3.621115904794222,0.0673678898635945,22.7,24.2,14.23611111111113,0.3000000000000007,61.50000000000001,34.300000000000004,9.299999999999997,1.3999999999999986,27.799999999999997,9.681098721708599
508,Karimnagar,Telangana,983931.0,False,,direct,direct,6.050777146980934,341.67314908358486,20.1,24.223798468670612,18.4,29.85,28.8,30.4,12.5,27.7,61.1,17.447073582840513,21.807285077894377,2.28464050587601,12.874233941017033,0.23397992719836086,1.9661431144805228,125.53,13.5,2.1,70.8,23.900000000000002,0.5142220453256753,2.354923449787305,0.12633136753675758,0.39500793793183353,39.32822952982192,21.200000000000003,1.7000000000000028,5.099999999999994,891.1396872892522,34.14,14.679349044764084,0.266897255359347,0.088965751786449,11.209684725092574,6.494499880410776,53.333333333333336,48.93116348254695,23.84282147876833,0.355863007145796,1.791759469228055,35.227768734880215,420.4014324642397,98.4,73.4,73.1,22.72727272727273,82.4,2.1999999999999997,0.0,58.6,5.33794510718694,-0.0620286854955287,5.120513881608955,18.949705130513635,0.266897255359347,0.9786232696509389,0.0378197998074257,0.0402440843169918,0.2162400316103932,0.4969900184547234,3.66029616027073,0.7188055900801975,0.0136697121894353,0.093770598630207,0.1444260546575819,9.866961305251198,122.81067435198408,85.5225091220991,0.6277790163365907,,,,0.10923701236898554,50.8,94.9,-15.050404407889845,,,,,,,2.040457592299874
201,Katihar,Bihar,3071029.0,False,,direct,direct,6.58311740556547,1109.4796833726523,39.0,18.465078048926117,17.0,17.4,13.1,62.1,27.650000000000002,5.45,68.4,0.45517665666230445,0.5826156747065985,0.008356656920937316,0.5920169137426531,0.06084690820557483,0.045700467536375945,82.08,10.6,2.1,65.6,38.5,0.047528486237830986,0.10994226761608157,0.07155387488552577,0.03891068378811438,82.4325652321247,55.4,0.7999999999999972,83.1,598.8787736568576,48.93,5.405712445731327,0.10445821151171646,0.07834365863378734,0.44394739892479496,0.15668731726757468,35.714285714285715,3.917182931689367,2.115278783112258,0.0,1.0986122886681098,25.664599131842394,23.919102417481614,66.9,73.7,65.3,27.38853503184713,4.0,0.0,0.0,8.4,0.7312074805820151,-0.1668422845778497,4.416502599857005,4.961765046806532,0.07834365863378734,0.0,0.0266932275962316,0.0416798180422191,0.0778865118584223,0.3300411686115631,3.3681008517093516,0.5988218681962428,0.0196829345568351,0.1054999449750375,0.1560575711308065,24.576909003189584,73.2999910958716,31.261834388408577,0.8168239485032186,10.048618801898343,1.4264563521439555,7.971827824232561,0.0573165704895013,19.8,16.9,-46.31043256997455,5.1,-7.299999999999999,2.5,15.100000000000009,2.200000000000003,21.900000000000002,14.295174694044881
360,Kendrapara,Odisha,1440361.0,False,,direct,direct,6.232812498319492,668.9013466780832,25.1,18.946605089738686,18.65,23.35,24.1,59.1,42.9,9.8,58.8,9.529174114610585,15.00985333278789,1.2648621338278538,13.667765573767955,0.0005850426150915142,1.8563402176853747,111.09,10.4,6.5,61.5,18.133333333333333,0.02749700290930117,6.774793482759734,1.5105800321662897,0.37208710319820304,45.33630203874144,42.7,0.29999999999999716,72.1,941.7009744445238,33.92,15.971663391998339,0.46803409207321134,0.11700852301830283,1.813632106783694,0.5265383535823628,,0.0,0.0,0.0,0.0,57.648929205887626,89.73851664365719,96.7,82.8,62.8,15.69148936170212,25.3,0.7666666666666666,0.0,50.0,,0.0157848216589048,4.814240987134128,8.307605134299502,0.7020511381098171,0.0,0.1055686202074804,0.0866988875153157,0.09688371670172541,0.3241479045878082,3.8944822150100906,0.5237611471165204,0.0171812497399135,0.1389941468108031,0.2018918646966456,11.857563836237194,36.56326924910932,92.7725757639925,0.74528909044647,9.089222068061765,3.643839500921594,22.901669171742743,0.08466249255744145,42.5,27.9,0.0,7.700000000000003,-5.5,6.0,2.700000000000003,1.1999999999999993,30.9,4.324628227343482
414,Khargone (West Nimar),Madhya Pradesh,1873046.0,False,,direct,direct,6.342880462135987,317.36914316916057,25.9,35.691903482264486,9.15,23.049999999999997,15.0,52.9,25.75,8.850000000000001,50.1,3.317410429888994,2.7575463373550315,0.42773071789699324,13.032164898473038,0.19888116182471657,1.227341964411436,92.55,5.4,0.9,71.5,34.266666666666666,0.24973661872966696,3.2615602406094504,2.3279993531400045,0.13667404043205408,52.16374281224927,26.200000000000003,3.0,38.4,678.0875915742688,34.87,17.027496731568203,0.45406657950848534,0.1362199738525456,1.4984197123780019,0.09081331590169708,38.095238095238095,0.0,0.0,0.0,0.0,56.19482581339064,253.58937365679645,92.8,77.4,,7.3089700996677776,15.3,0.2333333333333333,0.0,43.7,0.9535398169678192,-0.3214762329819828,4.602553374699877,8.445638378857828,0.09081331590169708,0.0,0.0397546021619059,0.0426826055442525,0.146673440621719,0.4773609404147041,3.2195845262142546,0.3342385478232959,0.1018680080472784,0.1107170049229044,0.1495020126635469,11.241434200304637,114.22754005434652,53.85345581475308,0.7342817487855656,13.236948925831365,19.08071507899545,-16.70619160547444,0.0502991744227103,27.2,61.6,13.23529411764706,3.6999999999999993,32.900000000000006,13.200000000000003,18.5,2.5,40.9,9.44918013873126
450,Kheda,Gujarat,2053769.0,False,,direct,direct,6.316382504575101,581.5460128047733,23.7,61.18007487659675,17.1,24.25,17.8,45.0,29.65,3.3,76.1,19.4993601063738,20.978631893068407,4.695059034572653,10.139647949972948,0.2828232518770122,0.5429627275795882,98.87,14.1,1.5,85.1,35.9,0.9749197419651272,1.2500208572721188,2.926689760037887,0.05212442184764047,49.875720900342735,36.7,2.299999999999997,52.0,507.0427266906008,37.95,18.340074353799423,0.723950303439451,0.09652670712526012,5.502022306139827,1.447900606878902,14.457831325301203,7.239503034394509,2.7510111530699133,0.0,1.0986122886681098,81.06361127732909,612.1496928122253,95.2,69.0,64.6,10.749999999999996,18.9,0.0,0.0,32.2,4.054121699260926,-0.0506915838883894,5.048771875766782,12.789788694096966,0.5791602427515607,0.04826335356263006,0.0558511163178883,0.061263579944592,0.1282460191821046,0.4060998702109018,3.375114684692225,0.738051254905686,0.0088024809092672,0.0827108193952703,0.1433599274590742,7.537153683807785,47.64044190619882,82.61891355437336,0.774574505036471,25.67127775996293,21.900390746139056,20.456552754942592,0.07689074715570116,24.2,48.0,4.221635883905013,,,,,,,9.241228330148449
159,Kheri,Uttar Pradesh,4021243.0,False,,direct,direct,6.683370656253744,638.1590174252481,32.4,15.595221238117254,9.05,21.25,16.4,51.9,35.0,8.85,53.0,4.349454856440014,4.144628288367433,3.213579586733873,11.848221854166026,0.2431797210011504,1.3794696193876,86.91,3.7,1.3,66.3,33.233333333333334,0.057633386562932494,1.2185936914277598,3.694134227211849,0.10759614254015096,73.96390288978495,34.400000000000006,0.09999999999999432,64.1,419.48481141264426,32.76,9.246219570887732,0.2902400762162068,0.04146286803088668,0.20731434015443342,0.06219430204633002,19.51219512195122,2.073143401544334,0.0,0.0,0.6931471805599453,27.501283793186364,152.15587218426455,82.8,69.5,72.8,7.986111111111112,14.2,0.3,0.0,22.0,1.6999775892663542,-0.3397779503554821,4.471607923956722,5.866995826370466,0.5597487184169703,0.0,0.0211416757384724,0.0483798258316286,0.1794377331311096,0.3145092201590403,3.327767489902729,0.4803966279715514,0.0978919003096338,0.1102897131729021,0.0986879722143276,17.04637265271176,75.2764173371564,32.33030184945302,0.7615377515229832,9.45187539632093,9.491917415500254,-21.036405833246736,0.0785631128719281,28.7,35.9,-1.9189765458422177,7.899999999999999,16.9,16.4,29.9,4.0,39.3,9.752359007293864
652,Khowai,Tripura,327564.0,True,UNRESOLVED,direct,direct,5.528246730815712,,23.5,,18.05,20.2,15.4,62.7,56.599999999999994,24.95,63.7,1.8401145923748972,18.16705727190096,0.14815737458735082,31.190090498129095,0.2400149468315083,1.3186006338274223,64.37,0.7,2.0,73.4,29.433333333333334,2.213471176335021,5.321812895177642,2.0564243592724294,0.011852589966988064,,32.2,16.799999999999997,58.5,854.7791569442618,30.76,33.48356665674128,0.29631474917470163,0.5926294983494033,0.29631474917470163,0.29631474917470163,0.0,0.0,0.0,0.0,0.0,108.72380776718151,168.66531837773192,95.7,60.7,,9.239130434782616,27.8,0.06666666666666667,0.0,44.1,2.6668327425723146,,4.546118711661162,10.96364571946396,0.5926294983494033,0.0,,,,,3.865044721693099,,,0.1183343676389128,0.096202414098766,,59.863329011103765,,,11.357744335866313,8.014161570646925,12.240117130307466,,18.9,41.5,26.666666666666668,,,,,,,5.475756379052026
606,Khunti,Jharkhand,531885.0,False,,direct,direct,5.828794343388913,203.8830557823656,29.8,28.701795749465333,12.149999999999999,12.95,3.9,63.5,36.7,38.65,70.0,0.7697913283020261,0.9789253885921719,0.12014084314540292,5.940297244411589,0.023731524571931444,0.041530168000880024,86.87,11.7,1.9,66.9,38.199999999999996,2.999071417777836,0.6155364185844717,2.4028168629080584,0.0014832202857457152,63.06778646861429,44.8,31.400000000000006,81.3,559.3638999227101,30.16,17.057033286075722,0.7416101428728575,0.14832202857457152,1.6315423143202865,0.14832202857457152,25.0,0.0,0.0,0.0,0.0,20.165863004998744,159.27264394423213,73.8,71.9,59.3,9.359605911330044,7.2,0.3333333333333333,0.0,58.2,1.1865762285965722,-0.3831539566237154,4.627752661849143,7.564423457303147,0.14832202857457152,0.0,0.0327653700435983,0.0238990448369189,0.0671274899494786,0.4887973904133412,3.1189257528257768,0.2510548072209096,0.015642762325247,0.119906645531739,0.1363474807936033,16.394908341810787,39.87922790919347,28.304990740479614,0.836665559614746,7.515477187873539,0.3108348134991119,455.59210526315786,0.053635586114144,29.3,18.7,1.694915254237288,-1.1999999999999997,53.2,-0.7999999999999972,6.099999999999994,1.0999999999999979,40.0,12.755182819379652
620,Kishtwar,Jammu And Kashmir,230696.0,False,,direct,direct,5.339626495156728,144.4879735738702,24.8,8.042524185380364,6.05,13.25,24.9,81.7,22.4,4.75,84.8,16.350387621472937,49.485770257826736,0.8829392308182085,43.227423792752596,0.0,1.3541451415657495,87.34,6.0,2.2,88.5,22.666666666666668,0.0,4.712059107475413,9.492740434962604,0.2790636947145632,22.07019747387794,40.4,13.200000000000003,49.4,1824.390341233126,35.34,49.86547987522523,0.4574814667451857,0.4574814667451857,3.2023702672163,0.4574814667451857,0.0,0.0,0.0,0.0,0.0,87.67632310171483,87.31033792831869,91.6,91.6,77.0,44.864864864864856,34.3,0.26666666666666666,0.0,16.4,1.3724444002355571,-0.3222842288118549,5.149478405092306,15.096888402591128,0.4574814667451857,0.0,0.1928312051914483,0.1231756845283458,0.0344801542873666,0.3596681346880743,3.6445370577784075,0.036321997809855296,0.0067060082477538,0.1264139794416099,0.1590057487256793,8.933485929735419,60.86081475311106,62.53684502548809,0.8759963956470507,9.858725608358752,34.084344309647605,68.8871473354232,0.0993259818172044,48.0,50.6,134.04255319148936,10.399999999999999,14.799999999999999,17.19999999999999,26.89999999999999,6.0,18.200000000000003,12.183144822267407
263,Kolasib,Mizoram,83955.0,False,,direct,direct,5.133996744051384,76.77188596542346,28.6,49.9693530744986,14.75,20.4,26.0,48.8,72.94999999999999,11.299999999999999,37.7,3.217194862065322,5.560311667998741,0.2277010062192351,9.51937109871383,0.18362984372518962,2.1301061872121996,138.78,1.2,0.9,53.8,18.1,0.741864568649766,1.6747041747737292,8.417592036362691,0.10283271248610619,37.98984427538669,3.200000000000003,4.700000000000003,12.5,555.9650600561331,31.22,22.77010062192351,0.7345193749007584,0.7345193749007584,2.2035581247022753,1.4690387498015167,0.0,0.0,0.0,0.0,0.0,48.852883624649444,245.80690881053883,91.4,80.4,,9.627329192546576,8.4,2.9666666666666663,0.0,61.1,5.14163562430531,-0.3048858145979809,4.78254579908707,17.628464997618202,0.0,0.0,0.13568468390719968,0.0843989194409057,0.1122571420461288,0.4368054314811506,3.6843964784190204,0.06839652217984586,0.0125880584522071,0.1197079565193046,0.1838271542082168,4.696897376556564,71.8656513742211,90.31028527187183,0.8790556581376945,12.817363092018235,19.19732441471572,14.576493762311227,0.02865518599236955,41.7,87.5,-8.571428571428571,1.6000000000000014,-0.8999999999999986,29.10000000000001,5.1000000000000085,2.099999999999998,9.099999999999994,9.186696474148311
315,Kolkata,West Bengal,4496694.0,False,,direct,direct,6.575459249661739,24306.45405405405,16.0,52.74043474306867,22.950000000000003,23.85,29.0,84.4,24.2,11.6,58.2,56.556400340697216,38.168958671550264,17.230717960790088,30.889466731183155,0.6756414675191029,0.9084746404328456,110.07,5.6,2.6,72.3,30.600000000000005,7.80336657942303,1.2938720156896117,1.0179806532644233,0.3428707683318815,60.07224841685022,39.1,0.7000000000000028,8.299999999999997,2219.050044157379,53.01,3.827394623239607,0.10631651731221131,0.0,4.279239821816505,2.7376503207894416,,42.553186054212574,39.65606095745483,2.0731720875881208,3.1354942159291497,139.88011024508987,2496.027695598205,97.5,80.2,,12.087912087912088,44.7,0.0,0.0797373879841585,21.1,,1.1758553366148232,6.124281133779509,44.81241204709707,0.9302695264818491,1.0365860437940604,,,,0.3993467200570019,3.294466226161593,3.7093136189472045,,0.0574405461042832,0.1090244279800738,1.3506079612323418,73.61822580421502,316.27302191343244,0.7216982624598944,17.60255998008955,40.354931902600086,10.706763398080973,0.20299311152888946,55.4,91.7,,-11.600000000000001,-5.0,13.600000000000009,2.700000000000003,4.199999999999999,12.5,8.766690921783479
559,Kollam,Kerala,2635375.0,False,,direct,direct,6.492438855469296,1060.6027131943697,18.9,29.768333329285344,28.2,33.849999999999994,43.5,74.4,11.55,11.25,36.0,6.656695004733771,12.355768105175585,8.828720493299196,45.76280724552728,0.02574252430892356,1.845095429842096,164.0,5.5,5.4,32.5,17.966666666666665,0.4643307822222087,0.2844548936136053,6.002834887287112,0.10136118946638652,17.707106336611535,2.5,4.299999999999997,19.900000000000006,2946.1360162532505,32.61,15.542049051512599,0.5470286415646256,0.28960339847539,15.284623808423364,4.858901463309322,65.85365853658537,11.584135939015601,2.6707868970508195,0.0,1.9459101490553132,58.01013496705152,1468.8101946059294,100.0,85.4,92.5,23.89078498293516,49.1,2.4,0.9653446615846335,56.0,1.3193043708323324,0.4639453547066846,5.289675625314228,15.027198565334128,1.930689323169267,2.31682718780312,,0.13428180163635353,,0.3460702936014798,3.834865579900038,0.6367851244720746,0.004271935257044032,0.1127603577948559,0.1018698741202459,13.945636614405954,61.92889459631448,159.95294787269364,0.6542976163364458,18.729938905618923,27.606227580340963,-22.73680577678666,0.11465088024429626,80.6,80.1,15.550239234449762,5.299999999999997,10.5,-1.8999999999999915,0.5,1.1000000000000014,-0.5999999999999943,16.28397571275266
109,Kota,Rajasthan,1951014.0,False,,direct,direct,6.377644493804919,396.0854514086547,23.9,73.16866279785432,6.8,18.05,13.0,57.3,26.200000000000003,6.45,51.8,13.59846534807576,25.435299890518355,3.2177110860922697,13.86377876705406,0.18148611440379744,1.6903775967448385,88.3,6.4,7.4,66.7,25.566666666666663,0.568768261537998,2.5479309225419966,4.862821938366877,0.033111785306928404,62.09810445654366,21.0,0.4000000000000057,27.700000000000003,1460.0360909619753,38.89,10.562240376387287,0.5448774797342648,0.0,4.275192533299617,4.484760794735872,56.36363636363636,14.669778300537898,7.5444574117052055,0.0,1.3862943611198906,54.47852696992329,453.6654087632718,97.9,84.4,62.1,18.4331797235023,20.7,0.4333333333333333,0.0,80.9,2.3052508757988126,-0.138461299719545,5.190673741543052,13.580023341069369,0.16765460914900457,0.08382730457450228,0.0454065761407407,0.070632770501496,0.2355388952161522,0.3838060618734668,3.216957207361097,0.7908304662763913,0.1502417696596518,0.0938910343532568,0.134254175407906,1.567511597644189,75.7957412179281,99.0843735616454,0.7628068178879032,21.38434539695553,22.264789924859773,-3.195203400121433,0.08840851436724576,44.0,72.3,34.51776649746193,-7.600000000000001,57.300000000000004,13.200000000000003,5.800000000000011,2.8000000000000007,26.6,12.922820805304314
160,Kushinagar,Uttar Pradesh,3564544.0,False,,direct,direct,6.639115479697824,1229.6799549403606,34.9,14.390499291268128,11.6,19.15,20.2,51.5,24.7,8.549999999999999,42.3,0.4845881096183863,0.5862804509546938,0.05027228612336646,4.305281854994237,0.0011477690895745768,0.09480572679886004,86.91,4.6,5.9,52.8,31.03333333333333,0.344330726872373,0.27638279676955807,0.12946835330401227,0.06794793010281495,98.7599456905687,26.900000000000006,0.0,44.8,238.18894388342073,42.54,9.756037261383902,0.3672861086638646,0.022955381791491536,0.4591076358298307,0.06886614537447461,41.66666666666667,2.2955381791491534,0.0,0.0,0.6931471805599453,13.34029057430739,41.64794918430309,89.4,65.4,75.3,12.222222222222213,12.0,1.2,0.0,15.6,1.9282520704852888,-0.0053016097552648,4.519573733094277,5.601113157123935,0.34433072687237304,0.11477690895745768,0.0459725854264213,0.0794534420980851,0.11968284863168441,0.3133564910406492,3.4102709642521845,0.6565696862809645,0.0275219043018145,0.1296776084659323,0.1347675761250906,15.179725852146465,46.70975512576971,34.53457160298765,0.826961819658814,11.561707593102627,8.843332544582356,0.911622688385326,0.06706996033724985,34.1,55.2,7.2992700729927,6.6,1.4000000000000004,21.700000000000003,18.700000000000003,1.3000000000000043,48.89999999999999,10.250876740464381
553,Lakshadweep District,Lakshadweep,64473.0,False,,secondary,direct,4.688089237585245,2359.4185558804456,22.3,103.2547970242504,20.1,24.75,33.5,68.4,23.0,0.35,25.8,45.75202624848115,77.2719116558839,8.038903760378581,290.07727982284445,0.22558148307184792,3.8143778046694288,57.42,2.3,1.4,43.1,25.066666666666666,5.783088929660101,24.014174243375813,37.15942248419895,0.0,26.42343711853028,0.20000000000000284,7.099999999999994,40.6,9028.796322912953,46.52,36.91333359357512,6.152222265595853,6.152222265595853,8.20296302079447,0.0,0.0,0.0,0.0,0.0,0.0,160.22437520366796,5801.812192755065,99.6,86.1,0.0,,31.3,0.8333333333333334,0.0,60.1,10.253703775993088,0.1227504818383987,5.587845458268066,34.8625928383765,0.0,0.0,,0.42519288949223677,,0.2908659438834861,3.4038066105474227,0.3660442751096542,0.0024411058611680182,0.1014905699698967,0.1762869366770947,9.990289634185668,12.487872824882478,158.87270640423122,0.6921800253831886,,,,0.05888572315647789,67.8,59.4,0.0,-7.100000000000001,57.2,-2.9000000000000057,0.29999999999999716,0.8999999999999986,0.20000000000000284,-3.9386929261707846
161,Lalitpur,Uttar Pradesh,1221592.0,False,,direct,direct,6.176571161532303,265.1811815709521,31.7,24.18526012233766,5.5,17.549999999999997,13.2,50.2,30.0,8.7,38.1,6.252420488149907,5.728999196885041,0.22974598662389156,11.849565466624714,0.18779237167518092,0.356938692262046,86.91,2.7,0.8,56.0,33.36666666666667,0.08390722989742126,1.6022285328031394,2.3906901216804948,0.0013318607920225595,57.13915343915344,35.8,3.4000000000000057,79.7,884.855013699988,36.59,14.916840870652669,0.26637215840451195,0.13318607920225597,0.5993373564101518,0.0,26.08695652173913,6.659303960112798,0.0,0.0,0.6931471805599453,54.411840797289656,290.8550894138666,90.8,70.8,,10.045662100456626,6.4,0.5333333333333333,0.0,11.7,1.5316399108259435,-0.3522309093699243,4.568719619546074,6.859083078916182,0.06659303960112799,0.0,0.0245159151431774,0.0408809094470961,0.29222671542694423,0.4120451018015835,3.1405080430381798,0.3785623764263778,0.2537989911643162,0.0820953741788528,0.1093389779318334,9.83875170016666,86.58805964251673,39.51564843253721,0.776205667882002,14.592532767795175,15.438141856224204,9.84510501779538,0.07849206387249295,23.8,20.3,1.7857142857142856,4.899999999999999,9.899999999999999,9.699999999999996,6.299999999999997,1.8000000000000007,42.2,10.428121392668086
335,Latehar,Jharkhand,726978.0,False,,direct,direct,5.957310097020958,200.7460384105184,35.9,24.454435302092445,10.2,18.75,7.3,65.1,31.3,30.0,63.6,2.6445874766124784,5.139127436821413,0.28685554606560054,4.182574519748814,0.022065811235815424,0.03199542629193237,86.87,6.6,6.1,68.3,32.9,6.386949062206774,0.8241580496577061,0.5152366923562901,0.08274679213430784,48.89725238183618,48.6,20.799999999999997,85.8,544.3966619044203,46.38,11.694879954982174,0.6619743370744627,0.11032905617907712,0.5516452808953856,0.4413162247163085,12.5,0.0,0.0,0.0,0.0,21.136840582787592,110.28161468492011,70.3,75.0,76.94999999999999,6.172839506172854,10.2,0.2333333333333333,0.0,52.2,0.882632449432617,-0.3881920834230766,4.599233483411345,6.840401483102781,0.33098716853723137,0.11032905617907712,0.0348544743538488,0.0322740935759309,0.0626986056293604,0.4310708164483657,3.103461622094705,0.215095283849117,0.0128378041263539,0.1501698526241242,0.2406749096446725,15.77299065277118,46.00748164521568,26.6995700007428,0.88887171561051,6.287652911645605,0.5048616305160808,32.68917345750873,0.0499631035231466,26.5,14.2,-1.7543859649122806,-0.6000000000000005,22.800000000000004,22.299999999999997,19.0,2.3000000000000043,38.9,12.391979183946834
234,Lohit,Arunachal Pradesh,49776.0,False,,direct,direct,4.7854996873277615,38.17487069372907,27.7,103.59681506524437,9.3,24.35,30.9,66.6,35.4,35.45,47.2,5.571591019657981,13.502914706465225,1.212640398396149,28.644532654006326,0.016387032410758767,0.852125685359456,59.99,7.5,1.7,52.5,16.7,0.5735461343765569,2.26141047268471,26.579766570250722,0.24580548616138154,12.009184027777778,16.299999999999997,3.0999999999999943,36.1,967.9820045035204,32.76,32.774064821517534,3.2774064821517532,1.6387032410758766,3.2774064821517532,0.0,0.0,0.0,0.0,0.0,0.0,37.50991718822682,234.4820467655472,90.2,74.0,,9.810126582278471,19.7,1.1666666666666667,0.0,31.9,1.6387032410758766,-0.4025809235742887,5.149355346160317,14.748329169682892,1.6387032410758766,0.0,0.1694898090379488,0.0989727200878782,0.25383762583252,0.4182163786832823,3.9157690659836843,0.041205836284755055,0.0080283593840677,0.1527298033826316,0.1657959827547213,13.973209213064685,35.16912913821455,76.45855921386712,0.7984203913121523,32.4299371408916,21.835632873425315,44.87554904831625,0.05848351335595365,37.3,63.9,,,,,,,,15.170908790650584
615,Longleng,Nagaland,50484.0,False,,direct,direct,4.556366909370323,92.25282786244762,28.8,47.9373345090378,12.35,26.3,7.0,41.7,30.95,12.25,34.6,2.3329873109844583,21.66345360199854,0.5554731692820138,5.999110228245749,0.36105756003330897,2.8884604802664717,92.52,6.1,1.2,40.4,26.533333333333335,0.2777365846410069,5.9713365697816485,6.276846812886756,0.0,26.42856984324269,13.400000000000006,23.700000000000003,88.2,806.6581364313405,40.58,38.88312184974097,0.0,2.7773658464100692,5.5547316928201385,0.0,0.0,0.0,0.0,0.0,0.0,35.9668877110104,89.76446415597343,38.7,53.0,27.8,5.182926829268292,3.6,0.6999999999999998,0.0,38.3,11.109463385640277,-0.2880243406702359,4.430237793271369,8.332097539230208,2.7773658464100692,0.0,0.0691532786174732,0.0388409871040089,0.28449568718111395,0.605498771888123,3.8544882250444306,0.0822160294434376,0.0200258442634185,,,8.2873816602979,169.78602317884548,114.3926788685524,0.7918614718614718,,,,0.0227217010596517,23.8,11.8,27.27272727272727,0.20000000000000018,32.699999999999996,42.2,28.500000000000004,2.8999999999999986,13.699999999999989,-12.321667799203597
206,Madhubani,Bihar,4487379.0,False,,direct,direct,6.732844538695761,1300.731264527586,34.7,12.503681648588131,16.6,20.799999999999997,13.7,66.3,29.45,5.6,61.4,0.5703336369669656,0.4859767967279334,0.008694674322882708,0.8720573352780655,0.014059473373172036,0.022754147696054744,82.08,30.2,4.4,71.0,32.13333333333333,0.004069847555391906,0.7455220749195172,0.233276262152236,0.04698823995770654,82.73795534665099,61.8,0.0,60.0,541.5224461500635,30.47,5.66078796340874,0.07399722827985282,0.09249653534981603,0.4254840626091537,1.0544605029879026,46.808510638297875,2.7748960604944806,1.2024549595476084,0.0,1.0986122886681098,25.742525760136598,30.2680112486617,73.7,74.1,67.45,17.197452229299362,13.2,0.3666666666666667,0.018499307069963205,19.2,0.8694674322882707,0.1352263723492991,4.433432096153304,5.30930112907944,0.49948129088900656,0.0,0.0638449650989651,0.0598323987384218,0.10988053305190651,0.3647871062372935,3.385069776331935,0.8312955777288048,0.013175132896203,0.1073778531380935,0.1481083062787793,32.03833325434533,45.4633907599666,22.13207308765317,0.8242662236318784,7.994105564143201,2.5030735185640522,1.833392246965948,0.057429611028000996,26.5,40.0,-40.95238095238095,4.799999999999999,7.1,25.199999999999996,23.400000000000006,5.699999999999996,17.700000000000003,14.442524033844848
578,Madurai,Tamil Nadu,3038252.0,False,,direct,direct,6.519989259074202,829.8189021404971,19.9,41.383723905124725,21.95,28.700000000000003,40.8,58.2,10.55,12.45,48.0,140.5909874833345,124.4604224198049,12.741189423074392,15.124292263565517,0.028690250899335544,0.40196551523174323,120.98,4.3,0.6,54.3,21.133333333333333,0.054662478029260345,1.3417977341657663,18.320990219033586,0.17576553708856088,25.21943198804185,19.900000000000006,1.2999999999999972,8.799999999999997,3151.1462931138753,27.2,16.579944993405487,0.3926034333593285,0.2114018487319461,7.6708670825591865,2.687823505306172,75.2,13.590118847053677,9.966087154506031,1.4194124129144952,1.9459101490553132,44.455694769840946,1392.1077501322773,100.0,88.8,,14.102564102564106,43.8,4.966666666666667,0.06040052820912745,66.3,3.7750330130704666,0.1091969762383901,5.178020628975633,17.99935740631998,1.570413733437314,0.5134044897775834,0.08980136985798351,0.0455482777105612,0.3128932891374044,0.4458590005042373,3.5208763816883417,0.7909832624935892,0.0262728410275467,0.1009347944041405,0.1871302148998277,8.99978534671957,142.3486957967812,102.665940810703,0.7669952712991905,24.54737866947149,14.951486986400559,-4.474138842858654,0.1271862001657424,58.6,91.2,53.97260273972603,5.299999999999997,15.799999999999997,27.799999999999997,1.7000000000000028,3.900000000000002,23.799999999999997,7.213578967635749
69,Mahendragarh,Haryana,922088.0,False,,direct,direct,6.0134848358533155,478.3656185454189,22.3,56.85496161306819,11.3,23.700000000000003,29.5,69.4,17.599999999999998,7.15,61.2,13.234619014145528,19.636715701035147,0.40134282682802874,44.98820426233896,0.03683823048179974,0.1754663083475198,101.02,4.7,0.8,72.3,16.333333333333332,0.39067912853066566,0.9956016501265351,2.6116366557360133,0.028113386420320855,75.35366697416974,20.200000000000003,0.29999999999999716,65.8,935.4041038108026,38.82,14.832234904514106,0.6785989825594689,0.19388542358841968,5.525734572269961,1.7449688122957774,64.19753086419753,0.0,0.0,0.0,0.0,43.61161775486118,418.114885395545,98.9,73.9,,9.717868338558004,22.6,0.10000000000000002,0.0,25.6,7.852359655330997,0.1266419076531579,5.0722143562220925,13.765865074777798,0.38777084717683935,0.0,0.2156155725093257,0.2129282958712259,0.2746348288675382,0.3671927191330979,3.3975924340381165,0.7338065996582728,0.0806100653000808,0.1202030140356922,0.1608681351674017,3.72851290963252,56.50196432209014,75.14900963899323,0.8200565705544491,21.43985014040745,35.84310426415689,-5.402284101116386,0.09546057882699074,52.4,34.2,9.58904109589041,15.1,15.200000000000001,0.9000000000000057,2.1000000000000085,1.3000000000000007,4.8999999999999915,7.809255062284577
669,Mahisagar,Gujarat,994624.0,True,Panch Mahals,direct,direct,6.04086231526216,,25.4,19.732552024230916,12.7,15.5,9.4,42.8,25.25,2.1999999999999997,72.5,7.8159027614518095,9.121132126762383,0.6881125524231474,14.231915171545415,0.2393830704858304,2.3255655706893408,98.87,14.4,0.9,85.9,39.53333333333333,0.47239472844922425,2.7160421381358097,2.4184061531591308,0.10649360930358234,,55.6,5.200000000000003,52.6,599.759264772731,29.38,23.66524651190719,0.7281614311356057,0.18204035778390143,4.824069481273388,2.54856500897462,16.9811320754717,0.0,0.0,0.0,0.0,91.40246364329693,337.93425897930115,93.0,80.0,69.9,9.790209790209795,16.6,0.7000000000000001,0.09102017889195071,46.0,4.824069481273388,,4.728838584821907,9.010997710303121,0.5461210733517043,0.0,,0.06064339428738548,,,3.3197304943302246,,0.014341496934362107,0.0923509146005425,0.1959532919493241,,55.882804343857146,,,16.854206525422516,22.705561241896962,7.37605102928385,0.06627536351686168,33.9,47.4,47.714499009460724,,,,,,,8.256628968530075
784,Maihar,Madhya Pradesh,742901.0,True,Satna,inherited,inherited,5.950734982138705,,27.5,26.150241057087722,12.75,16.25,20.4,44.6,31.099999999999998,10.9,57.3,2.2176091352573493,2.8425717097389667,1.014350845201047,13.779416763167259,0.30949460827076475,0.45920189164419867,92.55,4.0,5.2,81.8,32.46666666666667,0.9284838248122943,1.5123795634558121,3.0359591730492874,0.11125379163412293,,44.6,7.299999999999997,64.8,430.77654788168024,37.51,13.365388390944966,0.33600138412990144,0.11200046137663382,1.0080041523897045,0.11200046137663382,21.42857142857143,0.0,0.0,0.0,0.0,50.67983543805555,226.41042601235026,85.5,76.3,66.2,9.022556390977444,8.8,3.033333333333333,0.0,22.0,0.5226688197576244,,4.665178807680069,6.944751453858451,0.22400092275326763,0.0,,0.05916668825766018,,,3.0484418035504044,,0.03987139573241097,0.0520561779047319,0.0372789959208936,,33.50870366301698,,,,,,0.087061154284969,31.5,35.2,18.0064308681672,4.499999999999998,-1.8000000000000007,23.9,5.099999999999994,3.1999999999999993,23.0,9.4560038973983
166,Mainpuri,Uttar Pradesh,1868529.0,False,,direct,direct,6.3396702747763225,677.8959872927704,30.9,35.03268643719486,9.3,16.15,21.7,48.0,22.099999999999998,7.85,57.8,3.3658093204267128,3.7098007051726882,0.010978448449339645,6.253141262603039,0.13174138139207575,1.9011013231439817,86.91,5.7,4.9,70.4,30.833333333333332,0.7625447318770495,1.8430070334328927,0.2172817922265138,0.0791363159056566,104.1795325128582,36.9,0.4000000000000057,60.2,505.2638775960708,52.19,11.527370871806626,0.45743535205581853,0.0914870704111637,0.3659482816446548,0.04574353520558185,45.16129032258064,0.0,0.0,0.0,0.0,29.76211631080772,86.04038767423508,82.7,75.0,52.15,7.8947368421052655,8.2,0.4666666666666666,0.0,16.1,1.4180495913730373,-0.1784809957167707,4.591290018887265,6.175377252753551,0.13723060561674555,0.0,0.073948433300042,0.0604725083262512,0.20919604329450311,0.3001505462318219,3.378579576115775,0.7665582113921504,0.0544286712525558,0.0900447060874227,0.1659093118241845,4.027462263976878,71.32856325272398,38.93865174155712,0.8353308227273977,14.178666172322151,16.536406267039876,15.102677410969587,0.09388414872587705,45.8,39.8,0.7692307692307693,7.399999999999999,6.900000000000002,19.299999999999997,23.1,2.5,34.5,10.526893538877806
706,Majuli,Assam,167304.0,True,Jorhat,direct,inherited,5.276304842691216,,26.2,22.306466252591893,13.0,21.5,14.4,53.0,40.650000000000006,38.75,67.8,6.669887979213256,18.016885931938273,4.261204718456894,15.140410600681601,0.5042749876103859,1.464181073351056,109.67,3.6,3.0,73.0,23.900000000000002,0.08026241764216754,1.1779928569097922,1.7414512433876346,0.058372667376121845,,34.400000000000006,1.4000000000000057,80.7,1334.6529351749332,32.48,15.160678887964977,0.4864388948010153,0.16214629826700508,0.0,1.0585835793521132,0.0,0.0,0.0,0.0,0.0,50.16157883188071,559.4752626609138,90.3,78.6,56.4,9.740259740259736,22.5,0.13333333333333333,0.0,60.8,0.5292917896760566,,4.322455134580522,8.997960424492963,0.5292917896760566,0.0,,0.13369111922446344,,,3.7943486038960827,,0.0072216048392887205,-0.0181775541470798,0.1998703085145556,,106.63128550166618,,,14.126797866453948,17.834960070984916,,0.10577303450847825,41.7,19.3,1.578947368421055,,,,,,,9.024962696649695
562,Malappuram,Kerala,4112920.0,False,,direct,direct,6.736668394587282,1167.4084355259622,27.0,24.101603589661188,22.7,26.4,36.6,69.1,7.0,3.95,34.7,41.90403277876209,48.77294212525102,8.799076723651755,40.75722803082591,0.01521982636371982,1.2192364517153385,164.0,5.5,0.6,47.2,23.0,0.8768820442326288,0.57376911677204,5.791052245694406,0.0806834168679123,19.15969933485139,0.09999999999999432,2.299999999999997,41.0,3237.73805075058,36.71,12.359232492948385,0.3850799441423087,0.18337140197252796,8.765153014286836,6.803079013180788,77.41935483870968,4.767656451285728,1.1552398324269262,0.05501142059175839,1.6094379124341003,102.72887692725553,482.9905541113341,100.0,80.3,88.5,18.376068376068364,25.5,0.6,0.7701598882846175,42.8,1.70535403834451,0.5695553428689939,4.952763875812593,10.56219275361761,2.2187939638675886,1.815376879528027,,0.08299087887056161,,0.2583138013868492,3.830010935936118,0.39617172275783175,0.0040685097686133645,0.0983301717935196,0.1466791832140992,28.56582460458581,63.4360943197917,127.11334040049404,0.7927782145227589,13.92339055177405,24.938107165090994,-23.853744634762727,0.06465031834607013,69.5,59.0,12.709030100334449,2.5,5.5,9.700000000000003,0.4000000000000057,-1.1000000000000014,1.4000000000000057,21.73913797910464
316,Malda,West Bengal,3938973.0,False,,direct,direct,6.611652676019233,1171.4008539729607,30.2,13.82058495244783,18.45,18.55,22.0,80.6,26.8,7.7,73.6,7.83599313863507,6.707447753077686,10.688535267026598,18.950514551196004,0.03203454940585427,2.1152584149667133,110.07,5.5,2.3,71.0,31.933333333333334,0.11371042346352851,5.311621737744738,6.328657546744339,0.2574990879722484,76.18060387673957,38.0,1.0,70.4,1482.1667066766227,28.95,13.474073834065422,0.415715526640857,0.048907709016571405,0.9047926168065709,0.26899239959114274,,3.056731813535713,0.6847079262319997,0.0,1.0986122886681098,88.06102000833273,257.26482004605907,87.7,87.2,65.0,9.166666666666668,22.2,0.13333333333333333,0.0,29.0,,-0.0594134584904457,4.639783557428188,7.16497937092771,0.1467231270497142,0.0,0.0332415744340391,0.0378026582406126,0.040314935182755196,0.3850866710688294,3.29269900304393,0.5765114663990345,0.0063920472508399,0.0901485689129619,0.1411128033118085,7.845543570810975,62.045075314084194,115.9931789326812,0.5326071255039462,10.090393985753929,4.495562207867234,-10.065168588304527,0.07752957651133571,30.0,29.6,1.2477718360071302,10.0,-11.600000000000001,17.700000000000003,32.7,2.6999999999999993,14.799999999999997,5.281855144035557
364,Malkangiri,Odisha,613192.0,False,,direct,direct,5.862422682624373,160.67388537779206,34.1,17.58984599302274,12.75,18.9,10.1,62.8,44.2,30.25,71.9,7.470262361013716,16.02358922089546,0.28140459096064163,14.449096216837628,0.4996647371203587,1.0542376871110866,111.09,3.8,1.1,78.7,35.06666666666666,12.804595241370073,4.385793503020731,14.237699597286706,0.6451715012268369,31.95661250489045,58.6,5.299999999999997,79.1,1087.7632691844121,33.18,25.395048452545705,0.8236231930555363,0.41181159652776816,1.2354347895833047,0.41181159652776816,,0.0,0.0,0.0,0.0,83.98348429055129,493.48756317244226,90.7,94.8,60.5,8.013937282229966,5.7,0.19999999999999998,0.0,47.0,,-0.3145287092058571,4.659772059718188,8.510772994907208,0.13727053217592272,0.0,0.0281188770271931,0.0204464731672105,0.0509311214511138,0.5066373990528252,3.2511513431753545,0.10669207029328337,0.0138816616260588,0.1768257377492257,0.1917218023813827,12.188201528078668,41.00465061046755,51.04926352594293,0.7335399163019519,10.735928321478918,10.204935173567545,13.331401246196203,0.04299583004163565,14.0,20.9,0.0,3.8999999999999995,-11.899999999999999,17.89999999999999,22.900000000000006,0.19999999999999574,24.599999999999998,6.113581153070456
684,Mancherial,Telangana,802130.0,True,Adilabad,direct,direct,5.8738636088478104,,19.5,25.8463436385361,15.15,29.95,24.6,43.3,14.45,23.0,56.7,18.3331543869796,25.948793782271014,1.7354459155702688,15.382361524372838,0.08022092059646851,1.3664296808265135,125.53,12.6,1.1,58.7,25.133333333333336,0.046795537014606634,8.876444863999241,0.4786514928922621,0.5334691219665156,,21.900000000000006,4.400000000000006,6.900000000000006,1133.1098073023716,43.17,18.985617874497546,0.4011046029823426,0.13370153432744752,7.754688990991957,6.685076716372375,13.793103448275861,13.37015343274475,0.0,0.0,0.6931471805599453,73.97037386666034,269.9447348224598,90.1,76.0,67.5,19.00237529691212,67.9,1.3,0.0,64.4,3.8773444954959784,,5.060506605263609,16.044184119293703,0.8022092059646851,0.5348061373097901,,0.05916668825766018,,,,,0.01607061358602279,0.1183140099924895,0.1730625356560198,,104.3863447706932,,,,,,0.07004068221746716,48.8,93.1,-10.392365363386352,,,,,,,1.19275739296673
168,Mau,Uttar Pradesh,2205968.0,False,,direct,direct,6.36422680138569,1183.1680045326532,27.2,23.163721184687606,12.149999999999999,26.9,20.2,63.2,22.849999999999998,7.0,44.3,2.3857975742440076,2.1138884105912656,0.00345830414820657,1.2138647560205063,0.292658988541981,0.20836282492944586,86.91,4.7,2.6,62.7,25.63333333333333,0.0,0.6635621084371356,0.028098721204178383,0.0,103.0858762070006,24.900000000000006,0.20000000000000284,45.8,356.955346977419,53.69,11.58531889649201,0.25937281111549276,0.08645760370516425,0.4322880185258213,0.25937281111549276,51.85185185185185,0.0,0.0,0.0,0.0,10.082685744096256,141.24881318925654,94.7,59.1,55.1,10.704225352112672,14.5,1.9666666666666668,0.0,16.0,2.3343553000394346,0.0675639860390751,4.779745141570479,7.824413135317365,0.6484320277887319,0.0,0.097402899348124,0.1263563549535648,0.19709217188726658,0.3158463767380125,3.3939260065858368,1.0000671352429624,0.0411598546806927,0.0951168045873764,0.1402575555720662,4.9859067503709165,37.843738954716336,71.25760663799294,0.8984426688381089,13.148040083462854,9.887291380680587,-10.973539398196932,0.07293469625672319,53.1,54.2,-1.4388489208633095,5.1,14.4,12.700000000000003,17.0,8.3,46.599999999999994,11.502237003852295
247,Mon,Nagaland,250260.0,False,,direct,direct,5.360029186717398,114.41330376300772,23.5,19.122473443334368,11.0,28.05,9.4,73.8,29.65,11.95,30.2,0.24879730341704154,1.9074459928639849,0.02618918983337279,3.443878463088522,0.34045946783384623,0.24443243844481272,92.52,4.7,1.6,39.4,22.2,0.09166216441680476,0.46704055202848144,1.9947432923085608,0.017459459888915195,25.403482326993583,13.599999999999994,13.299999999999997,87.0,243.97849248770092,40.75,31.427027800047345,0.8729729944457597,0.43648649722287985,1.3094594916686395,0.0,0.0,0.0,0.0,0.0,0.0,13.648932768159451,46.23701465081966,21.4,62.4,,1.0204081632653026,1.4,0.19999999999999998,0.0,39.3,5.237837966674558,-0.4350705353958175,4.2378763071638454,7.856756950011836,1.7459459888915194,0.0,0.0952054805476433,0.0536293344073646,0.0281198897416471,0.5900023975065931,,0.05580442355041014,0.0019846460074876,0.0870586839270735,0.1830842560133239,11.211317276254086,117.58701907191605,71.26588348117957,0.7970843846369499,0.8118648848345564,,-63.24110671936759,0.01590416639295865,24.3,13.0,10.44776119402985,4.1000000000000005,34.8,42.9,11.7,12.100000000000001,4.1000000000000085,-6.961175710858523
720,Mulugu,Telangana,300471.0,True,Warangal,inherited,missing,5.436607768642554,,17.3,28.875746326713323,16.85,27.85,26.4,45.6,13.0,30.45,59.3,,,,,,,125.53,14.4,4.6,71.5,31.0,,,,,,25.700000000000003,1.0,12.200000000000003,,,38.0562131313089,0.7318502525251712,0.3659251262625856,6.952577398989127,10.97775378787757,0.0,18.29625631312928,0.0,0.0,0.6931471805599453,,,100.0,79.0,63.599999999999994,14.558472553699284,71.8,3.4666666666666663,0.0,72.0,1.0977753787877569,,4.646886082075456,12.807379419190495,0.7318502525251712,0.0,,0.03819746263556098,,,3.5698418994037615,,0.009866136188887408,0.1222621537484105,0.2220236212750779,,179.7733516993548,,,,,,0.12827462885264435,40.0,87.8,96.10836374488949,,,,,,,-0.3231791788260996
207,Munger,Bihar,1367765.0,False,,direct,direct,6.240482589750523,1239.0893779305045,31.3,29.876999170443828,20.65,17.200000000000003,20.9,70.7,21.7,6.5,71.4,0.27245560827254556,0.5880212811451775,0.0011496017226689686,13.383663255312133,0.02011803014670695,0.1615190420349901,82.08,14.5,2.6,74.3,33.9,0.1730150592616798,2.2009124980497403,4.181676266208374,0.02644083962138628,76.3057317179846,37.2,2.299999999999997,40.6,648.7116300891789,33.94,26.613279879786628,0.11496017226689687,0.1724402584003453,0.8047212058682781,0.05748008613344843,37.5,0.0,0.0,0.0,0.0,29.344733572848092,76.238137442238,93.2,73.4,68.5,10.674157303370787,21.8,1.5666666666666667,0.0,15.2,0.9196813781351749,-0.1110848360210334,4.79465788297657,8.44957266161692,0.2874004306672422,0.0,0.0862865662130321,0.0865307234881824,0.0754506523119754,0.3119380887798708,3.3912880485952974,0.7863575538506183,0.0077523217841491,0.0956404709536928,0.1504638668312914,22.06399121506697,31.69820486903988,41.03921360760072,0.6854022660870804,6.114731562876245,3.646579266277404,-4.12761355443403,0.06578573873396495,44.4,59.4,156.9060773480663,4.799999999999997,7.1,9.700000000000003,9.700000000000003,3.900000000000002,28.0,13.637972751184977
545,Mysuru,Karnataka,3001127.0,False,,direct,direct,6.518743611519153,535.5724370026302,20.7,49.30482790404271,13.9,26.45,36.4,54.0,14.7,11.9,48.0,62.98001826673459,56.16877278333236,15.428505321267874,45.76003635538604,0.7020528716495344,4.500346686730126,131.82,3.0,1.6,57.2,23.766666666666666,0.15294939611001507,4.394342154772691,4.274405598615133,0.3519350460986881,21.022679949891657,13.599999999999994,4.599999999999994,5.299999999999997,2131.5990968782053,30.91,22.9878399301983,0.3028700913069605,0.1817220547841763,5.269939588741113,4.967069497434152,16.666666666666664,13.629154108813223,9.964426003999,0.030287009130696048,1.6094379124341003,108.60255160066728,1622.6958714279504,100.0,97.2,,15.012722646310433,43.7,0.7333333333333333,0.030287009130696048,26.2,6.905438081798699,0.0844690775482186,5.3160709164020155,18.35392753320181,1.9080815752338511,1.2720543834892342,0.04126970749026,0.0987866305447227,0.2213252454531456,0.4379248195761125,3.6174197467371765,0.7918188887647016,0.0226503083082248,0.1122408813508712,0.1756909358400791,5.150676303172652,77.39870662218364,75.72788489124252,0.7734314842763421,25.783633743052853,18.27722571486514,11.590137503440863,0.10220995501818955,49.6,94.7,31.005110732538334,7.099999999999998,-6.800000000000001,50.5,5.299999999999997,2.1999999999999993,21.400000000000006,2.482460895021825
579,Nagapattinam,Tamil Nadu,698094.0,False,,direct,direct,5.857660790941961,674.4844302819413,20.8,58.150919381851814,19.65,28.3,31.9,45.6,17.65,17.299999999999997,62.6,173.93610615776763,219.29898979548994,12.82519632793792,31.941919240340017,0.13126077183934967,0.8229271220795759,120.98,5.7,2.5,60.9,23.03333333333333,0.2415437947546024,4.12602353124239,44.56632854286158,0.4207537069918881,24.98403107466552,30.400000000000006,0.0,41.0,3942.903965969907,28.85,19.359465435666646,0.6593006804716195,0.7192371059690396,4.3023021038061335,1.1102715106596472,29.72972972972973,20.817590824868386,0.0,0.0,0.6931471805599453,127.4584050057934,1912.9423440964997,99.7,93.8,80.8,12.756264236902052,49.4,9.633333333333333,0.0,70.9,5.135005736800869,0.0444900383158238,4.835536642595846,13.045690250250855,2.2205430213192945,0.1387839388324559,0.0924100678379081,0.0538884836436847,0.2313391368830198,0.4157221070865167,3.668012971641832,0.6978818030805247,0.0099271421235985,0.0460813669354314,0.1568697264847158,9.432474632155108,144.88244157750395,64.33047728046026,0.7302739765547617,17.42709919919149,10.349744191898012,-16.620185922974766,0.1182042585771747,53.7,59.0,8.090614886731405,5.0,18.500000000000007,54.8,-0.29999999999999716,3.1999999999999993,27.099999999999994,2.38191807849245
484,Nagpur,Maharashtra,4653570.0,False,,direct,direct,6.74573761765303,588.780112836449,20.9,74.86945893377839,11.75,19.8,13.4,46.1,22.6,9.1,53.6,1.9177543161685242,3.4711371080832856,0.14923249711921002,7.2793493029207905,0.023345637335135137,0.26991148395929315,92.93,4.0,3.9,70.5,31.833333333333332,0.010056582236673597,1.1407037565598337,0.6630161003178379,0.07219189391326405,52.049043969002696,11.099999999999994,0.5,4.0,501.4308877391309,31.42,7.057565748237007,0.17958182565488567,0.03591636513097713,9.248464021226612,2.9631001233056136,69.56521739130434,16.611318873076925,12.4091041527526,0.1616236430893971,2.302585092994046,17.619491242303454,195.02029562461053,100.0,89.4,65.0,16.562499999999996,33.7,0.6,0.053874547696465706,25.6,1.2391145970187112,-0.0870371052821735,5.441979407715371,15.444037006320167,0.2514145559168399,1.2211564144532228,0.0974404541131059,0.0691931081564064,0.2101382498130227,0.4015325868096966,3.5118833609788744,0.7746662011701549,0.0469599557270333,0.1122165445328331,0.1696006629381854,2.956446884182773,61.62220922786252,113.82465504977898,0.8055186891980419,24.73685773848354,21.164639850327408,3.5022466675683392,0.1161687503974661,67.6,96.0,7.754010695187167,-9.9,7.600000000000001,12.900000000000006,2.799999999999997,-0.0,16.700000000000003,10.553386074275126
51,Nainital,Uttarakhand,954605.0,False,,direct,direct,6.048142050286375,565.2794696755891,25.8,103.76032130678166,13.05,27.2,33.3,72.9,20.0,14.95,34.5,7.733421690854297,5.892258679501602,0.5442037486156728,34.36986799850858,0.14231644083863812,0.4296345383807943,100.85,5.0,2.4,59.8,17.333333333333332,0.46364727266927386,3.2544816282345166,4.876352010622015,0.04743881361287937,35.34637640278117,17.599999999999994,7.0,28.400000000000006,836.466223637028,30.99,14.14213688836781,0.7160575639679905,0.5370431729759929,5.101910143271932,4.385852579303942,54.285714285714285,11.18839943699985,6.444518075711914,0.0,1.0986122886681098,34.91317667516929,336.72696452790245,81.2,74.1,62.0,13.239436619718305,30.1,0.06666666666666667,1.2531007369439833,60.8,3.132751842359958,-0.075117600941204,5.3745525988448914,22.555813264991702,3.75930221083195,3.222259037855957,0.1859405026912932,0.1591584959693364,0.2499766677483393,0.3940697985030457,3.5563025007672873,0.37713033998818224,0.0323010746544725,0.1116102418145461,0.1888694918372753,2.7369757911959613,49.08114325587348,78.04170311280582,0.8477697687217278,24.97161247142871,27.1765893037336,-71.46028336146489,0.1167396817001855,55.2,71.6,-21.052631578947366,6.099999999999998,47.4,15.099999999999994,16.700000000000003,3.0,9.100000000000009,8.439124222963061
409,Narmadapuram,Madhya Pradesh,1241350.0,False,,direct,direct,6.169035794554349,259.2149327104718,24.7,47.06984295251474,9.75,26.95,20.6,31.9,35.9,8.45,51.9,9.583093970913039,9.762654170467018,0.5867891804292364,30.90806982133905,0.42755655063608333,0.8578234439069438,92.55,9.2,7.3,78.8,27.166666666666668,0.5996633079444275,3.5159919829645587,1.1674800899302242,0.1368723030562422,50.76628257526708,31.5,6.5,52.7,768.130075094266,45.23,11.722231895410843,0.40655139521656103,0.20327569760828051,1.4229298832579635,0.3387928293471342,57.14285714285714,0.0,0.0,0.0,0.0,75.75136629938442,286.868085150075,91.8,73.5,65.2,14.14790996784566,22.5,0.6666666666666666,0.0,28.6,1.4229298832579635,-0.1329126228850265,4.933178406004399,14.297057398449063,0.27103426347770737,1.219654185649683,0.0532613231125112,0.094064199177788,0.209876119333187,0.3851307044749668,3.665017825412473,0.37441504223661737,0.1739929902689509,0.108875962111385,0.1312176190106089,7.840458168332254,98.84246716389,43.76444999395819,0.842067480258435,17.40853074317314,21.417615241785743,-7.426224191979245,0.10379168807549391,35.5,47.3,3.4682080924855487,5.900000000000002,1.5,24.0,3.0,1.5,21.0,9.567851188799596
487,Nashik,Maharashtra,6107187.0,False,,direct,direct,6.8661575880896635,384.7242910488872,25.5,67.93090443428918,11.15,24.3,21.7,37.6,25.2,6.199999999999999,56.2,7.10906238098006,11.561140596559365,3.8822481330851746,12.944547042356561,0.07988780951135796,0.589563868489272,92.93,19.2,4.7,67.3,38.06666666666667,0.026810729938224052,3.944171392587164,0.6962624079388541,0.5843922556077872,38.17475349815123,31.700000000000003,13.700000000000003,27.5,665.8048743487283,31.44,9.907721520318331,0.3130186744056615,0.09526655307998394,5.566288601387633,0.6940848867255973,73.38709677419355,4.355042426513552,2.640244471073841,0.0,1.9459101490553132,45.82470907730639,288.4970636428736,90.5,70.4,75.8,14.9390243902439,21.2,0.20000000000000004,0.0,14.7,1.6875789402740013,-0.070097824684811,5.1410125790333225,10.098254626478298,0.2857996592399518,0.17692359857711304,0.0642398508825532,0.0724715355970444,0.26125715224357127,0.4524714897382379,3.230193378869046,0.7020033464118687,0.0083263212097279,0.1291589948502711,0.2079685410192886,7.496468624515651,80.39806040845463,91.55737330459996,0.7020877819864868,18.013680331742506,24.377715349688042,5.545986635408194,0.0985441009480605,42.6,72.5,6.827880512091039,-1.1999999999999993,2.3999999999999986,8.100000000000009,5.200000000000003,2.5,15.299999999999997,9.47888166804546
453,Navsari,Gujarat,1329672.0,False,,direct,direct,6.187693239997735,600.9363727150721,19.6,73.62529272986158,16.05,22.9,18.7,59.4,19.1,6.6000000000000005,68.7,20.188731880813247,35.52160088022072,8.952287242393862,9.674078383166918,0.32909002551433353,0.8035768275872681,98.87,6.6,3.9,75.3,36.46666666666667,0.29923175889962084,2.8599026674874826,2.2010735237063215,0.36608831240647755,38.76595131131617,19.900000000000006,2.5999999999999943,29.799999999999997,946.4486333386684,28.62,22.458609236283905,0.7789113029925054,0.19472782574812636,7.594385204176928,2.4016431842268915,18.571428571428573,6.490927524937545,0.0,0.0,0.6931471805599453,99.40725685891351,1296.2012284431357,99.3,95.0,63.3,11.083123425692692,26.5,0.39999999999999997,0.0,42.0,4.673467817955032,0.203252782824256,5.332483831625815,16.746593014338867,0.2596371009975018,0.0,0.1295210752009276,0.0722669230574417,0.3388581548573456,0.4450977383896179,3.0751818546186915,0.6083301875471393,0.0174017434884007,0.0807341131334329,0.1432958335725556,9.720325209065871,36.6529609268443,120.23265888128802,0.5285669606555327,19.68503590487809,26.73949519831495,-1.5005359056806002,0.11308022609776414,47.7,70.2,8.157099697885197,-4.400000000000002,13.399999999999999,16.5,4.099999999999994,2.099999999999998,9.899999999999991,7.6860379242578585
714,Noney,Manipur,36671.0,True,Tamenglong,inherited,inherited,4.707800506759207,,33.2,1.6657009068009878,12.2,25.45,24.4,64.5,34.7,18.05,27.3,2.1664330812380945,4.21534738684299,0.1175187756331985,1.6248248109285706,0.010219023968104219,0.1175187756331985,58.18,3.2,1.4,37.0,18.666666666666668,0.0,1.1138736125233597,2.994174022654536,0.025547559920260546,,22.099999999999994,48.4,69.5,173.7285169697558,30.28,10.219023968104217,0.5109511984052107,0.5109511984052107,1.9597446758171666,0.0,0.0,0.0,0.0,0.0,0.0,9.728510817635218,45.55640884980861,57.7,67.4,19.8,5.120481927710841,10.3,1.0666666666666667,0.0,16.8,1.9597446758171666,,4.166931162516292,13.718212730720166,1.9597446758171666,0.0,,0.11626598807370496,,,3.9417598138146954,,0.0023393931169526845,0.1588313533960503,0.1135344850261907,,79.6178173957138,,,,,,0.05164656086017694,33.1,30.5,,11.999999999999998,14.200000000000001,23.400000000000006,24.400000000000006,2.6999999999999957,13.800000000000011,14.844406348786976
81,North East,Delhi,1378779.0,False,,direct,direct,6.120349793086932,39300.16250155883,24.4,99.94842484990531,14.55,27.0,43.2,60.9,12.700000000000001,11.2,51.4,55.86897789289631,44.820095249735374,1.7721264745633718,38.97920277198288,0.1091472251228082,0.242549389161796,120.33,10.8,8.8,73.6,20.2,0.6283545112972777,0.7018772948869472,10.042302678139485,0.0007579668411306124,108.57750244140624,11.799999999999997,0.29999999999999716,0.9000000000000057,2480.2418365528238,36.59,3.03186736452245,0.0,0.07579668411306124,1.0611535775828573,0.303186736452245,,0.0,0.0,0.0,0.0,15.672480374057672,603.6735950163827,94.0,78.3,80.15,16.10389610389611,22.3,0.20000000000000004,0.0,28.2,,1.007697213181448,6.102919690296823,5.305767887914287,3.9414275738791846,0.0,0.5263690019654279,0.3173126747975484,0.4010323241185277,0.2950476975621246,3.4320066872695985,3.2649999109326386,0.0338316883721939,0.1051901900135539,0.1008597839585176,-0.8931974440860468,88.64997763894384,81.14875643729724,0.5748110277342569,,,,0.13524006614428555,62.9,99.1,,,,,,,,19.92175509083369
270,North Tripura,Tripura,403970.0,False,,direct,direct,5.604636799629445,340.0543975846485,26.2,56.23534585286956,20.6,19.05,16.8,56.0,58.25,19.8,69.3,2.8878147375390855,17.349255320792047,0.9468652452688396,51.123267612664826,0.1714795326077426,2.8579922101290434,64.37,5.7,0.7,52.5,29.46666666666667,2.278938136250724,8.310544304931758,7.3413121641053865,0.19881684940028127,51.2729381443299,25.900000000000006,24.400000000000006,58.4,1055.2179429813755,34.39,27.088795730788323,0.7455631852510548,0.4970421235007032,1.4911263705021096,0.7455631852510548,0.0,0.0,0.0,0.0,0.0,107.67920563519235,310.12446253702876,85.4,69.6,69.4,13.207547169811326,18.2,0.06666666666666667,0.0,28.7,4.224858049755977,-0.1983958924394635,4.926573249097422,17.893516446025316,0.9940842470014064,0.0,0.08958819270874,0.0550092016296797,0.0539656604396344,0.3583371640773719,3.6453240015622934,0.3394180568377662,0.0050940259847481,0.1807591660289329,0.1798348337709741,6.475614755976911,58.27216901954777,94.55909457062282,0.8107560310275987,15.286530508264127,8.71264367816092,18.584923848081743,0.00805227774514675,23.7,41.6,34.93975903614458,,,,,,,6.181199281851392
749,Ntr,Andhra Pradesh,2218591.0,True,Krishna,inherited,inherited,6.4150044193701445,,20.4,56.65196176338462,22.9,26.25,40.6,53.5,11.35,11.6,60.3,83.1700987557788,74.58990807287142,3.207374463739857,25.781144407703593,0.2225005431379217,1.0527232293179265,137.81,7.8,2.4,65.7,21.733333333333334,0.1748064402926446,1.7953268849314943,0.8733847702028796,0.5108232644107281,,20.900000000000006,5.599999999999994,10.200000000000003,1159.5370860805958,32.25,15.797322752372327,0.25897250413725126,0.06474312603431281,11.17897976192468,4.14356006619602,86.36363636363636,29.805559806315983,5.576524092794604,0.0,1.9459101490553132,42.86858185151966,577.0580720688715,98.9,90.0,45.8,17.54756871035941,66.1,6.6000000000000005,0.5826881343088153,68.1,0.8460933106309054,,5.384917512132201,16.691113491536953,0.2692115079280154,2.4818198313153244,,0.04439962796040722,,,3.5700757053216043,,0.009052434235164735,0.7821477152221079,0.1792098113950933,,144.56097973440654,,,22.445317179564046,17.61121390073204,-25.67717287488061,0.09611043187602912,46.2,89.8,7.82608695652174,-4.899999999999999,-3.4000000000000057,15.900000000000006,2.5,1.7000000000000028,14.699999999999989,-1.0700453564466201
563,Palakkad,Kerala,2809934.0,False,,direct,direct,6.355627546549623,627.8059727730788,19.3,61.538792924689375,25.450000000000003,33.849999999999994,32.9,66.2,13.8,11.75,49.6,50.1975591424665,63.02253195805434,7.7273481603925145,45.88347215808531,0.11420160762006627,4.725918264370155,164.0,2.7,1.9,51.9,26.366666666666664,0.9995947663115454,0.9056760696973596,3.8008411493628236,0.5732127023401009,15.842902695646703,1.0,5.299999999999997,32.5,3537.3401203584062,38.21,25.794571605304544,0.8377724111124553,0.30865299356774667,17.81368705733852,8.15725768714759,57.14285714285714,24.25130663746581,1.5873582526341257,0.0,2.0794415416798357,95.63524819127039,1473.4600068134519,100.0,51.8,82.5,16.666666666666668,31.2,1.8,1.3227985438617713,53.8,1.5432649678387336,0.3312513204480255,5.347007751034371,24.736332770215125,3.7920224924037447,4.6297949035162,,0.09825017451105633,,0.3709482144420474,,0.37629972981751014,0.00569591367605871,0.1256861087000522,0.139309736525367,13.090664675931516,67.79255155608725,137.29824259217477,0.7571818485791825,21.357905289192164,25.702114231618804,-26.642435256701496,0.10501024693381401,63.2,67.5,13.592233009708737,0.7999999999999972,5.799999999999997,-36.3,0.0,0.8000000000000007,2.0,-16.214759759021433
338,Palamu,Jharkhand,1939869.0,False,,direct,direct,6.377428542283973,480.0865792466362,34.6,21.159309453589454,11.25,21.3,10.8,42.2,27.45,19.0,61.0,0.2717355528543733,0.3245730214649459,0.0490633637098174,10.884518533777952,0.03103152918398707,0.01928986949274872,86.87,4.3,0.6,68.2,33.13333333333333,1.6354454569939132,0.3363146811561842,0.16522192565528251,0.0067095198235647725,52.332197831816,53.7,5.099999999999994,74.6,351.9558298998806,41.94,8.135292786072286,0.29354149228095877,0.12580349669183946,1.383838463610234,0.7967554790483167,62.96296296296296,8.386899779455966,0.0,0.0,1.0986122886681098,23.76469987007745,64.96366765669899,74.9,80.9,51.9,9.747292418772568,15.8,0.13333333333333333,0.0,55.8,1.1322314702265555,-0.2964921231112637,4.660518210286833,6.374043832386533,0.08386899779455965,0.0,0.0586856600725494,0.0737363552511405,0.11016113162273079,0.367640804611033,3.414639146737009,0.48304491075702094,0.0226649498087091,0.126723347532816,0.1024823128710361,19.087465578802583,34.26305638791958,27.824043788523863,0.8535618341824919,13.864384025418655,3.3134219992739515,-10.223477339995114,0.06745995157506116,36.5,25.4,0.5,-0.7999999999999989,29.199999999999996,23.200000000000003,20.200000000000003,1.1000000000000014,27.9,11.746029165677193
665,Palghar,Maharashtra,2990116.0,True,Thane,direct,direct,6.563109374618796,,22.6,188.60759004339,12.55,22.9,17.0,61.9,17.25,11.899999999999999,56.9,3.8226693135337295,4.791530990180844,0.8654945544984802,5.471074108009825,0.08914730640331897,0.8548296926894942,92.93,1.8,4.7,70.3,31.333333333333332,0.37299670531940826,2.1608650772976277,1.2387647178129908,0.875885958312364,,24.900000000000006,8.900000000000006,25.0,776.8252526705999,39.3,10.418749613394027,0.2734579951022054,0.08203739853066162,5.660580498615652,1.5860563715927913,45.16129032258064,4.101869926533082,2.926000547593598,0.0,1.0986122886681098,40.157033122763764,425.1164318959131,94.2,94.0,70.9,14.044943820224711,22.6,0.7333333333333334,0.027345799510220543,18.8,0.8477197848168369,,5.1090342249321,9.871833623189616,0.6836449877555136,0.2461121955919849,,0.13172217785149637,,,3.2898118391176214,,0.008238732281442063,0.1190115924593735,0.2509834810615197,,58.13345680270747,,,22.601029837202177,13.866953148980105,11.932880088843142,0.09472635429617425,48.3,75.0,147.64913298731776,,,,,,,10.777054495888024
70,Panchkula,Haryana,561293.0,False,,direct,direct,5.765139799422367,1026.711667325127,23.1,208.79092735359063,17.75,25.25,39.9,67.1,10.2,10.15,57.1,41.86397456836802,43.05753662789199,2.1655852619564375,29.660446518040946,0.013738843850635606,0.49116366766022296,101.02,3.2,0.8,53.1,17.7,0.4499471361083161,3.0036547368452093,5.268846616718755,0.14082314946901497,44.51411238414006,17.400000000000006,0.7999999999999972,18.900000000000006,3537.180412163386,40.69,9.44545514731198,0.5152066443988352,0.1717355481329451,5.667273088387188,10.647603984242595,64.70588235294117,0.0,1.5456199331965057,0.0,0.6931471805599453,83.28487142255304,2771.2570410452645,97.0,85.1,,9.83213429256595,32.7,0.3666666666666667,0.1717355481329451,19.9,5.839008636520133,0.1369398959528425,6.054939278407011,46.19686244776223,0.6869421925317803,2.060826577595341,0.1521612898569712,0.1587683102795947,0.36253053069916147,0.3767711337928675,3.6434526764861874,1.240681604443001,0.0464361850864431,0.1099491853828373,0.1546615155281543,4.71335949866587,39.859181349437314,96.4327009244726,0.7067267722208879,25.284624751613507,38.59182192112267,-20.484985958090302,0.17200003071624106,60.3,81.1,1.7543859649122806,17.0,7.999999999999998,-11.800000000000011,0.5,-0.7000000000000028,-3.4000000000000057,10.156677662353333
71,Panipat,Haryana,1205437.0,False,,direct,direct,6.156703720218601,943.9378888020422,26.0,105.05395665958275,13.0,23.6,37.8,51.6,15.95,9.05,66.9,11.05952198329328,10.02920534343778,1.276393618115978,22.713671905555938,0.022307261485369365,0.13384356891221616,101.02,8.2,4.7,73.4,17.966666666666665,0.6350598504116091,0.4224437643791823,0.6810685772251834,0.014639140349773644,91.17057196831756,20.700000000000003,0.09999999999999432,27.0,602.4055051066354,52.33,7.7378313277374975,0.4182611528506755,0.06971019214177926,6.901309022036147,3.346089222805404,83.9622641509434,10.456528821266888,1.88217518782804,0.0,1.0986122886681098,24.480825276350043,375.3566208931747,97.1,80.6,65.5,22.321428571428577,20.3,0.6,0.0,26.5,7.389280367028602,0.3716497836671401,5.217640779706383,19.518853799698192,0.9759426899849096,0.0,0.1134073339063852,0.1340904585051192,0.3251626494180232,0.3420485682785579,3.2350231594952237,1.4671643110054615,0.0831364091966649,0.1143668033973719,0.1942167616839301,0.851629304784618,143.11671166600735,151.00913610582717,0.6140348949635229,26.765925374757565,30.796405330027888,-10.4466472303207,0.0771891580907243,52.1,73.0,6.363636363636363,11.999999999999996,17.0,12.199999999999989,18.89999999999999,1.6999999999999993,-12.400000000000006,9.835377870969705
743,Parvathipuram Manyam,Andhra Pradesh,925340.0,True,Vizianagaram,inherited,inherited,5.906374988410823,,20.6,33.814766790105594,14.4,25.15,28.8,58.0,16.45,16.549999999999997,64.0,60.72767489006128,77.43329185939459,3.729463474604073,43.52206303308842,0.23070503657966787,2.7439430047550393,137.81,7.5,1.4,66.7,29.266666666666666,0.4019251508356583,8.55939801219618,3.544175980068834,0.5096410912596147,,38.3,6.900000000000006,39.7,1617.0417457732046,31.18,20.538375207702142,0.44211766591922413,0.08038503016713165,5.1044494156128595,2.2909733597632522,44.44444444444444,0.0,0.0,0.0,0.0,90.98741372102548,614.4253896333757,99.0,76.8,83.5,17.215189873417724,41.3,4.266666666666667,0.040192515083565826,76.7,1.1165226071886816,,4.655376408599584,12.157690611610088,0.12405806746540905,0.9244278469220141,,0.035637838850703804,,,3.2860071220794747,,0.003865084280182696,0.1081851491106637,0.1754119825356477,,156.51407545156923,,,12.872265080210845,9.025069637883009,520.9455415918612,0.08297559063721405,37.6,60.3,-2.9739776951672807,6.400000000000002,-3.200000000000003,27.5,8.299999999999997,3.099999999999998,30.1,1.4800400317614124
662,Pathankot,Punjab,676598.0,True,Gurdaspur,direct,direct,5.887451151572188,,20.9,29.573250753524054,12.6,32.75,40.0,84.7,8.1,12.3,55.0,14.085698639358972,18.78438707232269,5.087438165420729,11.512175410493569,0.2475039963309626,1.3489615716258223,126.06,2.7,0.4,68.3,14.4,0.2371373367987757,1.4591073291553083,0.1749373796056542,0.10366659532186914,,20.799999999999997,1.4000000000000057,20.200000000000003,582.5842365573988,32.68,10.107493043882242,0.5183329766093459,0.12958324415233646,10.107493043882242,4.01708056872243,72.22222222222221,19.437486622850464,0.0,0.0,0.6931471805599453,34.38361800338095,1132.716941281728,94.8,77.4,,7.692307692307694,52.9,0.6,0.0,27.0,2.332498394742056,,5.313689637980989,19.178320134545793,0.38874973245700933,0.0,,0.19236557213888184,,,3.4972061807039547,,0.06102764652920046,0.0985724506252874,0.1573582296039202,,40.80579786934754,,,20.179998611843356,21.50061026530481,-3.953373627729123,0.0876335789936962,74.0,79.8,-19.49587999137542,,,,,,,3.8010164215296895
53,Pithoragarh,Uttarakhand,483439.0,False,,direct,direct,5.742443323810376,221.6320777421496,22.2,40.2412934046665,8.55,28.1,21.8,65.3,21.4,16.75,25.5,4.9109613876642335,5.205908589649963,0.16466377534172633,37.06925386429237,0.17009225145189313,0.7997954802312421,100.85,4.8,0.5,36.2,19.533333333333335,0.0,2.289007426453668,0.7328442748725182,0.1049505381298915,23.725291715823627,15.5,9.099999999999994,54.1,761.4071066721792,35.53,31.48516143896745,0.7237968146889069,0.36189840734445344,2.8951872587556275,0.36189840734445344,36.36363636363637,0.0,0.0,0.0,0.0,39.991583503598825,93.3788365550526,84.9,96.0,,8.053691275167786,17.0,0.16666666666666666,0.0,72.8,1.9904412403944938,-0.2229590561691368,5.042192172021028,17.19017434886154,1.266644425705587,0.18094920367222672,0.2706306391189909,0.1701735440411935,0.0379184375178106,0.4478124437622947,3.57135939275384,0.06277219535295873,0.0163850032587421,0.0874004924719111,0.0851130046337276,-1.8744567053627592,29.084831368427967,69.69028150397465,0.8450327980766377,8.037763627120311,18.181818181818183,5.2108005684509715,0.12483213342102714,55.5,45.9,0.0,2.8000000000000007,51.9,21.799999999999997,11.900000000000006,5.0,21.1,8.207400581285352
213,Purbi Champaran,Bihar,5099371.0,False,,direct,direct,6.831146382536363,1298.6383040697167,40.0,11.879712311928811,13.6,19.9,16.3,57.5,31.400000000000002,7.7,57.3,1.384778892971175,0.6911355186502562,0.60557338400412,1.3468660160676285,0.010621506369865197,0.02611120315925194,82.08,13.4,4.7,61.0,34.6,0.0020652929052515662,0.08688982294236945,0.15843747001715586,0.03953560704338712,98.68781796243152,51.7,0.09999999999999432,55.8,359.8756660099455,39.23,8.629973925515472,0.1622730139840516,0.059008368721473324,0.3983064888699449,0.8408692542809947,31.03448275862069,0.0,0.0,0.0,0.0,17.029962733939,25.15143204199718,61.5,68.3,57.9,13.703703703703708,5.4,1.4333333333333333,0.0,19.4,0.42781067323068156,0.0347902057275906,4.375713962429964,4.6026527602749185,0.4868190419521549,0.0,0.034792087662871,0.0610678235031558,0.133026674866113,0.3407359456685932,3.4490153163477864,0.8455762534226385,0.0287759303452447,0.1110315063802958,0.1803605481049632,35.508336372105646,75.73878302671949,23.812152518418447,0.8204765002841213,9.015741136032105,7.16258320351225,12.935415319227573,0.0319664034280977,20.1,44.2,48.6284289276808,6.200000000000001,8.599999999999998,19.0,16.6,2.8999999999999986,25.199999999999996,14.736176890251338
369,Puri,Odisha,1698730.0,False,,direct,direct,6.2712904834160845,500.94134244274863,21.6,26.212922452102156,21.9,22.05,40.4,64.2,39.05,9.7,63.3,17.095477327614955,34.5695096060763,0.8609849518543237,23.293176841118555,0.19382870184780168,3.16015745388322,111.09,11.8,0.0,51.0,11.333333333333334,0.17187572732912804,10.108541608244886,3.1515904394369083,0.4743984249645091,40.94703471716988,32.7,1.5,65.6,1014.0073575791342,36.49,15.634801364518811,0.9102452849206157,0.05354384028944799,2.0346659309990236,1.4456836878150956,,5.354384028944799,0.0,0.0,0.6931471805599453,61.743543991374054,191.20826630403613,97.7,95.8,55.8,15.662650602409638,35.3,0.5333333333333333,0.05354384028944799,61.5,,-0.1085430633817061,4.972809846345276,13.171784711204205,0.6425260834733758,0.05354384028944799,0.0734557633553002,0.0504953487218624,0.0961254758805511,0.3659651622094153,3.6824158616773586,0.6129209193411561,0.0183040796792854,0.127699793800271,0.1889206035218122,10.604071373798265,45.70268933683728,120.8932555497342,0.7907189637961678,11.20886752619304,5.030355594102342,-7.990506329113924,0.09398508936683611,38.1,34.4,2.3178807947019866,15.099999999999998,3.700000000000003,7.599999999999994,-0.09999999999999432,0.8999999999999986,27.099999999999994,5.419134899132513
421,Raisen,Madhya Pradesh,1331597.0,False,,direct,direct,6.2065935551940985,205.7009822473677,26.1,46.718773807243565,9.600000000000001,20.1,23.5,41.4,30.9,6.449999999999999,56.9,2.2198206903637283,2.503823505452257,1.1018314904856914,10.651037741361685,0.24547289269139774,0.5493621193397357,92.55,7.1,1.3,61.1,25.633333333333336,0.1590912924784755,1.9501112335838129,1.7350894085933732,0.03169396842344629,50.98545388318763,30.400000000000006,7.599999999999994,61.1,785.5679442442622,34.05,12.926167513876134,0.4350152528708314,0.24858014449761798,1.6779159753589212,0.12429007224880899,44.0,0.0,0.0,0.0,0.0,39.85982617019304,296.22115064094766,96.0,,,12.267657992565052,12.3,0.6333333333333333,0.0,41.0,1.5536259031101123,-0.2625548968698517,4.621163321595802,10.626801177273169,0.18643510837321345,0.0,0.0324805146893744,0.0634193787435685,0.1586447159690445,0.3888849253940944,3.4452927694259716,0.43809043326604163,0.1266803769413283,0.1235391997083368,0.1127177861974477,11.592185636092434,137.71380472917338,53.45986811325048,0.6727913804486775,10.869166818158345,22.84344113690859,-10.450053760688137,0.0523931512237823,34.6,38.9,5.911330049261084,9.3,18.3,,11.299999999999997,4.5,28.999999999999993,10.199653610051797
518,Ranga Reddy,Telangana,2446265.0,False,,direct,direct,6.532241052848536,678.863874009349,24.1,103.51323156594023,17.450000000000003,31.75,40.6,47.9,11.7,26.75,53.2,25.97525880435172,27.635577875444046,0.45126620906611875,3.7457737770107635,0.031121807521801294,0.21902706048362044,125.53,5.3,1.1,75.8,27.066666666666663,0.009101660690338116,2.389039130234879,0.43776051900948804,0.14151614363687004,31.999622397728928,18.900000000000006,0.5999999999999943,3.0,642.2765963331319,28.87,9.042940298787546,0.20552137042698967,0.058720391550568476,6.283081895910827,3.7287448634610985,86.07594936708861,26.424176197755816,5.960119742382701,0.0,2.4849066497880004,17.435552261152548,127.08002897612053,97.2,85.8,72.2,17.351598173515978,57.8,0.5333333333333333,0.08808058732585272,58.3,2.319455466247455,0.1811841298401764,5.533941831862288,20.787018608901242,0.5578437197304006,1.8790525296181912,0.0747882001177808,0.0425880716802825,0.2350193045210828,0.4146092852189676,3.5440680443502757,1.5894820503016764,0.028174821199175,0.4171538861853416,0.4121276639162885,3.3584204207201207,71.22604782234824,176.4637916031764,0.75852989730208,,,,0.12546074470247334,51.4,97.0,64.69977673804975,,,,,,,11.260211459813268
627,Reasi,Jammu And Kashmir,314667.0,False,,direct,direct,5.607140243474197,183.19318964119444,30.7,34.06171626719811,7.1,16.5,22.7,75.9,22.85,5.2,62.9,7.968736667516425,14.474685084747662,0.3731098408666605,19.928018984037198,0.1408427876119182,2.120054592474137,87.34,0.9,0.9,69.7,14.133333333333333,0.0,7.138505498435643,11.561463214669566,0.1482555659072823,30.63780440125112,37.3,23.5,64.8,1834.9665520127285,38.71,33.11040971929305,0.494185219690941,0.2470926098454705,0.7412778295364115,0.2470926098454705,25.0,0.0,0.0,0.0,0.0,65.32140233874858,364.75069787558823,69.3,79.1,,20.0,23.0,0.0,0.0,11.2,0.988370439381882,-0.2084185485232823,5.022023468287657,14.08427876119182,1.482555659072823,0.0,0.1598981383394225,0.1100857155418043,0.041292606138247395,0.4600641312879965,3.6071332043915665,0.29629675207544137,0.0055311421160231,0.056044119853543,0.1364548789783894,3.5158843773754667,53.93399060205611,77.95542589467595,0.9136567468406034,9.9775995855601,32.552327397688224,40.354535974973935,0.0589852850074114,41.9,35.2,74.35897435897436,6.199999999999999,7.3999999999999995,6.0,6.699999999999996,0.6999999999999993,17.400000000000006,14.167918321728532
425,Sagar,Madhya Pradesh,2378458.0,False,,direct,direct,6.458092762069573,306.22091435839104,26.9,30.55763345299448,8.8,25.85,20.2,52.0,31.1,8.0,49.8,2.1588818455616146,2.694510217633524,0.2977647972181289,5.441608136296215,0.13860864244773718,0.3803031094294698,92.55,11.2,7.3,83.3,31.233333333333334,0.1218920222530352,1.0844907351312902,1.670617230708028,0.0470154942975993,50.608578800956735,31.200000000000003,13.299999999999997,67.3,356.29247062314624,35.31,10.37823503754414,0.3830892127952535,0.1393051682891831,4.3532865090369715,0.4179155048675493,33.33333333333333,4.3532865090369715,2.472666737133,0.0,1.0986122886681098,34.05941712086382,165.86752951564378,86.9,75.9,58.15,11.145510835913306,11.6,3.6666666666666665,0.5920469652290281,27.5,0.8358310097350986,-0.2507952246372278,4.800230967045829,7.870742008338845,0.17413146036147886,0.2437840445060704,0.0288621533942365,0.0297885319826994,0.092815366518864,0.4229778284922416,3.312811826212088,0.5047223468945912,0.0709587094625423,0.10638593730272,0.1471880681914545,7.001139637609199,60.553177677772126,95.5169273537729,0.3804069846775507,13.185234178571179,20.710175992779785,-2.281643609333058,0.0763653142481058,32.9,32.7,9.187279151943462,6.1,17.5,23.200000000000003,9.5,5.800000000000004,40.099999999999994,9.877963346564359
217,Samastipur,Bihar,4261566.0,False,,direct,direct,6.746186373441372,1663.331562552323,37.8,20.944704412472905,15.100000000000001,16.1,15.2,54.3,27.6,5.3,60.5,0.6429565538136965,0.37152986131366234,0.0017939635988105374,1.4733823037030944,0.0005381890796431612,0.0016145672389294837,82.08,10.6,4.5,67.2,36.03333333333333,0.007355250755123203,0.2916984811665934,1.3259184958808683,0.0430551263714529,97.59130969101123,51.2,1.4000000000000057,63.9,364.64337324690825,35.08,3.8211424654664445,0.143517087904843,0.08969817994052687,0.35879271976210747,1.1301970672506385,51.162790697674424,0.0,0.0,0.0,0.0,39.00399777261894,20.09598023387564,83.4,71.4,67.5,17.27574750830565,6.2,0.5333333333333333,0.0,19.0,0.771404347488531,0.0480508821415372,4.47703401917826,5.615106064276982,0.2332152678453699,0.0,0.057171967296342,0.0718412730958303,0.1076378004332537,0.3152362300619068,3.355834495884936,0.8745105907713743,0.0290652233047198,0.1009689753203668,0.1437731224361527,27.410193517163208,57.11706988225349,31.726600033884257,0.783255057135461,9.622103158580197,3.583068651263208,6.1657528552483125,0.08293831343567706,26.5,36.1,-48.36448598130841,6.799999999999999,7.4,14.000000000000007,10.0,2.0,28.799999999999997,14.324544919383925
43,Sangrur,Punjab,1225415.0,False,,direct,direct,6.13890672692304,495.743970892584,21.2,60.39901836901213,11.899999999999999,37.349999999999994,37.6,70.3,6.6499999999999995,11.15,52.6,11.780308852903824,12.462640859583042,1.909346694813158,33.02669727837472,0.050543111605867885,0.6070550319470728,126.06,6.4,6.6,66.9,17.3,1.0323699391836845,0.8108405564005188,0.4769334041957959,0.014517702269770562,76.38730071467839,7.599999999999994,0.29999999999999716,30.200000000000003,601.8765137781779,49.24,11.829238886479718,0.43015414132653523,0.2688463383290845,12.205623760140435,8.226697952869987,64.0,0.0,0.29050476775023154,0.0,0.6931471805599453,38.02992763467898,734.3166723512049,94.7,89.6,52.0,11.79138321995464,36.2,1.2666666666666666,0.0,18.7,1.815654798438947,0.235154890258995,5.11969508995586,19.028062287640168,0.5083833435629053,0.21507707066326756,0.0951306984769674,0.1836948175380734,0.4086417098052939,0.3436253337272508,3.7554174628109362,0.8176475460002923,0.1543577293045035,0.0969982510914624,0.1278864577574392,6.116148288030976,75.43894187689628,115.35075874427324,0.6992222076731701,14.315348692812035,26.87419089090267,-38.956333230102196,0.07605604454971475,54.4,69.8,-0.43668122270743753,7.300000000000001,3.3999999999999986,10.599999999999994,6.700000000000003,0.5,3.700000000000003,4.874285749143223
608,S.A.S Nagar,Punjab,994628.0,False,,direct,direct,6.224669601399779,857.3724457094622,20.9,140.20993720529535,17.6,30.85,48.9,64.3,6.4,10.75,59.5,8.33429050307915,13.752384085976393,5.236874477473022,21.00174441842368,0.15797060176782596,1.6727000323038477,126.06,5.0,2.5,63.7,19.966666666666665,0.8089287041469426,1.6226263321208385,2.327830943031548,0.02682519652661195,53.71919256490952,12.400000000000006,0.09999999999999432,11.099999999999994,797.197747648116,36.64,5.245816209648559,0.29805773918457723,0.17883464351074635,8.226393601494332,6.259212522876123,78.57142857142857,5.961154783691545,0.0,0.0,0.6931471805599453,37.153493304835926,533.6986110910337,97.4,71.1,,17.1875,34.6,0.43333333333333335,0.05961154783691545,31.0,2.503685009150449,0.5798137360670569,5.608581384727204,31.41528571005444,0.8345616697168162,0.0,0.2109572959358223,0.1685021940284706,0.5180912088669538,0.3579177340674101,3.7567121601647715,1.7997056674656955,0.041280047068726,0.1167615831478683,0.2652308037787996,6.730529177168121,79.66098225764681,139.6451738740514,0.6987940530616653,28.446630627776052,34.45845258651276,5.346814428893108,0.14766705921161108,62.5,88.9,0.0,9.5,1.8999999999999986,-19.0,8.5,3.8000000000000007,7.3999999999999915,8.920800674761644
40,Shahid Bhagat Singh Nagar,Punjab,612310.0,False,,direct,direct,5.832437148106976,489.5816663625898,20.9,64.86807112139567,15.45,37.75,41.8,70.6,5.55,9.45,49.8,14.053792702649154,19.837101222462497,2.5974880076272533,31.784663558791024,0.13678730730992897,0.7707155809720729,126.06,1.2,0.0,63.9,13.699999999999998,0.30887456489338805,0.6765823802426594,0.42801189706655196,0.11766650091176685,62.89068369646882,8.700000000000003,0.29999999999999716,23.599999999999994,790.7585985711311,37.18,16.473310127647363,0.44124937841912576,0.2941662522794172,15.149561992389984,5.736241919448634,40.0,0.0,0.0,0.0,0.0,27.166253398004173,726.0993854888537,99.3,100.0,,6.485355648535571,43.6,1.3,0.0,23.3,1.4708312613970858,0.3096568159566367,5.452986555166719,26.18079645286813,0.44124937841912576,0.1470831261397086,0.1080464188555095,0.1948058642817355,0.4791007458951107,0.3337018830331041,3.389343311252078,0.8248146446759786,0.0454888068811041,0.0914306441582071,0.0761949114399687,10.114322451016978,21.065898455299216,96.91822769512174,0.7768434888110003,19.15904801095844,24.42818636888718,-11.152036013914467,0.08008065402193909,65.4,76.4,0.0,6.099999999999994,-5.0,13.900000000000006,7.5,1.4000000000000021,8.799999999999997,3.292045071567388
182,Siddharthnagar,Uttar Pradesh,2559297.0,False,,direct,direct,6.518245650876095,887.8737024552538,41.0,13.992580756815205,10.6,21.3,12.9,73.6,34.75,5.699999999999999,51.2,0.916323467334725,0.9487677462906533,0.19830428445959966,1.3083837728488876,0.05912742426547696,0.2507609223976895,86.91,4.1,4.3,75.8,32.766666666666666,0.37295759921300853,0.7401540647796372,1.490617526610691,0.0336571491972715,80.3709465331138,57.2,0.09999999999999432,49.4,379.11867682147124,42.35,10.40036231951723,0.24257404826862344,0.03032175603357793,0.39418282843651303,0.0,22.22222222222222,3.0321756033577927,0.0,0.0,0.6931471805599453,25.40568972785394,191.54131999387042,69.7,65.1,59.6,9.440559440559438,4.0,0.9666666666666667,0.06064351206715586,12.2,0.8186874129066041,-0.0069710924552105,4.45499057322023,5.094055013641092,0.15160878016788965,0.0,0.034116638051036,0.0748725101845619,0.1826983742028639,0.3434138359088453,3.288696260590256,0.44990139156729575,0.0352702777856517,0.1130057884708604,0.1622836650069585,9.28894323123377,42.17769101671715,34.53370202833043,0.7618745898486117,9.725096812649449,9.29006361193319,-1.1861482531271181,0.047405268107649105,17.0,50.6,-2.5,-0.29999999999999893,6.8999999999999995,29.799999999999997,24.400000000000006,-0.20000000000000284,26.499999999999996,10.248813767177845
114,Sikar,Rajasthan,1694094.0,False,,direct,direct,6.5023425663567,344.0005186098337,27.5,34.143753784247465,7.550000000000001,20.7,19.6,52.7,21.05,5.0,44.0,13.63630241825462,20.594575244896234,1.758832963277127,14.782752016098886,0.10064852436492858,1.3980709087565861,88.3,5.9,3.2,61.5,18.066666666666666,0.07863165966010045,1.4200877734614143,2.5847799163468226,0.05598574167799152,59.02414791750368,22.099999999999994,0.5999999999999943,41.6,1614.6750254091558,41.36,23.62095056189418,0.9435799159212056,0.09435799159212055,4.812257571198148,1.4153698738818081,62.13592233009708,3.1452663864040185,0.0,0.0,0.6931471805599453,44.020519290833356,413.55786702944147,95.8,70.0,71.8,14.785992217898832,17.2,0.2333333333333333,0.06290532772808037,82.4,3.2396243779961384,0.0185951135957654,4.707440629910255,11.134243007870225,0.09435799159212055,0.031452663864040185,0.1552559449221521,0.1845514390561795,0.1433715788933435,0.3759353057688379,3.7729081949712717,0.5002376712187225,0.1594676138017984,0.1615171731043381,0.2419182329495843,-0.4686939082786168,116.1950922911506,85.31736619987129,0.76510684125504,16.044632890324177,20.200946139490473,5.435905915423091,0.0768641881397419,41.4,58.4,24.561403508771928,1.2000000000000028,65.0,13.200000000000003,3.799999999999997,2.8000000000000007,11.600000000000009,10.60987544594151
495,Sindhudurg,Maharashtra,849651.0,False,,direct,direct,5.960015729393786,167.13084254763567,16.2,62.04526095078802,22.0,37.25,20.8,61.4,19.15,4.3,41.2,27.51073801011208,39.741509302718995,7.198118649570994,30.73097783856448,0.269723867143102,1.5251459316912799,92.93,0.6,1.4,55.6,30.166666666666668,0.14692275689908807,2.5437372836260024,0.47256498674258923,1.3486193357155098,32.76188154593061,12.099999999999994,26.799999999999997,34.0,1001.0373718007344,31.79,31.358140651596408,0.7675069390250869,0.43857539372862114,7.236493996522248,3.2893154529646584,42.10526315789473,27.520605956470973,0.0,0.0,1.0986122886681098,61.18236386362697,826.4953294815864,100.0,76.3,,16.783216783216798,31.8,0.9666666666666667,0.0,13.2,2.0832331202109504,-0.2220348790361675,5.070966529542726,17.543015749144843,0.21928769686431057,0.3289315452964658,0.1292756510219114,0.0902909096565126,0.1327385787139863,0.4086124773583506,3.5173278822943734,0.1224539025262741,0.0037674766527139,0.0861342146868815,0.1537011905067167,16.20783903654621,43.55990646075677,105.93996829286375,0.7377905168199795,17.036461169388286,13.626547653325655,10.190766612297,0.10998891460651725,49.4,66.0,0.0,0.0,2.3999999999999986,-4.0,0.7000000000000028,2.900000000000002,9.5,4.8879587008134076
115,Sirohi,Rajasthan,1036346.0,False,,direct,direct,6.105833167335817,202.09121579430925,29.5,38.37458765724174,6.85,16.45,7.9,76.9,24.299999999999997,6.9,64.0,10.662655523992607,17.83065606955941,4.596580275502876,20.489070442024158,0.10893856066409204,1.5776498029986854,88.3,7.5,2.9,75.8,26.099999999999998,0.12931555762284308,1.9514893241265407,6.392107199829746,0.2257144278507806,47.383795295449865,45.9,6.400000000000006,54.0,1409.2543001315669,32.14,20.141877763073133,0.7053575870336894,0.07837306522596549,4.153772456976172,1.2539690436154478,35.0,7.915679587822515,0.0,0.0,0.6931471805599453,58.87227913644076,568.0660025627998,95.7,86.4,86.0,8.808290155440407,6.6,0.19999999999999998,0.0,92.0,1.56746130451931,-0.218702641460271,4.864177828251537,9.953379283697618,0.15674613045193098,0.0,0.126928736655322,0.0723618876865262,0.1457878944396646,0.4051050517877234,3.2081725266671217,0.4044915708056002,0.0545567167485027,0.1091016078115012,0.1482648077550306,8.708631951420642,48.85207705758482,71.55428785367049,0.7983143415818219,8.863209946404439,13.905384006334126,-36.73640635488924,0.0544501706514389,25.7,46.0,21.461187214611872,-2.1999999999999993,69.9,39.300000000000004,11.5,4.0,15.899999999999999,11.117458267473692
74,Sirsa,Haryana,1295189.0,False,,direct,direct,6.18462747605803,304.33931576212524,22.6,69.88153191594061,19.5,23.35,29.3,63.7,11.4,6.6000000000000005,61.9,14.398852263382915,13.889626952937766,3.016784092046677,29.8200772938213,0.08040399638607611,0.36933543055392687,101.02,5.2,0.9,70.1,20.333333333333332,0.3608374471960489,0.26343748409421686,0.23598246093799574,0.038567770624215375,77.92888631090487,18.099999999999994,0.7000000000000028,61.2,796.6728659805085,49.67,11.570331187264612,0.5229528220232592,0.1307382055058148,2.7455023156221112,1.3727511578110556,73.50427350427351,0.0,0.0,0.0,0.0,30.585549487057847,317.9657748465821,99.3,,,14.164305949008495,27.2,0.19999999999999998,0.2614764110116296,26.6,7.648185022090168,0.1261861110183026,4.959209788457087,14.642679016651257,0.9151674385407036,0.0,0.0520221674986131,0.1623836807012255,0.2565171373077233,0.3875905369795451,3.231979026831504,0.5864572681209415,0.1724085508403341,0.0939766680591718,0.1461855697359515,1.904942057322967,125.33247037451872,99.04963677115848,0.7915471439261661,15.0865352243435,30.157525147086734,-31.402330281773867,0.08980182563123004,44.7,38.8,2.209944751381215,6.300000000000001,18.200000000000003,,14.200000000000003,4.399999999999999,0.8000000000000114,9.730778619187502
585,Sivaganga,Tamil Nadu,1339101.0,False,,direct,direct,6.159804695238597,314.51812801224946,21.8,45.37268724240276,24.45,24.0,33.4,60.2,9.95,11.7,51.5,179.7244021739523,274.3146263648253,11.549776245751211,44.80997566525913,0.2747804380393858,1.2167859195799502,120.98,2.6,0.0,56.4,26.26666666666667,0.44573955188253006,2.480637506128863,17.4696681514209,0.47688594914140253,26.33346487766377,25.599999999999994,3.5,24.799999999999997,3473.9251846850802,27.49,23.186762403827263,0.8305705935699319,1.1766416742240702,9.966847122839182,6.990635829213593,43.75,6.921421613082765,1.7995696194015192,0.0,1.0986122886681098,98.84551419859628,2498.432481096099,100.0,89.4,,17.22595078299776,43.2,1.7000000000000002,0.06921421613082765,67.7,3.3222823742797276,0.0105521398407637,4.999197155744165,19.587623165024226,0.9689990258315871,1.1074274580932424,0.08133739435252779,0.0436701684347902,0.2664960015313217,0.4631248875178197,3.4974825373673704,0.4436981616004736,0.0122511197199453,0.0962867778002667,0.219162690594306,14.740145147771376,162.93496242182576,66.76270124508905,0.7939643408424868,22.27728760386819,12.194076126393561,-11.15466364865984,0.1173949997829343,59.9,75.2,7.430340557275541,5.0,2.0,19.5,0.7000000000000028,2.3999999999999986,25.700000000000003,3.3513721121328297
184,Sonbhadra,Uttar Pradesh,1862559.0,False,,direct,direct,6.36409537727324,363.2641255328272,31.8,28.001715390409853,9.600000000000001,20.2,15.3,60.9,29.95,12.350000000000001,44.5,0.3839879434598176,0.46355301282536543,0.0479984929324772,21.79823449302861,0.0017296754209901693,0.025512712459605,86.91,2.0,2.9,63.0,37.199999999999996,2.2152817954331594,0.7372741481970597,9.59969858649544,0.04713365522198212,47.63287263470173,29.400000000000006,10.400000000000006,69.6,343.6843440564704,30.26,8.821344647049864,0.30269319867327965,0.043241885524754234,0.9945633670693474,0.17296754209901694,59.375,4.324188552475423,0.0,0.0,0.6931471805599453,17.611555136521908,184.34232008630354,76.8,72.7,55.5,4.83271375464685,11.8,1.0,0.0,19.7,1.3837403367921355,-0.2859748043693402,4.781747734702093,7.8700231655052715,0.43241885524754237,0.0,0.0297980939742024,0.0362374807898981,0.1773065748546848,0.3921481145026815,3.2844307338445193,0.5100204848155497,0.0413008241320225,0.1004963758445867,0.1219750238126049,5.084875686776136,41.65637611671601,37.76846800557728,0.881201489779092,13.005429490425085,14.436860068259385,10.76900412492634,0.0811879866695238,35.7,30.4,3.9408866995073892,2.1000000000000014,4.6,42.400000000000006,19.4,3.8000000000000007,48.89999999999999,10.242173407773054
372,Sonepur,Odisha,610183.0,False,,direct,direct,5.820810450689728,348.22211794798443,23.5,33.29518514415855,12.9,21.45,21.7,69.0,28.65,11.15,58.8,15.007684977633787,30.90670618808456,0.5363124790678473,18.21498467639728,0.06345105386154813,2.8824907325674722,111.09,5.3,0.3,73.1,30.03333333333333,0.48192586147223454,7.008319972945756,6.771133890653778,0.1586276346538703,56.483560308515486,33.3,5.799999999999997,58.4,1153.9948917556194,33.11,16.467059216449393,0.7553696888279539,0.30214787553118155,1.359665439890317,0.4532218132967723,,0.0,0.0,0.0,0.0,60.30267299851321,244.11282233852984,96.1,98.0,,7.627118644067795,26.4,0.3,0.0,45.8,,-0.2570605003504074,4.741102435378557,12.539136834544033,0.9064436265935446,0.0,0.039524217572763705,0.0304138595152615,0.0667653740484406,0.4697951270356598,3.704579449696299,0.4211925776091737,0.0187004361253667,0.1560970826924965,0.194424000095176,9.119710113849266,60.11892479250723,126.09004183990704,0.6128051158075334,15.90053194982843,8.622895954326214,-21.985027055073754,0.0759349659497798,37.8,41.6,1.7857142857142856,7.899999999999999,-14.600000000000001,6.099999999999994,3.0999999999999943,1.5,49.400000000000006,4.583467577332652
304,South 24 Parganas,West Bengal,8140975.0,False,,direct,direct,7.106953940105119,1591.652894511208,25.5,16.969845031175176,18.9,20.3,21.2,86.0,28.049999999999997,8.45,61.6,10.216568071406906,11.555482168557198,3.9856302053540875,21.01355634198131,0.0598790400757312,1.4520276363011841,110.07,4.5,1.6,70.4,30.033333333333335,0.38585240445666996,3.067745494428192,3.8223308388812383,0.17791735667410474,63.99886512703673,29.900000000000006,0.0,63.8,911.9816225299177,26.67,8.942770476062206,0.2579645329633328,0.1094394988329291,1.0162239177343415,0.29705006826080754,,1.5634214118989869,0.2579645329633328,0.0,1.6094379124341003,34.3056088438053,209.9173879617826,91.0,91.7,60.9,9.210526315789474,26.6,0.06666666666666667,0.01563421411898987,36.7,,0.1235112842266489,4.631583202183977,5.096753802790698,0.1094394988329291,0.19542767648737336,0.0545374937605732,0.0405169630440822,0.0362662636283715,0.363321960821646,3.3310221710418286,0.7627297210027683,0.0058951132300933,0.1036663912118669,0.1623895349919748,4.531064796728357,40.57484048257824,115.23902235297368,0.6625365876536788,7.217378605890484,5.879569247105807,-16.93088370251741,0.08346885223126244,34.9,36.2,1.553062985332183,-1.4000000000000021,11.400000000000002,-3.0999999999999943,38.8,1.1999999999999993,16.199999999999996,6.537048920171406
552,South Goa,Goa,806367.0,False,,direct,direct,5.834058098029895,342.5158435579339,18.9,138.96370719656588,22.15,26.35,34.6,49.5,9.7,24.05,37.6,24.08891823104137,22.151723152177894,1.9635714112534484,51.48073941802697,0.26669402749860266,5.033483431086265,112.33,2.5,0.0,50.0,23.566666666666666,3.0230207622506446,3.814310733949795,3.310229714941447,0.48796214921447634,32.518379546085505,11.799999999999997,1.0,3.799999999999997,1472.734241808465,37.08,17.29115123342589,0.2930703598885743,0.43960553983286155,10.40399777604439,16.99808087353731,20.0,0.0,0.0,0.0,0.0,82.3425136660933,1327.4768486332919,100.0,,,30.532786885245898,39.4,0.4333333333333334,0.0,67.7,1.4653517994428717,0.2003528623318619,5.944832406752455,42.20213182395471,0.2930703598885743,12.455490295264411,0.4783209492170276,0.2072529316867155,0.496068747708444,0.3896574280642648,3.576226137449605,0.7275117236809018,0.0042283735627783,0.1158884421098356,0.1899930825239904,3.815431520823487,24.28300065569201,178.60170450731184,0.8041625510266519,51.61994783897404,29.766549012322745,-4.536462426492506,0.1105005775442072,70.9,96.2,39.53488372093023,2.8000000000000007,60.1,,5.5,5.5,13.100000000000009,0.06495386628845755
696,Suryapet,Telangana,1099560.0,True,Nalgonda,direct,direct,6.057837299413936,,18.9,29.190354041331744,20.799999999999997,26.25,33.9,45.0,11.9,26.400000000000002,57.5,46.615596354179736,50.173738144395685,2.311698024098481,8.101009168130041,0.2923540855921592,1.2315634683478085,125.53,4.6,4.3,76.6,28.03333333333333,0.031511218806340516,2.843012185638722,1.749747955385408,0.3116109415293673,,22.099999999999994,0.20000000000000284,5.5,874.5273542858342,28.09,17.331170343487283,0.17506232670189176,0.17506232670189176,5.601994454460536,5.076807474354861,23.684210526315788,13.129674502641883,1.8381544303698631,0.0,1.0986122886681098,33.924452979926095,361.0914328600235,95.9,70.4,61.6,17.948717948717956,77.0,3.266666666666667,0.0,63.1,3.326184207335943,,4.700661714510344,14.44264195290607,0.17506232670189176,0.3501246534037835,,0.02854964990802238,,,3.5582284218033258,,0.012714093026916763,0.1434315584565439,0.2049960288749721,,278.6214200766269,,,,,,0.10232167523691085,42.5,94.5,-9.603597978948114,,,,,,,1.9540677657689982
716,Tengnoupal,Manipur,59110.0,True,Chandel,inherited,inherited,4.94169539510638,,29.8,8.885128908152481,13.95,24.95,33.7,71.2,56.3,20.150000000000002,27.3,2.2271431300118354,3.225840996732932,1.2284452632907392,5.143528449732596,0.004688722378972285,0.7173745239827597,58.18,4.9,1.2,42.4,19.0,0.4360511812444225,2.939828931615623,7.684815979135575,0.01875488951588914,,14.799999999999997,31.400000000000006,48.0,175.85991026811348,34.53,19.442563510006252,1.143680206470956,1.143680206470956,0.0,0.0,0.0,0.0,0.0,0.0,0.0,12.209433074843831,189.36343071955366,55.5,55.5,44.8,7.4074074074074,14.9,0.4000000000000001,0.0,16.1,2.287360412941912,,4.237497045977273,8.005761445296692,1.143680206470956,0.0,,0.1523960622676505,,,4.038262407104784,,0.013527794980639437,0.0468063196736892,0.0353520835783656,,125.27739494340892,,,0.03431040619412867,,,0.04765670502488449,43.3,52.0,41.631840035799854,9.300000000000004,15.000000000000002,4.899999999999999,17.299999999999997,3.8000000000000007,22.1,12.843175277093158
588,Theni,Tamil Nadu,1245899.0,False,,direct,direct,6.118723601606183,544.9922814270977,23.8,33.58521103238473,23.0,32.15,45.2,73.4,12.8,11.65,41.2,105.40722743051771,175.65740969506726,17.0779093884546,16.172545100475762,0.046409429887990857,2.875102222077335,120.98,3.8,0.2,46.8,18.166666666666668,0.12629451412141773,3.158123663361476,21.758414514207384,0.349972749975013,21.35606060606061,25.599999999999994,0.09999999999999432,10.099999999999994,3674.1387021311557,26.43,16.50958407490822,0.6086482608261095,0.4564861956195822,11.640397988299345,8.44499461896227,48.64864864864865,7.608103260326369,3.4997274997501298,0.0,1.0986122886681098,95.67722417088632,1826.959703453256,100.0,95.2,,7.9457364341085235,43.7,4.833333333333333,0.0,67.4,2.8149982063207566,-0.0822306207711837,4.865655992236909,15.140125488049476,1.9020258150815923,0.0,0.0706345611815251,0.0610700500240167,0.16626334190865222,0.474871558609486,3.2489536154957075,0.3921882775376847,0.0165421599089226,0.1283420420706924,0.183711224978597,10.562924488504732,236.6287472787785,95.68913692040849,0.8107180902372944,15.023721508166481,13.842214754360699,-11.349046015712682,0.09493862289284735,56.9,89.9,17.1875,11.700000000000003,13.800000000000004,38.400000000000006,3.4000000000000057,-0.6000000000000014,28.60000000000001,2.3825145330167663
590,Thiruvarur,Tamil Nadu,1264277.0,False,,direct,direct,6.131587555147407,593.8925066096434,19.6,48.91487743220116,26.2,27.4,37.2,58.9,17.9,16.3,58.2,158.21591187561347,234.76053797123654,17.646020244808955,38.298164234809505,0.14328943650299014,0.8242835625635927,120.98,4.3,0.7,45.0,19.900000000000002,0.5317958468152211,2.7852807476947206,28.83958421492656,0.40327851716820934,26.47996999878168,29.0,0.0,41.1,3524.851447676677,27.51,18.24355196713328,0.7386053427989182,0.5908842742391346,7.238332359429398,6.942890222309831,21.875,7.386053427989182,2.5112581655163217,0.0,1.0986122886681098,266.8160098487096,3625.436200469719,100.0,97.1,,11.53081510934394,60.6,9.6,0.0,75.2,2.3635370969565384,-0.0456386385939869,4.8301115355790305,14.18122258173923,1.3294896170380528,0.5170237399592428,0.071962419574346,0.0493899236725652,0.2262507239626138,0.427254470341547,3.661907292766021,0.690296754172517,0.0090523284090187,0.0902378841949382,0.1958170508139332,13.382132423784698,155.32347498261606,59.98052641944764,0.828436543939234,16.922187008866015,11.063558550355127,-20.67102939648904,0.1283333250896845,57.5,58.9,8.438818565400844,8.000000000000004,-1.2000000000000028,25.099999999999994,0.4000000000000057,5.599999999999998,25.200000000000003,2.758229481901785
434,Tikamgarh,Madhya Pradesh,1040359.0,False,,direct,direct,6.094079065065085,342.19450589545863,26.6,27.77814479509815,13.55,13.65,10.4,42.6,29.75,7.3500000000000005,49.1,4.493080139958384,2.5430451005028294,0.1512958220267241,10.057983938642488,0.04811323075945632,0.5419984428926705,92.55,4.4,0.8,67.5,27.366666666666664,0.5211300536476052,1.665993074731053,2.7998422237129397,0.03825871361595321,61.84329646240677,43.4,20.0,67.9,510.90628194996026,45.92,13.332582017680666,0.4057742353207159,0.057967747902959416,0.3220927328582854,0.08052318321457134,27.272727272727277,0.0,0.0,0.0,0.0,38.72129624421883,160.9004981767654,89.8,79.0,,6.015037593984953,5.8,0.5333333333333333,0.0,40.5,0.6376452269325535,-0.2989127066199773,4.606400421067258,6.039238741092851,0.1610463664291427,0.0,0.0324675419718788,0.0426148213590058,0.11153798514334891,0.4534551740076918,2.741939077729199,0.6165415375231227,0.0391745738619433,0.1275551457829495,0.1318702526775033,12.486872735914025,43.965255628512686,32.302863477275274,0.7693378746010325,17.087824709964185,13.462198891232891,-18.24555996455677,0.052847874189192,25.8,32.1,29.508196721311503,2.4000000000000004,32.7,44.6,9.299999999999997,5.600000000000001,41.2,10.305224391940659
655,Unakoti,Tripura,289977.0,True,UNRESOLVED,direct,direct,5.590835350714857,,27.4,,18.4,21.55,16.6,53.8,57.3,13.35,67.9,3.9431065873748588,16.944839954203605,0.17958195258050755,6.536783073930476,0.03591639051610151,1.706028549514822,64.37,6.2,1.6,62.8,27.7,0.3514675357647077,3.483889880061847,6.028822693774183,0.01282728232717911,,38.2,21.400000000000006,70.8,713.3482593226194,33.56,20.780197370030162,0.25654564654358225,0.5130912930871645,1.5392738792614933,0.5130912930871645,0.0,0.0,0.0,0.0,0.0,71.19911328524039,202.79163722330546,71.5,58.3,60.5,13.720316622691282,11.2,0.13333333333333333,0.0,28.0,2.052365172348658,,4.260003107224309,6.413641163589556,0.5130912930871645,0.0,,,,,3.8861521819707967,,,-0.1270162759866814,-0.0524524510839998,,71.8653092052179,,,,,,,18.7,29.2,22.388059701492537,,,,,,,5.441541081959053
241,Upper Subansiri,Arunachal Pradesh,67942.0,False,,direct,direct,5.055920312776686,15.388606917118675,27.3,17.390255969349415,8.6,31.45,25.0,81.6,37.55,54.199999999999996,36.7,0.035167352819715704,1.2484410250999074,0.0,0.04395919102464463,0.0,0.008791838204928926,59.99,5.9,1.3,60.4,22.733333333333334,1.3099838925344098,0.5626776451154513,2.7518453581427536,0.0,11.427148936170212,19.099999999999994,5.299999999999997,67.2,565.9394170894798,41.63,41.321639563165945,4.395919102464463,0.8791838204928926,0.0,0.0,0.0,0.0,0.0,0.0,0.0,20.098142136467523,18.999162360851408,77.0,68.5,55.5,8.124999999999988,17.9,0.3,0.0,21.5,0.8791838204928926,-0.3997307558385745,4.791033390082669,7.0334705639431405,0.8791838204928926,0.0,0.1617332233111114,0.1156732646719451,0.2705474217035595,0.3998897517016585,4.003805073565025,0.0026167861073167673,0.0131442721871818,0.0582173789200819,0.144414042500224,1.3363345377751743,54.83750743258045,43.943533697632056,0.9675484046904826,4.2464578529806705,13.973799126637553,,0.06589483919250355,31.8,32.8,,9.4,-49.5,46.6,32.3,6.300000000000001,19.800000000000004,16.648907318425017
187,Varanasi,Uttar Pradesh,3676841.0,False,,direct,direct,6.666301755731149,2326.798507424392,27.3,28.985979557380848,10.95,23.05,22.6,67.1,21.95,6.9,37.6,11.856763798473965,15.106226052838602,37.745080798044434,37.97472096399655,0.2844088064702691,0.46208345130082396,86.91,4.4,2.1,65.2,32.46666666666667,0.3685023883682259,1.4388627487309371,2.1217457586561395,0.022640579741757587,102.4484252129751,16.799999999999997,1.5999999999999943,28.5,700.8143490806748,34.64,7.999671508754348,0.2587494827629439,0.08624982758764796,6.2962374138983,0.8840607327733916,86.66666666666667,6.4687370690735975,5.563113879403293,0.2156245689691199,1.791759469228055,29.374750655232173,372.0028376208706,95.2,79.3,,9.187279151943466,23.0,1.9666666666666668,0.04312491379382398,12.8,4.851552801805197,0.2476987144703481,5.215676222741149,12.808099396765721,1.4015596982992793,0.19406211207220792,0.1104959004946127,0.1154450979727478,0.2693325209045243,0.3319991264240145,3.568084331315394,1.5789011896760812,0.0281197371538956,0.1094914583109225,0.1476153155248121,6.5091138957477535,55.911785060377966,84.76624363142164,0.8681979773608152,20.90760508095277,14.537378979938117,11.25862009615495,0.1010463604204547,55.0,71.5,5.801104972375691,4.5,4.5,20.299999999999997,12.799999999999997,3.099999999999998,32.800000000000004,9.382828690225367
597,Virudhunagar,Tamil Nadu,1942288.0,False,,direct,direct,6.307786837550185,493.630819448554,21.4,41.22509616624464,20.4,21.549999999999997,37.4,51.9,10.3,11.65,56.9,98.33954940063681,141.1793275752318,6.705853145654975,36.682818455559094,0.2180805273473171,0.4967116300077719,120.98,9.3,0.0,58.9,22.433333333333334,0.9048126619963178,1.5511777464365604,18.25230634866022,0.4632365152005088,26.789593091334893,40.2,2.5999999999999943,9.5,2870.605303938037,27.68,16.540644963588836,0.5415092101174916,0.5415092101174916,7.384216501602158,2.412177390523372,49.2063492063492,7.384216501602158,0.0,0.0,0.6931471805599453,101.24203876686656,1461.2222364518425,97.8,76.7,,21.31979695431472,50.0,1.5999999999999999,0.04922811001068106,51.3,3.101370930672907,-0.047822600079626,5.055374331416573,13.734642692980016,0.5907373201281727,0.6891935401495348,0.0901534081389562,0.0528729102839179,0.20099144486102757,0.4891952171871525,3.4163075870598827,0.5930323990589176,0.0191941901197679,0.1058647872105122,0.149333395014924,8.520890628200718,122.67887013628128,159.98914682065688,0.6105810230253101,20.564058394761798,11.201388539518035,-7.071987898202527,0.11010418222288396,53.5,90.5,21.328671328671327,4.5,5.799999999999997,22.300000000000004,1.7999999999999972,1.2000000000000028,23.199999999999996,2.954001400531547
498,Wardha,Maharashtra,1300774.0,False,,direct,direct,6.159188697478139,265.15436313113696,20.4,81.35133924025013,9.7,15.55,19.6,39.6,31.05,12.600000000000001,60.0,4.239843077240242,9.619876094330117,2.309491112206063,22.4468396364926,0.15733928045341425,1.4098154028292713,92.93,6.0,2.5,71.4,29.03333333333333,0.03534935375825606,2.90696450317894,0.7118389472495879,0.3424035442466372,50.07303272980501,19.799999999999997,1.5,16.099999999999994,1165.5617652284743,35.47,14.6942411700986,0.5544996667961736,0.20793737504856508,5.059809459515083,1.6634990003885206,31.25,24.25936042233259,21.34823717165268,1.386249166990434,1.6094379124341003,53.595165294184156,356.0851304002492,98.8,92.4,,20.6896551724138,24.1,0.20000000000000004,0.0,27.1,1.1089993335923471,-0.1591151207900486,4.997546584382938,11.921742836117732,0.20793737504856508,0.1386249166990434,0.057908678271381894,0.0916857367514709,0.1430486385152392,0.4675946782454139,3.541953474458236,0.47272379421002664,0.0334849997078329,0.1147610842390232,0.0948755637579332,9.735733198269305,72.97479076907199,91.68387437018268,0.8422438369948013,12.812407925909085,16.109941387355605,6.1319400585634725,0.09705647159248945,56.5,83.9,2.803738317757009,2.6000000000000014,12.3,15.900000000000006,0.8999999999999915,0.7000000000000028,21.300000000000004,5.879400100471008
279,West Khasi Hills,Meghalaya,156330.0,False,,direct,direct,5.30448873981139,119.16311492587576,50.6,4.432746926859976,6.6,16.2,8.7,57.8,61.75,18.0,51.8,1.0962346718476181,20.024884028275267,0.530756153337987,14.85125161770031,0.5505975048646408,6.8204645872872165,77.51,10.1,6.5,56.2,32.699999999999996,5.823436673072867,14.31553512648066,62.66394845905411,0.2628979077281618,29.91448905396892,12.200000000000003,19.5,91.4,2090.1772558995726,32.19,30.258061078146923,0.992067576332686,0.992067576332686,1.3472912058830222,0.0,9.523809523809524,0.0,0.0,0.0,0.0,122.24256675571357,526.1529597838033,41.7,62.5,76.35,12.962962962962964,4.7,0.3333333333333333,0.0,60.1,10.416709551493202,-0.3535841078270411,4.542889714152264,8.928608186994175,0.496033788166343,0.0,0.0648797498231969,0.0538153820316445,0.0686656590723684,0.4259755229345357,3.469527479187014,0.07489694386382675,0.0089582973578291,0.0722656922671898,0.0991371403033565,0.9430092745200458,45.6490736857633,67.92607331645199,0.8498099589204131,2.6587411045715985,70.31802120141343,-11.55115511551155,0.03210007198953105,16.4,8.6,77.6233961315255,,,,,,,18.445739885347155
272,West Tripura,Tripura,918200.0,False,,direct,direct,6.046840682041172,616.7980870791789,20.2,39.899959685549796,18.4,26.1,26.8,61.6,51.45,18.25,67.3,20.094518892126295,14.630763275029363,8.014286295403272,117.3333887827967,0.03052377439718957,3.5892367658812905,64.37,2.4,0.5,54.5,21.066666666666666,0.2756117276452117,7.898475504308054,7.417277178517065,0.035012564749717444,71.5430790345068,19.799999999999997,1.5,34.8,1415.4906609757884,32.55,17.14717914665649,0.26932742115167263,0.08977580705055754,1.1670854916572482,0.6284306493539029,18.51851851851852,38.15471799648696,8.708253283904082,0.0,1.791759469228055,129.00424369936917,817.0855302899445,95.3,88.4,,15.525114155251146,47.7,0.5333333333333333,0.0,28.1,2.423946790365054,-0.0387766640025694,5.429430891590606,22.6235033767405,0.6284306493539029,0.0,0.1251147528839593,0.0852601661233954,0.0706041169363961,0.4045675504812721,3.744840396785379,0.74452115469387,0.0064607397581078,0.0907791746901935,0.1277962024671748,1.607254965121219,37.69391160498595,114.9826248349258,0.8037141561255858,17.818702183394663,17.550696875619263,-4.471290369158204,0.08555680473071839,30.9,65.2,71.68141592920354,,,,,,,5.315270942733875
504,Y.S.R.,Andhra Pradesh,2060654.0,False,,direct,direct,6.231385096629804,247.06701022661983,24.1,26.365519493621257,20.35,25.25,33.9,30.6,10.55,8.1,56.1,61.105525677321765,72.58854046044014,4.73714190032616,35.78315585749837,0.5175515814461519,2.572308606292068,137.81,5.9,2.3,60.6,25.066666666666666,0.27293764991687613,9.853113534086473,1.945324476530188,0.12810045361664707,28.91650898102124,14.599999999999994,0.09999999999999432,5.700000000000003,1782.801371119956,31.11,17.477021686894307,0.38623252346727754,0.06437208724454625,10.653580438972405,2.3495811844259387,34.81481481481482,16.14163776999065,8.393651640395136,0.0,1.6094379124341003,82.53885584626589,841.7052732769702,99.4,83.0,60.3,12.499999999999991,36.2,5.966666666666668,0.0,73.3,7.9240767234499545,-0.2008470343035433,5.038013796849575,17.37427192697175,0.17609059385444342,0.032186043622273126,0.021255128815048,0.0377594115603316,0.39160020593414163,0.4580809021710207,3.530199698203082,0.30573836276390637,0.0181225423580178,0.0926171350978617,0.1889982906493039,7.478721893951223,176.04393649829265,104.22176266249524,0.8281316574350235,25.101714153950912,11.243455497382199,-32.7446293209197,0.062239807263784745,40.0,94.3,1.648351648351658,6.799999999999997,0.29999999999999716,17.700000000000003,5.700000000000003,0.5,14.100000000000009,2.2584137993827693
667,Agar-Malwa,Madhya Pradesh,571278.0,True,Shajapur,direct,direct,5.8367132854299255,,23.6,43.94469588344107,19.2,23.2,8.8,40.7,20.1,4.35,59.2,8.05400409109484,8.04672198974665,0.23011440260270968,24.66447726630942,0.001456420269637403,0.020389883774923644,92.55,0.8,0.0,71.6,31.566666666666666,0.0466054486283969,0.10777509995316782,3.6235736308578588,0.0,,27.700000000000003,18.599999999999994,60.5,804.2862476032112,30.15,12.088288237990444,0.43692608089122087,0.1456420269637403,1.4564202696374031,0.0,50.0,0.0,0.0,0.0,0.0,59.417577740397135,273.3875616541762,98.9,75.8,,3.194103194103187,17.1,0.3,0.0,58.9,1.1651362157099223,,4.400077088285566,8.010311483005717,0.43692608089122087,0.0,,0.05355520534470406,,,3.1818435879447726,,0.13792248115599304,0.1312821410674449,0.1444454649390669,,201.6024590819696,,,15.228330339328686,19.702602230483272,-17.669291338582678,0.0643730564948928,19.3,39.5,13.859247161627094,,,,,,,10.651800700491439
118,Agra,Uttar Pradesh,4418797.0,False,,direct,direct,6.728972319021487,1093.7827695213227,30.5,26.589579869263755,7.699999999999999,18.85,25.2,58.6,27.5,10.75,59.4,3.208697835364448,2.7198618379925974,1.7761601187439993,10.014511875902745,0.048155665262290016,6.252023890021962,86.91,6.8,4.5,73.0,26.166666666666668,0.17171787612909617,0.48286320168040414,3.7682741317068724,0.0,107.87276133040936,29.200000000000003,0.20000000000000284,32.5,438.1922894043426,33.39,8.772543671812523,0.29863978457234114,0.03732997307154264,4.218286957084319,0.7652644479666243,54.61538461538461,6.532745287519963,4.834231512764772,0.14931989228617057,1.791759469228055,26.624670043951003,240.96068322990456,89.1,74.1,75.85,6.666666666666669,18.8,0.3333333333333333,0.01866498653577132,9.4,2.426448249650272,0.0559928220694315,5.118351043157634,10.191082648531143,0.6906045018235389,0.14931989228617057,0.1028369478142401,0.1094133033128629,0.39217540477144197,0.3145299501199082,3.27415784926368,1.1481116095469879,0.1647909207455911,0.1098169165509976,0.1371293630121504,3.059959501912668,67.08187718181466,86.08655251644284,0.7410429575261764,19.88847640319113,18.098741611627638,3.7334501557632396,0.0580972018164794,36.1,67.5,6.11353711790393,3.6999999999999993,4.4,13.199999999999996,10.399999999999991,2.200000000000003,27.299999999999997,10.261591201155355
86,Ajmer,Rajasthan,1531974.0,False,,direct,direct,6.34365145974313,304.4312751310764,26.7,40.01977587323336,7.7,13.8,18.9,59.9,21.35,6.3,52.7,30.360128888091182,44.691157653863485,3.516539150738267,33.405356117594735,0.1396598676683234,1.7250401585790842,88.3,4.2,2.9,76.3,21.8,0.04109531738286297,1.877542312929552,3.991382700810566,0.19167112873100933,60.18311106320069,22.5,1.9000000000000057,47.1,1614.465822845649,32.78,14.800735401171742,0.7063257675179573,0.1284228668214468,3.7563688545273184,0.8668543510447659,41.42857142857143,11.331529896175866,11.966095570361716,0.6798917937705521,1.0986122886681098,73.62001369122963,591.5173298654191,95.1,78.9,57.8,23.63636363636364,11.6,0.26666666666666666,0.0321057167053617,88.7,2.2474001693753194,-0.1056991177926865,5.195132126364672,10.94804939652834,0.09631715011608509,0.0321057167053617,0.08611416365248539,0.0784521941720167,0.2634973605094252,0.4079368127316058,3.298197867109815,0.6060528950202747,0.0699109380874278,0.1121087254484325,0.2205080008155697,4.524638220211719,73.9625258415164,98.47575658562045,0.7632563844508743,21.025880352952242,21.136689598171962,12.118721902644172,0.08632454283685854,40.2,52.9,40.81632653061224,2.099999999999998,74.0,11.800000000000011,7.8999999999999915,2.5,7.599999999999994,10.594214914444052
664,Alipurduar,West Bengal,1491250.0,True,Jalpaiguri,inherited,direct,6.165587373781456,,22.6,36.36335607309176,15.5,22.45,16.7,82.7,36.6,15.5,71.4,9.336436349577253,31.385998244950482,9.019530243783262,31.015136142695873,0.13728044669093106,2.865814698085307,110.07,4.3,2.1,67.4,24.2,0.9268137619880271,4.835550062546229,7.6446768149830415,0.6153715545697954,,26.799999999999997,4.799999999999997,57.3,1807.9534314784955,35.52,17.074682424245157,0.47809110787886444,0.2048961890909419,1.4342733236365932,0.2731949187879225,,0.0,0.0,0.0,0.0,72.83513132345408,855.76669140804,95.8,87.9,80.9,8.571428571428571,28.7,0.0,0.06829872969698063,35.8,,,4.908360462201761,9.015432320001443,0.34149364848490316,0.06829872969698063,,0.05670551154145135,,,3.3510228525841237,,0.007119892095073387,0.2627141384052838,0.0732346274761892,,36.022002279684,,,8.951231514086281,10.75619295958279,-29.13377311560506,0.08130376293326942,33.9,42.7,13.317660546737683,1.8999999999999986,10.499999999999996,6.200000000000003,11.799999999999997,3.099999999999998,22.200000000000003,3.504355852172586
45,Almora,Uttarakhand,622506.0,False,,direct,direct,5.847594611789018,237.37534665030424,23.2,34.877498336959206,11.75,28.900000000000002,19.5,58.1,24.9,15.950000000000001,33.4,5.212804679154562,6.677219290655476,1.8251918290772786,24.03429645121917,0.08238219928909118,0.7769493622609117,100.85,6.2,4.0,57.7,21.96666666666667,0.025566889434545537,1.393395474182732,1.4175419808709138,0.03835033415181831,25.548523009950248,10.799999999999997,6.700000000000003,64.1,772.8458765066671,49.06,32.81084144100011,1.136306197090913,0.5681530985454565,2.982803767363646,0.8522296478181846,33.33333333333333,14.20382746363641,0.0,0.0,0.6931471805599453,34.023848306394655,266.88423651074265,80.1,85.1,55.2,9.677419354838722,16.3,0.3666666666666667,0.0,66.0,1.704459295636369,-0.062162151583406,5.082416150381115,18.464975702727333,1.420382746363641,0.0,0.1892003261735023,0.0975311108829566,0.0328897043193855,0.4790491979193775,3.500099191915723,0.12140412619695762,0.0128291683189841,0.0777452963173042,0.0994855271635231,-1.5300827718808918,25.25915550533396,63.17529469595473,0.8337528924148804,4.866231289041834,19.72461273666093,13.820598006644518,0.15476799428147114,48.0,35.9,-10.714285714285714,10.3,49.9,24.499999999999993,13.799999999999997,5.600000000000001,23.200000000000003,6.903401587841179
58,Ambala,Haryana,1128350.0,False,,direct,direct,6.1318275811956555,753.8918943835821,21.6,81.0075508426857,12.35,30.0,41.6,62.5,11.4,9.6,46.1,30.14059342707434,39.840505198608916,13.861129629688339,52.36475962142898,0.03690986214434771,0.3978883139160683,101.02,5.6,5.8,64.2,16.233333333333334,0.06422316013116501,0.6710212937842414,4.607827190100368,0.08193989396045191,63.737318161367725,12.799999999999997,0.7000000000000028,18.400000000000006,1583.3755066075717,31.87,9.153645811798233,0.29527889715478167,0.22145917286608627,5.536479321652156,2.3622311772382534,74.0,25.836903501043395,11.44205726474779,0.5905577943095633,1.3862943611198906,40.759560766003176,925.7635657403716,97.8,79.3,77.6,13.580246913580238,34.2,1.3333333333333333,0.07381972428869542,19.0,7.381972428869542,0.4071726095466997,5.435933752404162,22.36737645947471,0.8858366914643451,0.07381972428869542,0.1521612898569712,0.1587683102795947,0.36253053069916147,0.3298081269109762,3.4586378490256493,1.2235940614192038,0.0464361850864431,0.1114602203773755,0.1569112786585165,5.161613434858992,50.09781652440944,104.99756281295696,0.7358829785438156,22.63017467794247,29.12886331784318,-17.968478231784005,0.1269422167009201,55.3,81.6,1.5873015873015872,28.900000000000002,2.3000000000000007,-18.10000000000001,1.7000000000000028,1.1999999999999993,-3.700000000000003,8.864490259001991
468,Amravati,Maharashtra,2888445.0,False,,direct,direct,6.517332915342868,322.7716730289227,21.1,42.9296149126803,11.7,19.25,20.3,34.6,24.9,9.649999999999999,53.4,1.9261399385027245,4.714925607469124,3.16982045093239,17.0025376871523,0.07444459456273347,0.5372165028037256,92.93,11.6,5.2,74.4,31.066666666666666,0.028258560385037605,4.274031294364934,0.9841879256681377,0.38923888014229213,47.68560999277848,24.299999999999997,4.200000000000003,28.299999999999997,762.3773695413372,35.98,12.366918362054092,0.33424103681227274,0.1519277440055785,7.0494473218588425,1.6712051840613638,55.55555555555556,12.154219520446281,1.6408196352602482,0.0,1.6094379124341003,61.78080938889248,332.5573735532029,91.3,92.5,73.3,15.946843853820605,30.2,0.16666666666666666,0.0,31.9,1.0938797568401653,-0.2042881254397453,4.908698362835959,9.328363481942521,0.303855488011157,0.9115664640334711,0.0483610374244145,0.07284262265126,0.0883021679633246,0.42802338282363,3.5512059437479064,0.45754363185750935,0.0095664750056927,0.1116020985565646,0.2052499077431555,8.122084934614037,79.85200383905945,74.22644364009008,0.8441783776976571,15.112252696234895,15.99386816555953,7.693473647741545,0.09718363857630044,55.0,71.7,5.025125628140704,1.6000000000000014,7.599999999999998,27.799999999999997,-1.7000000000000028,1.7999999999999972,8.0,6.107305145379576
439,Amreli,Gujarat,1514190.0,False,,direct,direct,6.245343448134262,209.12672122146168,22.7,50.931773146649945,16.4,14.75,29.1,39.0,29.35,1.0,50.0,58.92124921773205,39.12831127327979,1.086218609265644,15.679403629823545,0.14380602205348403,1.1419221276895233,98.87,3.5,0.3,72.0,29.866666666666664,0.36889370874589383,4.126039186111623,6.112040138897682,0.06081914766688851,38.03356786866021,26.700000000000003,2.200000000000003,34.400000000000006,681.1824115146403,30.25,16.597374877319105,0.6820838990679085,0.2273612996893028,6.309276066378152,2.4441339716600052,30.555555555555557,11.368064984465141,0.6820838990679085,0.0,1.0986122886681098,76.63553647977484,702.2764244965647,90.1,60.1,,19.701492537313428,18.7,0.4000000000000001,0.0,47.7,4.263024369174428,-0.1751951860859454,4.837514893009624,10.174418161096302,0.6820838990679085,0.0,0.0312104663852854,0.1301273762914498,0.4108277405981698,0.4339871482442758,3.217220655644519,0.35913364990708996,0.0536957458365227,0.109635229472512,0.1204700218920173,5.581530532716927,67.25105327427717,76.67663899510629,0.5560924351653274,11.67329752929803,31.245654383056102,-3.2870261360960678,0.0580802349162141,27.2,65.6,1.3333333333333335,0.9000000000000021,35.900000000000006,0.20000000000000284,8.399999999999991,0.1999999999999993,-2.1000000000000085,8.227956831921134
1,Anantnag,Jammu And Kashmir,1078692.0,False,,direct,direct,6.0640338521498895,1425.278376622405,22.4,12.431099948752953,10.15,19.7,28.6,90.8,24.95,0.15000000000000002,74.3,3.978021016503618,12.662360172705874,1.2676166753240379,62.536043619747005,0.013806580534502795,1.0803649268248439,87.34,7.0,7.7,79.2,27.13333333333333,0.0,4.82712571937554,2.4170145048213953,0.0008629112834064247,24.735290407148483,15.299999999999997,0.7000000000000028,23.5,1629.2274148370507,46.73,17.258225668128492,0.4314556417032124,0.08629112834064247,2.2435693368567042,0.2588733850219274,68.0,8.629112834064246,0.0,0.0,0.6931471805599453,94.26356568803443,855.0656940176935,90.5,83.3,82.3,19.73684210526316,51.3,0.06666666666666667,0.17258225668128493,7.3,2.1572782085160616,0.072851751786084,4.893335345004574,9.923479759173883,1.466949181790922,0.08629112834064247,0.1906908134571022,0.1586274963096115,0.032294681737162,0.361256039722182,3.7824009524965296,0.2428608867977486,0.0059377252416381,0.1125878649993856,0.1060679573937901,4.2253371563304665,76.18656267096483,78.38289335602748,0.7755555818381805,7.547884995955997,37.46712802768166,11.739908022483393,0.07939902194435569,52.8,76.5,41.37931034482759,-4.5,4.699999999999999,10.599999999999994,-0.7000000000000028,3.700000000000003,27.800000000000004,13.888886525593126
753,Annamayya,Andhra Pradesh,1697308.0,True,Y.S.R.,inherited,inherited,6.1471406783919855,,24.1,26.365519493621257,20.35,25.25,33.9,30.6,10.55,8.1,56.1,61.105525677321765,72.58854046044016,4.73714190032616,35.78315585749837,0.517551581446152,2.5723086062920686,137.81,5.9,2.3,60.6,25.066666666666666,0.2729376499168762,9.853113534086473,1.945324476530188,0.12810045361664707,,14.599999999999994,0.09999999999999432,5.700000000000003,1782.8013711199562,31.11,17.477021686894314,0.38623252346727754,0.06437208724454627,10.653580438972407,2.3495811844259387,40.0,0.0,0.0,0.0,0.0,82.5388558462659,841.7052732769703,99.4,83.0,60.3,12.499999999999991,36.2,5.966666666666668,0.0,73.3,0.3563110786694129,,4.962995470043787,16.60409626599464,0.3563110786694129,0.03218604362227313,,0.036031627125297214,,,3.530199698203082,,0.018206581214544805,0.0762057693089843,0.2062962558218302,,178.49216845326418,,,19.53012284402786,12.356440551929273,65.70530261805429,0.06346388192640569,40.0,94.3,1.6483516483516596,6.799999999999997,0.29999999999999716,17.700000000000003,5.700000000000003,0.5,14.100000000000009,2.258413799382734
616,Baksa,Assam,560925.0,False,,direct,direct,5.864183197983267,446.5109989484574,26.5,18.575347441980313,14.75,24.75,18.8,66.9,36.25,22.65,73.6,1.2277018841199347,4.296553010631435,0.18080553717479644,5.162643820401778,0.005650173036712389,0.01533618395679077,109.67,5.8,0.8,78.6,30.733333333333334,0.0492372221770651,0.33739604704939696,1.1752359916361768,0.009686010920078382,31.925404301878736,31.099999999999994,10.200000000000003,64.8,496.3991808106736,30.41,15.57833422979273,0.48430054600391903,0.08071675766731984,0.32286703066927935,0.5650173036712389,0.0,0.0,0.0,0.0,0.0,14.446685287296905,149.65774755855438,89.9,70.5,59.0,7.915567282321905,17.6,0.19999999999999998,0.0,69.0,0.24215027300195952,-0.1245983482694686,4.159472595523684,4.238171198937729,0.08071675766731984,0.0,0.09096984322079839,0.083282307745599,0.08387910041175001,0.4281304107570455,3.8640955734242475,0.14559158142661796,0.0066265703750306,0.1600397203490755,0.2998532605199202,12.419880870864786,81.63247505391338,82.52295871378575,0.8331058760506613,14.031080972483199,1.9955959262317642,80.52770448548813,0.0173553050370713,27.8,35.2,-0.500000000000005,3.6000000000000014,65.3,11.399999999999999,2.1000000000000085,1.8000000000000007,11.300000000000004,7.368043766138597
346,Baleshwar,Odisha,2320529.0,False,,direct,direct,6.4011842148179126,722.2018035194894,25.0,23.06505747899256,13.0,26.2,21.6,57.2,37.35,12.25,61.8,9.131928514920526,20.53165302467719,2.312262582970181,19.751899639898095,0.07503736747619578,1.8203509517373422,111.09,18.3,5.9,43.2,20.666666666666668,0.0968736384348771,3.835243226561118,3.8876502768619527,0.23940493432881513,47.54202109266943,29.099999999999994,1.5,71.6,1241.23716498878,29.47,13.856106481054141,0.6749392841774224,0.07940462166793205,1.786603987528471,1.667497055026573,,3.970231083396602,0.0,0.0,0.6931471805599453,71.50862608927288,178.57186259968736,97.6,94.1,58.099999999999994,18.518518518518515,35.0,0.8666666666666666,0.0,40.6,,-0.132395860137002,4.930421732826024,11.513670141850147,1.1910693250189808,0.039702310833966026,0.070598526299122,0.051069299550062,0.0884477887854937,0.4019372306917948,3.856366323659248,0.6201419428301176,0.0172486721364248,0.1176914881294803,0.1599319549571944,6.920802426197104,52.87435228220388,82.84791959074849,0.8129060447019781,19.894827958900375,8.991703892788768,4.979783378375547,0.09685799950606344,38.3,28.4,1.6666666666666667,5.800000000000001,-1.0,15.099999999999994,5.699999999999989,1.5,31.800000000000004,6.080773977447685
126,Ballia,Uttar Pradesh,3239774.0,False,,direct,direct,6.576291801513961,1209.2155607625057,29.0,10.000079836862136,13.1,18.9,16.6,69.1,18.900000000000002,5.2,52.2,0.011937701418155672,0.058362095822094395,0.01750862874662832,0.06685112794167175,0.000795846761210378,0.0,86.91,10.3,7.1,71.6,36.06666666666666,0.0,0.00981544338826133,0.0909918130317199,0.0,100.19256585612968,38.3,0.20000000000000284,46.2,412.07406658401703,35.26,11.884644967408311,0.2387540283631134,0.05305645074735854,0.397923380605189,0.05305645074735854,24.193548387096776,0.0,0.0,0.0,0.0,14.749693307765673,184.4862988451927,90.0,62.2,60.099999999999994,12.96928327645052,7.4,0.6666666666666666,0.0,10.6,1.6447499731681146,-0.0739259674337941,4.707353224188474,6.870810371782931,0.34486692985783046,0.0,0.1164465309562898,0.1253234505546352,0.152387251077707,0.3146771966192703,3.3877456596088638,0.8915620353134927,0.0430089945972659,0.0915752528201452,0.1720099188160602,12.172470049912532,33.37411676675829,54.32848093725056,0.8549530713814967,8.627774738281708,11.015165031222123,-6.572635086610553,0.053906935775815595,50.1,53.8,-0.6521739130434783,-0.29999999999999716,6.8999999999999995,18.400000000000006,16.400000000000006,5.5,35.0,9.780506025352107
644,Balodabazar-Bhatapara,Chhattisgarh,1078911.0,True,Raipur,direct,direct,6.123416200128116,,27.2,60.09312005339699,8.25,25.25,14.7,63.0,27.849999999999998,18.4,61.2,28.315594152792908,24.619408865344983,0.36954326535062776,16.492467563397774,0.13622674343882613,0.20998486972062147,94.16,4.7,3.0,67.8,31.46666666666667,0.35975902410916516,4.0055178374664795,2.7049663862935973,0.21299540548722537,,21.099999999999994,5.200000000000003,75.1,524.6468206800021,38.55,19.192165512099816,0.45158036499058385,0.15052678833019462,0.6773705474858758,0.07526339416509731,31.11111111111111,0.0,0.0,0.0,0.0,29.867525340477215,148.6941246822745,78.1,77.3,70.3,9.427609427609434,9.7,0.39999999999999997,0.0,66.1,3.3868527374293786,,4.668698059390346,7.902656387335217,0.6773705474858758,0.0,,0.02854964990802238,,,3.396548037987132,,0.018918570424052143,0.0938517820961322,0.1483306711700398,,69.249569853186,,,14.828393918407473,11.497515968772179,-13.901149324826289,0.08398115968771189,38.7,24.9,3.9840637450199203,,,,,,,11.480911797284554
128,Banda,Uttar Pradesh,1799410.0,False,,direct,direct,6.340498876696044,418.043598533989,30.6,18.703120955149437,12.3,19.5,13.5,50.6,41.5,6.45,52.2,5.065571268091858,4.029628842918319,8.052409234370085,20.60881671657489,0.2821562004218809,0.6748007511707766,86.91,2.4,3.5,82.2,42.166666666666664,0.5789224306390695,3.7739533215004326,1.5153340278320755,0.05296135800799059,85.44295507584597,40.7,1.7999999999999972,73.2,454.91660680737726,35.43,15.020936883300777,0.18262537244134686,0.09131268622067343,0.6848451466550508,0.09131268622067343,15.384615384615385,4.565634311033672,1.2327212639790912,0.0,1.0986122886681098,38.36913418649587,216.25081257867876,89.8,62.9,45.7,14.873417721518983,4.2,2.2333333333333334,0.0,13.3,1.1870649208687547,-0.2665304942053204,4.628906337884611,6.985420495881518,0.22828171555168358,0.0,0.0304703261820762,0.0414899279177037,0.17275219887412901,0.3899550408189351,3.0542299098633974,0.41667836491005245,0.0791511071416236,0.1186964724901153,0.089994636873266,11.31021844164344,43.24115107085519,36.42471699056913,0.8085684207314282,10.379513042703948,15.070136100537102,12.455480807281361,0.08061996573119355,27.1,26.8,-2.346041055718475,5.199999999999999,12.3,20.1,14.799999999999997,1.5,30.9,8.838582463584048
190,Banka,Bihar,2034763.0,False,,direct,direct,6.44993116438362,727.3943392954897,36.1,17.939369614856112,14.95,18.1,13.4,70.7,25.599999999999998,9.2,65.9,0.5411761881360889,0.4886554826645209,1.0308962796953038,2.3016844303283097,0.0,0.08942714715429143,82.08,6.9,2.3,77.8,39.8,0.014549654894150587,0.5408213185045243,0.05961809810286094,0.01703374231510313,66.11457251644167,61.8,3.700000000000003,67.7,519.5777577501698,38.01,9.971836646966622,0.1419478526258594,0.03548696315646485,0.24840874209525396,0.03548696315646485,8.333333333333332,0.0,0.0,0.0,0.0,35.6420411854586,54.470714097015716,79.8,88.1,67.55,10.19736842105263,7.5,0.19999999999999998,0.0,13.6,0.4258435578775782,-0.189852109649648,4.345029872706445,4.719766099809824,0.0709739263129297,0.0,0.0386853927753976,0.050249698635526,0.08099933696728251,0.3789532245278688,3.9072500828813284,0.5653529033777913,0.0234624497453323,0.1187289126329096,0.1491287558469807,26.546187953065072,46.39606754229572,27.915290380255588,0.8245101318638757,4.7928692439121425,1.7868423427488493,20.042662874411164,0.043343805075354694,22.6,32.3,-8.360128617363344,7.2,-2.4000000000000004,23.19999999999999,9.099999999999994,2.799999999999997,22.400000000000002,15.00222476414326
305,Bankura,West Bengal,3596674.0,False,,direct,direct,6.5983869273032845,1147.8145109924526,22.6,20.10633308571766,20.0,20.65,13.0,56.0,34.6,8.3,77.0,7.200138690148029,28.693150212584445,25.212335213068243,70.46040897325756,0.21153149243764255,3.521154735857111,110.07,12.7,4.3,67.1,31.7,0.17699059319573907,6.578654627145896,6.19567925525939,0.7341832014045473,77.17436558675871,50.8,3.700000000000003,79.2,2075.5356582473028,35.2,16.06025753072447,0.5546713746875013,0.15127401127840945,1.033705743735798,0.3781850281960236,,5.042467042613649,2.067411487471596,0.0,1.0986122886681098,86.99339778922706,412.5335573202514,93.3,85.0,69.19999999999999,14.51612903225806,22.7,0.20000000000000004,0.02521233521306824,43.4,,-0.132032553362428,4.79499867392651,7.2611525413636535,0.12606167606534122,0.0,0.0827115016428908,0.0600022207942792,0.0942419741427207,0.4076599658462235,3.515211304327802,0.47047033377510433,0.012378051608904,0.0861381642916085,0.1730972995838955,2.5785791020850546,35.43032250088277,68.11265074343684,0.7214904134640112,5.819511213880412,9.374024003926293,-20.095544708692493,0.08917956384098265,27.9,20.8,0.6106870229007634,3.5999999999999996,-5.200000000000003,-11.200000000000003,7.700000000000003,2.299999999999997,17.200000000000003,4.544190137155108
3,Baramulla,Jammu And Kashmir,1008039.0,False,,direct,direct,6.0741652968891415,767.5553609883544,24.8,8.951120922008464,9.15,21.35,31.1,78.3,20.6,0.7,72.5,7.022305262792476,23.187095588608287,3.5667915446428533,72.1139326644726,0.04215069185349626,1.5275410727707042,87.34,9.9,3.8,70.4,19.566666666666666,0.0,3.48586221628414,2.9775248725309753,0.0016860276741398502,33.70979641178597,22.299999999999997,6.700000000000003,23.5,2097.395665256373,38.65,23.014277752008955,0.505808302241955,0.0843013837069925,2.781945662330753,1.0959179881909025,53.333333333333336,8.43013837069925,0.0,0.0,0.6931471805599453,77.83546757666618,1169.4481841016527,96.2,73.7,69.69999999999999,23.44213649851632,51.1,2.5,0.2529041511209775,6.5,1.2645207556048876,0.0898749668445739,4.854911920390255,12.729508939755867,1.0959179881909025,0.7587124533629326,0.2038222494832235,0.1768750309952188,0.0391258341668698,0.3017740385044626,3.9936125579388904,0.3745191755911705,0.0064834278241217,0.1221210869224431,0.0938087503187357,6.613917899102884,96.44936845388511,84.34395891428804,0.7164145750511632,8.125810375517007,46.15571480626746,49.04901809185094,0.09547124122227105,35.9,76.5,67.06586826347305,6.600000000000001,5.9,-4.8999999999999915,2.4000000000000057,1.1999999999999993,14.600000000000001,12.532883121111032
130,Bareilly,Uttar Pradesh,4448359.0,False,,direct,direct,6.707496736524817,1105.0469785555165,31.3,23.996018188712235,10.75,17.0,25.0,51.9,22.4,8.950000000000001,60.8,1.0909687818943121,2.1674253060391764,0.017453931617579327,1.548497124184341,0.0,0.010982249107690363,86.91,4.4,2.5,67.7,32.166666666666664,3.5292241953927816,0.10276247379338839,2.1164362923248996,0.0,74.15570625155357,20.299999999999997,0.0,45.4,569.4102011862157,63.13,9.884024196921326,0.11766695472525389,0.03922231824175129,3.451564005274114,0.333389705054886,75.2,12.74725342856917,7.393406988570119,0.11766695472525389,1.9459101490553132,18.844166687658202,143.19087832107354,75.1,70.5,60.6,7.662835249042133,15.5,0.06666666666666667,0.0,18.7,4.902789780218912,-0.1777469779751711,4.895451634236469,8.236686830767772,0.5687236145053938,0.03922231824175129,0.0322760414164093,0.0540786262877103,0.26463584176928073,0.3151658847678436,3.2833012287035497,0.9356107399166771,0.0791893940040415,0.1044482590302251,0.1613611371999364,10.521225368765077,70.77717271957533,98.16249093204932,0.5524868204698371,14.461268735733702,16.064120054570257,-5.5450947238980905,0.0521360165363011,22.1,54.6,5.371900826446281,4.100000000000001,13.899999999999999,21.799999999999997,15.399999999999991,2.4999999999999964,22.800000000000004,10.454303007935502
393,Barwani,Madhya Pradesh,1385881.0,False,,direct,direct,6.2559949175087475,338.3838068973428,33.3,28.177534477167395,9.05,23.05,8.2,49.8,26.849999999999998,11.649999999999999,58.4,3.9700573141399147,4.901284784165189,0.5973388833932227,10.863026341819554,0.533556179966834,0.9068236530621347,92.55,4.0,1.7,78.2,35.23333333333333,0.11869129159345372,2.614536208278228,2.5690563675741944,0.02551308137055547,48.28627027233782,39.0,9.599999999999994,59.5,707.7145743564864,31.41,19.966759333478198,0.44370576296618214,0.1663896611123183,1.0538011870446824,0.0,61.904761904761905,0.0,0.0,0.0,0.0,74.48433179692928,272.2040568322897,85.1,76.1,55.0,6.081081081081087,10.4,0.7333333333333334,0.0,29.2,1.1647276277862282,-0.3399023502618757,4.433091728463817,6.489196783380414,0.1663896611123183,0.0,0.0330369755530043,0.0208855340122338,0.12391411628616121,0.4718276677434787,3.2041199826559246,0.2821816953135854,0.0287186902787489,0.1102864531651823,0.1006534688281539,12.09575265706231,113.06512612448428,29.60643807080117,0.795764178304209,10.38826117544574,9.27361311039752,-12.936364058941106,0.048575466210888346,19.3,40.5,12.883435582822086,-2.6000000000000014,1.8000000000000007,34.3,34.39999999999999,3.200000000000003,41.3,12.4091928727863
28,Bathinda,Punjab,1388525.0,False,,direct,direct,6.219913136299852,428.1816726516876,21.5,84.61146694513101,14.25,38.650000000000006,37.5,67.7,10.65,15.3,59.7,17.61814785177941,23.00791613551571,5.987024279395773,37.68498501775099,0.13921910695997822,0.40319299807889797,126.06,13.0,9.0,69.6,20.733333333333334,0.4550234881159461,0.4791306927843407,1.1481056223322879,0.010848242100777524,77.99911894273127,11.599999999999994,0.9000000000000057,21.900000000000006,971.3226690580175,32.8,9.341541809002868,0.5424121050388762,0.241072046683945,14.464322801036698,4.15849280529805,83.14606741573034,15.067002917746562,4.15849280529805,0.0,1.3862943611198906,38.52451842032783,678.9709819636971,93.1,66.5,60.900000000000006,18.398268398268403,29.5,1.2,0.06026801167098625,20.1,5.363853038717775,0.2918920346570226,5.171576631134415,20.551391979806308,1.92857637347156,0.06026801167098625,0.0715324305357824,0.1645916020824199,0.33494669002466726,0.3960936965484957,3.7297315952870354,1.0010310051087965,0.1218184906419166,0.0963971346587235,0.1415387681617972,1.0194545166712032,97.2690862361104,81.62618606074791,0.714831480501147,12.84130524673704,27.16166403370195,-33.558888646356294,0.0985946036351519,41.1,78.1,-0.6060606060606061,13.7,2.3000000000000007,-26.099999999999994,-1.6000000000000085,1.1000000000000014,2.5,5.170822146539175
191,Begusarai,Bihar,2970541.0,False,,direct,direct,6.6204328233360545,1731.54278284726,36.4,18.788835211820565,14.5,15.45,17.6,68.6,26.8,7.05,62.9,0.1639167287589157,0.38247236710413657,0.09130449365079953,3.7720019161773872,0.009106484931050872,0.0,82.08,11.9,3.1,74.5,31.46666666666667,0.004073953784943811,0.05008566712077979,0.1351594079240182,0.02396443402908124,91.90232558139536,37.8,0.9000000000000057,54.8,504.56061413133267,40.22,8.052049833771298,0.047928868058162474,0.1198221701454062,1.0304706632504932,0.26360877431989366,58.333333333333336,0.0,0.0,0.0,0.0,14.98543988706508,11.963045467317356,86.0,65.8,69.25,19.188191881918826,6.3,0.13333333333333333,0.0,13.2,1.1502928333958995,-0.0213666201659197,4.5429170823634815,5.655606430863172,0.3115376423780561,0.0,0.0459858893920171,0.0617732036495587,0.0679274481762201,0.3158286655528404,3.2332500095411003,1.1161372403710195,0.0306909368375898,0.116919322409253,0.1719620634586363,16.271148082480714,72.68142362623037,33.23973646551251,0.801296333805955,8.681116227034678,9.183904697160985,-32.64725568942436,0.05633018928816225,34.1,45.2,2.4242424242424243,7.700000000000001,1.0,-11.299999999999997,10.700000000000003,3.6000000000000014,26.700000000000003,14.284874248764293
527,Belagavi,Karnataka,4779661.0,False,,direct,direct,6.709904729941668,360.6238491923192,25.0,47.15524579853647,12.55,20.799999999999997,23.8,44.1,17.7,6.0,52.9,25.98425901501401,25.135305448414226,6.124830406401633,21.10350735920738,0.08230149439584425,1.2275014353730893,131.82,4.7,1.1,72.7,31.099999999999998,0.08308160334746362,2.608489306977291,3.4203876983751575,0.11136055284366603,32.80120431194206,32.3,5.599999999999994,25.200000000000003,1042.7057164232092,30.34,14.978091871092035,0.31204358064775073,0.1755245141143598,3.295960320591867,1.2286715988005183,20.703125,6.825953326669548,6.416396127069374,0.8191143992003456,1.6094379124341003,95.99357666019175,279.53566052481966,97.5,81.4,66.6,15.47987616099072,24.2,0.6333333333333334,0.0,20.7,4.992697290364012,-0.0697729231919077,4.9982046366093975,12.715775911395841,0.370551752019204,0.11701634274290652,0.0836030977248167,0.0627618261274553,0.248340522488059,0.4405475618459133,3.5913985512812485,0.48311527727275666,0.018580540359915,0.0962512551718934,0.1333265376899621,8.735028599269112,72.87849437029112,57.76769524031097,0.7575277968925428,17.06059271743996,17.751024590163937,-18.87941986516687,0.08530681975332186,47.8,74.8,9.040333796940194,3.1000000000000014,3.8000000000000007,18.000000000000007,0.4000000000000057,1.5,23.700000000000003,3.383008981134345
192,Bhagalpur,Bihar,3037766.0,False,,direct,direct,6.590301027643164,1388.993540553096,35.1,21.312824038493893,15.95,14.0,19.4,70.1,24.849999999999998,10.7,73.0,4.525385469064833,2.4103880827394932,3.75146184445975,9.402671159075224,0.182371647351347,0.4831564347434981,82.08,10.9,1.1,78.7,33.86666666666667,0.3033534021435786,0.3922274725429674,0.3359748094867068,0.07782902696825089,80.572626503006,39.1,2.0,50.8,454.0709824671849,34.64,11.301904906280658,0.1027445900570969,0.07705844254282268,0.7705844254282268,0.5137229502854844,62.0,3.082337701712907,1.849402621027744,0.0,1.0986122886681098,33.977892793357086,369.2358019029405,77.2,66.8,72.85,14.18685121107267,11.5,1.3666666666666665,0.0,16.3,1.2843073757137111,-0.0845055571353936,4.749500616195218,7.577413516710896,0.2054891801141938,0.0,0.057171967296342,0.0718412730958303,0.1076378004332537,0.3237668734194799,3.473632926873841,0.9579430733618083,0.0290652233047198,0.0952259223558715,0.1862499647793729,13.02393657726768,50.507638436442605,32.5034910523062,0.8510705098341064,8.51906768458419,10.177884432255361,0.7840038896317005,0.06861124709098959,35.1,49.2,33.734939759036145,6.999999999999998,-7.599999999999998,0.09999999999999432,7.799999999999997,3.1000000000000014,27.0,14.59643399042075
375,Bilaspur,Chhattisgarh,1327776.0,False,,direct,direct,6.322258074569841,14809.457413436552,24.8,38.47028465428024,11.35,26.5,17.1,50.3,25.75,18.25,58.5,10.834270618068967,6.991756603486187,0.20855280525244824,9.130137079259578,0.03666339270419752,0.16093800953271123,94.16,5.1,0.8,78.1,25.900000000000002,0.8918251238306748,3.234473073241737,4.0691604422087275,0.08570663229552668,60.38991607658012,19.5,6.400000000000006,57.8,441.06489956311094,31.78,15.855726974672436,0.38091836575789634,0.09522959143947408,3.0949617217829077,0.9522959143947408,58.91472868217055,7.142219357960556,3.237806108942119,0.0,1.3862943611198906,24.186411633797626,112.24045335830735,79.4,52.5,72.1,10.17441860465116,19.0,0.26666666666666666,0.04761479571973704,60.4,6.142308647846078,-0.1733773014799959,5.247815842833347,12.141772908532946,0.38091836575789634,0.0,0.0066371681168675,0.0066371681168675,0.0309734512120485,0.4517134330644395,3.370142847051102,0.7594361796291357,0.0066371681168675,0.1522983169146816,0.1864676431877858,3.514040996593537,57.48259731385426,47.220540097738834,0.798096646472356,20.68386726065377,18.15751158173395,-13.008651073373919,0.0605432857701913,37.4,42.2,1.791044776119403,,,,,,,9.229575166931205
252,Bishnupur,Manipur,237399.0,False,,direct,direct,5.478467957526175,344.2831260416539,26.4,20.370069792391526,14.600000000000001,27.450000000000003,40.9,63.3,54.5,22.549999999999997,35.8,2.6285032962123482,7.855602771486715,7.995169318188255,31.409119033880042,0.0,0.3588854058039616,58.18,9.7,2.1,42.4,11.699999999999998,0.15618161178505735,3.2731678214527977,5.157316201923596,0.01993807810022009,37.76919748813291,47.4,22.299999999999997,28.700000000000003,665.3668963345114,33.94,18.941174195209083,0.6646026033406697,0.33230130167033484,1.3292052066813393,2.6584104133626787,0.0,0.0,0.0,0.0,0.0,21.722536090189788,111.78283486888392,89.5,66.6,48.2,15.675675675675684,38.2,1.0,0.0,9.3,0.9969039050110045,0.0692908289525706,4.253693628482727,7.310628636747365,0.9969039050110045,0.0,0.1913144288528344,0.1521960436151996,0.1303646719671717,0.4630895665103897,4.213862930386819,0.49495255627835755,0.0144780489008866,0.1706814778581415,0.108146927852637,10.635241804860884,139.52801403346754,194.6427744009032,0.6677198753462604,0.30904021055341135,,-86.07784431137725,0.09156335935759449,48.7,71.3,37.2093023255814,16.4,5.1000000000000005,-10.600000000000009,3.0,1.3000000000000007,12.399999999999999,12.790523733885795
705,Biswanath,Assam,828311.0,True,Sonitpur,direct,inherited,5.857219004754319,,28.7,28.758297987464537,9.25,25.95,10.6,69.3,44.7,26.0,64.4,2.935874991067326,11.085634311351384,0.9796217631632264,11.177735502759893,0.13695566774382104,0.9335711674589722,109.67,3.7,2.0,79.8,36.93333333333334,0.06578656529179178,0.768506694545022,0.822930125831868,0.0418641779129584,,23.400000000000006,23.799999999999997,65.0,2089.834044848451,34.46,20.154611366667115,0.5382537160237508,0.17941790534125027,1.2503266979895948,0.9724763206585738,33.33333333333333,0.0,0.0,0.0,0.0,80.65612322679013,406.58011141317616,84.3,66.2,49.1,6.329113924050633,15.3,0.16666666666666666,0.0,68.4,0.41677556599653165,,4.552769725189547,8.057660942599611,0.13892518866551054,0.0,,0.07619803113382526,,,3.5654936298688624,,0.005289062699197373,0.1199984971642307,0.1826282319393586,,74.13638114257131,,,13.811942257125057,16.29484670580561,1148.9949748743718,0.07714039247942449,23.0,35.0,3.9039039039039034,,,,,,,7.29423127743095
133,Budaun,Uttar Pradesh,3127621.0,False,,direct,direct,6.577119808061655,784.5170627168362,35.3,22.06757097308318,9.95,13.4,15.2,44.9,24.5,7.25,55.3,1.109945017267766,1.8235189250770762,0.38154359968579454,6.748899939202787,0.047130298920243875,0.2647769602260892,86.91,10.6,4.2,72.2,37.666666666666664,2.6167906979144395,0.9952965934898693,1.3972280191130728,0.0007943308806782676,86.8768491858618,30.299999999999997,0.20000000000000284,60.2,450.0850874947211,54.42,9.214238215867903,0.21182156818087136,0.05295539204521784,0.2382992642034803,0.18534387215826245,26.666666666666668,2.647769602260892,0.07943308806782676,0.0,1.0986122886681098,25.633851850368373,181.6248149749268,72.3,69.5,52.0,6.363636363636365,5.7,0.43333333333333335,0.0,13.6,1.1914963210174014,-0.321480314162834,4.404575978134344,4.633596803956561,0.2647769602260892,0.07943308806782676,0.026707146506891898,0.0517920759802829,0.213934431309014,0.3007534704945495,3.559068334034537,0.5889681380011401,0.0840327453918632,0.088925880153472,0.1326500035137885,11.655724960311977,85.5564502708516,51.357507110467,0.6950759679099702,11.201389302364703,15.352379948342207,13.778172233876607,0.0427485662595481,21.6,39.8,-20.88888888888889,,,,,,,10.161318193968118
134,Bulandshahr,Uttar Pradesh,3499171.0,False,,direct,direct,6.63889761933651,962.2488234593142,31.3,30.053566748237028,13.850000000000001,23.7,32.2,46.4,19.25,8.7,52.0,2.750515951709411,1.659817867652297,0.15066286442229238,8.071487358623541,0.1423947803991178,0.3904373010943552,86.91,5.4,1.8,64.1,25.96666666666667,0.07854679822015853,0.44280183324112754,1.0096249268298738,0.0013780140038624302,88.06844050894085,18.5,0.0,51.6,682.3440745535396,36.44,9.531263526715142,0.22966900064373835,0.09186760025749534,0.8268084023174582,0.18373520051499068,53.205128205128204,2.2966900064373834,0.0,0.0,0.6931471805599453,57.128785896126054,173.35117598888536,83.5,67.3,80.0,6.470588235294121,17.0,0.06666666666666667,0.0,20.5,3.5828364100423182,-0.0330777767227477,4.731187771277034,6.155129217252187,0.5741725016093459,0.0,0.0766256061376461,0.0964939205705033,0.3284569212800055,0.3352965602424117,3.2329961103921536,0.9833647195900402,0.1589219008278329,0.1020450311086471,0.1281396011436517,9.417330948063608,52.713243853793486,56.87261354189321,0.719195807182662,12.587698587282013,18.514969061855453,4.481766017881313,0.0650274644375324,37.8,48.4,-10.90146750524109,12.900000000000002,17.4,10.0,14.700000000000003,3.3000000000000007,31.6,10.83658720945
94,Bundi,Rajasthan,1110906.0,False,,direct,direct,6.152877217385235,193.3730478624474,28.4,34.96382694105343,6.95,18.1,12.4,53.8,33.3,6.0,55.9,18.12610981532527,29.080260761375804,2.3137619807721017,19.645175431880816,0.34600939043765166,3.6619327154651464,88.3,7.4,9.5,74.9,26.233333333333334,1.9600166080279169,1.607677777521284,5.11207776238067,0.005626168950205718,64.45432912319238,43.7,4.299999999999997,73.5,1397.7527551089706,43.89,16.948833962494724,0.8439253425308577,0.07032711187757147,1.9691591325720013,1.8988320206944298,21.73913043478261,7.0327111877571475,0.0,0.0,0.6931471805599453,68.41351116338275,534.7933797484482,95.3,75.7,63.8,11.255411255411252,10.5,0.13333333333333333,0.0,87.7,1.617523573184144,-0.2668630694895051,4.698995565268218,9.705141439104864,0.07032711187757147,0.0,0.039418344406038405,0.0473638589997879,0.1952481199692341,0.4735693208966375,3.29269900304393,0.4176743178311584,0.1138135681578898,0.1092697835481379,0.1025721998350188,5.051468427795824,100.91192998099736,77.13343883280854,0.7941251983941742,16.053569828293238,20.225285040523833,-3.041243681773776,0.0662854321988957,27.4,26.5,21.052631578947366,1.5,79.0,12.700000000000003,2.8999999999999915,-0.6999999999999993,27.699999999999996,11.114351856814716
282,Cachar,Assam,1736617.0,False,,direct,direct,6.3270487286323425,727.9436330614737,30.9,14.241227346261777,13.75,16.2,9.1,79.1,42.1,8.55,57.4,1.5554635734500397,4.615059951501783,0.45585490133201284,2.122456653205973,0.3098683110294054,0.2787872950294954,109.67,4.2,2.1,61.8,32.53333333333333,0.03249378945445133,0.3564898350292704,2.2731524883570513,0.02637177115143876,38.11107579714129,42.4,56.2,57.0,864.9041471905855,35.37,14.221919442383046,0.28255469090827245,0.047092448484712064,0.8947565212095293,0.9889414181789534,23.076923076923077,5.886556060589008,5.22726178180304,0.0,1.0986122886681098,51.02702255560976,366.58174673954414,79.2,70.4,50.4,13.953488372093029,12.5,0.13333333333333333,0.0,57.9,0.612201830301257,-0.1683146896298376,4.8117858628352606,8.241178484824612,0.8947565212095293,0.0,0.0837693792397462,0.0718847709624124,0.0572798874818391,0.3501416835145573,3.57978359661681,0.2719751486874062,0.0159483001994744,0.0964868083996142,0.1246189114753513,11.292851697281137,47.01022500918525,111.91356528238524,0.8327664894958091,13.874848097050716,14.502565871749537,22.1568058377213,0.1186312628883119,25.8,43.0,2.3255813953488373,1.3999999999999995,54.8,25.000000000000007,8.5,-0.7999999999999972,20.0,7.679866861704844
531,Chamarajanagara,Karnataka,1020791.0,False,,direct,direct,6.033014981729217,287.6627829883205,19.4,27.21727250072915,14.45,29.35,30.6,37.7,12.6,10.45,46.3,63.56443063515201,67.86291906973442,16.193938856718102,29.90035228040058,0.3985230760824577,5.7544878590604185,131.82,4.6,3.6,68.7,26.3,0.14921445406808298,8.591416082056705,5.108509756666295,0.23169946283863818,24.51163829734053,24.799999999999997,0.09999999999999432,11.0,1901.8596276162452,35.13,29.657531243345687,0.2780393554063658,0.2780393554063658,2.8730733391991135,1.7609159175736502,5.194805194805195,13.90196777031829,3.429152050011845,0.0,1.0986122886681098,89.04303036674001,516.1550397699316,100.0,93.3,84.7,9.090909090909092,31.4,0.3666666666666667,0.0,34.4,7.1363434554300555,-0.0476139044623752,4.699718689446715,13.067849704099192,1.2048372067609185,0.2780393554063658,0.0459876127732698,0.0396176296328502,0.1916170886695597,0.4718820992739944,3.630529571426824,0.3237560172416198,0.0131724116871051,0.1193941110213521,0.1741607654802972,9.312791841128032,127.36750748068114,74.13760505333609,0.7690905006672921,13.554418576060334,9.18532704773129,-7.007057925859986,0.06998515149814225,41.7,89.0,4.870129870129871,13.3,7.399999999999999,33.8,4.5,2.0,38.900000000000006,2.7420714917295945
48,Champawat,Uttarakhand,259648.0,False,,direct,direct,5.479260980866973,226.7392951855644,27.6,51.77760072572787,9.600000000000001,24.799999999999997,17.9,59.9,21.8,16.650000000000002,32.5,4.375057998541644,6.763262516320252,2.010072135796995,9.201221294885915,0.12604412732720432,0.2454543532161347,100.85,4.2,0.0,43.1,17.53333333333333,0.13599497948461517,1.2803429775868649,1.270392125429454,0.009950852157410867,27.69441878763,17.299999999999997,4.599999999999994,60.2,607.1313426801092,42.68,25.208825465440864,0.33169507191369557,0.6633901438273911,2.98525564722326,0.6633901438273911,25.0,0.0,0.0,0.0,0.0,20.462268986355877,198.9971414439025,79.8,91.9,,10.431654676258995,16.3,0.5666666666666667,0.0,65.7,1.3267802876547823,-0.1471108633879782,5.051656471077191,20.565094458649124,1.3267802876547823,0.0,0.1504998907338694,0.1200248600349991,0.0947849811374509,0.3834653068770027,3.4114513421379375,0.13470625543013823,0.0164604128986764,0.1021925783446748,0.1238440667001206,-0.1367879943300121,32.17457792373497,65.7852169090461,0.8583221122885077,8.912646582321,19.506624029237095,-10.04352192835621,0.10233818014952129,51.0,39.8,,0.7999999999999972,50.300000000000004,23.5,6.5,3.599999999999998,22.900000000000006,8.507818674126833
708,Charaideo,Assam,458615.0,True,Sivasagar,direct,inherited,5.679831885407707,,25.8,27.02154108142502,13.4,18.049999999999997,10.3,53.5,41.65,34.05,72.3,6.007562788504687,19.20438112915256,0.7303344282670655,3.899003184887571,0.2731467417007953,2.2801090816365166,109.67,9.8,2.2,69.7,32.43333333333333,0.007494880107643774,1.8295835107214855,2.3042592508722577,0.20985664301402568,,24.099999999999994,3.5999999999999943,72.7,1432.538905961231,32.13,22.068258094728886,0.33310578256194545,0.2498293369214591,2.508126060102225,1.4630735350596313,62.5,0.0,0.0,0.0,0.0,48.08298694836042,304.2613200854502,88.2,74.0,65.7,14.61794019933555,20.0,0.06666666666666667,0.0,64.9,0.6662115651238909,,4.530221653894656,7.524378180306676,0.20901050500851878,0.0,,0.12433864770286988,,,3.686546899063006,,0.009560997956241404,0.0616562642921689,0.1905836313716253,,62.9971339652675,,,17.910110174179973,8.814187400741133,,0.09709659214185125,26.2,27.3,2.2813688212927805,,,,,,,8.999352843709959
568,Chennai,Tamil Nadu,4646732.0,False,,direct,direct,6.650151788543795,26552.754285714287,18.0,83.68391800440449,24.65,31.0,41.9,59.5,4.8,8.100000000000001,50.3,48.15596771664377,48.60713618451604,14.379428356248315,7.009671999352711,0.3390477325528177,0.7593326445885878,120.98,4.1,1.0,55.3,20.2,0.2864561700776282,1.5553674859683717,9.193676502311753,0.085265469374669,32.382988683956185,9.599999999999994,1.2999999999999972,2.299999999999997,3266.1502004551808,28.5,18.865824326206294,0.3356908243097205,0.06713816486194411,10.988279649071519,7.2509218050899635,62.32558139534884,63.7812566188469,44.51260330346894,6.915230980780242,3.4339872044851463,264.24507479023407,2878.11779143744,100.0,96.6,,14.642857142857148,50.5,5.333333333333333,0.35807021259703525,58.2,4.811568481772661,1.2195990525247205,6.250937571572349,49.86127710413715,2.7526647593397082,3.871634173705443,,,,0.3910914165051912,3.5968169359155904,3.330566879783786,,0.149742286800286,0.1359057410444528,5.015710164663823,97.03306773944364,167.70646553319622,0.8695127725728775,65.78040737455272,23.839543273757073,-1.418687093972089,0.2359465658664703,76.7,97.7,,8.299999999999997,1.4000000000000057,10.5,0.0,4.199999999999999,7.700000000000003,9.839993387772347
612,Chirang,Assam,482162.0,False,,direct,direct,5.764769711418533,415.89709182496495,28.0,23.67673951054735,11.05,23.200000000000003,13.3,64.2,36.85,19.9,65.2,1.9749236804079058,7.059191954251758,0.199383069562504,4.639094006458606,0.0859409782597,0.16328785869343,109.67,6.3,1.6,70.4,33.96666666666667,0.38673440216865,0.873160339118552,2.13133626084056,0.0,38.645502645502646,22.900000000000006,7.900000000000006,55.5,607.6714690786868,36.7,19.0788971736534,0.5156458695582,0.1718819565194,1.0312917391164,1.2031736956358,0.0,0.0,0.0,0.0,0.0,14.319485797631213,349.8932236082818,83.7,71.1,33.2,7.094594594594599,15.3,0.26666666666666666,0.0,61.5,0.3437639130388,-0.1980052707481292,4.543619322625352,6.7033963042566,0.1718819565194,0.0,0.0794869219775733,0.0743899631126343,0.0820959508345495,0.4021345522874054,3.7035492982382303,0.29046546930608047,0.0091545775256298,0.0778496389672949,0.1625288094131387,5.164781915225047,61.0997029575735,63.89968516805556,0.878708211619604,18.13870287149228,9.561904761904762,70.89878542510122,0.05726798733326575,23.0,44.5,10.679611650485436,-2.299999999999999,55.4,30.699999999999996,24.300000000000004,3.1999999999999993,43.99999999999999,5.78923751985714
569,Coimbatore,Tamil Nadu,3458045.0,False,,direct,direct,6.593744025969207,885.6331768347106,19.3,83.83323578540549,18.700000000000003,31.25,50.0,56.8,13.45,11.7,48.9,62.28810973338028,90.54783525013255,0.9734627483114087,10.390058422553077,0.029050982541230518,0.4966698681829674,120.98,2.9,1.2,37.8,16.166666666666668,0.02854131618085805,0.5613974959502704,12.777845320898075,0.0703339577314002,21.25343585408188,21.5,0.09999999999999432,4.5,1978.097965389098,26.91,14.984190994950477,0.3057998162234791,0.3312831342421024,9.658177529058216,2.6757483919554423,73.29192546583852,21.66082031582977,6.498246094748932,0.6115996324469583,2.302585092994046,22.732139005332694,1330.52429739479,100.0,94.5,,12.836438923395445,50.9,7.600000000000001,0.0,61.0,4.1028142009983455,0.3220645952508064,5.559439432359102,26.706517283517176,1.656415671210512,1.0193327207449303,0.2026744139249495,0.0709876369497635,0.4258945790904958,0.4534209358177814,3.7489628612561616,1.0240351918709545,0.0160079890631116,0.1217217764342064,0.1604049332718717,6.9764388128976895,111.11909718369,215.7360589581685,0.7481116584564861,35.356065085398285,22.58976024797076,-4.942585436706953,0.1205704853646416,62.8,95.5,60.0,15.600000000000001,-15.0,13.799999999999997,0.4000000000000057,1.5999999999999979,20.4,6.6802236656688665
401,Datia,Madhya Pradesh,786754.0,False,,direct,direct,5.978269189681459,303.82009031107293,24.1,41.81480537470872,13.399999999999999,17.5,19.1,39.0,25.700000000000003,4.8,58.6,3.7689464793164063,3.8824879632121307,0.5939901703804099,28.49996376786289,0.312239080713242,2.276086228094845,92.55,5.7,0.4,72.8,27.53333333333333,0.7106855843843489,4.663611320013271,5.146162626570101,0.03259061111821718,80.9763718220339,33.2,4.200000000000003,68.8,672.0078881572776,38.07,12.720851436465416,0.42052401442860876,0.3153930108214566,0.8410480288572175,0.21026200721430438,14.285714285714285,12.615720432858264,4.836026165929001,0.0,1.0986122886681098,64.18563163227464,268.097726228707,89.4,79.6,,6.18181818181818,13.2,0.8333333333333334,0.0,30.9,0.7359170252500654,-0.3017548810682437,4.62438725575023,6.623253227250588,0.3153930108214566,0.0,0.036116632890261895,0.0846682902112969,0.1568098113264526,0.4082089191793114,3.2576785748691846,0.6179903388716139,0.1224709137765205,0.1168982422056208,0.1249660684996594,8.663241986781278,72.1203603473329,42.02202975771334,0.7964973836242097,12.934267373787936,18.353389316942256,-13.61466086223845,0.06916830036664895,27.8,31.2,15.74074074074074,9.100000000000001,18.0,26.39999999999999,4.900000000000006,5.0,31.199999999999996,10.769090638874838
325,Dhanbad,Jharkhand,2684487.0,False,,direct,direct,6.5275061900976645,1476.361122066005,27.8,42.963275118598546,11.6,21.7,16.4,59.9,27.650000000000002,13.450000000000001,63.8,2.788628068252674,0.6429130809830007,0.054318141191084544,1.2312112003312496,0.0,0.0,86.87,7.9,1.8,66.5,22.03333333333333,0.00920143375368099,0.014247381296022175,0.06381639538843266,0.0020777431056699007,73.82590673575129,32.400000000000006,11.099999999999994,62.8,142.5969934443436,38.54,4.956901409241048,0.20777431056699006,0.0,1.9293328838363362,1.573148351435782,65.71428571428571,2.9682044366712868,0.2671383993004158,0.0,1.0986122886681098,4.867261635253576,18.27375061436678,78.8,66.1,68.0,9.440559440559438,21.9,0.13333333333333333,0.0,45.7,1.0388715528349504,0.166866883768618,5.16138371658082,9.884120774115384,0.14841022183356434,0.20777431056699006,0.1226363377554437,0.1115478846148517,0.1985294602866236,0.3145867348212153,3.419625360887743,1.3484583172826539,0.0123934223740348,0.114065679199089,0.1665477888287936,0.2658932160665372,38.24183432544094,72.32145285114065,0.4662058450856572,16.31028337950872,16.9001606988339,-6.8438808551036665,0.044120376252364354,37.9,37.2,-1.694915254237288,1.6999999999999993,34.900000000000006,-7.400000000000006,13.399999999999991,1.5,38.3,11.666930726853368
571,Dharmapuri,Tamil Nadu,1506843.0,False,,direct,direct,6.223461429012415,463.2437281658038,23.8,28.48642382347058,16.75,28.3,33.4,46.5,16.25,13.75,42.5,93.40610737734963,110.15997904605341,6.342404767008495,20.08766916027837,0.03467101569146963,0.41784551669547015,120.98,3.2,0.0,54.2,22.933333333333334,0.062168717791600714,1.3324429995911347,30.41425185114281,0.824333286871321,27.8593710592686,27.599999999999994,1.2999999999999972,17.5,2755.132261922634,25.99,16.020400353989412,0.4782209060892363,0.23911045304461814,5.14087474045929,2.211771690662718,56.52173913043478,5.977761326115453,2.6302149834907995,0.0,1.0986122886681098,209.24794856387578,1132.9824396465076,99.6,90.6,,9.708737864077666,29.1,1.2666666666666666,0.0,75.5,2.7497702100131085,-0.0263889063452377,4.64219270151679,10.461082320702044,0.8966641989173179,0.059777613261154536,0.0817943337824301,0.0576312980423007,0.3626962780964461,0.4985058164652853,3.448551739201578,0.4625397022071143,0.0167858034249271,0.1159458560723125,0.2381671461746775,11.66640657932463,298.5596673586702,66.82647097275563,0.7935191713755126,19.80611660181833,11.774733050302329,6.663876637800599,0.10528912401050916,54.4,82.5,8.661417322834646,8.0,4.700000000000003,38.99999999999999,1.0,-0.9000000000000021,34.900000000000006,2.235686101579113
536,Dharwad,Karnataka,1847023.0,False,,direct,direct,6.288610261297602,461.6030914938975,22.1,81.51974182033145,13.95,25.15,33.8,41.9,21.799999999999997,8.15,52.1,28.71504775051292,27.45245207618781,6.209048328343695,30.190134057884592,0.25725258238082926,0.7460324889044048,131.82,1.9,0.0,67.2,34.03333333333333,0.248505994579881,3.332449952161262,2.3255633447226964,0.268057190840824,27.980282544282364,20.700000000000003,12.099999999999994,20.900000000000006,1862.5328781799476,31.33,11.833618789518145,0.0,0.2058020659046634,6.07116094418757,3.447184603903112,25.842696629213485,33.442835709507804,16.669967338277736,1.337713428380312,2.1972245773362196,138.10244731499486,1258.9334265623365,99.7,87.6,82.1,18.56435643564356,29.9,0.13333333333333333,0.0,24.5,4.579095966378761,0.0124684505508996,5.340252130430873,19.19104264560986,2.0065701425704683,0.46305464828549264,0.08052271273995659,0.0472033998176476,0.1188865561847328,0.424917827227923,3.508664363052943,0.6327502268855429,0.0176942234204412,0.0995000623422865,0.137826276738195,7.124865481028442,85.08616774516344,87.10232628397156,0.7704375932371954,23.96153453327996,19.923815833057304,37.16608252584455,0.09607578614112339,51.4,79.1,1.7699115044247788,4.399999999999999,-8.200000000000003,32.699999999999996,4.400000000000006,2.6999999999999993,16.099999999999994,2.779712957913928
98,Dholpur,Rajasthan,1206516.0,False,,direct,direct,6.178683949569263,413.8095239174061,34.9,33.83473951265333,6.55,14.25,11.7,47.2,28.95,5.05,68.5,10.113443272144359,8.720450823546795,1.0338098096157,25.0142212011245,0.2524881650407575,0.7587898923140876,88.3,10.8,6.0,81.7,30.233333333333334,0.33598818812510256,3.894679648148378,7.713148957767394,0.009940478938612501,99.1496892845146,42.5,5.200000000000003,63.5,1235.0296231812658,39.58,17.627782651139505,0.4638890171352501,0.1325397191815,1.5904766301780002,1.060317753452,21.428571428571427,6.626985959075,0.0,0.0,0.6931471805599453,137.3787443288166,357.5046861370273,94.4,85.9,68.75,6.770833333333332,5.9,0.3333333333333333,0.06626985959075,89.0,0.9277780342705002,-0.1936065201113977,4.521762176905747,4.572620311761751,0.06626985959075,0.0,0.040822830363945,0.0717083348170407,0.135024916404382,0.4336552519817391,3.1344958558346736,0.41809169714086764,0.0648609917272724,0.1087328686855075,0.1658783290451366,3.290480518705685,69.19016179900925,50.96741361076024,0.7269770542988633,15.022051772031213,15.269108467789424,15.30596673279414,0.055306823673708004,27.0,36.5,22.972972972972975,1.3999999999999986,56.5,30.10000000000001,9.0,2.8999999999999986,26.5,11.302108308291103
286,Dibrugarh,Assam,1326335.0,False,,direct,direct,6.1949185358032235,578.7408917556718,24.0,23.171395800395103,17.3,19.75,20.9,58.7,42.8,35.45,70.8,5.7499176784350965,15.030094573229256,0.5324116069518009,2.8395285704096045,0.053624190628238935,0.17683215242883554,109.67,5.8,2.5,66.4,26.633333333333336,0.021705029540001475,0.28344215046354865,2.337759358102512,0.009575748326471237,23.0780945647288,24.700000000000003,1.9000000000000057,55.3,1630.40202114219,41.37,16.85331705458938,0.5745448995882743,0.0,1.9789879874707226,2.617371209235472,69.56521739130434,12.767664435294984,11.682412958294911,0.31919161088237463,1.0986122886681098,68.88537992774702,124.40110004207492,93.1,83.8,56.1,11.94029850746269,27.7,0.2333333333333333,0.06383832217647492,58.8,1.4682814100589232,-0.0989082065124259,4.9904638822235245,11.746251280471386,0.12767664435294984,0.0,0.202192126662193,0.0901589091130048,0.1242746152716334,0.4226360610253066,3.709778601848225,0.6253280387816976,0.0092986188720484,0.074153889441163,0.1486335360885637,-3.563450259780365,58.71732642276752,111.12124764859556,0.7583862563100472,17.34934081790059,24.406136588584626,3.574831357902359,0.09034790342188549,33.7,44.7,4.597701149425287,5.999999999999998,51.099999999999994,12.700000000000003,4.599999999999994,3.1999999999999993,15.599999999999994,6.8339677932331755
378,Durg,Chhattisgarh,1721948.0,False,,direct,direct,6.330197782631169,421.7517742958846,22.9,48.846236353881864,11.7,24.55,23.9,65.7,21.900000000000002,16.45,51.7,10.954979672488165,11.772208439452543,1.3670348481715344,15.098161213013519,0.13885408683548076,0.17158063928828765,94.16,2.0,0.0,57.1,27.833333333333332,0.497443597282665,1.891127209594342,3.0688155757174935,0.07667363717514762,76.97188137429883,10.5,1.5,23.700000000000003,818.7790705062855,53.54,11.828311100800212,0.3740177423177933,0.09350443557944832,2.524619760645104,1.168805444743104,55.208333333333336,21.03849800537587,2.664876414014277,0.0,1.6094379124341003,46.33285039615033,256.37466917133247,96.7,82.7,,13.017751479289938,27.5,0.5666666666666668,0.0,67.0,4.488212907813519,-0.1259081060374532,5.216787090592744,12.997116545543316,1.168805444743104,0.09350443557944832,0.0522917544131105,0.0433201102422518,0.1624287360418707,0.4476262847381718,3.3895204658463776,0.7637729013147866,0.055848558495965,0.0919855972607865,0.1544188571943596,3.4220794269768984,57.11523483098688,63.8269048576022,0.7237067127709917,20.6612076078128,18.33180100112371,-18.120171196709467,0.08086205761098306,52.7,76.3,66.2420382165605,,,,,,,13.906800944274744
273,East Garo Hills,Meghalaya,161926.0,False,,direct,direct,5.350985580729335,157.80829481539706,31.1,11.32026578614173,12.75,19.25,7.0,63.7,30.15,18.849999999999998,50.9,0.03119697315998232,2.865664820266947,0.026740262708556273,2.0901972017188153,0.05348052541711255,1.5331083952905598,77.51,9.2,1.6,28.0,28.76666666666667,2.375426670610082,2.1213941748787977,8.632648144412249,0.017826841805704183,35.269003117271225,16.099999999999994,33.0,70.9,565.6590606263479,40.26,16.935499715418974,0.4456710451426046,0.4456710451426046,1.3370131354278136,0.4456710451426046,0.0,0.0,0.0,0.0,0.0,81.8608575717936,140.08332290922345,73.8,72.4,73.69999999999999,19.91869918699188,4.0,0.5,0.0,71.9,4.456710451426045,-0.3969006547581045,4.350148876158059,4.902381496568649,0.4456710451426046,0.0,0.0648797498231969,0.0538153820316445,0.0686656590723684,0.3965594793609653,3.393399695293102,0.28713867598877535,0.0089582973578291,0.0971448494492956,0.0944728395819864,13.42149436658362,61.74002046268107,77.98890905487912,0.9175607001693958,3.240028498186735,33.587786259541986,15.213946117274169,0.02119295848963955,40.5,29.1,-10.964475877439284,,,,,,,18.880909327728656
29,Faridkot,Punjab,617508.0,False,,direct,direct,5.8275257750132985,415.76887728379546,23.4,72.73420151365367,15.8,30.75,39.4,69.1,9.350000000000001,13.9,63.2,11.57469724875221,17.965251082531864,7.995630087654944,27.548106715029196,0.6917149750250324,0.8464211199768676,126.06,9.4,3.7,76.1,19.700000000000003,0.025288504463280754,0.21420850839484876,1.3953304227386676,0.011900472688602708,76.27276623430271,12.5,7.5,20.900000000000006,874.6341656033725,33.15,10.41291360252737,0.5950236344301354,0.2975118172150677,12.197984505817777,4.6114331668335495,64.70588235294117,22.313386291130076,15.321858586575987,0.2975118172150677,1.0986122886681098,30.725532922886117,1195.8219732324153,94.3,70.8,39.25,14.563106796116518,26.0,0.6333333333333333,0.0,20.4,2.5288504463280757,0.4156777725965343,5.187450870388102,19.933291753409538,0.5950236344301354,0.0,0.0687173255723546,0.183281393531122,0.4057121454866354,0.3587888739902964,3.5385737338068557,0.7820314876455243,0.1234187393369131,0.1001218367638709,0.0954364205943856,4.291223968435531,67.1485651086721,96.96554538564682,0.7394158023949096,14.833939206343276,25.029058504455637,-35.60635412630763,0.07661136840225675,46.5,79.1,1.36986301369863,14.899999999999999,-4.600000000000001,-27.0,-1.2000000000000028,-0.3999999999999986,1.4000000000000057,4.116634001211252
30,Fatehgarh Sahib,Punjab,600163.0,False,,direct,direct,5.81668024445345,592.162704367826,21.1,108.07544499875934,16.65,33.45,48.2,66.8,6.25,11.850000000000001,65.1,6.180010204978378,11.27714596634011,20.25585279672207,19.935565989455178,0.009151051636197005,0.2470783941773191,126.06,3.1,0.9,61.5,18.433333333333334,0.44840153017365325,1.5129738705179048,0.16624410472424558,0.0,65.29260670731708,12.400000000000006,0.29999999999999716,25.700000000000003,747.8117383078377,45.66,13.116507345215707,0.7625876363497504,0.30503505453990015,7.930911418037404,7.015806254417703,50.0,7.625876363497504,0.0,0.0,0.6931471805599453,23.204016598850206,1013.6741911437239,96.6,83.6,,12.857142857142854,44.8,1.2333333333333334,0.0,35.1,2.1352453817793013,0.3904101918185279,5.266657565409396,24.40280436319201,0.9151051636197004,0.0,0.109613059571199,0.1825016968931768,0.45665770560771207,0.3578744441093503,3.7240299729355977,0.9693254610413621,0.1106337408220384,0.0900683986752415,0.1400410531594482,5.4668306828793645,86.34728154751367,123.4764555629054,0.599991903489596,19.77084706000363,25.06610670399751,-16.91449814126394,0.0836831745314095,62.3,74.3,0.0,7.200000000000003,-4.899999999999999,-4.200000000000003,2.299999999999997,0.1999999999999993,1.6999999999999886,4.594430973628224
354,Ganjam,Odisha,3529031.0,False,,direct,direct,6.597629932018772,376.10097128336537,24.6,20.223240387858247,18.55,26.549999999999997,36.9,68.3,31.5,11.85,56.7,27.97288955437142,32.90241805235095,1.3017107223376638,20.687451545727214,0.05430108756356184,0.43870227487398566,111.09,10.6,0.4,61.3,17.666666666666664,2.675149392898823,3.099960691884456,4.016007410921845,0.19800954720852318,34.2000944058281,27.099999999999994,10.400000000000006,36.3,1036.2380090665674,31.96,14.143539086323084,0.7071769543161542,0.12628159898502755,1.7679423857903855,1.5911481472113471,,6.3140799492513775,4.217805406099919,0.22730687817304956,1.0986122886681098,58.047862605447605,415.9076885675943,93.0,88.5,61.8,11.111111111111107,22.6,0.4333333333333333,0.02525631979700551,51.9,,-0.1425578758064723,4.95760686125738,11.794701345201572,0.9849964720832148,0.02525631979700551,0.043657300130152205,0.0387023079339844,0.06363321878271799,0.4255479762008324,3.5825178836040625,0.44816713922145474,0.0098694332600271,0.1100158419436938,0.1954165435580919,8.650749083791132,56.14784604473737,91.11226282795477,0.780781742748913,12.819350239366086,5.803730669967897,-15.273674195002254,0.0723793574861357,32.6,63.7,1.5544041450777202,16.0,9.899999999999999,34.3,1.5,1.0999999999999979,31.000000000000007,5.290280918879375
144,Gautam Buddha Nagar,Uttar Pradesh,1648115.0,False,,direct,direct,6.39224356143775,1506.2788076293425,28.5,150.96642955772572,16.0,18.65,34.7,53.3,16.35,8.75,59.4,10.269419858799811,6.571229077334549,2.186897255538252,46.721625169192144,0.07578758094619222,0.49809057210091034,86.91,4.7,5.2,62.9,19.8,0.2699172668992728,1.8079593508072913,5.910215470258402,0.02026405907652198,102.11706423741548,26.0,0.09999999999999432,25.0,659.8326177131673,32.55,6.6871394952522545,0.2026405907652198,0.04052811815304397,3.1206650977843853,2.431687089182638,74.39024390243902,20.264059076521985,12.563716627443627,0.04052811815304397,2.0794415416798357,31.337556799478186,288.32068007138855,86.6,68.2,83.4,11.217948717948714,19.8,0.13333333333333333,0.04052811815304397,23.8,3.3233056885496053,0.3719833532523161,6.0582278996126755,30.517672969242106,0.8916185993669672,0.6484498904487035,0.24814534369791202,0.1676097631771022,0.4528252700245929,0.3453090348671057,3.5595475555804343,2.4122535111058787,0.072051049325764,0.1616720823897039,0.2203954671047456,4.394239222220531,53.54933466792952,369.2527523868176,0.4915580926465441,57.86969462954995,40.9125213282583,55.197000163034616,0.050079984668741195,51.9,75.0,33.85826771653544,4.900000000000002,4.600000000000001,2.700000000000003,15.699999999999989,3.8999999999999986,14.200000000000003,17.18155676694815
146,Ghazipur,Uttar Pradesh,3620268.0,False,,direct,direct,6.633065773353813,1110.86031918923,29.6,14.019504629508212,11.0,17.25,14.3,67.1,21.05,5.35,45.7,4.05515358555261,3.483460961356684,2.9369079150977138,7.149416636626074,0.06727164836833156,3.264187976017694,86.91,6.6,5.3,71.6,34.43333333333333,0.11499029167458752,1.5137284752223534,1.1796979720785616,0.014664753796556705,102.0637800277179,35.900000000000006,0.7000000000000028,60.7,258.997475635165,43.72,11.196423136736152,0.13966432187196864,0.04655477395732288,0.2793286437439373,0.09310954791464576,42.857142857142854,2.327738697866144,0.0,0.0,0.6931471805599453,20.331633656511833,143.43269804994412,88.3,60.8,70.85,10.917030567685584,10.9,0.5333333333333333,0.02327738697866144,10.6,0.8147085442531503,-0.0415510457251167,4.721069143526757,7.169435189427723,0.34916080467992155,0.0,0.09956766292095481,0.1159924244232119,0.26879614494377563,0.3327383497575317,3.4109458586877746,0.8660751014031756,0.0599246606794464,0.0783720674918908,0.1570827953841966,9.44316670056782,40.447348839782975,42.66534963709869,0.8007704260002589,9.501363816950025,10.456989247311828,-4.69986691882048,0.06520191405913414,51.4,39.3,1.6701461377870561,0.9000000000000004,1.799999999999999,20.599999999999994,13.0,5.5,44.3,9.853269156480703
330,Godda,Jharkhand,1313551.0,False,,direct,direct,6.198269139001481,634.6605778074022,33.8,24.81519507312957,14.65,19.4,10.7,59.4,23.900000000000002,18.75,66.3,0.44343390986625225,0.2850646563425907,0.01266954028189292,2.0315607842015297,0.005701293126851814,0.12669540281892921,86.87,6.8,4.2,75.1,34.86666666666667,0.44406738688034686,0.24642255848281733,1.4398932530371304,0.02533908056378584,64.35654639762882,45.1,8.599999999999994,80.3,361.7666866861846,30.33,12.226106372026669,0.44343390986625225,0.06334770140946461,1.3936494310082213,1.3303017295987567,50.0,0.0,0.0,0.0,0.0,24.581442054928644,81.86613496249339,70.2,63.9,46.35,5.345911949685533,4.7,0.3333333333333333,0.0,45.9,1.0135632225514337,-0.2007599912014002,4.676442478474075,6.778204050812712,0.06334770140946461,0.0,0.0476812659924628,0.0624597650094953,0.1165198101481515,0.4203803278289156,3.165541076722373,0.6433307902600699,0.0220006573142632,0.1629213406440903,0.1476363423531173,15.5451725693859,32.52757103519514,43.80492268667148,0.8468717413972888,13.104738990575942,3.0696065715520966,-18.775766618241786,0.08859397056813624,19.6,19.7,-0.9900990099009901,3.799999999999999,39.6,3.799999999999997,12.700000000000003,2.8000000000000043,37.099999999999994,12.026466769091272
62,Gurugram,Haryana,1514432.0,False,,direct,direct,6.350577876469911,1244.7352253745933,24.7,198.95864967422355,14.45,19.45,24.3,64.7,17.75,9.5,67.5,7.025911607397705,7.7802491647379926,2.749250364215369,15.882575039351611,0.051746396600516435,0.31984626174629555,101.02,4.5,0.0,67.7,20.0,0.16951405782927798,0.947048275714624,2.768432218127629,0.02810364642959082,104.18881220839812,15.5,0.29999999999999716,19.0,678.851163030406,41.99,4.817767959358426,0.1338268877599563,0.1784358503466084,7.4943057145575525,7.1820429764509885,62.0253164556962,6.691344387997814,3.256454268825603,0.0,1.0986122886681098,24.703997390862067,292.6397015543223,96.7,58.7,,9.333333333333336,18.6,0.09999999999999999,0.1784358503466084,34.6,3.5241080443455157,0.5840152359205998,6.330943719104756,47.19628241667792,0.44608962586652096,1.6951405782927798,0.1375192656876438,0.1235739099953772,0.28620919951511026,0.3596833664370536,3.143014800254095,2.2485879635928865,0.0414350460179602,0.1433128451300105,0.235085813484696,4.910639583421594,64.96817389540037,399.7703429404555,0.432945451542305,77.85780676098737,48.36223366773938,26.587658475731818,0.1527669372561197,59.6,81.0,21.978021978021978,4.100000000000001,16.200000000000003,35.1,22.5,5.5,13.599999999999994,17.95284038413676
661,Hapur,Uttar Pradesh,1338311.0,True,Ghaziabad,direct,direct,6.209985860548585,,31.4,122.22348604550702,8.65,24.299999999999997,32.4,70.7,16.6,7.75,50.6,1.059344702029321,0.7208230248383448,0.0110990713833107,3.9537358727660115,0.0,0.12023993998586589,86.91,3.9,2.0,69.4,25.2,0.13935500736823433,0.2380134196643294,0.2201315824356622,0.0006166150768505943,,14.400000000000006,0.09999999999999432,32.0,394.47579572470664,36.19,12.455624552382005,0.24664603074023772,0.0,0.6782765845356538,0.43163055379541604,44.0,46.246130763794575,10.85242535257046,0.554953569165535,1.9459101490553132,10.893738562719449,92.41333479775227,83.3,84.4,74.8,4.248366013071897,16.5,0.26666666666666666,0.0,14.9,3.0830753842529717,,4.8560562370918205,9.61919519886927,0.7399380922207132,0.06166150768505943,,0.1486550736590131,,,3.1132746924643504,,0.12714093026916762,0.1207104089071482,0.1910644314828733,,64.4687632175103,,,15.441274754492582,20.415845133536475,1.1797979797979798,0.06149819024764695,43.5,68.0,108.87648793836067,,,,,,,18.75561822853414
163,Hathras,Uttar Pradesh,1564708.0,False,,direct,direct,6.2606708277484175,890.1956624030909,31.9,43.01531192102145,9.25,24.4,23.8,52.9,25.65,6.7,58.2,16.678062926059592,3.202170523637445,3.9160197099383907,26.299389199531596,0.29080712431937045,1.9187783278204502,86.91,11.5,7.6,72.1,25.2,0.48778779909418934,2.5794043234440767,0.5755786290773955,0.04389541499160309,101.96058296883542,26.700000000000003,1.0,53.5,582.2852997954251,44.22,12.126108391430353,0.38408488117652706,0.10973853747900773,0.49382341865553475,0.1646078062185116,18.91891891891892,0.0,0.0,0.0,0.0,28.72186741438069,355.60718200803717,80.3,71.6,62.9,10.666666666666664,13.9,2.1,0.0,10.9,2.030162943361643,-0.0881106039297099,4.694326820318936,7.736566892270045,0.1646078062185116,0.0,0.0750788442202512,0.1201954492666471,0.4094191226692074,0.3093963857793275,3.461948495203762,0.8695369769740209,0.1431390254958647,0.1052594703044238,0.1217475795386293,5.009182634655818,65.89773481064564,89.08371402204116,0.8002439199368678,14.713743105185356,14.542284926619638,8.813504301249797,0.041872847847707895,39.1,46.5,16.3265306122449,3.8000000000000007,6.1000000000000005,10.399999999999991,8.200000000000003,1.1000000000000014,40.3,9.639879161681948
540,Haveri,Karnataka,1597668.0,False,,direct,direct,6.192477910392036,331.9002629447188,25.4,52.87996458153681,13.95,22.9,29.1,42.1,21.15,6.55,50.8,27.66295585551076,36.95498702405712,16.302462311321424,33.35604224508303,0.1669150272089301,5.542862865084239,131.82,8.9,1.7,66.9,27.53333333333333,0.7241544257372043,9.705466851325404,14.01315851506356,0.31136072383204266,25.934418808411216,31.099999999999994,0.9000000000000057,39.3,1884.5098180221273,30.26,24.395273207459013,0.32099043694025015,0.4493866117163502,2.8889139324622515,0.7061789612685504,8.823529411764707,9.629713108207504,0.0,0.0,0.6931471805599453,111.9832917544712,423.43004102361385,97.2,95.7,68.35,20.821114369501466,23.9,0.13333333333333333,0.0,28.8,6.5482049135811025,-0.0293879216456259,4.800201550829734,14.893956274027607,1.9901407090295509,0.0,0.0475686420598998,0.0688796951769677,0.14817563729447672,0.4569572652140495,4.063483478027528,0.5451002600732655,0.0169212376992677,0.0753516807369998,0.1521752593607646,11.585315916273808,155.10277939762867,63.73414251271228,0.8156855812857227,20.05484051915295,16.437783199721157,5.909275834011392,0.0695382943121724,40.0,60.7,1.3157894736842104,9.5,-15.599999999999998,26.400000000000006,0.5,-1.2999999999999972,12.900000000000006,2.636775086073404
63,Hisar,Haryana,1743931.0,False,,direct,direct,6.319871151851554,430.7800053231484,25.8,57.28125340634079,14.649999999999999,24.0,30.2,56.4,18.15,7.199999999999999,63.8,8.622207022573939,8.064916280485201,0.5352672247896976,20.70066994475148,0.006702809612751132,0.0354291365245417,101.02,4.7,2.2,70.5,21.866666666666664,0.22167148933598388,0.25374922105415004,1.3467859600477812,0.045004578828471885,84.19271752837327,10.900000000000006,0.7000000000000028,55.2,1045.9542891852063,36.28,10.963881438000065,0.4787721151965094,0.14363163455895284,5.027107209563349,1.9150884607860377,80.81395348837209,4.787721151965094,2.4896149990218492,0.0,1.0986122886681098,54.8510061496033,1030.173002724099,98.2,85.5,,11.874999999999991,18.2,0.06666666666666667,0.04787721151965094,27.9,8.234880381379963,0.0892971062310411,5.123053861645454,14.841935571091794,1.3405619225502263,0.04787721151965094,0.1072994733244421,0.1601416320417076,0.22980062860313788,0.3965873649817567,2.9894498176666917,0.7823819599849506,0.1316714449470272,0.093893555710157,0.1790577130529205,6.409950960319644,118.63383608028188,83.38575322074097,0.7554377350965142,17.775851093016005,36.60005474952094,-18.382061991646516,0.09943068780180245,43.9,44.8,-0.8298755186721992,12.399999999999999,17.599999999999998,10.200000000000003,7.400000000000006,-0.1999999999999993,2.799999999999997,9.194115603908998
726,Hnahthial,Mizoram,26113.0,True,Lunglei,inherited,inherited,4.512327810317914,,24.6,29.604581258853738,15.3,16.95,20.6,48.9,68.9,10.049999999999999,34.9,5.11143929024213,8.616852422168883,4.763384085653657,19.48114702253761,0.23369420879511676,2.4811363869949634,138.78,4.0,0.8,45.7,15.700000000000001,2.162914485656932,2.018720186613136,6.344549157927001,0.05966660650088088,,4.400000000000006,4.0,20.099999999999994,926.3439547950094,34.95,40.274959388094594,0.49722172084067395,0.9944434416813479,0.0,0.0,7.1428571428571415,0.0,0.0,0.0,0.0,62.83888107984438,413.59399961248107,82.7,73.8,,13.868613138686127,5.4,0.9333333333333335,0.0,46.5,6.961104091769437,,4.779760611682327,12.295103274517416,3.073775818629354,0.0,,0.09756104503051788,,,3.75724415102197,,0.006102764652920046,0.0621807909940543,0.1165724545217261,,62.77909832070155,,,,,,0.04479341703771943,46.3,79.9,1.2345679012345578,0.3000000000000007,-5.700000000000003,27.4,8.299999999999997,3.599999999999998,16.89999999999999,12.226956975218092
507,Hyderabad,Telangana,3943323.0,False,,direct,direct,6.686936432944727,9754.408002353755,23.0,44.177686383705236,24.0,35.95,51.0,43.9,7.05,14.35,52.7,27.48161673264087,25.88683457752005,1.5113007787697275,8.134088096238319,0.003289906457185801,0.08389261465823793,125.53,1.0,0.8,63.6,22.333333333333332,0.056339648079306845,0.7079467457556695,1.8577690525421071,0.0,41.26693627142137,15.599999999999994,0.4000000000000057,0.5,1135.2447312746472,29.76,2.960915811467221,0.20561915357411256,0.08224766142964503,13.303559236245082,5.428345654356572,44.85981308411215,29.81477726824632,32.13827370363379,3.454401780045091,2.8903717578961645,39.51301026572292,433.7686146628014,98.3,73.8,,29.37743190661478,59.7,2.733333333333333,0.16449532285929006,48.9,4.400249886486009,1.4198765449577389,6.023668422669088,26.05194675784006,0.3701144764334026,2.8992300653949874,,,,0.3584025452644888,3.4496326504700745,3.7314859882083544,,0.0813455851258015,0.0924844014974461,-1.829640272695909,103.65751542941804,373.5902435585419,0.8583350246777904,,,,0.1500222215253289,63.2,99.5,144.44444444444443,,,,,,,13.201627689222411
151,Jalaun,Uttar Pradesh,1689974.0,False,,direct,direct,6.303786879997535,409.1676880142492,26.0,23.938058808338223,5.6,18.4,14.6,53.0,31.65,5.949999999999999,44.2,16.334479555047338,7.898203044273734,0.3780922511601127,4.342347273507733,0.11476913274373986,1.0344127029111096,86.91,1.2,0.8,55.2,33.56666666666666,0.13066788706321897,3.0426241078903153,1.9600183059482845,0.04272790223360012,89.19701241740715,19.799999999999997,1.0,63.5,629.738728200973,35.76,16.24653957021772,0.3477852507386056,0.09936721449674445,0.49683607248372225,0.0,20.0,4.968360724837223,1.7389262536930281,0.0,1.0986122886681098,32.7414971766773,381.8453508516547,85.1,66.2,,9.090909090909095,12.1,0.4666666666666666,0.0,17.6,1.987344289934889,-0.3268786780837966,4.65748920545006,6.9557050147721124,0.49683607248372225,0.0,0.047894015576486,0.0666720352569178,0.20684424171802862,0.3673216274333215,3.34143452457814,0.5268055450931397,0.1197198026773146,0.0910934864542092,0.1024839641748427,9.97093317186286,46.43715570877291,47.28238422602952,0.8230170450279078,12.710557242351067,17.095450333171527,-1.3458275489742404,0.10049991132708866,38.9,36.5,-1.4749262536873156,3.4000000000000004,13.500000000000002,11.5,1.2999999999999972,1.1999999999999993,31.1,8.891316433788383
479,Jalna,Maharashtra,1959046.0,False,,direct,direct,6.3574668226405215,248.11939407361325,26.9,43.47138379809628,12.0,23.3,20.6,21.4,19.75,5.75,58.2,15.678729436472004,18.532680578678956,3.9608451159767553,14.62013309741647,0.05224925937271188,0.40613920100637385,92.93,19.0,7.0,68.3,33.06666666666667,0.0013172082194801314,3.0287007659913154,0.30910486217133754,0.3095439315778309,45.07967955700799,36.4,17.200000000000003,43.6,556.8739236025827,40.49,11.459711509477144,0.3951624658440394,0.08781388129867543,5.444460640517876,0.7903249316880788,75.67567567567568,10.976735162334428,1.361115160129469,0.0,1.3862943611198906,43.273802565174265,132.4329925253454,92.8,54.3,72.55000000000001,18.902439024390247,15.2,1.8999999999999997,0.0,9.7,1.6684637446748332,-0.2177703075513564,4.666596559539773,5.971343928309929,1.3172082194801313,0.0,0.0330390948260696,0.1015558812770194,0.1776249641353162,0.4751731199777851,3.621072371143626,0.4588674644293958,0.0118626906437588,0.1529792603641846,0.1183473605031042,8.795865417620053,111.42951006017336,66.98056094650151,0.755658522458809,14.40806257408017,17.77900230138407,21.821286706017744,0.06423740060982365,34.3,56.4,3.4482758620689653,5.100000000000001,-1.5,-15.700000000000003,0.7999999999999972,2.1000000000000014,26.4,7.219108185666057
447,Jamnagar,Gujarat,1407635.0,False,,direct,direct,6.207417135843265,212.1485483412388,21.0,51.35105885582278,15.4,16.55,29.5,35.4,29.85,0.75,50.2,34.29675396872885,35.43929680074012,13.690044975744028,23.80855812373516,0.25741328734238467,5.738145352299759,98.87,4.0,2.1,75.0,27.03333333333333,0.9341311102111597,1.7708793623192969,10.321342412957303,0.4509384575853341,47.068568328623336,13.400000000000006,0.29999999999999716,18.400000000000006,1275.13982782272,28.86,15.81696102947183,0.5582456833931234,0.0,6.885030095181854,2.419064628036868,24.489795918367346,15.50682453869787,12.467486929113088,0.0,1.0986122886681098,117.27005043741187,891.2373727181769,96.5,78.4,,23.95209580838324,23.3,0.3,0.0,38.6,3.1013649077395744,-0.2105857877814107,5.301933271779096,15.44479724054308,0.6823002797027063,0.0,0.0428311117635249,0.0907696148809619,0.4853836880015039,0.3923117198635816,3.0610753236297916,0.7612463359787432,0.0885219419944885,0.1338402809965244,0.186965636216813,3.956154368090159,66.82017583238645,97.86358992259224,0.6050842727191019,26.27228240644348,26.68491827039214,16.18389291200351,0.0656360896634399,35.3,81.6,28.2048528025259,,,,,,,8.862319676378846
380,Jashpur,Chhattisgarh,851669.0,False,,direct,direct,6.000817203416449,159.6528257933538,27.8,28.488343575843082,9.350000000000001,31.45,13.4,42.9,38.5,31.150000000000002,61.5,7.542793511409367,12.031339550949914,1.4303060873163456,10.62099586541049,0.2884567056764995,0.9811520473356368,94.16,1.3,0.0,54.1,28.8,4.501521600695547,5.655348423401545,4.300899462837497,0.19563153741381975,44.051310631762334,27.200000000000003,11.200000000000003,85.2,743.1363384690596,32.37,29.24491860318836,0.7984960710768153,0.29943602665380575,0.5988720533076115,0.0,6.382978723404255,0.0,0.0,0.0,0.0,60.86835737809679,183.59820162269216,85.6,94.2,,2.44565217391304,13.4,0.13333333333333333,0.0,80.6,4.6911644175762905,-0.358534103916947,4.7062439017165945,9.482140844037183,0.5988720533076115,0.0,0.0583568334881939,0.0293204831809637,0.0712572860914688,0.5722410936643226,3.2137832993353044,0.2855621787835668,0.0107726793415906,0.1381307584462772,0.1794331594157361,15.936414770364603,46.607229332696136,36.01046885585832,0.8715641201212951,13.659273415857774,18.52710280373832,-32.67243924038178,0.07049374105214165,34.9,14.8,1.3468013468013467,5.200000000000001,2.5,43.800000000000004,24.799999999999997,2.3000000000000007,56.4,9.762008530979797
412,Jhabua,Madhya Pradesh,1025048.0,False,,direct,direct,6.101636592264451,355.04719972531063,38.9,27.57188663364624,10.25,23.6,11.6,44.5,19.700000000000003,11.55,58.8,3.6694460226226284,3.066444541225509,0.6979623446092642,5.844841130707512,0.22157534749500452,0.7462341167421045,92.55,2.5,1.3,80.1,36.3,0.9108329463098221,3.999435022284832,3.6085128020615023,0.07913405267678732,45.942940675340765,42.4,14.799999999999997,82.5,713.2375907974645,38.4,24.768958487834432,0.3956702633839367,0.237402158030362,1.1870107901518099,0.0,11.11111111111111,0.0,0.0,0.0,0.0,81.8958311152072,272.8613356943036,92.9,88.9,,4.268292682926837,7.0,1.1333333333333333,0.0,43.7,0.712206474091086,-0.2551230704709334,4.390281897778754,6.251590161466199,0.07913405267678733,0.0,0.0289939773355382,0.0218247785026651,0.0744838725322845,0.502533539892766,3.0542299098633974,0.43455481183463013,0.0486512793045225,0.1087033219268127,0.1126722998493252,17.219022877309943,101.31586230342404,37.49092725413834,0.8013531095498309,20.214002415758554,7.774702130220243,20.570187859907485,0.06736312682293845,16.0,17.5,47.22222222222222,1.6999999999999993,41.1,63.900000000000006,18.700000000000003,2.3000000000000043,45.2,12.682847596697597
65,Jind,Haryana,1334152.0,False,,direct,direct,6.197768447591395,487.6696490653816,25.8,56.29418350088629,13.75,19.2,32.3,51.4,18.9,8.45,59.6,14.418079241453633,9.983698575655982,0.9957061849688662,33.8502050423747,0.11479160476392662,0.1528440704315266,101.02,5.1,0.7,68.9,19.066666666666666,0.009513116416899996,0.4230165766714865,0.1699676799819466,0.004439454327886665,85.54351390346275,11.5,3.799999999999997,57.9,953.4026246784342,56.84,11.732843580843328,0.44394543278866644,0.12684155222533328,2.663672596731999,1.1415739700279994,54.6875,0.0,0.0,0.0,0.0,24.651655674993524,531.5016194587695,98.7,77.5,,12.237762237762237,14.5,1.0999999999999999,0.0,23.7,4.058929671210665,0.2389359629942862,4.896264342279578,11.986526685293995,0.7610493133519997,0.06342077611266664,0.09391259546658029,0.149232820699778,0.2439957163155715,0.3923256120741864,3.2229764498933915,0.7829375075721349,0.1455856041376736,0.0999009615543378,0.1280584733585399,4.040957494826647,99.27660538908172,70.79553154363221,0.7564159573116503,15.365585636576874,36.47185136775278,-17.030238690455807,0.0779772117845829,45.3,42.1,-1.5384615384615385,14.799999999999997,14.2,-11.5,5.799999999999997,1.6999999999999993,3.0999999999999943,9.261408531109696
713,Jiribam,Manipur,43838.0,True,Imphal East,inherited,inherited,4.7088632346109245,,26.0,28.873812931599804,17.2,28.95,40.1,59.1,46.55,18.45,35.9,1.473096202145783,2.2697706788164616,0.03945793398604776,1.164948527207124,0.007515796949723381,0.08831061415924975,58.18,11.7,1.9,50.3,14.833333333333334,0.0037578984748616903,0.8812271923550666,1.3509645017127778,0.005636847712292536,,40.5,9.799999999999997,21.0,198.12768129013293,,21.504505015865796,1.954955001442345,1.954955001442345,9.774775007211725,0.0,0.0,0.0,0.0,0.0,0.0,9.4661462581766,79.37057368755377,91.7,76.2,50.900000000000006,16.666666666666664,35.8,2.5,0.0,7.0,1.954955001442345,,4.425583916356716,7.81982000576938,1.954955001442345,1.954955001442345,,0.18734477163781588,,,4.269022334729233,,0.01668089005131479,0.0883324935844156,0.090443887972025,,46.150781188086846,,,,,,0.15108714431457654,49.9,79.0,,9.3,0.9000000000000004,3.5,10.900000000000006,2.6000000000000014,12.399999999999999,12.556746561779663
107,Jodhpur,Rajasthan,1378224.0,False,,direct,direct,6.2579017662874765,164.6767680251606,30.3,28.652250419664636,6.9,14.8,13.3,52.8,25.25,3.85,43.4,21.392279494463548,22.694710806493195,0.43882234062995823,10.819881042249486,0.0710041792929001,0.61179182390743,88.3,5.3,2.4,64.4,23.76666666666667,0.10836393642085047,0.8118006894156281,2.0099962149833175,0.08503988915312453,60.225764104737685,24.599999999999994,3.5,43.9,1285.7915651753583,31.93,15.810814342546943,0.5160187448611927,0.0,2.60073447410041,0.9907559901334899,55.37190082644627,28.99062225249198,12.479772626787023,0.0,1.791759469228055,49.280822171733625,245.7066599231137,90.0,81.2,70.0,14.43298969072165,13.6,0.16666666666666666,0.04128149958889541,87.5,2.4975307251281724,-0.1560658440326976,5.452070481223397,26.56093200656884,0.22704824773892476,0.12384449876668624,0.09551543056580081,0.1137796934024367,0.182167794266317,0.4040342648077859,3.3592661646067485,0.47906684869169314,0.0570429439057691,0.1122069029895178,0.2108670344140801,5.645373683546917,84.61460870489879,58.77469546385909,0.7183773856546938,39.52222506391154,24.519306915011562,-4.341085271317829,0.0758775727953064,34.6,56.1,19.848484848484855,-5.0,69.9,39.1,17.299999999999997,1.5999999999999979,23.200000000000003,15.656408354775714
778,Jodhpur (Gramin),Rajasthan,1744381.0,True,Jodhpur,inherited,inherited,6.360223305603932,,30.3,28.65225041966464,6.9,14.8,13.3,52.8,25.25,3.85,43.4,21.392279494463548,22.694710806493195,0.43882234062995823,10.819881042249486,0.07100417929290011,0.61179182390743,88.3,5.3,2.4,64.4,23.76666666666667,0.10836393642085045,0.8118006894156283,2.0099962149833175,0.08503988915312452,,24.599999999999994,3.5,43.9,1285.7915651753583,31.93,15.810814342546946,0.5160187448611927,0.0,2.600734474100411,0.9907559901334897,55.371900826446286,0.0,0.0,0.0,0.0,49.280822171733625,245.70665992311373,90.0,81.2,70.0,14.43298969072165,13.6,0.16666666666666666,0.04128149958889541,87.5,2.4975307251281724,,4.438022664020928,,0.22704824773892476,0.12384449876668621,,0.12177902391801271,,,3.3592661646067485,,0.05573858383000309,0.0327935889311203,0.0904109191558011,,134.02553584251848,,,2.857272654675598,29.032784211384765,,0.0788041207803608,34.6,56.1,19.84848484848489,-5.0,69.9,39.1,17.299999999999997,1.5999999999999979,23.200000000000003,15.656408354775689
290,Jorhat,Assam,924952.0,False,,direct,direct,6.038285231388621,518.8402236430472,21.6,21.333556299399554,17.15,26.1,19.9,49.5,31.8,17.45,71.8,6.378976799998551,17.231068606584145,4.075349709589448,14.48005247842141,0.4822807304727238,1.4003199344593875,109.67,6.3,3.0,74.1,29.133333333333336,0.07676172398199302,1.126613989351877,1.6654967991244545,0.05582670835054038,28.70125100482316,19.599999999999994,14.099999999999994,51.7,1276.441244000488,32.48,14.499436752154237,0.4652225695878365,0.15507418986261212,1.3734284129547583,3.4793519794853878,57.14285714285714,11.445236774622986,7.599637218349664,0.0,1.0986122886681098,47.97375137589769,535.0734122986022,96.5,69.2,56.6,11.650485436893204,44.4,0.16666666666666666,0.0,60.1,0.6409332593788872,-0.1868132679868632,4.9728130680908755,12.91022708177473,0.09156189419698389,0.09156189419698389,0.17489693590192218,0.1000058364425942,0.145055933956612,0.4565028711217883,3.926136571067449,0.25571744636077215,0.0059889980031489,0.0616174321605169,0.1263212978427792,6.170255071706499,69.32182397048336,136.5183619957226,0.8385117327127749,21.773418440042768,23.290919870479318,1.9201097205554603,0.11088902592767205,42.9,48.3,1.5789473684210475,,,,,,,6.405785428469198
449,Kachchh,Gujarat,2092371.0,False,,direct,direct,6.410255656006946,109.87535584276536,26.6,87.13020957199937,13.15,18.65,25.7,30.9,23.8,1.5,57.5,11.306774901061363,6.880102540381046,0.6590434476375175,4.184439872256616,0.21695943585943053,0.2573963199622635,98.87,3.2,0.5,68.6,30.366666666666664,0.17691136794989407,0.6450460646788445,4.95507356737022,0.0723198119531435,53.286732976904496,14.200000000000003,3.200000000000003,32.8,462.51280339007684,29.65,19.946270716108938,0.6609875286039999,0.0777632386592941,9.603759974422822,3.4604641203385875,21.818181818181817,5.832242899447058,3.654872216986823,0.0,1.0986122886681098,36.35159235986691,456.3776726760518,97.4,70.2,,14.375000000000004,15.8,0.13333333333333333,0.0,34.3,4.471386222909411,-0.3017038089706579,5.424579726074993,16.408043357111055,0.5832242899447058,0.0777632386592941,0.09871983304945871,0.0942730493940151,0.2808624369350053,0.3709800986536326,3.2538224387080734,0.3045514490707913,0.0088825226665317,0.1088283974134072,0.165519937411448,7.29239864037925,49.73096360770276,114.02041033831954,0.656796871397853,30.55162120446347,26.625079106771537,25.711543076553877,0.07006193170582015,24.1,67.2,72.63843648208469,5.800000000000001,13.799999999999997,25.200000000000003,14.700000000000003,5.899999999999999,26.5,9.97226284602037
746,Kakinada,Andhra Pradesh,2092374.0,True,East Godavari,inherited,inherited,6.315079276350503,,20.5,27.48633556082613,24.65,30.6,44.4,49.2,14.35,13.299999999999999,63.0,66.72607041829814,75.4209656561039,6.649670953417669,29.64947072226257,0.18987778982823852,0.9764887093151664,137.81,13.3,2.2,66.8,19.933333333333334,0.9576445052206811,1.961771380541092,0.20728624503933413,0.4687720104266153,,22.299999999999997,2.0999999999999943,19.700000000000003,1415.3115364401112,33.93,17.910967320281856,0.46661838710153125,0.07178744416946635,9.673358101835595,2.3689856575923898,56.25,12.102099864083513,10.310989084199154,0.0,1.0986122886681098,58.83214358881319,675.7368271846807,96.6,59.0,66.55000000000001,21.49901380670611,52.2,2.5666666666666664,0.035893722084733175,66.4,0.7745343913013449,,5.03307156549372,17.959516198299934,0.09681679891266812,0.3409903598049652,,0.028254308702077322,,,3.9116901587538613,,0.0064079028855660485,0.078351241207524,0.1826545329979019,,164.81880164990255,,,18.02293120158773,14.10412358593845,-28.430826012571845,0.08549043881999735,43.2,80.3,10.702702702702705,8.0,-4.5,-1.2999999999999972,-0.30000000000001137,1.3000000000000007,19.300000000000004,2.2395487663071934
358,Kalahandi,Odisha,1576869.0,False,,direct,direct,6.261695500960047,309.5721289949938,25.8,17.608203878561284,13.05,26.299999999999997,15.0,58.1,36.85,15.450000000000001,64.2,7.506491117813625,17.33997806016059,0.43627750462316484,8.579941791045778,0.45105729461667227,1.6416514885381068,111.09,4.2,2.7,68.8,27.933333333333337,4.799599950484201,3.3380429400151304,3.644586732473063,0.18064187769842457,42.922822101955305,35.599999999999994,3.5,71.1,882.4476153486505,33.2,15.765109326407961,0.9853193329004976,0.10947992587783306,1.1495392217172473,0.43791970351133225,,5.473996293891654,0.0,0.0,0.6931471805599453,58.72503224086966,305.84695272972016,92.8,91.3,,6.824146981627291,13.2,0.0,0.0,48.6,,-0.3176225340466775,4.629007912038693,9.470013588432561,0.05473996293891653,0.0,0.0351301188147422,0.0235896069749889,0.0495486148534202,0.4768500110028163,3.3564083270389813,0.27072129053470767,0.0103109669281272,0.1360373143200823,0.1902490091757782,10.604863346677607,64.69101424225505,71.19424631976403,0.6905864747381173,12.259562099799746,8.710401834774714,-1.9697102337389478,0.06334875483843685,26.5,28.9,1.6611295681063125,5.4,-1.7999999999999972,3.0999999999999943,18.299999999999997,3.099999999999998,49.900000000000006,5.160216329858459
729,Kallakurichi,Tamil Nadu,1694258.0,True,Viluppuram,inherited,inherited,6.158634623152618,,24.8,41.179733758425364,18.799999999999997,22.55,37.0,45.0,16.950000000000003,19.150000000000002,62.5,135.51244954751147,154.22071371280848,12.20067234009614,53.693156685116335,0.2661779448953826,0.9882238643817076,120.98,5.6,1.4,73.4,18.933333333333334,0.02175656254572731,4.964575615903151,24.611431487274462,0.6346797230136388,,46.2,1.5999999999999943,31.400000000000006,4515.093872311959,26.51,22.810396044035972,0.7478818375093764,0.40793554773238705,4.164056630665946,0.971613213822054,66.66666666666666,10.410141576664865,0.0,0.0,0.6931471805599453,135.07493867256846,2158.616446797659,99.1,88.5,67.0,18.25613079019074,28.0,9.066666666666666,0.0,77.6,0.2082028315332973,,4.6100649771088555,10.965349127420325,0.34700471922216214,0.13880188768886487,,0.04095398055771486,,,3.5126843962171637,,0.02186824000629683,0.1407551060304139,0.2533597954273296,,294.8038570339772,,,15.544423402275976,11.310364303868964,-5.953980517299295,0.10407243696229414,45.7,68.6,6.7796610169491265,12.399999999999999,-6.700000000000003,16.400000000000006,-0.10000000000000853,2.0,21.9,3.0384273544998
685,Kamareddy,Telangana,974227.0,True,Nizamabad,direct,direct,6.009729784003763,,23.4,25.55258350035137,15.2,28.4,21.0,41.3,15.649999999999999,29.25,58.9,53.3091999932776,66.89342888163559,6.591656128449554,28.060252820351344,0.007822763540661094,1.3904962193525094,125.53,7.1,1.4,71.6,37.26666666666667,0.2835751783489647,16.700622313868852,2.8142391837528287,0.35789143198524503,,31.799999999999997,0.5999999999999943,17.700000000000003,1370.9001966831534,36.72,18.872417041844887,0.586707265549582,0.19556908851652735,4.5958735801383925,6.747133553820192,9.090909090909092,9.778454425826368,0.0,0.0,0.6931471805599453,94.81678334002537,231.61149368468074,97.1,75.5,72.8,20.443349753694577,55.4,1.4000000000000001,0.293353632774791,66.5,3.2268899605227013,,4.613311488017119,10.462946235634213,0.09778454425826368,0.09778454425826368,,0.1310330483709579,,,3.775100498879025,,0.01861343219140614,0.1273839782578858,0.1740616853213934,,194.62951416147152,,,,,,0.07031097188098485,35.6,82.3,9.484704110985202,,,,,,,2.5300789062289826
618,Kamrup Metro,Assam,1253938.0,False,,direct,direct,6.205234455223872,2201.9762658401464,20.0,96.84865094103827,18.700000000000003,18.65,21.3,69.1,25.85,14.049999999999999,74.6,11.329015509870803,14.382419899203724,5.972778165414194,24.318140429458545,0.3291542502180038,0.8129112543262822,109.67,5.2,1.3,80.4,22.866666666666664,0.11719886182004682,0.8521853410000213,2.3221582993599705,0.025559326247988935,40.52488038277512,34.8,12.799999999999997,14.900000000000006,985.3993026081372,30.45,5.984622731236433,0.18701946035113853,0.06233982011704618,4.550806868544371,14.275818806803574,86.56716417910447,15.584955029261547,15.33559574879336,3.491029926554586,1.6094379124341003,86.32755949988439,525.7659386905523,89.1,53.6,58.8,24.046920821114373,38.0,0.26666666666666666,0.9350973017556926,45.5,4.176767947842094,0.3085262553325586,5.755028444396952,30.73353131770377,0.7480778414045541,10.348410139429665,0.17691270798158382,0.1381394018206439,0.1372418141069927,0.3915121800280396,3.917820481993697,1.2382964088961668,0.0044794946147229,0.0319085313781832,0.1730466710544154,5.959614530434232,65.04418140100624,350.84509760450675,0.8774350022048562,69.47024874203392,35.91281182929065,17.083779865094876,0.1326568584181368,49.1,85.1,25.31645569620253,-5.0,28.8,-19.199999999999996,-3.8000000000000114,2.1000000000000014,-0.09999999999999432,15.094719350856915
557,Kannur,Kerala,2523003.0,False,,direct,direct,6.2755345795296495,850.2746615736946,23.9,45.51612149548096,24.4,32.9,32.4,72.9,7.3,7.1,39.7,48.563891425771786,91.83077143825106,14.270116933527635,70.33519158891394,0.045069666679665915,2.959751522422296,164.0,0.7,3.3,37.2,17.099999999999998,2.4136132085392856,0.663319447250142,2.5498826713236875,0.038706890207242495,17.543795043432606,0.5,6.099999999999994,29.599999999999994,4453.5410850845155,46.73,26.61761490963799,0.47720823543175683,0.4241850981615616,20.30786157448476,9.17300274774377,59.45945945945946,13.2557843175488,3.1283650989415173,0.1060462745403904,1.791759469228055,63.768806269372966,3366.3822505278144,100.0,77.7,81.2,15.328467153284675,39.7,1.7666666666666666,1.6967403926462463,47.9,1.9618560789972224,0.43673924901563,5.479911279269782,23.75436549704745,2.226971765348199,5.832545099721472,,0.12945789527258425,,0.3266409116437832,3.787176992470554,0.31979369391708345,0.01017127442153341,0.1212464003001605,0.1179103559734451,20.953156917295267,55.07545145445793,158.98792034730042,0.7830163514298464,30.047151428274216,29.40586662472476,-9.631944887414685,0.1068425404461075,74.1,70.4,13.31828442437923,2.299999999999997,9.799999999999997,-9.399999999999991,0.0,-2.8999999999999986,0.5,-19.658410016533473
157,Kanpur Nagar,Uttar Pradesh,4581268.0,False,,direct,direct,6.720545431228294,1580.492485357323,24.5,43.72339430040394,9.55,16.75,25.2,70.1,28.15,7.7,57.0,3.289455023166205,2.860312930181548,0.66017468761143,10.072945002961369,0.08639933934147857,0.14330110688135103,86.91,7.1,3.9,76.3,27.933333333333334,0.07307785530204355,0.8236483274667826,1.0520166252856686,0.00647043510486844,102.81195267766924,22.5,1.2000000000000028,23.099999999999994,513.8783401972694,32.42,9.134731912755443,0.19030691484907178,0.0761227659396287,3.901291754405971,0.647043510486844,73.68421052631578,15.22455318792574,5.043133243500401,0.7612276593962871,2.0794415416798357,15.281454955465612,309.7201268578227,86.6,72.8,46.2,14.94661921708186,19.3,0.7666666666666666,0.0,16.1,4.338997658558836,-0.165464737069355,5.353168158223615,13.587913720223725,0.5138286700924937,0.2093376063339789,0.0787081937338456,0.0490943681798225,0.1897973735214747,0.3431870827028674,3.422589839851482,1.3900564662272632,0.0580943730173364,0.0652229596526805,0.1188673917530946,6.094243896776774,51.66477757288339,89.19779414782109,0.7121126471041678,19.369628100253372,24.633495680266282,-5.147058823529411,0.09811533610965516,58.5,76.9,11.363636363636363,8.3,11.200000000000001,21.9,10.199999999999989,0.3000000000000007,12.700000000000003,12.024569985301655
35,Kapurthala,Punjab,815168.0,False,,direct,direct,5.941568089928628,523.3082582254951,21.8,82.78782594360365,15.850000000000001,34.25,42.4,68.3,5.8999999999999995,11.25,54.5,23.94081244675391,31.812783127984552,22.49706488103482,67.34361664312208,0.14300193796742194,1.7320394726614146,126.06,3.3,2.0,68.7,18.86666666666667,0.41298959684991454,1.916225968763454,1.516964557958412,0.16130618602725197,76.46286990508096,12.299999999999997,0.5999999999999943,15.799999999999997,1117.6951390448437,39.68,11.440155037393755,0.5720077518696878,0.4576062014957502,2.6312356586005636,0.2288031007478751,30.76923076923077,0.0,0.0,0.0,0.0,43.907315033517236,1148.3307302194805,95.0,65.7,66.6,10.810810810810803,46.0,0.7666666666666666,0.0,20.7,1.4872201548611883,0.3478605076891965,5.616080226471087,31.34602480245889,1.1440155037393755,0.0,0.1098728476845445,0.1600857762785814,0.5382592283570747,0.3485968536547068,3.5186455243303114,0.8911119437348999,0.0642765571663542,0.0990809769600491,0.0915804251852967,5.830460767961165,25.58378731709044,144.07091544319698,0.6978763985626948,24.214232152147623,28.47449584816133,-8.137667635953301,0.09413751370966965,60.3,84.2,0.0,3.6000000000000014,-4.199999999999999,-34.3,3.799999999999997,0.5999999999999979,5.6000000000000085,4.431665671081585
6,Kargil,Ladakh,140802.0,False,,direct,direct,5.24192261912543,257.962116478253,24.5,3.7410245839352294,8.75,19.4,26.3,88.0,16.9,4.1,92.0,2.3087793374056624,6.662804886855546,13.583413918086414,46.23287655797443,0.011457961972236537,0.0,88.76,6.2,2.8,87.9,25.333333333333332,0.0,1.0999643493347075,17.822859847813934,0.0,14.371726339233213,57.7,9.799999999999997,41.9,1390.1773391485008,34.38,88.22630718622133,2.2915923944473073,0.5728980986118268,2.8644904930591344,0.5728980986118268,0.0,0.0,0.0,0.0,0.0,88.54713012144397,1275.7237570078298,93.7,87.5,53.9,20.384615384615383,32.0,0.3333333333333333,0.0,13.6,2.8644904930591344,-0.3276992020755648,5.329365984397355,20.05143345141394,0.5728980986118268,1.7186942958354805,0.3223958062288173,0.2411299341428491,0.29350535929515037,0.3684109600715899,3.552668216112193,0.018700380690288527,0.0044205849685068,0.0707583677094916,0.1486989622731265,22.97553125736749,40.52658305923094,78.1451968011818,0.9154775970189948,5.4425319368123555,91.36163982430455,73.04189435336977,0.05472116918629765,50.3,58.1,139.3939393939394,12.700000000000001,11.7,5.599999999999994,8.0,7.600000000000001,24.4,12.313606644173248
576,Karur,Tamil Nadu,1064493.0,False,,direct,direct,6.0566978041303035,385.9210444008063,19.1,76.73394213417969,26.15,26.6,34.7,53.3,15.7,14.7,65.0,130.38319719913693,187.91851500521787,26.35027863645845,37.01676611514341,0.10882379853191833,1.95882837357453,120.98,5.6,0.7,73.2,29.433333333333334,0.061432789493824864,3.526242116945548,22.627451593132665,0.35104451139328496,29.53370570107858,36.4,0.5999999999999943,27.5,3929.1113295558234,26.96,19.21968699878235,0.7020890227865699,0.6143278949382487,7.284173611410663,3.6859673696294917,44.18604651162791,13.164169177248185,0.0,0.0,0.6931471805599453,74.71543619366828,1832.055669175073,100.0,82.5,,11.368421052631575,47.8,6.033333333333332,0.0,74.6,3.773728497477813,0.2274639102843579,4.958670643187856,14.919391734214612,0.8776112784832125,0.17552225569664248,0.0648155961486726,0.0403552567803167,0.3601078022052162,0.5103819376924038,3.4127964287165433,0.6348543290943824,0.0169472612661523,0.1053529837551758,0.2045196051283508,10.86004508180276,209.04671573713804,87.82490819573262,0.705580335654462,19.904223795999258,14.854970430864544,-6.013012307819817,0.09886206420869921,51.2,72.5,12.935323383084576,3.3000000000000043,-3.3000000000000114,-4.900000000000006,0.0,4.699999999999999,15.899999999999999,3.139895800470211
7,Kathua,Jammu And Kashmir,616435.0,False,,direct,direct,5.86312552943275,254.6478210982972,19.8,24.816752896082203,12.100000000000001,21.25,38.2,96.6,17.7,10.8,53.6,5.831416146058635,13.089507781670042,7.2005312412202285,33.46588739614708,0.01644582696890802,0.4563716983871976,87.34,2.1,1.0,67.0,23.399999999999995,0.274097116148467,1.5993566727263049,8.995867351992688,0.552305689039161,30.56396619419202,24.599999999999994,3.9000000000000057,31.5,1342.7469525881102,30.07,32.206411147444875,0.6852427903711675,0.1370485580742335,2.0557283711135024,1.096388464593868,14.285714285714285,13.70485580742335,0.41114567422270054,0.0,1.0986122886681098,36.04514125910415,367.30109952359174,97.1,100.0,,9.584664536741217,29.9,0.6666666666666666,0.0,7.0,0.9593399065196345,-0.1896924366526048,5.205784745951047,15.486487062388386,0.9593399065196345,0.0,0.2391875224474617,0.1967187827569807,0.1450058813148484,0.3251453924582478,3.752969865029084,0.5591036499966907,0.0101579062434839,0.1183522296006502,0.1347535797495147,0.8042464288222417,52.26389456605643,87.88923406360769,0.7924988002510244,15.400146470801618,33.96744659206511,19.835768369414524,0.07792288643020155,64.9,68.5,44.57831325301205,13.600000000000001,1.9000000000000004,17.5,5.099999999999994,4.399999999999999,33.7,12.4367457077869
770,Khairthal-Tijara,Rajasthan,966821.0,True,Alwar,inherited,inherited,6.012439776595745,,29.4,46.61972654998104,6.1,23.05,17.3,53.0,26.1,6.800000000000001,53.2,23.39523363508001,27.616704067241205,3.0055226125166046,20.593362955299526,0.0408629149199362,1.299440694453971,88.3,6.1,4.0,63.2,24.5,0.05411575219126685,2.190031359087391,1.9819618139274995,0.007068179878043018,,34.0,2.4000000000000057,65.1,1240.4622553872318,38.33,18.04594675112858,0.8172582983987239,0.02208806211888442,4.417612423776887,0.9276986089931463,49.107142857142854,0.0,0.0,0.0,0.0,57.859236959175384,349.6259715030496,91.3,59.4,79.0,8.695652173913052,8.8,0.7666666666666667,0.02208806211888442,80.8,2.473862957315056,,5.1176277941633845,14.867969250240069,0.13252837271330659,0.0,,0.14491408505037567,,,3.2624510897304293,,0.1523656908345705,0.0905480076249811,0.110011547234369,,103.2904568818838,,,14.079869703707738,21.027213491759294,-5.878913862543849,0.11219794616818002,35.1,34.9,27.083333333333314,4.300000000000001,70.2,12.0,9.399999999999991,4.100000000000001,26.700000000000003,11.157031007808085
405,Khandwa (East Nimar),Madhya Pradesh,1310061.0,False,,direct,direct,6.188846050843963,260.3796652424094,26.0,42.28828482679052,9.25,19.450000000000003,13.7,34.6,25.9,7.6000000000000005,64.8,4.732289730781482,6.2011769262867045,0.3405177015582844,40.01730365366036,0.36188097941270153,2.070295835709874,92.55,4.2,9.3,86.8,31.466666666666665,0.10099004076633532,3.0646593140245604,5.0313756207433205,0.11717434217119674,51.47165345662704,23.299999999999997,11.299999999999997,51.7,719.3022127302795,34.91,13.724287591322492,0.45316043933612005,0.12947441123889145,1.2300069067694686,0.06473720561944572,33.33333333333333,7.768464674333486,1.8126417573444802,0.0,1.0986122886681098,57.63812365121729,390.8418157186168,93.2,87.9,,11.881188118811885,7.6,0.2333333333333333,0.0,38.1,0.9710580842916857,-0.3078839201652416,4.647690986031918,8.545311141766835,0.12947441123889145,0.0,0.0342853805705366,0.0347095858832609,0.2274451132993324,0.4678988230319046,2.9395192526186187,0.28123887986718793,0.0797558791060953,0.1017323829284391,0.1225621428044825,8.759382599469578,103.50706905410554,47.0947536030765,0.7899573723195618,15.465071050429387,12.977066016797945,-11.413950383802424,0.06735013980891286,27.9,48.3,4.285714285714286,0.7999999999999989,27.400000000000002,29.200000000000003,11.400000000000006,4.899999999999999,39.900000000000006,10.095827459105667
542,Kolar,Karnataka,1536401.0,False,,direct,direct,6.205250436345371,408.2946087376864,21.8,37.74287860413729,13.8,26.1,27.9,47.5,16.1,6.550000000000001,43.6,74.6092915901096,43.23917828789309,9.72714758595049,29.375312464287674,0.2131943395536444,2.2036315506495114,131.82,3.6,1.5,57.9,20.766666666666666,0.05735052409045405,3.0551621583403836,4.3430554493281885,0.3166746330212028,27.21186440677966,10.799999999999997,1.5,10.099999999999994,2242.660452418851,27.92,20.883071272067507,0.12467505237055228,0.3116876309263807,3.7402515711165685,2.555838573596322,3.614457831325301,12.46750523705523,10.784392030052773,0.37402515711165685,1.3862943611198906,116.7095632745977,570.1907546372693,99.6,86.3,,7.336956521739134,42.1,1.866666666666667,0.0,33.9,5.174014673377919,0.2251536766454317,4.89596126371465,13.215555551278541,0.7480503142233137,0.18701257855582842,0.07693779973038531,0.0616591085501537,0.2703219499315856,0.4672426013781558,3.5036545192429593,0.934403736930809,0.0150268354472985,0.1121315599631658,0.1841182719842227,10.007200861862463,102.3194494622274,80.04420720892527,0.6741990567571963,15.493992133350384,13.785587794578397,-10.432432432432433,0.0693577611475909,55.0,89.9,-0.5899705014749262,4.299999999999997,3.799999999999997,9.899999999999991,3.1999999999999886,1.8000000000000007,28.300000000000004,2.491045077575696
699,Kumuram Bheem Asifabad,Telangana,520719.0,True,Adilabad,direct,direct,5.74906247745823,,23.7,22.36448545044399,10.0,24.5,14.0,39.0,25.25,20.7,67.3,4.220065780401491,10.21512544478942,0.3083071706121022,2.7248651090514695,0.6308713202120473,0.46691606185185414,125.53,7.1,2.2,70.7,38.300000000000004,0.5346367120441078,6.410294177408852,0.8251226589214065,0.16573738073367345,,46.0,6.400000000000006,14.200000000000003,1425.384245246555,37.57,23.167590855244672,0.35642447469607186,0.0,4.81173040839697,6.059216069833222,3.4482758620689653,17.821223734803596,0.0,0.0,0.6931471805599453,79.03356301910698,178.52232664102152,82.0,76.2,59.2,12.251655629139076,27.2,0.7999999999999999,0.0,63.6,5.168154883093043,,4.6430991748626935,8.554187392705725,0.5346367120441078,0.17821223734803593,,0.05916668825766018,,,3.615107987443194,,0.01607061358602279,0.138026328008602,0.1508366989154359,,88.86123251059942,,,,,,0.07004068221746716,28.7,85.8,25.658617520043514,,,,,,,2.1123711681337936
264,Lawngtlai,Mizoram,117894.0,False,,direct,direct,5.191044584572515,50.59095142848511,32.8,34.137466347896726,13.4,16.65,14.1,44.4,71.30000000000001,14.049999999999999,48.5,2.370299550193584,5.713194839732905,3.0079616574467494,10.318532281005766,0.0644103138639561,2.69879215089976,138.78,2.7,0.5,55.3,21.933333333333337,11.948113221763853,3.4974800428128154,9.35881860443282,0.03864618831837365,46.05713383838384,9.700000000000003,17.799999999999997,43.7,540.8856106725713,40.56,27.052331822861554,0.6441031386395608,0.6441031386395608,4.508721970476926,0.0,25.0,0.0,0.0,0.0,0.0,40.36594369854128,217.88720973899063,53.7,70.2,,8.606557377049194,3.9,1.5666666666666667,0.0,31.3,5.1528251091164865,-0.3718708591976778,4.5544848264169,7.085134525035169,0.0,0.0,0.13568468390719968,0.0843989194409057,0.1122571420461288,0.386499737051928,3.864451747158183,0.025435336429689426,0.0125880584522071,0.100540832582638,0.0156364538790736,13.106963521005888,87.25687554485823,59.11242302407247,0.9352848328311092,5.584374212004993,30.072992700729927,-15.083251714005877,0.03322448063032225,32.2,56.3,-2.272727272727273,3.9000000000000004,4.400000000000002,28.0,7.800000000000004,1.4000000000000057,23.5,12.657104196908408
336,Lohardaga,Jharkhand,461790.0,False,,direct,direct,5.807979720399692,305.6822785698122,32.4,29.581843929345176,9.85,18.85,7.0,62.6,32.25,22.75,61.7,6.166579742885431,5.8927170038625105,0.12603910148213976,13.016260295038261,0.10736664200330426,2.6686056671835767,86.87,5.0,0.6,68.7,36.900000000000006,2.036854121482975,2.6732737820532857,2.9206838701478564,0.155603828990296,50.14124913911846,32.3,21.599999999999994,66.0,499.7979426785409,31.06,13.537533122155754,0.622415315961184,0.155603828990296,1.4004344609126642,0.9336229739417762,16.666666666666664,0.0,0.0,0.0,0.0,21.27882361442298,132.97436414023727,84.1,88.2,,6.18181818181818,10.9,0.13333333333333333,0.0,58.9,0.9336229739417762,-0.3075503427030863,4.6213946018947745,7.313379962543912,0.155603828990296,0.155603828990296,0.045678142072078,0.0402458045595786,0.10894025420756011,0.4792914528248771,3.232487866352986,0.4005237182571486,0.0317806887573403,0.1230763050991801,0.1210503570669156,8.29970263081421,41.64715325299858,44.26687455336841,0.8301536053223755,7.773967296355189,0.42288003561095033,-25.73212427530846,0.07359523836704045,35.0,34.0,3.4090909090909087,-1.0,43.3,28.200000000000003,12.299999999999997,1.8999999999999986,48.2,12.397439830187688
235,Lower Dibang Valley,Arunachal Pradesh,54080.0,False,,direct,direct,4.837541080921601,31.42739376853139,24.5,125.72591824271015,11.05,31.85,16.8,75.1,36.35,34.5,34.6,1.0175528126939197,2.1223244379044606,0.10175528126939196,1.3664280627604062,0.0,1.3373551252548657,59.99,2.8,1.0,51.5,10.533333333333333,0.3924846563247975,1.2937457189965549,3.5178254381704077,0.014536468752770279,10.21760021133592,10.099999999999994,0.5,42.6,922.0046035819606,44.85,24.711996879709474,5.814587501108112,1.453646875277028,2.907293750554056,0.0,0.0,0.0,0.0,0.0,0.0,26.630810755075153,135.45081583831347,90.1,73.8,,2.8985507246376967,11.0,0.13333333333333333,0.0,36.8,1.453646875277028,-0.3870462478018196,5.26237665864864,11.629175002216224,2.907293750554056,0.0,0.1651883650415136,0.1108894677055804,0.4671134299466611,0.4128328402366863,3.78625439578978,0.007321510645674694,0.002752810469751,0.1781854265918783,0.237395852435178,14.018991685187787,22.291724481860005,111.0576923076923,0.9447219447219448,19.15906581615123,43.113207547169814,-2.945508100147275,0.06940834199680025,51.9,57.4,,0.3000000000000007,-22.800000000000004,36.5,31.299999999999997,7.5,20.900000000000006,12.944572118941153
719,Lower Siang,Arunachal Pradesh,12912.0,True,West Siang,inherited,inherited,3.9069596519336884,,23.7,239.2869364177999,10.149999999999999,36.900000000000006,27.4,72.7,30.599999999999998,38.349999999999994,30.5,53.52345856305973,82.10733045404841,3.834421839035066,150.20792989277862,0.1267577467449609,0.8239253538422456,59.99,3.1,2.2,45.6,18.599999999999998,3.8661112757213063,2.3450183147817767,35.20696415841288,0.3485838035486425,,12.299999999999997,0.9000000000000057,42.9,2544.3765609749134,53.95,136.28028503047915,24.7782336419053,0.0,0.0,0.0,0.0,0.0,0.0,0.0,0.0,56.3438184281351,627.1656414573802,84.6,55.4,19.5,3.588516746411487,17.8,0.3,0.0,26.6,12.38911682095265,,5.6462145899141225,37.16735046285795,12.38911682095265,0.0,,0.13910570800012287,,,4.1529912100386195,,0.002949669582244689,0.1997750107115652,0.2370033494597032,,57.53921067754776,,,,,,0.0884387746793254,46.3,57.1,,,,,,,,17.221879858324748
165,Mahoba,Uttar Pradesh,875958.0,False,,direct,direct,6.032433764003051,290.60170883346257,32.4,31.59880053393299,12.65,22.25,19.9,52.6,26.849999999999998,8.75,47.1,5.030899518178235,8.31151744785174,2.850007825184534,19.99274457113332,0.06403469226236824,5.614636060685911,86.91,3.4,4.2,60.5,33.23333333333333,3.0300473947338014,5.897687961265944,11.389822871536891,0.016704702329313457,76.59066099782068,33.3,0.0,34.900000000000006,804.3369853905525,29.41,15.498251605529703,0.37121560731807673,0.18560780365903837,0.37121560731807673,0.0,4.166666666666666,0.0,0.0,0.0,0.0,63.96323325795951,258.6695314523639,93.3,76.2,63.1,11.708860759493676,14.7,0.43333333333333335,0.0,18.2,2.2272936439084603,-0.3172387504797402,4.6354691233642855,6.589077029895862,0.09280390182951918,0.0,0.0335626474100097,0.0472642445993686,0.13564518994602642,0.3991926553556221,3.380030247967831,0.49443417707120607,0.1659923015073011,0.0924003797591939,0.0967970014745216,11.69042099784079,59.44920504429898,45.1631242593823,0.7741462551502742,15.750678218505994,17.62185324049277,-1.3657232521648166,0.06532579699728135,33.8,65.1,4.2682926829268295,5.899999999999999,8.2,34.5,31.699999999999996,3.5,45.5,9.58392467063894
415,Mandla,Madhya Pradesh,1054905.0,False,,direct,direct,6.059216399880759,216.70888853315049,25.1,23.18591223697629,13.25,27.65,10.7,49.3,43.5,16.1,60.6,4.507523524487996,7.129495686912778,0.9720056535578062,16.294619012739705,0.18061505411711481,0.5523156002711772,92.55,9.2,3.5,70.2,27.0,0.8646836648795206,6.270919777486493,3.799896428405966,0.16665447022400448,43.50907550384225,41.6,20.299999999999997,77.7,757.7054555796029,33.46,26.874123994237372,0.6980291946555162,0.17450729866387904,1.3960583893110323,0.3490145973277581,10.0,0.0,0.0,0.0,0.0,61.573155260563084,327.9707621818809,87.6,88.9,69.95,7.065217391304338,10.2,0.13333333333333333,0.0,42.6,0.8725364933193953,-0.3688090899759026,4.66134614757495,7.678321141210677,0.17450729866387904,0.3490145973277581,0.0455755139118093,0.0264874766292496,0.0683265973054233,0.5305207577933558,2.866877814337499,0.2094682422270275,0.0170320762166383,0.102698520935299,0.1458843489489194,15.105788058294344,50.01372754767613,35.54253700570194,0.867685496346082,11.544530343108919,14.431334778072078,-6.1564649975175545,0.0915815219265861,30.5,22.3,10.104529616724738,3.0999999999999996,4.899999999999999,33.800000000000004,28.39999999999999,4.799999999999997,43.3,10.30628430034849
735,Mayiladuthurai,Tamil Nadu,918356.0,True,Nagapattinam,inherited,inherited,6.0082017260561225,,20.8,54.08948080484839,19.65,28.3,31.9,45.6,17.65,17.299999999999997,62.6,161.7878749863206,203.98247568838454,11.929445277436287,29.710997624563603,0.12209311691553168,0.765451367694178,120.98,5.7,2.5,60.9,23.03333333333333,0.2246736352372569,3.8378493919932417,41.45367945831631,0.3913669775100604,,30.400000000000006,0.0,41.0,3667.5194588453696,28.85,18.007340987998507,0.6132530986624879,0.6690033803590777,4.808330973581244,3.238263716901654,50.0,0.0,0.0,0.0,0.0,118.55631904470003,1779.3365831818821,99.7,93.8,80.8,12.756264236902052,49.4,9.633333333333333,0.0,70.9,0.19625840708494874,,4.880017661931275,13.05118407114909,0.09812920354247437,0.0,,0.052078499314978766,,,3.668012971641832,,0.009866136188887408,0.1129596734019837,0.2579526097534383,,126.8454311266221,,,17.325692177459274,9.925498678202354,-7.816007936093563,0.11070941193148644,53.7,59.0,8.090614886731398,5.0,18.500000000000007,54.8,-0.29999999999999716,3.1999999999999993,27.099999999999994,2.26799701091078
513,Medak,Telangana,801131.0,False,,direct,direct,5.925981738970284,317.62944543086627,23.4,44.186601261709775,16.75,27.799999999999997,23.3,31.9,16.3,38.9,54.4,18.658855795550938,21.89376895794452,1.7135078884379478,8.693236214628785,0.2075182563852186,0.5680071131915412,125.53,13.3,1.2,70.0,33.233333333333334,0.22293389828812055,5.467809601098531,3.894228308394616,0.31424193109761667,33.93176909342242,21.799999999999997,0.09999999999999432,19.900000000000006,930.4810303475143,31.24,20.633243777730307,0.23716372158310697,0.23716372158310697,7.114911647493209,8.300730255408743,12.0,23.716372158310698,3.5574558237466043,0.0,1.3862943611198906,79.8672548803271,233.23866199090654,98.9,69.3,65.3,18.918918918918923,51.3,2.3666666666666667,0.0,61.2,2.964546519788837,-0.1061762844002626,4.572179892450255,11.739604218363795,0.11858186079155349,0.3557455823746604,0.0765883993073491,0.05846471487264,0.6102634911308034,0.4754586442171004,3.788168371141168,0.8908557716823884,0.0044629467220537,0.0606506021553712,0.1146501213297168,7.573841208585463,221.81535861016812,135.1246568080578,0.5697803216613967,,,,0.0614418662862121,39.3,80.1,29.328937809915907,,,,,,,2.6006184845470304
170,Mirzapur,Uttar Pradesh,2496970.0,False,,direct,direct,6.499740497663545,544.814001158931,31.9,20.49273255331755,10.350000000000001,25.35,22.3,58.3,23.8,7.05,42.1,1.276741694628832,1.4352664998355344,0.19902615264474233,8.736583625872782,0.05695501983474343,0.18383814735547743,86.91,3.8,2.6,59.8,27.833333333333332,0.8350238741327107,0.8378716251244479,2.967040116613273,0.009492503305790573,69.1685194431391,27.700000000000003,3.0999999999999943,57.5,529.1811131221219,39.73,9.52414498347654,0.5062668429754972,0.06328335537193715,1.4238754958685857,0.09492503305790573,38.46153846153847,3.164167768596857,0.0,0.0,0.6931471805599453,24.29606221117097,174.4842345979514,91.1,68.3,60.8,7.073954983922833,17.6,1.4333333333333333,0.0,15.0,2.468050859505549,-0.1385600360480291,4.663396854403502,6.992810768599055,0.5062668429754972,0.0,0.0652403790886295,0.0792995311024963,0.1975689151551051,0.3532265105307632,3.4111144185509046,0.7434424924277767,0.0467530154691969,0.1017527466791186,0.1364149552988072,14.517723019276874,44.04715278002249,47.86881700621152,0.6742576990972751,11.30715352108087,10.540011020633074,-2.727495440564009,0.08859745472759845,43.8,42.5,-0.9375,9.0,8.7,21.799999999999997,18.39999999999999,2.8999999999999986,48.5,9.347367324491202
246,Mokokchung,Nagaland,194622.0,False,,direct,direct,5.253311847350615,122.7171731446234,20.4,74.46319021183895,9.35,26.049999999999997,15.2,73.0,37.6,11.899999999999999,25.0,8.203619097009911,22.981294858154296,1.6128203530856222,21.73680026044463,0.18416287768797762,0.4799396206413962,92.52,2.4,0.9,35.5,22.0,0.2957767429534186,1.0770737998115054,1.5402713406630857,0.027903466316360245,27.414702589563863,3.299999999999997,2.5999999999999943,53.8,532.2976848374145,33.97,39.064852842904344,1.6742079789816144,0.5580693263272049,6.138762589599253,0.5580693263272049,40.0,0.0,0.0,0.0,0.0,42.697884157294446,177.9571467792191,51.5,92.0,,2.5157232704402483,3.8,0.13333333333333333,0.0,22.3,8.371039894908073,-0.1686038556902632,4.720056381274031,13.393663831852916,1.1161386526544097,1.6742079789816144,0.2408996701786999,0.1883210163138615,0.1461577563976994,0.5141607834674394,3.795393334931289,0.12498229938273163,0.0023698002427789,0.0543125224454115,0.0957069616186785,0.4924750980100478,92.82564373832074,81.73793301887763,0.8339200402313302,4.029260536082419,67.2686230248307,-14.657210401891252,0.07448616328947885,55.8,46.2,7.352941176470589,-6.900000000000002,17.3,40.1,6.200000000000003,0.8000000000000007,5.900000000000006,-8.68299546141427
171,Moradabad,Uttar Pradesh,3126507.0,False,,direct,direct,6.585483316772694,1378.6495974757931,29.4,19.830294042399903,11.2,23.450000000000003,17.0,69.7,18.1,7.050000000000001,44.9,5.30387998696928,3.419562406759588,0.25479194296150354,15.0103881341225,0.1093449622699215,1.027479027885533,86.91,7.0,2.2,67.6,26.933333333333337,0.18986025515276156,0.8703443433883775,0.30414002569614745,0.0005194535024699358,65.18084793849046,21.0,0.20000000000000284,41.7,575.9279678049649,30.64,8.493064765383451,0.07791802537049038,0.05194535024699359,2.9608849640786343,0.7791802537049037,76.8,6.493168780874199,3.6881198675365447,0.0,1.0986122886681098,20.881771072540186,292.4092072498689,80.3,84.5,71.95,5.519480519480523,22.5,0.6666666666666666,0.0,17.1,3.2725570655605956,-0.0910416328577612,4.856600855984615,8.986545592729891,0.5194535024699358,0.025972675123496793,0.054334941795228506,0.0773253746123765,0.2732151640883128,0.2971100623092259,3.7692295817365937,0.9181370832766931,0.1196091305864349,0.0777044519047522,0.1609522053600658,7.656214324120425,78.48232792603771,69.9447988958941,0.6873930798107719,14.819748698716035,14.735224869308434,-3.80828753498095,0.05930121727660555,42.6,58.3,16.87820497044337,,,,,,,10.070322619150588
673,Morbi,Gujarat,960329.0,True,Rajkot,direct,direct,6.047855324870149,,22.6,71.10177449483965,18.25,16.75,24.6,38.8,31.0,1.05,50.7,22.240210069414605,25.03467889534081,2.4200816562989114,10.635999137138997,0.14868007214863777,0.8652105403348439,98.87,3.7,0.9,75.3,30.13333333333333,0.7899748411752923,2.982558073825083,6.656568049449855,0.07702702533001715,,19.900000000000006,1.7000000000000028,26.400000000000006,877.8384941735405,32.41,20.779383577399976,0.5373978511396547,0.17913261704655153,6.000942671059477,1.6121935534189638,13.157894736842104,8.956630852327576,0.0,0.0,0.6931471805599453,45.703895913257156,542.0956040217004,94.8,64.2,,16.29834254143647,20.2,0.06666666666666667,0.0,34.4,3.493086032407755,,5.158272601334927,15.136706140433603,0.6269641596629304,0.08956630852327577,,0.1358569547347272,,,3.1370374547895126,,0.07231776113710255,0.1269786514938495,0.0629921083762337,,157.20135050097875,,,36.03342158199907,36.09159510798855,24.51948373518215,0.08400801843402808,35.4,73.6,149.43529809028658,,,,,,,9.299816655845044
482,Mumbai,Maharashtra,3085411.0,False,,direct,direct,6.521875670198656,39667.93529907918,16.2,115.79834684460958,17.85,22.15,25.0,54.4,12.8,8.55,45.9,18.34839583611425,13.373429179124079,9.976552964707947,26.55806016317173,0.5873473075106653,0.9430961972064104,92.93,3.5,1.7,72.8,27.166666666666668,3.7705206676262297,1.0284729481394705,1.5074029666923465,0.031839190085953296,39.936664496527776,41.4,0.0,1.7000000000000028,1088.1636002415948,48.22,3.6083244062261497,0.0,0.0,5.863527160117493,3.4880469260186113,85.71428571428571,30.069370051884583,38.75941799687923,5.412486609339224,2.8903717578961645,45.2654857422927,1081.5063760494077,99.5,,,17.662337662337666,30.4,0.39999999999999997,0.1804162203113075,30.7,0.8419423614527682,1.137754935640081,6.872809014918341,29.648398871158196,1.713954092957421,1.0223585817640757,,,,0.4162803594075473,3.794766797940821,3.559927724275705,,0.1710569795104841,0.1325976107434345,1.0467601560913753,94.11335734588044,335.5546473387176,0.7907650165552039,40.186510299541666,30.562917051526632,-2.302698909324834,0.1435396671295166,71.1,98.3,,-9.0,16.0,,2.0999999999999943,3.400000000000002,18.4,5.186445723029239
483,Mumbai Suburban,Maharashtra,9356962.0,False,,direct,direct,7.071614785786594,15517.34991708126,20.2,108.47028058794183,20.35,27.3,40.4,58.3,12.95,5.15,50.0,15.692091339563802,11.437352566209164,8.53224346010988,22.713239326451095,0.5023168063206614,0.8065637890496034,92.93,1.7,1.7,65.6,26.8,3.2246609045597165,0.8795805141019275,1.2891756451159695,0.02722981798894534,38.55928086742912,37.4,0.20000000000000284,1.2999999999999972,930.6297269743177,48.22,,,,6.215687744864322,3.391916913977802,51.85185185185185,1.695958456988901,0.5087875370966704,0.0,1.0986122886681098,38.71238353162795,924.9362717521373,98.1,,,17.71058315334773,31.7,2.466666666666667,0.09327771513438957,20.2,0.45790878338700336,0.9723784557854926,6.084341331144552,13.533748486771431,0.05087875370966704,1.1956507121771753,,,,0.3991702648787074,,3.105548855479649,,0.1240433628911461,0.1463974490358113,1.4322043807566187,145.1167120109113,178.25956758187112,0.7162919192694345,10.242317111370221,33.782480371920755,0.33310074428495484,0.1435396671295166,65.7,98.7,,4.100000000000001,7.799999999999999,,4.199999999999989,2.1999999999999993,36.7,12.83032330370979
694,Nagarkurnool,Telangana,833087.0,True,Mahabubnagar,direct,direct,5.965844557981353,,23.8,18.18172300938258,13.5,25.950000000000003,22.8,46.7,18.5,33.65,54.0,36.57096180430996,40.10527129150655,0.8741114372986968,6.825209230095889,0.048681948859457126,1.3241490089772339,125.53,3.6,2.9,75.1,31.100000000000005,0.007572747600359997,7.3206832873765855,1.5415950472161424,0.5376650796255599,,26.799999999999997,0.4000000000000057,12.700000000000003,1262.702653126827,47.31,22.177332258197136,0.43272843430628555,0.10818210857657139,3.89455590875657,11.900031943422853,2.857142857142857,16.22731628648571,0.0,0.0,0.6931471805599453,61.91262073837181,258.6601761433249,98.0,81.1,86.6,18.32884097035041,53.0,1.6000000000000003,0.0,68.6,3.7863738001799985,,4.5698844537213805,10.06093609762114,0.3245463257297142,0.21636421715314277,,0.03731143901772581,,,3.473632926873841,,0.03224293991626091,0.15871627341496,0.2142774632546382,,223.51112210136824,,,,,,0.05963678355833987,36.0,87.3,13.274094554057495,,,,,,,2.3346310514498994
209,Nalanda,Bihar,2877653.0,False,,direct,direct,6.561710421406561,1245.9328586364095,37.2,19.025498463488322,12.35,13.7,16.0,68.1,26.299999999999997,10.9,71.0,1.799123560541549,1.8092741509258181,0.00768152785836587,19.423291870439414,0.0019203819645914675,0.16103774474502733,82.08,12.4,5.3,80.3,39.03333333333334,0.07352319521578761,0.6230267773696032,0.5530700058023426,0.00630982645508625,86.4066453151801,47.5,1.0999999999999943,59.0,766.7777923499394,33.18,16.51528489548662,0.08230208419677718,0.08230208419677718,0.8230208419677717,0.19203819645914674,38.88888888888889,3.292083367871087,0.3292083367871087,0.0,1.0986122886681098,44.28318508263727,49.08386565383528,80.3,75.2,79.35,9.79591836734694,17.1,0.13333333333333333,0.0,12.8,0.987625010361326,0.0298473027009599,4.65668542309835,6.968243128660467,0.13717014032796196,0.0,0.0661294943110779,0.0916017166588704,0.0615066634972629,0.3632891109525714,3.419790586106363,1.005233023395777,0.0323329960932132,0.0988012322376006,0.1930956943445938,14.71478861501132,42.586042288023336,36.47660089663347,0.8706164794649747,6.803364619986257,3.544521413763463,-12.780923574719516,0.0621625749972618,28.8,41.0,36.56884875846501,5.800000000000001,-14.399999999999999,10.0,1.7999999999999972,2.5999999999999943,21.0,14.392926827014726
514,Nalgonda,Telangana,1618416.0,False,,direct,direct,6.2547875017530865,256.42014431990776,23.9,27.29985817242213,15.4,22.65,28.5,50.6,14.15,29.4,54.3,49.014151007696874,60.17660985373131,1.53949606805298,32.49182091606036,0.19966730073374991,1.0962235368975517,125.53,4.6,5.2,74.5,29.833333333333332,0.13848790496574853,3.5495173071944066,1.4221428634434499,0.5205810403531752,35.19923665272976,23.599999999999994,0.7999999999999972,5.400000000000006,954.7517459473003,30.86,16.462819224844004,0.05561763251636488,0.22247053006545953,5.895469046734677,4.338175336276461,29.03225806451613,19.466171380727708,8.064556714872907,0.8898821202618381,1.6094379124341003,58.26280711884319,308.2957673304377,98.3,78.3,76.7,17.365269461077848,65.7,2.0666666666666664,0.05561763251636488,64.8,6.8965864320292445,-0.1512369748888964,4.745329203510426,12.847673111280287,0.11123526503272976,0.5005586926472839,0.045087930726332,0.0296355145782359,0.18063686289651018,0.4992228006749581,3.63558426631123,0.6442901638916553,0.0137495017967076,0.1224979800549608,0.1977731622545631,9.465502348352173,245.55992348238908,126.76217012739876,0.7254917478614988,,,,0.10412277708353115,40.9,94.6,-8.79757881020227,,,,,,,2.0392730324967694
210,Nawada,Bihar,2219146.0,False,,direct,direct,6.46617218557413,970.5531096157092,33.4,14.897214626776268,10.55,16.5,15.7,61.1,25.4,14.399999999999999,70.4,2.0459356465558174,0.058797148071445385,0.03042410568813162,2.8232886390817873,0.008204253219271448,0.022903540237132793,82.08,3.4,2.8,73.3,34.96666666666666,0.041704953864629864,1.1349216953325503,0.039995734443948314,0.005127658262044655,75.76713375466224,52.1,0.7000000000000028,59.3,376.3755859362239,46.05,14.870208959929501,0.06836877682726207,0.06836877682726207,0.17092194206815517,0.06836877682726207,21.052631578947366,0.0,0.0,0.0,0.0,22.081747539669102,69.84793531391989,79.9,74.5,84.4,10.460251046025098,12.4,0.09999999999999999,0.0,8.1,0.6495033798589898,-0.0741133569781116,4.455341074917625,5.196027038871918,0.3076594957226793,0.0,0.045094252475587696,0.0610737306119174,0.0585975934338157,0.3681781189700903,3.456214155357989,0.7255048721847502,0.023137848533247,0.0970083575658349,0.1566297365453317,38.64632049870615,50.30295297679911,38.21920684803974,0.6609168297686703,6.494008266937487,6.45842963745625,10.082864924378514,0.0575963539525009,37.3,40.7,10.913705583756345,4.699999999999999,-10.6,11.0,12.100000000000009,5.300000000000004,17.7,13.979645012077558
80,North,Delhi,1405723.0,False,,direct,direct,6.452762952202553,14848.642456579204,25.8,33.061266727875754,13.7,32.1,43.3,64.7,13.600000000000001,7.3999999999999995,45.9,18.73767934380972,18.16229611071853,0.3215376890803707,22.223119688380493,0.05570499438015195,0.5394217810229904,120.33,11.5,2.3,62.5,23.099999999999998,0.2573711765665248,0.4939411210543853,7.402418113959938,0.04900629252431089,111.70999348958334,10.5,1.7999999999999972,0.29999999999999716,1309.9805067654986,33.04,1.6923036267387934,0.0,0.10576897667117459,3.1378129745781798,3.0673003234640634,,2.115379533423492,1.8685852545240842,0.07051265111411639,1.6094379124341003,13.494006043708453,814.8374975728732,89.2,86.4,66.5,12.219451371571068,23.5,0.3333333333333333,0.4583322322417565,19.4,,0.915804372041214,5.778912001654828,16.817267290716757,1.7275599522958516,2.397430137879957,0.5263690019654279,0.3173126747975484,0.4010323241185277,0.3338438564919401,3.29928933408768,3.410002945959904,0.0338316883721939,0.1051901900135539,0.1008597839585176,-0.7845304504038864,88.64997763894385,356.3376570140251,0.4396308703621768,21.027225125485078,58.18815331010453,-5.6208757299067935,0.13524006614428555,59.8,99.7,,,,,,,,20.19389653000325
82,North West,Delhi,3656539.0,False,,direct,direct,6.343062098636927,8284.083523653102,25.9,211.05357946626066,12.25,27.1,41.8,61.5,16.55,11.95,47.2,81.06964303367644,51.88128547414819,7.04734372835521,77.14542496995782,0.3912417269171244,1.8890348810082038,120.33,12.7,5.7,67.5,17.099999999999998,3.443108747556039,2.8961873079561147,10.117365817528562,0.04175665762920585,109.0825445970226,29.799999999999997,0.7000000000000028,1.9000000000000057,4062.387666676677,34.36,4.266441105592771,0.0,0.2723260280165599,2.269383566804666,3.086361650854345,,5.673458917011665,0.0,0.0,0.6931471805599453,118.6274871875803,3619.176148326299,89.7,66.2,73.7,17.241379310344822,21.7,1.0,0.04538767133609332,18.1,,0.8993930325892912,6.303782807649633,18.790495933142633,3.177136993526532,0.3177136993526532,0.5263690019654279,0.3173126747975484,0.4010323241185277,0.3250464441921719,3.467756051244033,3.000854158327037,0.0338316883721939,0.1051901900135539,0.1008597839585176,-0.3295529831595201,88.64997763894384,78.03444732847099,0.6782845487425351,52.905231339490456,26.4441117211039,-0.8489209857010402,0.13524006614428555,53.9,98.1,394.7368421052631,,,,,,,20.54040796451767
237,Papum Pare,Arunachal Pradesh,176573.0,False,,direct,direct,5.359391334560623,128.20439426125623,30.5,134.4430999259064,11.15,26.650000000000002,31.1,68.0,29.900000000000002,29.400000000000002,38.4,1.4381512509956824,5.826916770751504,0.2360491415008111,36.99851729005306,0.9092263228179391,1.2720425958654822,59.99,4.6,1.9,53.4,18.1,1.8403090476266941,3.0205547551307497,5.3941600113333505,0.06556920597244753,16.529876865390413,24.299999999999997,7.099999999999994,18.700000000000003,1571.7026097203636,37.23,23.60491415008111,1.7485121592652673,0.4371280398163168,5.2455364777958025,0.4371280398163168,30.76923076923077,43.71280398163169,0.0,0.0,0.6931471805599453,124.46783805729807,315.99111742241917,88.0,60.7,44.0,17.275747508305646,16.5,1.9333333333333333,0.0,26.9,5.682664517612119,-0.2121996924272347,5.850449168300427,31.910346906591133,0.8742560796326336,0.4371280398163168,0.13300432047970628,0.1251867479305375,0.4147571952431029,0.3724918305743234,4.235174807456458,0.16953019858119653,0.0013755265195868,0.0622235404170692,0.1722814492770408,6.243749117436659,36.09616704733859,122.26104783857102,0.9293589030943116,66.40849180889485,54.43189468172638,-26.09457092819615,0.08731309643923321,50.5,81.3,,4.700000000000003,-19.700000000000003,25.800000000000004,7.400000000000006,-0.3000000000000007,5.200000000000003,15.587310503683424
564,Pathanamthitta,Kerala,1197412.0,False,,direct,direct,6.030489943560983,438.4984152894826,16.4,78.98175139514626,33.400000000000006,42.0,43.8,61.6,11.9,12.0,36.4,117.55534026963294,111.97238215635565,38.702232758212205,95.6001174471406,0.09228800354223592,6.357618021798475,164.0,4.7,3.5,44.2,15.1,1.8532176872925759,0.5910161034927027,11.243288997201084,0.07550836653455666,16.811326143808113,1.0999999999999943,5.900000000000006,39.9,5208.5550049269905,33.66,28.3389425018583,1.118642467178617,0.4661010279910905,28.059281885063648,9.415240765420027,60.0,41.94909251919814,8.762699326232502,0.3728808223928724,2.0794415416798357,195.22082236173236,4493.197130197104,99.1,,78.6,24.7978436657682,57.6,4.2,4.008468840723379,50.1,1.864404111964362,0.3612430391834396,5.839416751096796,38.49994491206407,3.5423678127322873,6.152533569482394,,0.15131314451251862,,0.3280357972026337,,0.2704500027846426,0.002949669582244689,0.0975494108143497,0.1127651376984348,15.201786080165247,26.695827208616578,148.48523315283293,0.8329171306763855,27.794536501164707,35.32737880861485,-18.673285690906116,0.14405051260281526,84.5,60.1,11.76470588235294,4.099999999999994,8.200000000000003,,-0.9000000000000057,0.3000000000000007,1.8000000000000114,-14.999526600320323
456,Porbandar,Gujarat,585449.0,False,,direct,direct,5.838722178033246,255.3938572265744,20.8,50.08129965147964,17.95,16.0,27.8,39.8,38.2,3.15,47.6,45.97575224764155,46.53968513609248,0.8103817085965703,24.8391416727972,0.008698193652199324,1.235143498612304,98.87,5.6,0.8,77.9,21.833333333333332,0.1623662815077207,0.5305898127841587,1.7657333113964626,0.021745484130498306,43.68548827250336,14.299999999999997,3.799999999999997,23.099999999999994,683.9853572385779,34.13,14.496989420332207,0.5798795768132882,0.14496989420332204,8.843163546402646,2.4644882014564753,15.789473684210526,14.496989420332207,0.0,0.0,0.6931471805599453,47.13261200338407,790.0409827409022,100.0,82.9,67.2,17.70186335403727,19.2,0.3333333333333333,0.0,42.1,2.8993978840664414,-0.1805733142361411,5.308555589532754,12.757350689892341,0.5798795768132882,0.0,0.0323840896773853,0.1011875582437964,0.3170775935314804,0.3948576220985944,2.8363241157067516,0.528853158945872,0.03231450802699,0.1061128307820393,0.119928382772054,10.15691628046227,34.07113282996189,92.19078006794784,0.6928834787764252,15.666896466553014,25.067304816033502,-1.7545454545454544,0.05879464535774675,35.9,76.9,5.05050505050505,3.0,31.8,14.100000000000009,2.700000000000003,1.8000000000000007,11.5,8.099741019976706
120,Prayagraj,Uttar Pradesh,5954391.0,False,,direct,direct,6.868875498202446,1127.6172331154376,31.5,17.78444622712103,14.55,15.149999999999999,25.5,48.8,28.25,6.35,46.4,8.866593992287486,6.2934031672709105,3.2680848888731497,43.53271924601521,0.14633619639797832,0.730058029719304,86.91,3.8,0.7,50.5,28.53333333333333,0.2529100621665614,0.8331154989016141,2.2764610515441506,0.003786888631370973,92.24340824947788,40.5,4.200000000000003,54.9,570.2203581362852,32.48,8.73689305666303,0.2569674428430303,0.081147613529378,3.137707723135949,0.5815578969605423,64.21052631578948,4.733610789213716,2.5561498261754068,0.18934443156854866,1.6094379124341003,18.964467773860736,259.65762147755174,83.2,55.8,,7.6923076923076925,15.7,0.8333333333333334,0.054098409019585326,20.6,2.5696744284303032,-0.0297264441647012,5.031611920976224,8.493450216074896,0.3381150563724083,0.2704920450979266,0.0871430641993477,0.1121760680438095,0.2718766949407857,0.3546806046159884,3.3510228525841237,1.1545412746504202,0.0385198365318945,0.0967633330500001,0.1684055453144097,6.451173153108769,38.93060906140933,59.54059785459168,0.7466208592833288,14.978632243320236,17.944243632888778,-7.049097775912714,0.11612415526009345,47.6,45.1,3.90625,7.399999999999999,13.500000000000002,17.9,9.400000000000006,1.7000000000000028,26.9,11.6947939622296
175,Rae Bareli,Uttar Pradesh,2903507.0,False,,direct,direct,6.547072738376373,756.4456158524924,30.4,17.41679726113055,7.8500000000000005,18.65,18.7,64.3,31.1,8.5,48.2,12.3298280959429,11.933720947649618,2.873763035755274,6.871153798760834,0.13534606714605704,2.2447017551204556,86.91,2.1,4.0,76.4,29.599999999999998,0.46278707655182194,6.138242076668035,0.7139008489297265,0.06866613888751742,105.21223661731209,45.0,1.9000000000000057,60.6,514.2163121123191,41.26,11.434898335400629,0.48236543846603147,0.05674887511365075,0.2837443755682538,0.1418721877841269,12.643678160919542,2.837443755682538,0.0,0.0,0.6931471805599453,41.01638446589335,147.38165232453568,89.5,71.4,37.3,10.46931407942237,8.8,0.7666666666666666,0.0,16.8,2.468576067443808,-0.1732533177228387,4.732926059344716,9.108194455740946,0.48236543846603147,0.0,0.0495034225198014,0.0672395361485018,0.1794197817622835,0.353748092457068,3.2931414834509307,0.6987177480133838,0.0405387962067589,0.1091599795425601,0.1543891536007051,9.6339049737872,53.21795108501526,37.23940768608032,0.7302733774374907,13.224474112109604,10.90445550564526,-5.933759864371203,0.10867892784541949,36.1,39.4,36.36363636363637,,,,,,,10.687693068366269
546,Raichur,Karnataka,1928812.0,False,,direct,direct,6.305423617251802,239.5868083641324,29.3,30.093013210602983,9.05,17.6,19.9,42.6,20.95,8.35,60.4,24.62362612587712,33.64143275905544,8.171412794727534,16.003278119760772,0.8152109075604973,6.411804551632471,131.82,5.2,2.9,73.6,34.56666666666667,0.4444805069759116,5.808439587263166,5.012532398825231,0.32123368488570897,33.72773348232289,47.0,6.0,35.099999999999994,965.9289018307335,26.48,18.06630123008995,0.29698029419325944,0.1979868627955063,4.504201128597769,1.1879211767730378,14.772727272727273,17.323850494606802,7.869977796121376,0.0,1.6094379124341003,72.40379572431665,829.2283774464191,88.9,80.2,57.0,12.773722627737229,20.0,0.5666666666666668,0.0,17.8,4.355710981501139,-0.1760685205095283,4.806700261857218,12.819649366009033,1.0889277453752848,0.09899343139775316,0.0260916144449885,0.1378041494373129,0.1792511480333685,0.4683779445586195,3.797821311364024,0.4654127100256465,0.0347794970620404,0.1043523282799059,0.1334516423847198,5.004808760913626,117.94221420756492,57.49964226684612,0.8173408111373596,15.31527377154639,18.690605603675,-3.9903189772868317,0.05265931732325275,31.7,64.9,32.028469750889684,0.09999999999999787,-11.2,14.799999999999997,9.200000000000003,1.0,25.4,2.973676535233897
683,Rajanna Sircilla,Telangana,548850.0,True,Karimnagar,direct,direct,5.775085054248484,,21.3,25.493141831402607,16.75,33.1,23.8,43.1,13.95,28.0,56.0,21.920886967945275,29.212183521448665,0.9617663271541074,6.655154427863937,0.0033569505310789088,0.4296896679781003,125.53,6.1,2.1,65.7,22.633333333333336,2.442181511359906,0.5455044613003227,0.10070851593236728,0.05203273323172308,,22.599999999999994,1.2999999999999972,3.4000000000000057,663.1806836920283,57.51,17.791837814718217,0.0,0.16784752655394544,8.728071380805163,7.553138694927545,14.285714285714285,16.784752655394545,0.0,0.0,0.6931471805599453,18.607576793770395,177.41483556752033,97.6,84.1,72.7,19.81566820276498,77.2,3.7999999999999994,0.0,62.8,3.5247980576328546,,4.756788594718504,10.070851593236728,0.16784752655394544,0.6713901062157818,,0.04095398055771486,,,3.4865721505183562,,0.013222656747993434,0.1224897849339601,0.1981066034748557,,124.04017581850024,,,,,,0.1065555742025923,46.4,96.6,-3.9120618295256246,,,,,,,2.12099735331655
621,Ramban,Jammu And Kashmir,283713.0,False,,direct,direct,5.470265588082679,207.79843326440405,29.5,9.153358191526474,6.5,16.6,15.8,83.7,19.599999999999998,5.25,59.7,5.922761182752424,20.755061914859695,0.4944100244035758,47.886658596513456,0.04063644036193773,1.9877992077047875,87.34,6.4,3.4,62.0,20.833333333333332,0.0,4.304076308335238,3.1764150882914657,0.33863700301614774,27.81191459956462,51.1,26.599999999999994,64.2,1465.2484483505696,36.54,37.92734433780855,1.0159110090484433,0.3386370030161478,1.0159110090484433,0.0,20.0,0.0,0.0,0.0,0.0,64.29362139264582,379.18201138727113,80.4,78.9,47.0,17.6,17.0,0.7999999999999999,0.0,9.2,1.6931850150807388,-0.1318601145788357,4.897594126069508,10.83638409651673,1.6931850150807388,0.0,0.1399450791561628,0.1025737999691885,0.0076133010319421,0.307395149323436,3.4287825114969546,0.41381364659222225,0.0029310626125433,0.077840761671172,0.1149204195477018,5.449147734638227,68.6655478652426,40.837043068171006,0.8398929742793027,6.583103338633912,34.539249146757676,68.75,0.0591690686861493,35.5,35.8,125.49019607843137,-2.0,7.799999999999999,21.400000000000006,19.700000000000003,8.700000000000003,6.799999999999997,13.132575956892087
423,Ratlam,Madhya Pradesh,1455069.0,False,,direct,direct,6.231375664081557,307.0792397632915,28.2,45.05669186759197,8.8,22.65,17.0,30.8,18.9,7.8999999999999995,59.5,11.614600859614933,21.967191720333012,2.2005932492392173,24.450710001883056,0.2911427718385307,1.3054466221147023,92.55,9.3,3.3,74.0,24.600000000000005,0.8945596457296789,1.9235380308767442,2.63495948141767,0.03697982787465209,50.309073107049606,30.599999999999994,9.0,46.9,926.8242520596156,37.11,13.207081383804315,0.3521888369014484,0.1760944184507242,1.5261516265729431,0.11739627896714948,31.25,10.565665107043454,4.8132474376531285,0.0,1.0986122886681098,84.55584388887908,531.4969784888984,95.2,93.0,64.75,5.821917808219181,12.3,0.20000000000000004,0.0,37.9,0.9391702317371958,-0.2234662011646067,4.760164216152688,10.683061386010602,0.4695851158685979,0.0,0.0302237536428267,0.0286222159624466,0.1646357836175184,0.4748778236633452,3.2380461031287955,0.5535850507047987,0.1224855280298134,0.0959356366829453,0.1370751313344962,11.903471985639214,134.95593766491234,65.16185830362683,0.8092284976005906,19.739010345536514,17.236649312591577,2.383924493834678,0.061314255786890405,23.8,53.1,22.872340425531913,1.4000000000000004,30.9,47.8,9.0,2.1999999999999993,33.800000000000004,9.515995664344805
72,Rewari,Haryana,900332.0,False,,direct,direct,6.018249404929288,609.2957793713728,22.6,91.83096580967904,9.55,25.3,28.3,78.0,18.95,9.700000000000001,61.8,12.162051229273368,24.164933386955802,7.959412429375453,61.651167446277974,0.08917303408407626,0.5043550099809044,101.02,2.7,0.0,71.3,18.566666666666666,0.13328012621168386,0.8054338562432695,1.833320872782299,0.08054338562432695,89.5893980704698,13.599999999999994,0.29999999999999716,45.1,803.1374109031473,34.39,12.273277809421248,0.4794249144305175,0.191769965772207,4.794249144305175,2.013584640608174,66.10169491525424,0.0,0.0,0.0,0.0,58.088081482230365,418.9560088232252,98.7,79.3,,6.191950464396288,26.0,0.0,0.0,25.3,5.657213990280106,0.3570699065169196,5.323668626588087,18.88934162856239,0.383539931544414,0.0,0.259004565329636,0.2330114762225744,0.3297422744017747,0.3751138468920353,3.1658376246901283,1.1507822811339214,0.0852791950217242,0.1226430912789582,0.1794554914308439,4.35133754611885,58.99534687415916,112.4196407547438,0.5289630983549869,33.36126209556199,40.59099637294645,14.131540101689355,0.11419057833492191,58.7,54.9,0.0,8.2,7.199999999999999,38.099999999999994,8.5,3.0,13.800000000000011,9.03179318043087
276,Ri Bhoi,Meghalaya,258840.0,False,,direct,direct,5.531281157165873,164.39341300624753,40.4,27.274181421069297,8.05,14.75,12.2,59.4,47.25,15.799999999999999,62.4,0.07062038559776276,4.034189527272198,0.020597612466014138,11.693558848562885,0.08533296593063001,5.634918267488154,77.51,11.3,3.6,45.7,30.0,0.8209619825739921,7.326865005767887,26.594460209690826,0.08827548199720345,33.649381938733555,14.700000000000003,13.799999999999997,79.0,1116.428848366832,28.35,15.301083546181934,0.8827548199720346,0.2942516066573449,1.1770064266293796,0.8827548199720346,20.0,44.13774099860173,0.0,0.0,0.6931471805599453,58.35303611621806,291.10605698217785,56.9,74.8,61.1,21.86046511627907,8.7,0.4666666666666666,0.0,66.8,4.413774099860173,-0.2897343846325951,4.839909710286675,12.358567479608485,0.5885032133146898,0.0,0.0789681977938533,0.0557257765707849,0.0690021837246952,0.4113467779323134,3.5621738633646483,0.21395533574147957,0.0087232212302792,0.0322189037305453,0.1411572705812966,4.783400025210338,126.01677242759894,115.27198269201052,0.7437074772932936,6.732476760320051,44.77101845522898,-26.59608598010908,0.030512688109805848,23.1,21.0,44.73684210526316,1.6999999999999993,30.5,19.099999999999994,12.0,-0.3999999999999986,27.199999999999996,18.32443028834442
73,Rohtak,Haryana,1061204.0,False,,direct,direct,6.11835269157691,646.2953261321397,23.7,67.03668704168032,14.55,22.6,35.9,58.6,16.65,8.950000000000001,65.3,6.074930872457326,6.678768949902633,0.1568608372682639,67.11664038106463,0.0,0.09213670538572781,101.02,3.8,1.9,76.2,21.166666666666668,0.40052815729663493,1.5785073575587913,1.610488693312515,0.010660445251241234,95.25928208434466,10.0,1.5,32.7,1071.9785858271894,36.08,10.355861101205772,0.5330222625620618,0.07614603750886596,5.710952813164947,4.873346400567422,77.89473684210526,19.03650937721649,19.264947489743086,1.0660445251241235,1.0986122886681098,23.32581567009091,489.04488005919126,97.4,77.4,,18.28571428571429,19.9,0.5666666666666668,0.07614603750886596,24.8,7.233873563342266,0.2649274164385926,5.342016416695328,18.731925227181026,0.6853143375797937,0.0,0.1984260616076077,0.1821118983165668,0.2591759317868053,0.3260136599560499,3.291812687467119,1.0565353869187275,0.0955826518644267,0.0976083935095812,0.16025440506012,3.7954564086393416,74.52265683250205,91.7203478313312,0.7152177039883288,25.326172075448817,37.611991729841485,-1.3114948667734854,0.11903052259188959,55.9,67.3,1.4184397163120568,14.299999999999997,14.9,13.300000000000011,11.100000000000009,4.699999999999999,11.599999999999994,9.05168604494485
624,Samba,Jammu And Kashmir,318898.0,False,,direct,direct,5.550815136850749,386.5880144760953,24.5,63.083722822482066,10.75,21.3,36.5,88.6,20.95,14.4,62.4,10.77979156547386,18.63114810494086,1.9522900173379065,97.92956784375679,0.022504784061532064,6.391358673475106,87.34,4.7,3.2,69.0,20.133333333333333,0.1434679983922669,8.80499676407442,5.195792020206215,0.6160684636844402,40.12153419593346,21.200000000000003,4.599999999999994,27.0,2119.7115452656667,44.2,28.69359967845338,0.8439294023074524,0.2813098007691508,3.094407808460659,2.2504784061532064,37.5,17.44120764768735,0.0,0.0,0.6931471805599453,46.63553877150982,441.75203253982824,97.9,90.9,69.8,22.292993630573253,37.5,0.5,0.0,19.0,2.2504784061532064,0.0529021300761915,5.391355478052859,26.161811471531024,3.3757176092298096,0.0,0.3799188204516527,0.3039022088986796,0.3165478599282805,0.2901429297142033,3.6180480967120925,1.1253169210385279,0.0077947429691692,0.1142266659566801,0.1052021763033945,2.534350889280001,58.66380476267743,170.88222566463256,0.4417917568906668,24.054801063770082,35.77278731836196,13.408488063660478,0.0752218002085844,60.6,73.0,17.97752808988764,1.2000000000000028,14.3,22.200000000000003,12.100000000000009,2.3000000000000007,32.599999999999994,15.464503106243487
371,Sambalpur,Odisha,1041099.0,False,,direct,direct,6.119988701094246,193.35358106879548,22.6,47.446468814306535,14.15,23.35,21.4,71.2,36.599999999999994,23.8,66.7,23.063634045269193,32.117492951636585,6.0429861791472685,27.220747309357446,0.03489547630439045,0.7548043244101847,111.09,7.6,1.7,64.5,34.166666666666664,0.2518543072403832,1.9776631896857808,3.05714716318899,0.37626426623864484,56.44780607166556,37.6,7.0,57.4,1538.238111336189,37.17,15.399525412589698,0.8344570420615107,0.22757919328950293,3.2619684371495423,3.86884628592155,,15.171946219300198,9.937624773641629,0.0,1.0986122886681098,108.22073378495733,578.3325905577054,99.5,98.0,,10.3244837758112,25.3,0.19999999999999998,0.0,49.3,,-0.2833822048976777,5.45335746752067,16.15812272355471,0.6827375798685088,0.0,0.055177259922487606,0.0430347404962991,0.088880923212653,0.4858711803584481,3.6224212739756703,0.41367328409661136,0.0318423326517294,0.0207442216758173,0.1596988112984452,3.14588023415927,32.534214731429074,158.64293405334172,0.5191416963847835,17.737522324983857,16.967807918959725,-18.950396894173107,0.08759102227173005,36.5,42.6,2.3923444976076556,4.599999999999998,-1.2000000000000028,23.599999999999994,9.200000000000003,1.5,27.5,5.746453801933396
493,Sangli,Maharashtra,2822143.0,False,,direct,direct,6.527915341611797,318.67762224985296,21.4,67.45179506132412,16.6,31.05,27.8,50.8,21.45,3.95,47.5,3.2566125918327518,4.345807460691039,2.1155230586536926,15.126849838096934,0.14560160103714087,0.5308082807667662,92.93,3.8,0.3,62.7,26.933333333333334,0.029357552958608854,0.7588482628391926,0.7822749970182845,0.30425100338921907,35.0623910165332,15.299999999999997,3.200000000000003,12.700000000000003,656.9938638244635,33.03,11.565096620058034,0.4151573145661859,0.0593081877951694,8.065913540143038,1.690283352162328,79.1044776119403,14.82704694879235,7.354215286601006,0.0,2.1972245773362196,39.75427827910205,505.9166343491336,98.0,75.0,,14.348785871964688,34.3,4.033333333333333,0.0,12.3,1.986824291138175,-0.0734353682385347,4.908896323088917,9.845159173998121,0.6820441596444482,0.0,0.12650766476929448,0.1461409369590793,0.3252407119901805,0.4305607476304354,3.550105999347593,0.4927505275057679,0.0116049713549085,0.094848047448357,0.1808995296087923,9.428947669664575,82.22582462848172,83.68038047682205,0.7549310207572896,17.198188296843224,22.89878512746053,4.260597562291015,0.11564968001680895,54.6,87.3,3.061224489795918,-0.5999999999999979,2.0,31.6,2.0999999999999943,2.1000000000000014,12.600000000000009,5.954736675894299
427,Sehore,Madhya Pradesh,1311332.0,False,,direct,direct,6.199754249355015,221.6156249206964,25.6,47.67750085587745,9.1,26.3,20.6,36.8,28.4,5.4,45.3,11.143963203717492,7.524637288981916,2.8945768915162415,32.95082797727344,0.1571973055588973,0.999370822087287,92.55,8.9,2.8,82.4,23.26666666666667,0.09090928514249484,2.4842224794147025,6.769585170715084,0.02272732128562371,52.44512133773342,24.799999999999997,7.799999999999997,66.3,885.6332053423434,30.48,11.679317882889963,0.5050515841249713,0.18939434404686423,1.5151547523749138,0.0,37.03703703703704,6.313144801562141,0.0,0.0,0.6931471805599453,62.22929962347819,394.7129645411888,94.7,60.3,61.05,16.666666666666657,14.5,1.2333333333333334,0.0,33.2,1.7045490964217782,-0.2579658954330039,4.693280017874725,10.66921471464002,0.3156572400781071,0.0,0.0342980893358979,0.0535909819385097,0.19084050807319908,0.4469402104120085,3.562887381293879,0.4611069485575135,0.1459932704687572,0.1367094838561831,0.1382897882489242,10.464451154032828,119.27969196965628,57.36228506587195,0.7928636949787958,16.251297348181264,16.884264652713615,-17.403580825258295,0.06742954620834164,28.2,33.7,9.03954802259887,6.200000000000001,17.1,0.29999999999999716,6.400000000000006,3.599999999999998,26.6,10.39712138115243
257,Senapati,Manipur,479148.0,False,,direct,direct,5.5940055224507566,280.6946341642825,33.0,5.309382527904959,10.350000000000001,23.45,24.9,69.2,54.900000000000006,18.150000000000002,27.4,5.763843249561981,6.536626679340004,0.08008118443295566,6.680772811319323,0.010010148054119455,0.08008118443295563,58.18,4.4,2.3,48.5,16.966666666666665,0.014014207275767236,0.8989112952599271,2.802841455153447,0.002002029610823891,25.827895157995098,15.599999999999994,35.599999999999994,50.0,218.2212275798041,42.0,10.696551043582172,0.25467978675195646,0.25467978675195646,0.25467978675195646,0.25467978675195646,0.0,0.0,0.0,0.0,0.0,8.50662381639071,34.51098643138223,45.8,65.0,39.6,4.210526315789483,8.8,0.7333333333333334,0.0,15.4,0.7640393602558695,-0.310024302538432,4.288852528593942,6.621674455550869,0.7640393602558695,0.0,0.149602710694311,0.1074151759317083,0.0579623420899301,0.4875779508627814,4.088313315588096,0.21014019903890443,0.0019077048388543,0.1389432352878343,0.1157899720134649,33.57218463274121,86.8503165948287,44.01771477706262,0.8843582570764781,0.32344332917498475,,,0.0448647350072463,39.6,50.0,-33.291897996993455,5.899999999999999,14.8,6.299999999999997,7.599999999999994,0.6000000000000014,23.400000000000006,14.833120553349154
780,Shahpura,Rajasthan,723208.0,True,Bhilwara,inherited,inherited,5.94075152191146,,29.2,35.88767019587948,8.7,15.55,12.4,70.4,23.05,5.95,50.4,26.278711740732035,27.321517762189657,1.8932263775704192,12.101368094552097,0.0936116296490009,3.2419909974028993,88.3,3.9,2.0,62.7,21.166666666666668,0.12837183036425492,3.0933137032544864,2.3375374580000523,0.124241905526799,,37.7,6.900000000000006,73.5,1138.2737081606547,37.0,21.337944993522264,0.8604010078033173,0.03441604031213268,2.7876992652827477,1.6863859752945016,40.0,0.0,0.0,0.0,0.0,63.71785703388245,615.022900227486,95.0,83.2,,7.239819004524893,5.9,0.0,0.0,89.1,1.7208020156066346,,4.49450284211496,9.60207524708502,0.17208020156066345,0.44740852405772497,,0.05414588775659417,,,3.0965624383741357,,0.05136493582874372,0.0204310220032233,0.035753049023395,,108.93847653109756,,,,,,0.0824296813400289,25.3,26.5,30.303030303030276,-1.6999999999999993,66.5,16.700000000000003,13.200000000000003,0.3000000000000007,27.599999999999994,10.671929113264552
219,Sheikhpura,Bihar,636342.0,False,,direct,direct,5.8316926508725535,945.5607461722165,37.5,39.75553319220813,10.5,16.200000000000003,13.3,67.7,23.55,11.7,69.5,10.232449246558405,1.408527210901344,0.20774303005971706,19.651606630755364,0.13849535337314473,0.010313483761829926,82.08,9.1,6.8,80.1,35.833333333333336,0.0014733548231185608,0.3653919961334031,2.2026654605622484,0.0014733548231185608,82.55077574047955,45.8,1.5999999999999943,59.7,848.9971431449007,55.42,69.98435409813165,0.1473354823118561,0.1473354823118561,0.8840128938711366,0.1473354823118561,0.0,22.100322346778412,19.300948182853144,1.473354823118561,1.0986122886681098,35.02164414552819,55.58378405697082,89.2,82.8,72.0,14.122137404580162,14.6,0.43333333333333335,0.0,9.7,1.0313483761829925,-0.086846708110929,4.6687644389628895,9.724141832582502,0.5893419292474243,0.0,0.0524052218088963,0.0786794914258781,0.07141661239125291,0.3530412891181157,3.2655253352190736,0.9380074690563079,0.0180395022659838,0.1242329650319966,0.1654566029519126,30.25768491414795,46.50125706838372,37.39341423322679,0.8656020172305106,7.225332052573422,4.483152484294689,12.761554380317314,0.039811300694666305,28.3,40.3,336.69724770642205,2.6000000000000014,-11.400000000000002,19.299999999999997,14.600000000000009,3.299999999999997,20.200000000000003,14.173920762324721
679,Siang,Arunachal Pradesh,25570.0,True,East Siang,direct,direct,4.364011126122453,,21.8,144.5090369840858,8.7,27.95,15.8,76.4,37.55,43.95,23.9,1.1677574268163067,5.319783833274286,0.7352546761436005,5.060282182870663,0.0,0.0,59.99,2.7,0.9,24.9,14.066666666666668,0.6055038509417887,0.8650055013454123,7.2660462113014646,0.0,,8.799999999999997,3.700000000000003,72.4,925.3828853393221,41.58,155.7009902421742,12.975082520181184,0.0,4.325027506727062,0.0,0.0,0.0,0.0,0.0,0.0,38.49274480987085,90.13357324019198,81.1,60.3,,3.395061728395053,5.8,0.5333333333333333,0.0,26.1,4.325027506727062,,5.200978127158922,21.625137533635307,4.325027506727062,0.0,,0.16726156963355182,,,3.928344635264862,,0.006916466606642719,0.2208632044083471,0.2288072827055514,,18.60011234214309,,,4.627779432197956,,,0.09592379399091233,50.6,27.6,,,,,,,,13.886719121177343
692,Siddipet,Telangana,1023577.0,True,Medak,direct,direct,6.04001397569269,,22.0,43.41855268175804,17.35,31.75,26.8,42.8,14.2,29.299999999999997,56.7,48.055952692928024,61.53047922418418,1.1418008268786939,12.628207707499419,0.12676542726528628,0.9484607507618543,125.53,8.3,3.1,63.5,25.666666666666668,0.5791082468594013,4.095708876607199,1.295013717386378,0.44322300468294346,,15.900000000000006,2.799999999999997,6.799999999999997,1051.1754021433985,34.68,20.701979848359702,0.27359444733515026,0.1823962982234335,5.471888946703006,6.931059332490474,31.48148148148148,52.43893573923713,15.959676094550433,0.0,1.9459101490553132,53.68196651162983,539.6066805531524,99.7,63.1,71.1,26.150121065375306,69.0,3.1999999999999997,0.0,60.9,4.924700052032705,,4.7536934977133285,13.679722366757513,0.27359444733515026,0.364792596446867,,0.08190796111542972,,,3.7426465899387362,,0.004577073489690035,0.108385682950391,0.2029346859940457,,186.20238818287348,,,,,,0.06136571040096299,51.3,93.2,32.27991204561541,,,,,,,2.517171367831948
24,Sirmaur,Himachal Pradesh,529855.0,False,,direct,direct,5.754703312747416,236.71323566301132,25.5,49.53519934406648,10.0,19.950000000000003,23.2,61.5,15.7,11.25,50.1,19.469994898260868,26.93748029247097,4.779542477283591,71.04050180442418,0.3096059904313257,3.3933520201251546,119.01,3.3,2.8,58.5,23.766666666666666,0.5576426077655128,1.7837526948713878,4.5367832347863,0.13897087070497005,34.43003800823694,15.700000000000003,4.299999999999997,53.2,1556.6285548908802,39.76,66.31901045034647,2.990512407575305,1.0554749673795194,3.694162385828318,0.7036499782530129,50.0,21.10949934759039,0.5277374836897597,0.0,1.0986122886681098,56.76344374567055,861.2200770081557,87.4,93.9,78.7,17.808219178082194,16.7,0.0,0.0,26.2,2.8145999130120516,-0.0601277847360755,5.146098943736123,20.405849369337375,0.8795624728162661,0.0,0.24720080307021097,0.1789619868637286,0.1375741081764371,0.5286031083975805,3.4127964287165433,0.2478074937688262,0.0768466710359518,0.1182097789201459,0.1582106216969236,2.9051795275594428,80.88276644010305,145.04156797614442,0.566446760614696,15.879620884224867,34.46896217264791,-8.429701765063907,0.11314277710511775,55.6,46.8,114.13043478260869,-2.0,3.599999999999998,23.30000000000001,9.600000000000009,0.3999999999999986,13.899999999999991,6.456012019153863
300,Sivasagar,Assam,692435.0,False,,direct,direct,5.940374584508616,481.63338989720006,23.8,22.392272539279038,16.25,24.0,21.5,60.4,41.95,28.2,67.6,4.978360888139762,15.914330529718752,0.6052152063901541,3.231034887478565,0.22635186738423094,1.8894860149330008,109.67,5.1,0.4,67.5,24.366666666666664,0.006210874409933166,1.516143453180352,1.909498832476119,0.17390448347812867,27.98725407869481,17.700000000000003,7.299999999999997,54.5,1187.1196209255156,32.13,18.287574651469882,0.27603886266369626,0.20702914699777222,1.1471637513595052,1.2618801264954558,62.500000000000014,0.0,0.0,0.0,0.0,39.845519728347895,252.13596744849016,95.3,77.6,58.3,15.549597855227889,30.0,0.3333333333333333,0.0,60.7,0.5520777253273925,-0.1122793957806258,4.867951955584528,12.045219389274806,0.11471637513595052,0.0,0.2161918057663936,0.1239053987468708,0.14094955403149,0.4219773250510403,3.7377490738915573,0.46371597075796367,0.0093868506781823,0.0592548259312251,0.0837093798581023,2.679284062434162,64.71254282413675,129.58168628643412,0.7859877308839798,23.125674063656266,19.146410401356697,-20.805342761736398,0.1109509344999137,47.1,45.5,2.2813688212927814,,,,,,,5.911098606508791
301,Sonitpur,Assam,1095799.0,False,,direct,direct,6.181408373355416,609.0506180675429,26.6,18.03479797750681,10.3,24.65,13.1,68.8,41.2,16.65,63.6,1.8411351177386541,6.951982184233794,0.6143367942260981,7.00974034437471,0.08588713423551676,0.5854577141556405,109.67,4.3,2.4,69.4,23.900000000000002,0.0412558286720823,0.4819430894875068,0.5160729113889566,0.02625370915496146,26.06539705073044,27.799999999999997,17.099999999999994,54.2,1310.569033737195,34.46,12.639285693174301,0.33754768913521876,0.11251589637840625,1.251253276142933,2.1732293743535154,53.84615384615385,8.231929448308769,4.675735926639381,0.0,1.3862943611198906,50.58077111093668,254.9730228890823,83.5,70.9,42.6,8.163265306122451,21.1,0.3333333333333333,0.0,66.9,0.8561206626241121,-0.2154375647305808,4.737683608255777,8.692917497414062,0.19756630675941048,0.19756630675941048,0.1172184503952971,0.0690710523756889,0.0902643149707237,0.4004999714153556,3.7096091210726487,0.2738458060145787,0.0054214351663562,0.0772906707474745,0.14503435660038,11.229885516489356,70.74703893209364,90.263030699908,0.792297151016836,18.001583317561618,18.197763648322738,-6.068519982131199,0.0726803089597873,24.3,45.8,3.903903903903904,,,,,,,7.288740712569447
271,South Tripura,Tripura,443651.0,False,,direct,direct,5.647914040258146,306.80022354802946,24.5,54.99127221878384,19.299999999999997,23.299999999999997,22.8,51.9,52.65,18.05,66.5,11.598420991575287,28.058011060496227,1.3069593863664162,35.5825879062719,0.053987995306013746,3.740918174745869,64.37,11.3,3.2,59.6,20.8,2.373222293660188,7.198399374135166,4.314540624872265,0.16871248533129296,74.20169750354107,31.400000000000006,9.5,70.6,1091.7384925787967,30.91,37.791596714209625,1.1247499022086196,0.6748499413251718,1.3496998826503437,0.22494998044172396,0.0,0.0,0.0,0.0,0.0,114.27683956420017,315.9872375264896,89.7,48.5,68.2,19.458128078817733,20.4,1.2333333333333334,0.0,37.3,5.8486994914848225,-0.2243331202820932,4.833229073244159,15.9714486113624,0.8997999217668958,0.0,0.1085232631726743,0.0786256291071862,0.0553631992141854,0.418772352999597,3.8573324964312685,0.4408606379790568,0.0086606624995502,0.107910336597957,0.1424225114942718,6.161076083070105,54.12292272057164,99.3994299093266,0.7889151755977675,13.61622231613755,4.6268950580823,-1.2561174551386622,0.0123744250240395,21.6,29.4,44.166666666666664,,,,,,,3.896360706209338
185,Sultanpur,Uttar Pradesh,2249036.0,False,,direct,direct,6.42513394555268,871.7487526716875,31.4,15.490673230223758,15.1,22.450000000000003,22.9,53.8,30.85,5.1,50.2,5.722614257911502,4.356866583595415,0.019537518312087068,3.8894690301293324,1.0794478867428103,3.1245000439099235,86.91,2.3,1.3,62.3,24.13333333333333,2.413634954554756,3.707995542730524,2.468490294431,0.39901623937377817,103.3791993765874,34.900000000000006,0.5,66.3,562.1402398624771,35.47,10.783207222248052,0.4884379578021767,0.07514430120033486,0.6762987108030138,0.03757215060016743,36.666666666666664,3.7572150600167435,0.0,0.0,0.6931471805599453,36.26463975928161,302.16951254377454,87.0,80.2,72.3,8.211143695014664,13.0,2.6,0.0,20.7,3.3814935540150692,-0.097870284402343,4.713075577911774,7.32656936703265,0.9393037650041859,0.0,0.0864317141195938,0.1046100335176807,0.1987620180931025,0.3272567055479196,3.4220971631317103,0.7740794038553049,0.0478761883566079,0.0988895157936349,0.1505194256876025,10.69058201820825,42.1365049143639,49.33664145718976,0.7078313413794391,12.38302939480318,9.591773566736595,-8.632734530938125,0.14008305865176324,46.6,33.7,-19.571045576407506,,,,,,,10.82773938841978
373,Sundargarh,Odisha,2093437.0,False,,direct,direct,6.38358050760011,214.04672911779423,21.9,46.62438033535329,13.0,23.200000000000003,19.6,61.7,37.05,28.7,69.8,9.701112531601751,19.616803881985522,0.5449227035736067,17.323828681667447,0.30140261828919523,0.41427355764852347,111.09,5.4,3.9,77.1,29.566666666666666,1.674872437159849,2.2623801471584035,4.582642827321591,0.255923485214008,56.100737912024805,34.5,8.5,59.8,1025.3187862468092,34.74,18.977201892282665,0.8682379950717558,0.1240339992959651,2.6460586516472557,1.9845439887354417,,8.268933286397674,0.4134466643198837,0.0,1.3862943611198906,58.83842169269129,328.88276427988063,91.3,82.0,68.0,11.94029850746269,20.8,0.13333333333333333,0.04134466643198837,39.3,,-0.2966555697827986,5.17494386705093,11.94860859884464,0.20672333215994185,0.0,0.056882222328189,0.0382825638916432,0.07393683608326021,0.4171259990150169,3.677333151419902,0.4868573889280386,0.0220761808753894,0.1128897317370143,0.149247416144471,5.927924702605258,48.992311826685125,83.0113349482215,0.6851690940792616,16.043384362268768,15.374002759282588,-12.192251991310645,0.07251949526474363,35.6,40.2,3.004291845493562,6.000000000000002,-11.5,-3.4000000000000057,3.0,3.200000000000003,27.299999999999997,7.706340232957176
459,Surat,Gujarat,6081322.0,False,,direct,direct,6.940893647660991,1493.656549041673,23.1,194.05869024779184,15.350000000000001,23.0,25.1,58.3,20.1,5.1499999999999995,69.0,8.958501020695895,7.2404982541607845,0.4490364707250303,6.047727225774062,0.12420401486755112,0.22457552503726955,98.87,3.1,0.0,83.6,31.53333333333333,2.2439219807805544,0.946883744340814,3.0035830680239712,0.085476194733573,43.94840478564307,18.0,1.0999999999999943,11.400000000000006,372.60597189712934,33.74,5.282108012356186,0.24061663396850305,0.011457934950881099,10.254851781038584,3.425922550313449,49.36708860759494,7.447657718072715,4.651921590057726,0.0,1.791759469228055,34.440490034057426,521.3177075691686,97.7,92.8,,11.052631578947356,25.0,0.3333333333333333,0.0,31.6,1.8905592668953812,0.1028522963393314,5.230202175234953,11.457934950881098,1.0082982756775367,0.045831739803524396,0.14952061000324932,0.1088783532747623,0.3066463149088249,0.4198991600839423,3.369772288596963,1.4185508355605534,0.0233254201306025,0.1522838564475424,0.2002719220811804,4.98261628987231,118.16962136723022,182.7577950978422,0.5985843195439303,25.11785584062253,18.984061869869155,10.64128317199471,0.0740155345360079,44.0,88.6,9.545454545454547,-9.399999999999999,12.5,44.8,5.0,3.6999999999999993,3.0,23.05665044796392
460,Surendranagar,Gujarat,1585268.0,False,,direct,direct,6.271367944579722,171.2781788196682,23.7,43.90882548839642,17.85,15.9,20.7,32.9,26.1,0.7000000000000001,55.6,18.589782554066883,13.282392943094411,0.9973438415616012,18.990219050839872,0.12634092678933864,0.2103897636788563,98.87,8.6,2.9,81.0,36.03333333333334,0.8950933457278568,2.159573299441492,6.638787428451646,0.044968804450442566,44.95580791901589,36.2,3.0999999999999943,43.1,703.9416648672279,31.62,21.841990733072105,0.6424114921491795,0.16060287303729487,3.8544689528950773,1.3918915663232223,14.473684210526317,5.3534291012431625,3.158523169733466,0.0,1.0986122886681098,35.63670684115549,560.791506042896,85.6,62.5,71.35,13.731343283582088,12.2,0.09999999999999999,0.0,50.4,4.122140407957236,-0.3055731346477364,4.8953298394074904,10.385652456411737,0.42827432809945304,0.0,0.0371867733761284,0.0906625136986197,0.2956022018112776,0.4119530732211712,3.236033147117636,0.4575227379764897,0.0255397119076342,0.1149917564487201,0.1552041948668567,9.005863018798355,77.23847256342347,49.75436550685886,0.7199995422398205,22.55988557554881,30.708410719023615,38.072147046295996,0.06285001890986305,23.3,56.9,70.04048582995951,,,,,,,8.573623477311305
594,Thoothukkudi,Tamil Nadu,1750176.0,False,,direct,direct,6.237270955050874,383.9409567500784,20.9,48.66365820391603,23.7,26.35,43.4,57.9,9.95,10.950000000000001,55.9,173.383753489592,198.29407082955797,15.664928743334398,40.32103553626784,0.250736143200643,2.196981356358521,120.98,4.8,0.7,55.6,19.900000000000002,0.7985338140269902,4.372537222420452,18.271310684549398,0.2808476430769327,27.80755436769006,20.599999999999994,3.0,9.299999999999997,2817.489034309223,28.82,20.09363549437024,0.6948807663759161,0.521160574781937,11.639252836796594,6.196020166851917,38.0,8.68600957969895,3.1848701792229486,0.0,1.0986122886681098,119.37356685571862,2025.5004180341887,100.0,100.0,,12.688172043010756,52.0,2.0,0.17372019159397903,57.8,2.8953365265663167,-0.0339812077802993,5.1192645888583375,16.908765315147292,0.6369740358445897,3.590217292942233,0.0872364284266812,0.0500033287519415,0.2153276506518982,0.427439868904613,3.502563669107363,0.6654246504012753,0.0120744285554828,0.0994283755982281,0.1841554175966435,8.543784378629326,125.38789106819851,140.85954783976013,0.6639543420855153,22.900953790528938,13.255584756898816,-3.564984150207266,0.11384952100027626,59.5,90.7,20.469798657718123,7.399999999999999,9.5,52.3,0.9000000000000057,3.400000000000002,26.900000000000006,-0.20255740494702293
566,Thrissur,Kerala,3121200.0,False,,direct,direct,6.584220036922807,1033.937884197436,18.8,37.76331270449695,30.0,34.099999999999994,42.8,71.6,10.05,13.2,44.4,74.40446315140996,86.50157025550824,8.54098845494882,32.77557758188387,0.04245878551211253,2.8546369964861427,164.0,8.2,2.3,48.7,16.3,0.40974030435922093,0.7540992886967226,3.072922041020807,0.12216668960233606,18.40859863101801,0.5,6.299999999999997,23.700000000000003,12477.781113732617,34.01,14.456825741854267,0.6251600320801846,0.18233834269005383,16.90536920083499,5.6785369580616765,73.17073170731707,9.768125501252884,7.293533707602153,0.4688700240601384,1.9459101490553132,144.71517002608152,1374.5815608368673,100.0,,89.4,25.628140703517587,45.7,2.2333333333333334,1.3805617375104076,48.7,1.0679817214703153,0.6271415752414797,5.496133740368305,20.94286107468618,3.6467668538010765,4.6105552365913605,,0.1245355418401666,,0.351059528386518,,0.6311664298540436,0.005492488187628042,0.1144854472681056,0.1434762526288255,15.886632344171849,54.523932766809885,171.12616942201717,0.7358884443354383,17.78502146264115,29.75571766874871,-18.930182854428875,0.14315152020064686,79.2,76.3,13.729508196721312,14.699999999999996,10.600000000000001,,0.0,-0.5,-0.20000000000000284,13.460886019617169
752,Tirupati,Andhra Pradesh,2196984.0,True,Chittoor,inherited,inherited,6.380532991169829,,22.6,40.843326599254624,19.799999999999997,24.9,33.4,41.7,11.5,9.35,51.8,63.35486015549589,59.7610519710299,3.9644266770353687,35.739399766169065,0.3198242055344027,3.395800366422552,137.81,4.8,3.1,54.9,23.26666666666667,0.224079222008292,10.61375845548604,0.8828316790858284,0.33241040055191967,,25.400000000000006,1.5,13.400000000000006,1732.826649631403,29.46,17.328493497331312,0.3371302236834885,0.1348520894733954,8.787861164016267,2.022781342100931,22.727272727272727,17.278860784445474,13.281823109007485,1.498889128289246,1.6094379124341003,92.6622647607489,996.2254298217698,97.1,66.6,84.4,21.3032581453634,26.4,2.1666666666666665,0.0,70.7,0.9159878006212059,,5.358607888384089,16.07142231999025,0.3330864729531658,0.1798027859645272,,0.09854551571700139,,,3.4038066105474227,,0.009967848933102742,0.1551777730131962,0.1861202851610495,,81.45463900438142,,,20.076370799160877,15.524178798741678,-14.022074425405204,0.08444830663084543,40.3,86.6,3.9682539682539755,4.899999999999999,-4.099999999999994,-1.0,3.0999999999999943,0.7999999999999972,33.699999999999996,1.4664235248335968
249,Tuensang,Nagaland,107135.0,False,,direct,direct,4.995822256833843,96.40861435236457,32.8,17.937092174338154,8.45,22.35,10.8,58.8,32.550000000000004,9.55,28.8,0.44017404108805286,3.779994577843654,0.22558919605762712,1.0124002945025217,0.6987762902272839,0.8528372046081024,92.52,5.5,1.8,38.8,31.96666666666667,2.360433295334684,2.7730964588547335,1.6836657071618022,0.08253263270400991,21.896024036129973,8.0,9.599999999999994,80.3,219.23418333941834,51.59,34.1134881843241,1.1004351027201322,0.5502175513600661,2.2008702054402645,1.1004351027201322,23.52941176470588,0.0,0.0,0.0,0.0,26.38293158771517,97.52055880305814,34.8,39.9,13.8,1.8656716417910384,1.5,0.7000000000000001,0.0,22.0,9.353698373121125,-0.341337237390904,4.038314585891685,8.077328210365131,0.5502175513600661,0.0,0.1263231937608232,0.0771054243859361,0.0659288085112438,0.4992675334187877,3.5308397786165204,0.07346799096491471,0.001872273659581,0.0356514577419151,0.1213970017996088,7.115326186271642,215.3519457828776,44.365093898146455,0.8611556982343499,0.8683127826142517,,,0.0253402014822436,27.0,19.7,20.75471698113208,3.500000000000001,16.7,-3.3000000000000043,9.699999999999996,4.700000000000003,18.200000000000003,-6.794290857924726
56,Udam Singh Nagar,Uttarakhand,1648902.0,False,,direct,direct,6.292182152336252,745.9838312579604,27.9,93.84097082767272,16.1,26.2,35.4,53.0,18.5,11.0,51.0,3.1551288092111367,2.688212609885859,0.7639055195518473,23.26518399960442,0.10205818564486936,0.11226400420935631,100.85,3.4,1.9,60.8,20.400000000000002,0.06837898438206248,0.4761014360333156,0.15104611475440666,0.008674945779813897,48.9844078507263,29.099999999999994,0.09999999999999432,36.0,440.4535323694192,33.99,9.134207615215809,0.3572036497570428,0.10205818564486938,4.13335651861721,1.3777855062057365,85.71428571428571,0.0,0.0,0.0,0.0,26.257019711783766,170.7739620395599,85.1,83.2,74.6,8.79120879120879,20.4,0.3666666666666667,0.0,59.0,3.214832847813385,0.1002888926356901,5.079870396293741,16.635484260113707,1.7349891559627795,0.0,0.14745867457909229,0.1184703545432706,0.3552181062803222,0.3586980912146386,3.280350693046006,1.1650662730288872,0.079548977151788,0.1049977401973676,0.1506173925076177,3.9526865499605934,107.08999620458354,111.9235709581285,0.5287427323612444,24.298523129258726,21.652884773953403,-12.09223327856444,0.09740394386534851,41.1,64.0,-3.7037037037037033,10.599999999999998,48.7,36.2,17.599999999999994,3.200000000000003,10.900000000000006,10.643124696410764
14,Udhampur,Jammu And Kashmir,554985.0,False,,direct,direct,5.875782420821623,247.4758567498684,26.1,22.038041517974737,9.350000000000001,19.200000000000003,29.3,87.4,24.950000000000003,13.850000000000001,56.5,6.481228808348575,18.609073473138853,2.7780498096166513,29.549558085136578,0.007986726812505946,10.385407098528566,87.34,11.9,4.5,70.4,29.666666666666668,0.007986726812505946,4.015992465555073,5.984720624837788,0.13311211354176575,28.965905180888715,30.200000000000003,23.599999999999994,44.9,1286.3808229351346,32.06,25.42441368647726,0.2662242270835315,0.13311211354176575,0.9317847947923603,0.532448454167063,25.0,13.311211354176576,0.0,0.0,0.6931471805599453,56.53803910572959,789.9551689347443,87.2,85.8,58.15,16.66666666666667,37.0,0.0,0.0,16.8,0.532448454167063,-0.185585314513329,5.043623681971333,11.314529651050089,0.6655605677088288,0.0,0.1951117634440718,0.1602521009504384,0.0458975145531016,0.4390605151490581,3.533136288278639,0.48157488422567624,0.0092926240250188,0.1068708727041043,0.1433533650664562,3.056880633708769,50.41170591206853,65.72610070542447,0.847958987855361,10.732829714872574,30.843408175014392,21.760797342192692,0.0911487532016578,43.7,55.1,60.83333333333333,9.0,11.600000000000001,3.0999999999999943,4.5,2.5,35.3,12.742676112717202
435,Ujjain,Madhya Pradesh,1986864.0,False,,direct,direct,6.374689923880384,329.8960852980369,23.7,57.32290054170627,9.5,24.15,15.2,23.8,21.400000000000002,8.25,54.5,5.085916188730935,6.132892463560129,1.741162478817112,10.185336303618472,0.1869449777304849,1.9319054357791419,92.55,7.4,7.7,81.6,33.56666666666667,0.12111333771704101,3.958760352346905,2.6210276674583337,0.014347921541391617,48.97910004321521,27.200000000000003,5.299999999999997,39.3,628.6107165737571,28.78,10.001345309734745,0.21099884619693557,0.2953983846757098,1.7301905388148715,0.16879907695754845,33.33333333333333,6.329965385908067,4.346576231656872,0.0,1.0986122886681098,51.90993614137009,305.8989532555465,97.1,93.7,70.7,12.06349206349206,14.8,0.4333333333333333,0.0,35.7,0.759595846308968,-0.1795486114288327,4.964671911703062,11.436137463873907,0.5063972308726453,0.04219976923938711,0.0305860232939648,0.0663772638794312,0.2365475769926648,0.4516876847131962,3.4234097277330933,0.6971927712585033,0.1697648004001906,0.1175836810178485,0.1745361105685967,9.890116893789337,92.49634175710456,90.39068602581756,0.739200641446819,20.63062318575157,21.875500080012802,7.170572374334131,0.07566310811576035,29.0,60.7,21.608040201005025,-2.3000000000000007,25.400000000000002,36.900000000000006,8.299999999999997,5.199999999999999,19.099999999999994,9.606373186694299
186,Unnao,Uttar Pradesh,3108367.0,False,,direct,direct,6.571307233120314,715.1869112121127,28.1,18.054489151479977,9.45,21.7,20.6,62.2,30.2,8.5,48.9,0.8884887796042005,1.3097897110383878,1.7343107769803525,8.803311055178314,0.018784117962033837,0.5026093277555624,86.91,8.0,2.3,76.0,26.86666666666667,0.025492731519903063,3.494382630022923,1.1077262706753668,0.04105671497415967,105.55190248027056,39.7,1.5,56.6,500.70300812695837,39.63,11.028960689137008,0.18784117962033836,0.053668908462953815,0.32201345077772286,0.026834454231476908,19.230769230769234,4.025168134721536,0.0,0.0,0.6931471805599453,28.54354062147967,281.8578367766562,80.8,58.6,67.75,13.880126182965297,18.3,1.7,0.0,15.3,2.0930874300551987,-0.2544552301436718,4.682230188158715,6.198758927471165,0.16100672538886143,0.0,0.0330873297587047,0.0435663331660147,0.1557340181066002,0.3618440164884005,3.381295623003826,0.598994664648113,0.0508282482800952,0.0945937573531241,0.1200103856239243,13.045911725720316,31.06408933100852,33.00285970092978,0.7413559487254472,11.144080497790045,11.46371463714637,-4.098928505449843,0.052537723198345404,37.0,43.4,1.4563106796116505,7.400000000000002,9.9,1.2000000000000028,12.0,4.699999999999996,29.4,11.983839583296078
311,Uttar Dinajpur,West Bengal,3007134.0,False,,direct,direct,6.505600628627879,972.3181048907657,29.2,24.72214598688954,16.2,20.05,14.6,71.2,29.65,8.8,72.4,1.0682659271291148,1.7213379082963005,3.585028026636691,10.15539417750942,0.1579610050050649,2.3275835045805615,110.07,7.9,4.3,77.2,30.933333333333334,0.09365276976584877,4.457559664955182,5.194294787113192,0.2122796114692572,68.11045054467951,36.2,0.20000000000000284,72.8,1228.1680418755268,29.63,11.48807309127745,0.3121758992194959,0.15608794960974795,0.842874927892639,0.43704625890729426,,3.121758992194959,0.0,0.0,0.6931471805599453,59.79916655088976,233.72609574563657,76.9,84.4,83.3,9.698996655518396,22.0,0.0,0.15608794960974795,21.0,,-0.0929058057052975,4.533107167419528,7.180045682048405,0.24974071937559672,1.904272985238925,0.0334062513453086,0.0336417150802765,0.057421493021332703,0.3576914098274303,3.4324882557705063,0.6222238419291645,0.0102311552557043,0.1022357893020855,0.1776785353841099,5.453133275180466,78.76390014114126,75.64844133982722,0.7948260324856584,8.971623167669092,7.620831232442556,-21.497445983228168,0.0575176513333638,29.3,27.2,2.1621621621621623,3.5,-6.300000000000001,18.400000000000006,29.900000000000006,7.599999999999998,30.5,5.492095331473473
595,Vellore,Tamil Nadu,1512563.0,False,,direct,direct,6.235845479044297,890.2622790968103,22.4,31.71200751799179,20.9,25.75,45.4,51.5,9.35,11.65,50.6,112.71679590497985,132.86128320817522,12.418519656258605,35.138552750678805,0.04129981549593445,0.30338621221067524,120.98,2.8,0.3,60.9,20.866666666666664,0.05536407698914456,0.4188024533533678,22.26283297476791,0.3549551710191123,26.466920275054463,23.799999999999997,2.299999999999997,14.700000000000003,3163.603371685894,26.9,14.800960904759217,0.44648449184794,0.29021491970116103,4.8220600378716245,3.0791467711710374,47.43589743589743,11.619421778003915,21.9607071604274,2.207690137820744,1.6094379124341003,69.7277063341387,1701.8466317126272,99.5,92.7,,12.742980561555074,42.4,0.8333333333333334,0.0,71.4,4.531574493421528,0.0954449825675742,5.083815982885153,12.49087841135421,1.6267190489205483,0.17429132667005875,0.1063460781574989,0.0488277675822081,0.2851555437777112,0.429163604381847,3.356599435724971,0.7155153346110086,0.0412942777909836,0.1128572630885837,0.1742083992594245,5.3806280277134855,100.47940486142193,106.06602950818922,0.6287091837101297,16.659926945302015,13.671177870315287,-12.538506115228595,0.10259283194732825,52.5,85.3,28.383458646616553,11.100000000000001,-0.3999999999999915,18.700000000000003,-0.5,3.3000000000000007,21.700000000000003,2.4146325779637263
693,Wanaparthy,Telangana,578329.0,True,Mahabubnagar,direct,direct,5.807648857181421,,24.8,18.168344273888426,15.2,24.0,23.5,37.1,18.2,28.700000000000003,58.7,51.72320163370568,63.34632302446224,1.7705639096047976,8.7578288721349,0.33013152931945217,2.376324121422094,125.53,5.0,1.7,75.3,29.566666666666666,0.9966234847379688,7.323625388629167,1.4264173625312178,0.6119891085969089,,24.099999999999994,0.5999999999999943,11.099999999999994,1252.0051382536835,30.71,18.21952308036599,0.31144483898061526,0.15572241949030763,3.27017080929646,5.138839843180151,16.666666666666664,23.358362923546142,0.0,0.0,0.6931471805599453,48.364269045299736,615.3838573417977,99.0,87.0,82.3,14.285714285714285,50.9,1.9333333333333333,0.0,70.1,3.7373380677673826,,4.564402577776302,9.966234847379688,0.15572241949030763,0.0,,0.03731143901772581,,,3.4756711883244296,,0.03224293991626091,0.1433900783032504,0.1928842274992959,,218.1798091424146,,,,,,0.05963678355833987,37.0,88.9,-7.093379700314989,,,,,,,2.8884593914871237
523,West Godavari,Andhra Pradesh,1844898.0,False,,direct,direct,6.311285143417815,581.3667632000931,21.5,41.492174936209935,21.35,30.1,45.3,51.6,12.0,11.9,63.0,69.97726550287224,68.78082654529568,0.6805991641140627,24.745310655585126,0.25311539161266794,2.336161318143587,137.81,2.7,1.0,62.3,21.866666666666664,0.1300731873565099,1.9346921831134947,0.27397397481037855,0.5118555697056174,32.77202587783467,19.200000000000003,0.9000000000000057,13.200000000000003,1517.27373165246,31.1,17.718077412886757,0.3281125446830881,0.09374644133802516,9.069968199453935,2.4842806954576675,40.131578947368425,0.0,0.0,0.0,0.0,52.105443926191114,763.5483590709808,98.7,80.0,71.9,21.67300380228137,55.7,7.333333333333333,0.07030983100351887,67.6,7.422640800905893,0.0022139741052782,4.962905816739697,18.703101491756296,0.5371647948024002,0.42185898602111327,0.0357220109254742,0.0346481504188003,0.1898241333277534,0.4503752381910334,3.3653007486379876,0.5923298230223226,0.0029975586617472,0.0956445401393426,0.1490463557515744,11.165115811819335,213.41390955695312,119.4645826253008,0.7041362623530812,13.220113931718705,12.161290322580646,-57.7350007025432,0.0921049125532789,46.5,86.8,5.769230769230757,5.299999999999997,-11.400000000000006,2.299999999999997,1.5,1.5,17.699999999999996,1.8362731726623303
242,West Kameng,Arunachal Pradesh,83947.0,False,,direct,direct,5.039918931758257,34.48590653393872,21.7,83.7291029065018,7.35,25.25,25.7,76.8,26.3,32.7,37.4,3.758186120217751,14.147928816644981,0.41960330468450624,3.5848717117611075,0.054730865828413855,1.6054387309668063,59.99,10.0,2.5,66.6,20.266666666666666,0.6385267679981617,3.5483844678754983,9.796824983286081,0.009121810971402309,16.985038518074912,11.099999999999994,0.20000000000000284,11.099999999999994,894.3570785021108,35.98,24.628889622786236,4.560905485701155,0.9121810971402309,0.9121810971402309,0.0,0.0,0.0,0.0,0.0,0.0,22.850136483362785,39.29676166480115,93.6,56.2,45.8,14.285714285714292,10.0,0.2333333333333333,0.0,38.3,3.6487243885609235,-0.1236965205023346,5.252748430548351,15.507078651383926,0.9121810971402309,0.9121810971402309,0.21088820664450608,0.1750258407014534,0.7071583527639923,0.5061884284131655,3.8834342936830093,0.03259134654316049,0.0015409176409393,0.1313374655610186,0.2460267944677727,9.000980929203827,38.15121889530479,76.42917555124066,0.9124064837905236,6.430876734838628,71.38047138047138,3.524229074889868,0.06685040420653705,43.6,88.9,,-7.5000000000000036,-15.400000000000006,31.200000000000003,36.599999999999994,10.2,28.900000000000006,13.80661905620839
76,Yamunanagar,Haryana,1214205.0,False,,direct,direct,6.162051661559071,764.1184847956654,23.6,71.23949177230999,14.75,28.75,38.0,61.7,13.5,10.049999999999999,56.6,18.801414293861633,17.962735567990055,15.047328568531707,33.221455243945876,0.04613421562676174,0.442062185557926,101.02,7.2,6.6,72.9,20.966666666666665,0.0585284825115634,1.2284095623603426,0.9268157348301688,0.04682278600925072,62.084542569880206,16.5,0.0,22.299999999999997,1083.3133227918818,42.19,9.089129048854552,0.41314222949338875,0.13771407649779624,4.544564524427276,0.2754281529955925,81.33333333333333,0.0,0.0,0.0,0.0,59.10481592170668,529.6572896254968,94.8,82.9,66.8,16.39722863741339,28.0,1.3,0.0,20.6,5.164277868667359,0.352412396554636,5.205810592533917,16.45683214148665,0.48199926774228685,0.0,0.0881775932842022,0.1280008402748315,0.357124189264723,0.3205661317487574,3.2725377773752373,0.9306405662212047,0.0868438791779269,0.1107112884120755,0.1295866296905352,5.341274258191642,65.65577267630086,107.31054475973993,0.6632846496849505,19.20698224914764,26.15460941728306,-23.45645134734647,0.0882203994351167,51.2,77.7,1.4705882352941175,19.0,9.600000000000001,-5.0,0.3999999999999915,0.3999999999999986,2.200000000000003,9.398669719859623
500,Yavatmal,Maharashtra,2772348.0,False,,direct,direct,6.496498367925372,220.9813413627488,22.1,46.05973007559716,10.649999999999999,17.7,10.5,31.1,29.450000000000003,10.4,58.4,0.8011136297443016,1.4855509409504357,0.09754905320404149,10.08931367599578,0.04367392251292053,0.4667052741526691,92.93,7.4,0.0,75.2,34.5,0.019446053089694545,2.9660012778117713,0.5719052334903609,0.19796719620820186,45.253311494815904,33.599999999999994,10.5,28.200000000000003,640.2676737333043,41.83,18.87223512967077,0.44630285779626827,0.12751510222750523,3.474786535699517,0.2869089800118867,70.58823529411765,6.375755111375261,1.6258175534006916,0.0,1.0986122886681098,44.88467840857069,104.07368219726736,96.3,74.7,97.3,13.30935251798561,16.0,0.5666666666666668,0.0,29.0,1.0838783689337943,-0.2777297922173709,4.791531353503156,7.363997153638427,0.31878775556876304,0.31878775556876304,0.042231302096815804,0.0828395494796756,0.08567909083650779,0.4891157242885813,3.2392994791268923,0.40805551659021083,0.0274890951441113,0.1233833030362467,0.1564690877279819,7.665621944830403,68.7070637977474,48.70528519507652,0.8344343395443908,13.071573129341559,15.159649257356136,26.73157162726008,0.0832683522560305,38.9,71.8,18.359375,-2.5,14.1,13.100000000000001,11.0,2.599999999999998,21.700000000000003,5.9273400654515624
466,Ahmednagar,Maharashtra,4543159.0,False,,direct,direct,6.7186156801362475,265.0312326248603,23.0,55.44013097652778,11.75,24.450000000000003,23.0,44.6,26.200000000000003,5.35,50.3,1.6943926826925064,2.0099886121967176,1.5357345230992325,6.62426489463291,0.1037968441676479,0.44003744985989957,92.93,15.9,2.7,64.5,32.6,0.02312968350697126,0.9156296198214244,1.095697073239333,0.20568214424381057,41.96612278761062,20.5,10.0,22.599999999999994,496.11680118062003,32.68,12.864691735695587,0.45877058195645476,0.057346322744556845,5.122938165180412,0.7646176365940912,67.94871794871796,7.646176365940913,3.4216639237585587,0.0,1.6094379124341003,22.66039943251164,155.12237648725372,97.9,83.5,77.6,19.364161849710985,28.1,0.5666666666666667,0.0,12.0,1.491004391358478,-0.1151186765486648,4.902705925059391,9.251873402788505,0.26761617280793193,0.15292352731881825,0.0780185905989913,0.1094718379700759,0.3162215505383495,0.4852548634111199,3.746322765089953,0.6700909290978974,0.0640006224529506,0.1359271709871365,0.1754323114907077,9.414735957894194,83.44035041170456,70.57292073643032,0.7858706771795,19.130924421993313,21.147228348302278,18.11197394198315,0.1099978259545869,45.7,77.4,3.4124629080118694,4.699999999999999,2.0,41.5,4.0,2.8000000000000007,26.700000000000003,6.271544501852816
745,Alluri Sitharama Raju,Andhra Pradesh,914999.0,True,Visakhapatnam,inherited,inherited,6.080675400450302,,21.4,53.067717316469285,17.6,26.549999999999997,23.8,58.0,14.55,15.75,58.0,49.34608029105488,64.25401711124931,18.949985237023817,53.669537141967325,0.7718811071980156,1.3367949085540205,137.81,8.1,2.0,72.6,28.666666666666668,1.7220015355365672,3.208517473848638,0.9039878981610012,0.38562601362052457,,22.200000000000003,8.200000000000003,27.099999999999994,1416.506258981215,35.33,14.888225648209485,0.2516319827866392,0.08387732759554639,7.632836811194723,2.4743811640686184,0.0,4.152356224172282,0.0,0.0,0.6931471805599453,66.13286924938956,918.8750753426158,95.3,76.5,72.3,20.04889975550122,26.5,2.1666666666666665,0.18872398708997937,64.9,0.7474241203510108,,4.344725937816506,2.823602232437152,0.24914137345033693,3.334123771922969,,0.03179840317341803,,,3.342620042553348,,0.01240895479427076,0.1589804303226518,0.1829056180765815,,96.44221172854763,,,6.766679702911151,11.326860841423949,597.6027397260274,0.08204683561666415,46.0,72.9,9.063444108761336,-5.0,-5.099999999999994,10.5,10.399999999999991,1.9000000000000021,23.099999999999994,3.814941883397492
154,Amroha,Uttar Pradesh,1840221.0,False,,direct,direct,6.360466056088476,941.6424297108074,32.5,23.609799662993503,8.7,21.85,19.7,72.8,21.65,7.4,47.6,6.512371557240889,3.9078589819881384,1.0766016320607803,15.367191055927915,0.19883772548388653,0.8123567600361418,86.91,5.5,0.4,69.6,33.36666666666667,0.48357683675796087,3.445648479766823,2.345936322594977,0.0,65.43516050362976,21.099999999999994,0.29999999999999716,54.6,519.8006226551603,36.59,8.982581458263295,0.34883811488401145,0.04360476436050143,0.8720952872100286,0.1308142930815043,43.13725490196079,10.901191090125359,2.616285861630086,0.0,1.0986122886681098,26.82129055814443,96.8313560247911,81.1,72.9,80.19999999999999,6.299212598425199,20.3,0.13333333333333333,0.0,8.3,2.223842982385573,-0.1159859988746009,4.5918325760433545,8.85176716518179,1.308142930815043,0.0,0.1510582676534653,0.0871684515076377,0.5269502560645019,0.3255527461103856,3.2397998184470986,0.8067941575541406,0.0567999252909243,0.0882245288042451,0.112623453045634,9.11375699278134,73.6700388049561,69.68293482141547,0.600630107929378,11.668634942870183,17.76530697713376,-3.4492711791023236,0.0577591372566992,35.4,45.4,2.8846153846153846,2.8000000000000007,5.1000000000000005,-1.2999999999999972,13.899999999999991,1.2999999999999972,26.400000000000006,10.87750713137458
744,Anakapalli,Andhra Pradesh,1726998.0,True,Visakhapatnam,inherited,inherited,6.356546615643351,,21.4,53.06771731646927,17.6,26.549999999999997,23.8,58.0,14.55,15.75,58.0,49.346080291054875,64.25401711124931,18.949985237023814,53.66953714196731,0.7718811071980154,1.33679490855402,137.81,8.1,2.0,72.6,28.666666666666668,1.7220015355365668,3.2085174738486373,0.9039878981610009,0.38562601362052445,,22.200000000000003,8.200000000000003,27.099999999999994,1416.5062589812148,35.33,14.888225648209481,0.2516319827866391,0.08387732759554636,7.63283681119472,2.474381164068618,22.22222222222222,0.0,0.0,0.0,0.0,66.13286924938953,918.8750753426154,95.3,76.5,72.3,20.04889975550122,26.5,2.1666666666666665,0.18872398708997934,64.9,0.3960006454535873,,4.667632013611696,9.944016208056746,0.17600028686826102,3.3341237719229677,,0.03179840317341803,,,3.342620042553348,,0.01240895479427076,0.1197755740924972,0.1948982506900636,,169.84707058178614,,,13.551582088138929,9.654726868135812,-27.391673346220948,0.08204683561666415,46.0,72.9,9.063444108761336,-5.0,-5.099999999999994,10.5,10.399999999999991,1.9000000000000021,23.099999999999994,3.8149418833975255
628,Anjaw,Arunachal Pradesh,21167.0,False,,direct,direct,4.416473254894578,3.756147557241899,23.2,79.68585456257125,15.65,36.85,22.8,66.9,44.099999999999994,50.0,35.9,5.634353352909079,11.65199604955347,0.15331573749412458,3.67957769985899,0.07665786874706229,0.07665786874706229,59.99,9.3,7.1,57.1,17.96666666666667,0.038328934373531146,2.1464203249177443,17.248020468089013,0.038328934373531146,10.33565483268218,13.200000000000003,13.400000000000006,71.0,759.4878346115197,38.98,61.32629499764983,19.164467186765574,3.8328934373531145,3.8328934373531145,0.0,0.0,0.0,0.0,0.0,0.0,17.09470473059489,52.12735074800236,78.0,93.0,,4.535147392290257,12.6,0.5666666666666667,0.0,17.5,3.8328934373531145,-0.457632088169836,,7.665786874706229,3.8328934373531145,0.0,0.1694898090379488,0.0989727200878782,0.25383762583252,0.4961024235838805,3.813981075636472,0.0026403132563815206,0.0080283593840677,,,11.40747322742488,,67.46350451173998,0.6904761904761905,1.9547756530500886,,,0.06994744449612214,28.8,29.0,,3.900000000000002,-57.8,57.2,26.6,8.3,43.0,14.265786162819523
776,Anupgarh,Rajasthan,698478.0,True,Ganganagar,inherited,inherited,5.902627444429248,,24.9,62.976569838855845,8.95,17.25,19.5,69.9,15.55,8.05,59.0,50.31378969343725,41.04251654409784,21.98909149231249,63.21580845564509,0.4087917737716195,1.0847851195416267,88.3,3.0,4.2,72.3,25.166666666666668,0.08566429135496477,2.2676625105311663,3.6480560137122047,0.010208697933493213,,16.599999999999994,5.599999999999994,54.5,1612.4025864076518,37.38,21.216337444390238,0.7545559342147157,0.044385643189100925,4.749263821233798,2.8850668072915604,65.75342465753424,0.0,0.0,0.0,0.0,52.99379482919515,638.9681737909547,97.7,89.7,61.0,16.731517509727627,14.3,0.06666666666666667,0.0,85.3,3.240151952804367,,4.657329069544242,15.93444590488723,0.13315692956730277,0.044385643189100925,,0.12611069493854024,,,3.2794387882870204,,0.14565264971635844,0.0185860480243513,0.0392291835125278,,180.72720299170007,,,,,,0.08885121135368455,39.3,45.5,23.13432835820895,-1.0,72.39999999999999,9.799999999999997,8.900000000000006,0.9000000000000021,7.5,10.704429062296954
122,Auraiya,Uttar Pradesh,1379545.0,False,,direct,direct,6.221342493527877,691.3508318720038,29.3,38.39793430616709,6.95,21.05,19.3,60.2,28.049999999999997,5.8500000000000005,39.1,0.5484389415464246,0.860802851299043,0.21024493925657017,1.8020994793420302,0.06547628108276043,0.4439171717445868,86.91,6.5,3.2,64.2,30.566666666666666,0.3496072989923539,0.6463530132573415,0.9286819316875928,0.009611197223157493,100.80333997218008,25.700000000000003,0.5,66.3,351.6256504092169,35.16,11.473366685144258,0.4204898785131404,0.12013996528946866,0.24027993057893732,0.0,5.88235294117647,6.006998264473434,0.0,0.0,0.6931471805599453,15.469822630498435,264.5494049670629,90.1,82.5,72.6,5.576208178438665,8.0,0.7999999999999999,0.0,18.4,2.0423794099209673,-0.2328547049886647,4.626154834435415,6.367418160341839,0.12013996528946866,0.0,0.07510392854644529,0.0580528838759857,0.1632817562563857,0.3204121648804497,3.0729847446279304,0.912696439657656,0.050751576228349,0.1007946101413377,0.1596522827157889,6.964273102876395,44.331512780395286,34.834673751128086,0.8326743798901282,13.577017477362855,14.952992090732725,10.24828057167943,0.07492373178603985,46.2,33.7,0.5076142131979695,7.5,15.399999999999999,48.5,20.89999999999999,3.099999999999998,38.4,10.928418570105428
140,Ayodhya,Uttar Pradesh,2470996.0,False,,direct,direct,6.5302090709864595,971.2061478131984,29.1,17.055679104290384,18.8,16.3,24.5,31.6,24.950000000000003,5.3999999999999995,52.3,3.6196858922301502,2.3371177022361245,0.23981783313365757,10.066154435038209,0.0693200378676624,1.4483463231073292,86.91,2.5,0.7,57.7,23.5,0.3256566885357417,1.8846200933467876,1.6067499841070514,0.27462534150976037,101.5670137562094,35.599999999999994,0.0,58.7,466.1698801879161,38.76,8.701877094025706,0.1474894422716221,0.08849366536297328,1.9763585264397365,0.17698733072594655,30.985915492957744,2.9497888454324426,0.0,0.0,0.6931471805599453,21.90985162833401,271.70977021493496,89.1,68.7,88.6,7.836990595611286,21.2,0.06666666666666667,0.0,19.8,2.0943500802570343,-0.1153079971989592,4.870704138786534,7.551459444307053,0.7079493229037862,0.0,0.0798667252552708,0.0930250581668485,0.1674515606582622,0.3363862183508188,3.402433346219312,0.7986515133065395,0.0431731266834537,0.1106810960955404,0.2030553006369611,8.495716783948847,36.6409735646243,41.53143105047519,0.8330312597443094,12.742497854499065,10.995391950563354,-11.11522633744856,0.11572087719135454,49.0,41.3,-1.9607843137254901,9.6,13.200000000000001,20.200000000000003,10.5,4.399999999999999,39.2,5.3110643914336855
739,Bajali,Assam,253816.0,True,UNRESOLVED,inherited,missing,5.45773638001615,,30.1,,15.5,17.299999999999997,16.6,75.0,30.35,4.35,64.8,,,,,,,109.67,1.7,1.5,63.5,25.166666666666668,,,,,,36.3,1.9000000000000057,61.3,,,,,,0.36564881398545784,0.7312976279709157,,0.0,0.0,0.0,0.0,,,87.6,54.6,64.9,18.808777429467085,12.7,0.3,0.0,58.9,0.0,,4.754111646666086,8.365171741594756,0.0,0.0,,,,,3.683947130751512,,,0.0941695670783304,0.1646444073950692,,73.33844662234044,,,,,,,31.7,38.7,,4.600000000000001,33.2,20.5,35.699999999999996,3.1999999999999957,27.400000000000006,7.610557909244184
345,Balangir,Odisha,1648997.0,False,,direct,direct,6.289900735879163,305.3624047233928,23.9,20.280096726773422,13.4,22.25,15.9,66.2,33.95,14.200000000000001,59.4,12.045250954655911,14.659902976115012,3.493897374565027,7.239154272480056,0.19441889663194029,1.3250237730878673,111.09,2.3,0.7,74.9,31.933333333333337,0.3236895086405127,3.443625469895027,6.554840794625153,0.13183550510398062,55.93761179727428,33.7,7.099999999999994,67.4,1007.141695393978,31.64,14.055614162836845,0.7694679286224549,0.153893585724491,1.6415315810612374,1.231148685795928,,5.129786190816366,0.0,0.0,0.6931471805599453,74.64710971290252,238.5750702052494,97.9,95.8,,10.35598705501619,19.8,0.06666666666666667,0.0,44.0,,-0.257812255092353,4.742023995083692,10.464763829265387,0.461680757173473,0.0,0.0364085491453776,0.0267843362904651,0.0469191329196971,0.4369935178778372,3.6158448828747023,0.4539515033452913,0.0065415172192426,0.1139580457393341,0.1725078855811377,10.693387093104034,60.03984244798583,110.36648338353557,0.3705232040616724,12.619274029408261,8.784390911813786,-15.788032315486786,0.0801976202437496,31.4,32.6,2.1201413427561837,5.0,-6.100000000000001,2.799999999999997,10.800000000000011,4.200000000000003,51.8,5.311472221003441
129,Bara Banki,Uttar Pradesh,3260699.0,False,,direct,direct,6.586217005369166,860.3932460167471,32.6,15.246154648826948,10.7,20.9,17.1,64.5,30.700000000000003,5.75,55.3,4.984818420471056,4.1971004302816635,4.599256652396129,17.12651372218227,0.06222920264827326,1.524356176538327,86.91,5.2,4.8,65.5,30.633333333333336,0.026188122781148328,1.3729317834275288,2.478796572156218,0.05808058913838837,101.69115682607534,37.6,1.2000000000000028,52.2,472.02639298291405,32.68,10.553035615769673,0.44079018542526893,0.051857668873561046,0.28521717880458575,0.12964417218390262,36.61971830985916,9.075092052873183,4.174542344321664,0.20743067549424418,1.6094379124341003,22.990578918404555,497.8712179961194,76.0,64.4,44.9,12.631578947368425,9.0,0.8333333333333334,0.0,14.6,1.8409472450114173,-0.1002761064232348,4.554224284777539,7.0267141323675215,0.23335950993102472,0.0,0.0343843900674458,0.058336431577646,0.2032073697963266,0.3658264684964788,3.505963518018126,0.6394965179365951,0.0950088504312633,0.1130651897786414,0.1105934778523949,13.29331125118809,70.88499855867458,45.51508740917208,0.7403696491499956,9.384682336048343,8.674009084686702,-10.324322985059835,0.0580376222174631,29.5,47.8,0.9523809523809524,3.3000000000000007,11.0,24.300000000000004,13.5,2.1999999999999957,41.0,10.966971364644303
690,Bhadradri Kothagudem,Telangana,1115724.0,True,Khammam,direct,direct,6.145476524974985,,19.5,37.5592690852151,18.35,29.85,31.0,48.7,16.55,20.849999999999998,68.7,33.53455515792204,35.95675755061636,1.9121520955912288,7.933320890425262,0.06509758350123525,0.6230768706546803,125.53,9.2,1.0,69.3,25.166666666666668,1.9700960984879328,3.0989311178829793,0.5050427906799131,0.2768435693953631,,24.700000000000003,0.9000000000000057,10.799999999999997,1433.5239012935476,37.69,21.532277619639352,0.2861432241812538,0.1430716120906269,4.435219974809434,4.792899005036002,20.0,10.730370906797019,0.0,0.0,0.6931471805599453,105.63907086129575,312.54065197003496,97.4,80.4,82.4,16.492693110647185,58.0,2.1999999999999997,0.0,59.4,3.2191112720391057,,4.77280687143911,12.089551221657974,0.1430716120906269,0.42921483627188073,,0.03868969797880275,,,3.5126843962171637,,0.013934645957500772,0.0587630111462023,0.165320610858566,,131.49871347572932,,,,,,0.10741865290747458,41.8,89.2,2.2524787281828016,,,,,,,2.1286489670869795
91,Bharatpur,Rajasthan,1475707.0,False,,direct,direct,6.240279136086275,521.4253315563448,31.7,36.02482332859276,7.2,21.35,12.4,48.7,29.0,6.1499999999999995,60.8,15.53440012089563,19.048204838488147,1.9004248979625162,26.60794656505991,0.1341985691044146,5.386257705369493,88.3,15.3,3.8,75.7,27.2,0.10256367068029701,6.194779109303783,2.3253315336380327,0.003995987169362221,95.72053678528589,37.3,6.099999999999994,75.7,1148.6128789411616,42.59,15.6509497466687,0.5660981823263146,0.033299893078018505,2.0645933708371476,1.1987961508086662,48.38709677419356,8.626053015272666,1.3801684824436264,0.0,1.0986122886681098,77.21878905968633,228.69267669511538,92.1,64.1,73.95,12.790697674418606,12.2,0.7666666666666666,0.0,84.8,2.0645933708371476,-0.1730702427193505,4.870637844669594,7.820954733847216,0.09989967923405552,0.0,0.0908774176943488,0.1219266308873883,0.22984021293214202,0.42031389912818,3.443106456737266,0.6818737797243345,0.1840027797519218,0.1193828292017544,0.1757640685567481,2.8161865675572217,71.82064305444308,63.30681014666885,0.7360089255276289,23.21960950651096,17.160510056526885,-8.150591446769791,0.07664463837713881,30.3,24.3,4.059829059829049,-2.0,71.6,13.599999999999994,12.699999999999989,4.599999999999998,27.800000000000004,11.09992810931663
193,Bhojpur,Bihar,2728407.0,False,,direct,direct,6.561627943954909,1221.635133876365,34.2,12.78997789328172,15.5,14.2,20.8,51.4,23.05,9.15,73.6,2.0291316940019377,1.8902891467179646,0.12155582696996055,6.245719488691292,0.04801866753892347,1.6707752379685998,82.08,11.8,1.4,67.7,38.666666666666664,0.03567101017177172,0.6739076998605488,0.6412550059340808,0.029085592909290785,90.97177940542868,54.1,0.29999999999999716,57.1,424.3472760663432,48.02,9.411658837629,0.10975695437468222,0.08231771578101166,0.32927086312404663,0.05487847718734111,51.515151515151516,0.0,0.0,0.0,0.0,31.514514309602504,23.033045660298935,86.9,61.9,71.80000000000001,12.54480286738352,12.6,0.3666666666666667,0.0,9.6,0.9054948735911282,-0.0727906773580815,4.648831077820312,6.640295739668274,0.2743923859367055,0.0,0.0920709694447922,0.1009093778629346,0.1275937489067991,0.3014553913693961,3.3453737305590883,0.9280943688324099,0.0300882643672503,0.0829037231710132,0.1472267455498381,28.19187241231165,39.02393383443979,28.14902615335615,0.8198354209525793,7.373746587277088,4.957336108220604,-11.552512918408322,0.0786738748265202,34.6,42.9,0.0,6.4,-5.1,-10.000000000000007,6.5,1.8999999999999986,18.9,14.151728149283343
93,Bikaner,Rajasthan,2363937.0,False,,direct,direct,6.468367673397996,89.43510521059756,30.2,31.411793897501475,7.9,11.9,14.4,65.1,20.7,4.6000000000000005,58.9,33.22769523060484,33.43006670338934,5.318458352825842,28.244255198270995,0.781255920984905,1.459795565027084,88.3,3.6,2.2,82.4,25.633333333333336,0.32651531743383055,2.5179092655860913,3.759687832201628,0.04353537565784407,56.09080221909123,20.200000000000003,5.099999999999994,48.6,1545.4350908680206,44.65,16.66588599401843,0.5441921957230509,0.0,2.8229970153133266,1.3604804893076272,25.0,8.50300305817267,7.312582630028497,0.6122162201884322,1.0986122886681098,62.119879261908586,341.1142934444684,90.0,75.6,83.4,22.279792746113987,8.1,0.13333333333333333,0.0,87.4,1.3604804893076272,-0.3531329008148556,4.964639742591966,12.584444526095552,0.13604804893076272,0.03401201223269068,0.042958175539388,0.0822007131856735,0.0615683699632903,0.4171887829497994,3.3967222785037734,0.21511290179376866,0.1019814144208473,0.1118296401983724,0.1621377749743684,5.271975921263516,103.8072701646118,76.48088760402668,0.7371346711210425,18.17806005788386,27.211910121904598,30.273485107005314,0.06679867992773575,30.2,51.4,17.12962962962963,-1.0,79.5,19.599999999999994,16.599999999999994,1.8000000000000007,13.899999999999991,11.564878913584486
307,Birbhum,West Bengal,3498925.0,False,,direct,direct,6.609553426613742,817.8138956774279,25.7,20.45352707705013,18.65,15.8,13.4,63.9,29.2,9.85,77.7,5.0166895985614195,10.890953976657485,2.908136824009326,16.53522122190415,0.12482750372596008,5.5548239158052235,110.07,9.5,4.7,76.5,34.766666666666666,0.12065020537292599,6.5689245218623835,5.356033658887307,0.3469614867343615,65.54713910461398,45.0,0.5999999999999943,71.9,1159.876278129856,29.38,13.416499416215395,0.4668745218096932,0.1474340595188505,1.0811831031382368,0.4423021785565515,,6.1430858132854365,0.0,0.0,1.0986122886681098,98.69801108086675,232.00469329318847,90.3,81.6,76.80000000000001,9.734513274336283,25.4,0.13333333333333333,0.0,37.7,,0.0005474539718039,4.77864621149289,8.207162646549344,0.049144686506283494,0.049144686506283494,0.0411202681439333,0.0405750347986277,0.0553958306576607,0.3802219253056296,3.1436392352745433,0.7118986460793897,0.0099740547480622,0.0955276642569811,0.1525003359053807,5.857721242967839,45.79120313404552,78.93653050579822,0.6672906264822063,8.751440049606435,8.726148724959875,-16.816536260656314,0.08191973419158995,25.8,28.1,0.7130124777183601,3.0999999999999996,-3.1999999999999957,-9.800000000000011,4.0,-0.3000000000000007,23.9,4.664051606313406
701,Charki Dadri,Haryana,502276.0,True,Bhiwani,direct,direct,5.767394207423959,,23.4,42.18450715230926,11.850000000000001,21.75,28.8,57.0,20.099999999999998,6.05,72.6,7.187507396046037,8.48593991826971,0.047836987660872125,9.71090849515704,0.06321316226615245,0.2904388536552951,101.02,4.1,0.3,67.2,17.133333333333333,0.11105014992702458,0.6697178272522097,0.049545451505903275,0.0,,9.599999999999994,2.700000000000003,63.8,610.3982540888833,44.86,14.863635451770982,0.5125391535093442,0.17084638450311473,6.405274397099778,1.470062976383556,69.56521739130434,0.0,0.0,0.0,0.0,17.708227753747842,181.49865657688395,98.9,84.2,,8.414239482200658,14.2,0.0,0.0,29.7,7.858933687143279,,4.995667381506194,11.10501499270246,0.5125391535093442,0.0,,0.16883672273192546,,,3.2062860444124324,,0.11310457156745152,0.1192557149534498,0.1800769455423778,,65.19333344170167,,,21.729951644951164,40.88888888888889,-3.2407759604412325,0.1053622028234486,54.5,36.2,10.51583756776888,,,,,,,9.317802623402894
630,Chikkaballapura,Karnataka,1255104.0,False,,direct,direct,6.092240221316139,312.2079662557679,21.7,45.91263518591538,14.2,28.3,26.6,43.1,19.2,6.449999999999999,45.5,29.400033067163204,27.179484319950006,13.161562785739976,40.945916174486584,0.39623775897103636,5.7147188625475795,131.82,4.3,1.0,59.0,24.200000000000003,0.010512430340047904,6.8015424300109935,8.478679393492483,0.4924669290068595,31.604741207034373,15.099999999999994,1.9000000000000057,10.599999999999994,2213.012143307869,33.03,21.267455226404607,0.16172969753919852,0.4851890926175955,2.9111345557055732,0.32345939507839705,8.433734939759036,12.12972731543989,0.0,0.0,1.0986122886681098,102.92801410789673,677.636111610414,99.0,76.6,,12.222222222222229,38.2,0.4666666666666666,0.0,26.1,6.711782447876739,0.0566574753632746,4.860322980752233,13.423564895753477,0.6469187901567941,0.24259454630879776,0.0487959443071657,0.0402876813336651,0.2213085340653606,0.5097410254449034,3.635986111800833,0.6217536430751811,0.0103923100588076,0.1336016488797884,0.2067249373219137,9.388255993403494,107.33340466144054,74.70376956809955,0.7880995296551871,17.172459284712097,14.519373279695108,6.079224736500325,0.06493108789816805,48.0,89.4,1.532567049808429,3.700000000000003,10.0,12.899999999999991,7.0,1.6999999999999993,32.400000000000006,3.2340814517936414
503,Chittoor,Andhra Pradesh,1872951.0,False,,direct,direct,6.311232512624122,360.04304933600383,22.6,40.843326599254624,19.799999999999997,24.9,33.4,41.7,11.5,9.35,51.8,63.35486015549588,59.76105197102989,3.9644266770353678,35.73939976616907,0.3198242055344027,3.3958003664225513,137.81,4.8,3.1,54.9,23.26666666666667,0.224079222008292,10.61375845548604,0.8828316790858285,0.3324104005519196,25.233870660779537,25.400000000000006,1.5,13.400000000000006,1732.8266496314025,29.46,17.328493497331305,0.33713022368348844,0.13485208947339536,8.787861164016267,2.022781342100931,32.608695652173914,21.97758665753549,7.423540382100877,0.0,1.791759469228055,92.6622647607489,996.2254298217696,97.1,66.6,84.4,21.3032581453634,26.4,2.1666666666666665,0.0,70.7,8.986390988858957,-0.1556230837963453,4.782943134271955,12.844678424292965,0.29303448876713983,0.17980278596452717,0.0816181407252766,0.0924558542326878,0.2407937444040581,0.4631833627850459,3.4038066105474227,0.5097927206405789,0.0104307101291424,0.0193501049421298,0.1756397678306762,6.5304129686413415,188.5398260257099,126.9908654970312,0.6356693858146502,12.20830519285366,12.406857142857143,-18.262376561375973,0.08312728911644592,40.3,86.6,3.968253968253959,4.899999999999999,-4.099999999999994,-1.0,3.0999999999999943,0.7999999999999972,33.699999999999996,1.466423524833611
376,Dakshin Bastar Dantewada,Chhattisgarh,283479.0,False,,direct,direct,5.531006087949008,75.45891954010511,27.9,40.329083152757256,9.399999999999999,21.4,6.8,71.6,46.900000000000006,35.599999999999994,76.0,5.988869650459931,6.136088668416173,0.21199538585698868,40.37334348431985,0.880369727378328,3.9631359633820384,94.16,2.4,1.0,89.9,36.93333333333333,83.5085157454988,16.15287065015889,9.978505037074093,0.47993399853734936,33.31329800603217,39.5,4.900000000000006,65.4,1843.3146019283122,33.3,26.204985196211105,1.1777521436499372,0.2944380359124843,0.8833141077374529,0.0,0.0,0.0,0.0,0.0,0.0,186.51177384876317,1235.2205594993356,90.5,77.6,,8.088235294117645,5.1,0.6333333333333333,0.0,82.2,5.888760718249685,-0.4414748005803156,5.016842633488841,13.544149651974278,0.2944380359124843,0.0,0.0384426287891573,0.0231555962064304,0.08808393675854059,0.5370588301432806,2.851869600729766,0.12976583637860806,0.0058319517443072,0.1474997769833677,0.0576415176399398,9.46671210983956,101.54549649338264,159.78622212061362,0.2340151053150068,15.55810581761567,16.734362307067425,-30.40958777821678,0.053454514795598145,24.2,34.6,4.49438202247191,,,,,,,9.622314873052474
283,Darrang,Assam,928500.0,False,,direct,direct,6.039450953370858,601.6693358418609,29.2,17.88067518728942,12.6,15.6,13.3,71.0,26.6,4.05,70.4,5.7922027839730745,13.774174175224635,5.584914429572651,14.766784048498911,0.1415405063086594,0.6839602530657155,109.67,2.1,2.3,66.8,34.03333333333333,0.06483468353493431,1.5879931643274754,4.899127847393275,0.13332202529718887,34.98676743323442,32.099999999999994,0.29999999999999716,69.9,942.4250887245663,31.76,17.532759491137167,0.6392151897810425,0.09131645568300607,0.6392151897810425,0.8218481011470546,60.0,0.0,0.0,0.0,0.0,55.946852903307324,303.65004425991594,84.4,57.1,62.4,12.274368231046934,10.8,0.13333333333333333,0.0,53.7,0.45658227841503035,-0.1707273089171974,4.4945127354211065,6.574784809176437,0.3652658227320243,0.0,0.0667914739174639,0.0586229796088489,0.073015544524172,0.3498578352180937,3.8452221064290137,0.32488553364609996,0.0086036248594036,0.0718593149259481,0.171406297348321,15.572262697136408,86.21104468943227,85.12977921378567,0.8284351555482459,15.425175693973385,4.371662513349946,10.07428645901212,0.07299968234665395,27.5,30.1,-2.450980392156863,3.700000000000001,48.800000000000004,16.5,18.30000000000001,2.3000000000000007,22.10000000000001,7.581234762245632
49,Dehradun,Uttarakhand,1696694.0,False,,direct,direct,6.3153449875640835,572.7862638062362,23.1,125.67261821559784,15.8,27.799999999999997,39.8,58.7,14.0,10.9,47.9,12.614286006565468,13.286751203663188,9.128110315712098,23.5711146280541,0.36042199412791565,1.2801028140435768,100.85,1.7,1.4,59.5,16.7,0.45572821270939134,1.5698917730806528,3.1702621845909147,0.04595985160020401,37.528336028715685,16.099999999999994,1.0,11.200000000000003,665.4812348061372,34.03,9.579000649305677,0.3386515381067664,0.19351516463243792,5.56356098318259,2.515697140221693,79.16666666666666,43.54091204229854,18.52907701355593,1.402984943585175,2.302585092994046,35.272976633377624,383.3085488610825,91.7,76.0,,16.26666666666667,25.9,0.06666666666666667,0.09675758231621896,67.3,3.483272963383883,0.108742132373107,5.812575883778518,31.542971835087386,2.467318349063584,0.2902727469486569,0.3162821117601393,0.2294931329667466,0.3644236951172257,0.3434726591830937,3.631240780235509,0.9963090544133115,0.0656771417604921,0.1073600718859575,0.20666621471948,5.438193621896459,33.59370282652632,109.29430999343428,0.7735859231337529,48.949660893775174,25.250583398155353,-13.196410493986033,0.1557213810501166,62.6,88.8,0.0,15.399999999999999,36.099999999999994,15.299999999999997,8.0,1.0,6.800000000000011,9.157223332631979
351,Deogarh,Odisha,312520.0,False,,direct,direct,5.549941415516722,183.57011010009825,25.0,33.91817692149842,13.799999999999999,23.8,13.4,54.7,40.0,25.55,72.2,4.163313164884332,18.95900091199189,0.16630702554378848,19.001282359164037,0.002818763144809974,0.042281447172149614,111.09,13.4,4.4,61.5,30.0,0.4087206559974463,0.6201278918581943,2.951245012616043,0.0873816574891092,52.74192602979036,30.099999999999994,13.799999999999997,81.6,888.6742754273854,35.14,14.093815724049872,1.1275052579239897,0.2818763144809974,1.1275052579239897,0.0,,0.0,0.0,0.0,0.0,51.11545086798407,293.7912262941092,91.2,100.0,81.25,11.03896103896104,15.9,0.3666666666666667,0.0,57.5,,-0.3873654219121928,4.817283671190018,11.556928893720896,0.2818763144809974,0.0,0.059447900034119795,0.037744530996442,0.058916433167005705,0.5293581210802508,3.635483746814912,0.13098111957072034,0.0206699169188118,0.1398619918487857,0.1756385222828993,10.367137751631628,36.63582042506412,76.98067323691284,0.6387895918197689,7.68958585904161,12.320574162679426,-22.741433021806852,0.08474979010068874,31.3,18.4,1.8867924528301887,2.5999999999999996,5.799999999999997,31.599999999999994,5.900000000000006,3.8000000000000007,37.400000000000006,4.566532019293793
284,Dhemaji,Assam,686133.0,False,,direct,direct,5.890086179659441,392.5025749770549,30.6,23.252154634350383,10.55,20.05,15.6,57.1,44.45,45.05,62.9,1.2377621782313586,8.691383120400841,0.14811930332633322,4.8634651248716025,0.12235942448697093,0.3490463582733592,109.67,0.9,3.0,73.1,27.066666666666666,0.016743921245585495,0.7212766075021445,3.419623915925346,0.09015957593776806,19.20233210292432,29.200000000000003,4.700000000000003,78.4,793.2265250883673,32.11,15.584726697814194,0.5151975767872461,0.12879939419681152,1.287993941968115,0.3863981825904345,16.666666666666664,0.0,0.0,0.0,0.0,24.446125018554824,302.16595477360374,87.3,89.7,40.0,8.403361344537815,16.1,0.0,0.0,66.8,0.772796365180869,-0.3348122617192735,4.48423265120379,6.568769104037387,0.25759878839362305,0.0,0.0744780654525998,0.0681484210178967,0.12347802380200501,0.4617180634075318,3.713406532167691,0.0837607931439883,0.0173104916736813,0.0953757313034191,0.1483363582685481,15.192891696644883,91.32196442307578,76.02607657699018,0.8721340388007055,,,,0.0856594610758748,43.6,21.6,2.459016393442623,3.1999999999999993,57.3,42.7,11.200000000000003,1.8999999999999986,27.5,7.627424349561587
285,Dhubri,Assam,1187569.0,False,,direct,direct,6.198142233865795,977.9649410706592,32.3,13.95498140392972,9.3,18.6,12.4,68.1,38.4,2.6999999999999997,63.2,2.4246440134624314,5.101036461448209,0.9171761147986115,15.361404476386914,0.08593128382529364,0.23749852313523367,109.67,9.8,1.7,73.1,35.93333333333333,0.03713613270841835,0.5479738651974755,3.055958269505543,0.0,45.97558069655635,38.2,3.299999999999997,59.3,706.6302195152539,45.49,11.874926156761683,0.25908929796570945,0.12954464898285473,0.3168310746903804,0.8871270091330652,25.0,6.336621493807607,0.0,0.0,0.6931471805599453,33.387110566854545,100.00285541330793,64.2,71.6,41.650000000000006,7.196969696969692,6.9,0.0,0.0,59.4,0.7603945792569129,-0.1370722009128999,4.449732170692558,5.259395839860314,0.12673242987615216,0.0,0.0347194935907567,0.0386430683693415,0.0495596023977947,0.3436276778138142,3.671358003443492,0.37222311814609915,0.0040735260548749,0.0868849928586701,0.1457017467006724,21.813069500048023,65.29079415880224,83.24347007938405,0.7955233170839933,10.697484405846005,4.903110130335839,31.9627921519581,0.0504234689008277,20.4,40.7,-4.74576271186441,,,,,,,7.877598467410742
230,Dibang Valley,Arunachal Pradesh,8004.0,False,,direct,direct,4.012811747660784,5.170172605171392,22.1,70.7808511288398,10.8,38.8,21.7,82.1,37.85,46.099999999999994,62.9,0.0,0.0,0.0,0.0,0.0,0.9709307425080906,59.99,3.9,0.7,88.6,17.0,0.0,6.505235974804207,8.05872516281715,0.0,7.550876813163022,5.0,0.0,50.7,963.9400411620323,30.67,106.80238167588996,9.709307425080906,9.709307425080906,19.418614850161813,0.0,,0.0,0.0,0.0,0.0,10.874424316090614,75.24713254437702,85.5,90.7,,4.086538461538464,10.3,0.5,0.0,28.7,0.0,-0.305836690896504,,9.709307425080906,9.709307425080906,0.0,0.13197183932965978,0.0689591001983611,0.49922688097726187,0.4441529235382309,3.8482507146770426,0.002186153453289314,0.0056370154824308,,,9.092539023784685,,92.82858570714644,0.9650067294751008,4.951746786791262,,,0.059931752259022204,43.2,49.3,,-6.5,-45.7,52.400000000000006,29.799999999999997,3.599999999999998,12.299999999999997,13.77026512415545
768,Didwana-Kuchaman,Rajasthan,1625837.0,True,Nagaur,inherited,inherited,6.287421253351907,,27.6,23.962284699658248,7.4,16.55,13.0,52.3,24.95,3.9,45.3,21.515694198861343,23.18682100237001,3.463974527454988,19.511609960905503,0.12349601719403946,1.1867789742671557,88.3,4.6,1.3,65.1,24.633333333333336,0.3742918303457953,2.0081416019704283,4.2549069250488465,0.08545822955727168,,21.0,3.0999999999999943,54.3,1192.3771222662842,33.57,23.583428334796043,0.7861142778265348,0.10143410036471416,2.764079234938461,0.6086046021882849,44.99999999999999,0.0,0.0,0.0,0.0,45.957255022742864,335.60385012568963,97.0,80.6,67.1,11.11111111111111,8.9,0.10000000000000002,0.025358525091178533,90.0,2.028682007294283,,4.632254442287205,7.377594551037919,0.659321652370642,0.05071705018235708,,0.109866928611562,,,3.389343311252078,,0.062349912203999804,0.0766261358209721,0.0997874580939455,,84.5382631517667,,,11.953766835492907,15.372727272727275,-11.076143690512742,0.05054062622310032,32.3,45.7,22.420382165605098,-1.0999999999999996,60.8,36.199999999999996,10.0,1.8999999999999986,24.200000000000003,10.86872260365164
244,Dimapur,Nagaland,200024.0,False,,direct,direct,5.455240746291512,360.9994978429504,24.5,122.70998460236628,13.05,19.700000000000003,21.1,59.9,30.2,13.7,34.7,11.717163496846956,7.356083370690333,2.510027441030722,28.472892402606615,0.6052942280361697,1.0143768714489938,92.52,2.2,0.6,48.9,27.7,3.509595890998709,1.6252242575405416,2.4878148088092114,0.1388289513844426,32.39321862348178,18.900000000000006,7.599999999999994,15.799999999999997,974.2127302871322,46.08,11.661631916293178,0.3702105370251803,0.18510526851259015,3.1467895647140325,3.3318948332266225,75.67567567567568,0.0,0.0,0.0,0.0,116.9754233838462,1033.181715677188,73.7,55.9,36.7,9.477124183006543,14.6,0.3,0.0,5.7,6.848894934965832,-0.0952268273811947,5.350107802003918,19.98177706985061,0.5553158055377704,0.18510526851259015,0.3146073961250378,0.2595967445934056,0.1252441501994072,0.3995396121020773,3.865163219506086,0.6022450493807275,0.0025553355386569,0.0681316773481446,0.1119718303936081,3.893133788598635,57.953735640880616,109.6879446478587,0.8884022045197468,44.51729596667245,46.54099905749293,,0.09212172181143895,52.5,84.2,14.03508771929826,-1.5,1.1000000000000005,22.199999999999996,17.400000000000006,6.199999999999999,12.799999999999997,-4.500187909117155
572,Dindigul,Tamil Nadu,2159775.0,False,,direct,direct,6.358560046437688,448.983053062276,24.4,35.461194893407104,23.6,29.950000000000003,38.5,71.6,17.1,13.05,42.6,118.74297258522019,162.19003137160212,18.05425399035324,35.715652879686495,0.2391291919252085,1.1855727519075814,120.98,2.3,0.4,50.2,25.53333333333333,0.15416387464775347,1.9055881210010663,18.234257832626614,0.3013203004478818,24.570798169156983,39.0,0.5,23.700000000000003,3602.924059527325,26.82,17.387232453169922,0.6131517741672012,0.569355218869544,5.255586635718868,1.7518622119062894,53.65853658536586,6.569483294648585,0.0,0.0,0.6931471805599453,84.24705377057346,1436.7008860876888,97.0,92.6,,10.878661087866114,33.3,2.8666666666666667,0.04379655529765723,71.9,3.591317534407893,0.1085236901844753,4.895895333309089,14.540456358822201,1.1825069930367453,0.7007448847625157,0.07099618578855871,0.0401104654925888,0.3687892255911689,0.5116991353265965,3.4516329474569907,0.5059624571306626,0.0236713879754749,0.1092198914108282,0.1698945881409561,9.178517975322942,172.5733790721124,105.66146936602192,0.8066869700488596,16.142096386057528,14.99098680002326,-5.53120594643086,0.09940681281777655,50.1,76.3,11.38211382113821,12.399999999999999,5.200000000000003,12.599999999999994,-2.299999999999997,-1.0999999999999979,19.4,2.913936643672592
464,Diu,The Dadra And Nagar Haveli And Daman And Diu,52074.0,False,,direct,missing,5.050780711051304,1352.5714139133306,21.2,17.81969384356626,18.35,17.9,30.6,45.3,18.1,12.799999999999999,50.3,,,,,,,39.67,1.2,0.5,62.8,26.599999999999998,,,,,35.43912937330163,10.299999999999997,0.29999999999999716,14.700000000000003,,33.63,6.227551517971234,0.8896502168530332,0.8896502168530332,1.7793004337060665,0.0,0.0,0.0,0.0,0.0,0.0,,,95.7,92.9,,19.491525423728817,33.5,0.19999999999999998,0.0,64.0,0.8896502168530332,0.6006518276887652,5.473967318371013,12.455103035942468,2.6689506505591,0.0,0.2517358929683449,0.2354176924642375,0.3536386190728666,0.3024541997926028,3.117602691690084,1.4694586071612457,0.0019340933123811,0.0786858790615341,0.1942943023800656,4.768416695957001,7.322862802264588,164.4198640396359,0.3791170287316047,15.800187851309873,33.39517625231911,20.32520325203252,0.0579263235566735,52.7,85.3,,-0.3999999999999986,27.4,11.5,12.600000000000009,5.5,16.0,23.72214796068743
4,Doda,Jammu And Kashmir,409936.0,False,,direct,direct,5.787344045148068,300.45414017013104,28.4,6.071774373831015,9.9,22.3,31.3,77.2,20.150000000000002,4.05,66.5,2.991013820809527,13.285779884905166,2.067438358410077,25.341213659122726,0.08158793837450974,0.9415248088418423,87.34,2.7,0.0,80.7,19.133333333333336,0.10932783742184306,1.4343159566238812,1.1291770671032149,0.04405748672223526,26.740283688791123,29.099999999999994,7.400000000000006,57.6,974.6544070981959,34.17,31.98247184280782,0.4895276302470585,0.16317587674901948,0.8158793837450975,0.0,0.0,16.317587674901947,0.0,0.0,0.6931471805599453,46.53939180758784,217.73699465758912,73.5,61.7,,21.81818181818182,19.5,2.1666666666666665,0.0,7.6,0.6527035069960779,-0.1938636411615139,4.785049219522827,8.974673221196072,0.8158793837450975,0.0,0.21466660157180592,0.1616090965880861,0.0195173189875592,0.3705749190117481,3.6492374723496073,0.1859775026109825,0.0042646072931608,0.1020588977124141,0.1058540872990712,3.871972079949848,72.94955216947318,41.46988798251434,0.8921176470588236,5.7584766904728975,35.816108339272986,77.78337531486146,0.07402360209741235,46.8,42.4,118.68131868131869,12.600000000000001,4.699999999999999,18.5,23.9,6.200000000000003,24.700000000000003,13.882460862586788
99,Dungarpur,Rajasthan,1388552.0,False,,direct,direct,6.234126467203866,370.1305672381357,28.8,17.807392738937992,12.6,13.9,4.4,63.7,22.2,5.8500000000000005,72.6,8.052114535245298,15.725100171692377,9.479972295642291,12.271527541255042,0.5768592014022166,4.207164226202416,88.3,5.7,0.0,79.8,24.3,1.8991441453646283,7.851467856496702,11.641590294021073,0.05832752289203404,47.69275841346154,40.1,5.900000000000006,72.7,997.4583857014452,32.82,23.79762933994989,0.8749128433805106,0.11665504578406807,2.0997908241132253,1.2832055036247487,21.73913043478261,8.749128433805106,0.23331009156813615,0.0,1.0986122886681098,68.18720736170347,471.0898212154889,94.1,83.3,,6.521739130434782,5.9,0.09999999999999999,0.0,97.5,1.3415330265167829,-0.11549715827094,4.682681897110295,7.407595407288322,0.11665504578406807,0.0,0.053237866709704,0.0468205462289509,0.06911301206513369,0.4620028634145498,3.1835545336188615,0.32308979880449945,0.0107918191965972,0.0938585321604827,0.1458483598113658,8.717060415452549,58.21754253001059,40.374433222522455,0.8065712960650708,16.98555794138923,11.594510469722694,-0.33880903490759756,0.07833512012720031,32.5,27.3,15.890410958904111,-1.7999999999999998,87.9,17.5,7.699999999999989,5.199999999999999,28.0,11.268708340846732
232,East Siang,Arunachal Pradesh,27143.0,False,,direct,direct,5.057432806929329,19.283192497652045,23.1,31.07423492563365,11.1,33.9,27.9,67.9,38.0,34.75,35.2,22.209826030785862,21.666627129835675,1.068875256708432,82.53994912664048,0.08761272595970754,1.0250688937285781,59.99,8.5,2.0,51.5,14.5,1.9187186985175952,2.199079421588659,4.1002755749143125,0.1138965437476198,11.909284328609989,16.099999999999994,2.700000000000003,47.6,1096.6484908376592,33.54,22.77930874952396,1.7522545191941508,0.8761272595970754,1.7522545191941508,0.8761272595970754,20.0,0.0,0.0,0.0,0.0,87.61272595970753,786.0088096749201,90.8,48.8,58.0,9.43877551020408,18.6,0.7000000000000001,0.0,30.5,4.380636297985377,-0.3534379772515184,5.314488854192819,18.398672451538584,1.7522545191941508,0.8761272595970754,0.1949630857199105,0.1719392010101161,0.4388444671913245,0.4054064950511016,4.087000120795991,0.025907602783977905,0.0077713425777058,0.1180525222966681,0.1563113870244699,17.147456293108874,36.10547737120804,177.78740903501523,0.8585520721129316,28.61431629844048,28.69393139841689,-6.578947368421052,0.09409095018166735,55.6,52.4,,,,,,,,13.14671222510774
555,Ernakulam,Kerala,3282388.0,False,,direct,direct,6.587548807776573,1158.3358892672236,18.8,55.22190694330412,25.65,29.9,39.6,74.2,8.35,12.75,31.7,94.82764828053935,64.91131222003533,22.380189399586794,71.78442066371812,0.08065026268114762,4.203377953391479,164.0,1.8,2.4,36.4,19.5,0.8592354908722265,1.313151712885352,4.010541107365402,0.06953500211932279,19.35773846276985,0.7000000000000028,1.7999999999999972,11.599999999999994,4207.075974730955,28.54,12.924721583517247,0.5945371928417933,0.3101933180044139,13.93284986703159,10.572422255317107,64.0,13.183216015187591,5.86782359891683,1.525117146855035,2.1972245773362196,134.9938055456359,1512.189064843906,99.1,82.6,89.6,24.548736462093864,51.1,1.866666666666667,2.5590948735364147,46.2,1.2924721583517247,0.6009042988152523,5.732819090788555,28.718731358575322,3.1019331800441394,7.496338518440002,,0.1518053798557604,,0.3806201460643897,,1.0168765774827886,0.004983924466551371,0.1125189601905267,0.1617291081465801,9.023605365856934,103.52870472152208,268.10176006005383,0.7684252750524424,24.32096559256774,33.531302070935496,-17.426981675208875,0.17374079895748934,83.8,88.4,16.27906976744186,5.100000000000001,-1.5,6.699999999999989,-0.9000000000000057,-0.0,0.0,10.276776553706904
138,Etah,Uttar Pradesh,1774480.0,False,,direct,direct,6.339906125581884,709.0229224850108,33.2,34.43441059097222,6.9,17.799999999999997,20.4,50.7,25.5,7.85,55.4,5.258564893084821,4.288871262565528,0.08275084730032625,30.337557869103584,0.09235177433517072,0.6853233154872324,86.91,9.4,9.1,77.4,31.46666666666667,0.5417665969662243,1.2933820276940495,0.4288414075563869,0.13669891349611907,99.9498577798278,37.3,0.20000000000000284,60.4,421.44595061754666,35.46,10.286707537333374,0.18287480066370443,0.09143740033185221,0.27431220099555664,0.09143740033185221,23.809523809523807,4.5718700165926105,0.0,0.0,0.6931471805599453,18.65368685469951,160.51515597355495,76.7,55.5,49.55,8.849557522123892,7.5,0.3333333333333333,0.0,12.8,0.9600927034844483,-0.1540845180309412,4.550260632385382,5.897712321404468,0.4114683014933349,0.0,0.0585409980433843,0.0823866720065822,0.2269713245167796,0.3076867589378296,3.285557309007774,0.7307415437341739,0.0769196480910786,0.0899849006599664,0.1170390247708716,12.63348135218989,72.43815949078467,44.391596411343045,0.7791474127862692,13.318771732337593,14.901990753123687,-38.994408728247436,0.0886225950689172,38.8,39.6,6.511627906976744,3.0,4.5,7.5,15.0,1.2999999999999972,37.400000000000006,9.930215590658598
141,Farrukhabad,Uttar Pradesh,1885204.0,False,,direct,direct,6.348311509669958,955.3206647685288,32.7,37.08508265447816,6.9,14.3,15.7,51.7,27.7,10.0,56.9,10.692661465956053,7.443832263991213,0.7964003675209876,25.299164377702187,0.24752984395922592,0.5878833794031615,86.91,4.6,4.1,77.1,31.066666666666663,1.3093970006538762,1.8856213656676537,2.020148454775929,0.12152280382780838,97.52457510335324,27.400000000000006,0.29999999999999716,54.5,547.1826570170833,33.32,9.999846957048439,0.3587389042887332,0.13452708910827493,0.3587389042887332,0.0896847260721833,59.25925925925925,0.0,0.0,0.0,0.6931471805599453,22.248089996726513,143.51708604975062,69.3,68.5,67.5,8.780487804878057,10.0,0.23333333333333336,0.0,13.5,1.2107438019744745,-0.2275424514695508,4.617551166294476,6.098561372908464,0.31389654125264155,0.04484236303609165,0.0633502102563904,0.0690212057083077,0.158240458147971,0.3141660000721407,3.2073650374690716,0.6213322046510068,0.0903918813018564,0.0856195627504659,0.1266976593620676,14.111530204022626,54.24994536629184,45.0115743442089,0.6595526539077967,11.074718399023554,15.959770638026761,7.094228350895452,0.0836232903632725,33.3,45.5,0.8733624454148471,0.3999999999999986,7.6,29.9,17.299999999999997,2.799999999999997,42.099999999999994,8.812875463528563
61,Fatehabad,Haryana,942011.0,False,,direct,direct,6.032477461176321,372.0055294155607,24.1,72.39367965008546,16.55,18.8,29.8,54.0,12.15,7.35,62.3,15.127369937264541,20.252413745601682,11.852649749029567,62.26422496752016,0.15032719481271353,0.2904469875085144,101.02,3.6,0.6,59.3,22.400000000000002,0.03804577152667441,0.5762542467820685,1.546885393535762,0.04454139105561882,85.34305635285114,12.700000000000003,0.20000000000000284,56.3,986.8507087174677,35.13,14.1975683989785,0.37117825879682353,0.18558912939841177,4.361344540862676,1.1135347763904706,63.793103448275865,0.0,0.0,0.0,0.0,38.26291080807055,467.76162557269794,97.9,90.7,,10.416666666666671,22.2,0.3,0.09279456469920588,29.4,5.382084752553941,0.281700353831164,4.930233628019468,16.146254257661823,0.4639728234960294,0.0,0.0682363000021209,0.1596556047230739,0.2557244342515476,0.3918032804287848,3.0056094453602804,0.6832617959672884,0.1359863756623301,0.0917299318640045,0.1606668987083306,3.401756247515197,124.71219074595274,80.959776478194,0.7730544810856881,14.603080646714028,30.992652155829752,-29.026293239525547,0.0739045888161736,41.5,43.7,27.64227642276423,14.700000000000001,26.299999999999997,3.1000000000000085,6.700000000000003,1.3999999999999986,-1.4000000000000057,9.476587747524281
142,Fatehpur,Uttar Pradesh,2632733.0,False,,direct,direct,6.492631184688921,666.8139449985547,29.0,13.075593642651707,7.25,17.5,15.8,63.7,40.8,9.65,63.0,1.0395375163714935,1.4251827769313388,1.2945973092188305,6.7817600658084585,0.030555712888394763,0.312311549627698,86.91,2.9,1.9,78.1,35.63333333333333,0.25312995834912294,1.1739826530804303,1.3325507210170473,0.027339322058037418,100.9118527457372,36.9,1.2000000000000028,61.1,412.71858709621233,36.8,11.868482164018596,0.22514735812501405,0.06432781660714687,0.41813080794645463,0.3216390830357343,20.0,3.216390830357343,0.0,0.0,0.6931471805599453,24.512436157236348,158.9762279329894,81.4,55.7,43.1,12.775330396475768,7.0,1.5,0.0,16.8,1.769014956696539,-0.2870527489158292,4.636776824252861,6.497109477321834,0.514622532857175,0.06432781660714687,0.045377333545808696,0.0608173509835937,0.1582892863997964,0.4041157990574813,3.3316297176299323,0.6220084371181688,0.0443645249285927,0.0939723141338539,0.126273382819515,11.718746126597978,48.21266627622629,47.54602916437026,0.7385121748578002,12.3023732870338,12.004696213677722,-3.1155804351680643,0.0854436606984123,37.3,38.9,1.3477088948787064,5.800000000000001,15.600000000000001,7.300000000000004,12.400000000000006,2.1999999999999993,35.400000000000006,9.235088027031708
537,Gadag,Karnataka,1064570.0,False,,direct,direct,6.07311040125747,237.73865648240107,24.1,69.07722112671449,12.649999999999999,23.0,30.6,41.4,22.05,7.1,50.5,26.17247700711353,28.05274439727942,11.647517051081522,32.91355249985657,0.2366179187624484,1.706184207076369,131.82,10.4,2.3,70.3,34.4,0.2180265108596846,6.043897696389396,7.714589215651398,0.25013894269173115,29.43207832221957,44.8,4.5,43.7,1692.4375510602663,27.64,19.351965498785958,0.16901279911603456,0.3380255982320691,5.915447969061209,2.4506855871825013,12.698412698412698,12.675959933702591,4.478839176574916,0.0,1.0986122886681098,185.61408130920705,528.8047106822622,96.2,74.3,70.65,13.15789473684211,33.5,0.2333333333333333,0.0,28.3,5.323903172155089,-0.1809646506032257,4.8732976034651,14.366087924862939,0.9295703951381902,0.2535191986740518,0.0600238985059222,0.0639571913044216,0.1067490857507931,0.4656546774754126,3.7579271831133294,0.3983976736870272,0.0253351867828974,0.0938678536932458,0.1279349227171016,9.63321097263412,92.86590146230434,76.76056999539719,0.8193154423192237,14.580734179740302,21.88349882992853,2.1853716316257032,0.06575607128283605,45.1,56.3,11.594202898550725,18.900000000000002,-6.199999999999999,27.599999999999994,3.299999999999997,0.7999999999999972,24.900000000000002,2.693661770041957
771,Gangapurcity,Rajasthan,920340.0,True,Karauli,inherited,inherited,5.886791450755596,,32.1,30.883728203628564,6.9,11.899999999999999,10.5,47.6,34.45,3.7,61.5,3.953378270812392,10.102204914883941,3.1714046415810806,21.663207620312225,0.15409835815609288,5.093706121167479,88.3,6.4,2.4,75.9,33.833333333333336,0.15228543629543298,14.581330525287708,10.308273699712286,0.012690453024619415,,50.1,5.200000000000003,75.8,1504.460457756074,31.49,19.216971722995112,0.6647380155753027,0.12086145737732776,1.8129218606599165,0.9668916590186221,31.03448275862069,0.0,0.0,0.0,0.0,135.36181072617268,307.6081210147582,97.6,88.9,67.0,10.240963855421688,2.8,0.39999999999999997,0.0,86.4,1.7524911319712524,,4.740429912651181,6.466087969687037,0.0,0.0,,0.1067166224148147,,,3.2984163800612945,,0.04078681043034897,0.0282970313639698,0.0400217806074321,,74.538907222758,,,,,,0.06611363605395743,22.7,24.2,14.236111111111091,0.3000000000000007,61.50000000000001,34.300000000000004,9.299999999999997,1.3999999999999986,27.799999999999997,9.681098721708588
225,Gangtok,Sikkim,219450.0,False,,direct,direct,5.401948402742237,279.5660608386517,19.3,104.73334646692047,15.2,32.900000000000006,38.2,68.3,24.549999999999997,25.2,43.3,11.767895118263317,28.55945773814646,22.37034844738405,36.567269610386624,0.19628493290822308,1.269718159750068,74.41,6.5,0.5,49.8,15.033333333333333,0.9568890479275877,1.1317053162989736,7.510965635816224,0.15948150798793126,38.24951644913886,15.0,6.400000000000006,12.400000000000006,1871.724048979588,30.76,16.86823642180042,0.3066952076690986,0.3066952076690986,2.14686645368369,5.213818530374675,57.14285714285714,59.448767653059456,12.682403765986017,0.0,1.0986122886681098,67.53428472873551,135.45193846705737,91.8,,63.4,14.93506493506494,36.9,0.43333333333333335,0.0,29.9,2.7742758238094414,0.1992075982199617,5.691972330279195,32.894984768026234,1.2267808306763943,2.4535616613527886,0.3040498425077638,0.1719830533351854,0.0329341587036482,0.4925471555065007,3.9279859470994287,0.2572411220744274,0.0046189679009647,0.0751298321331148,0.0647520355245989,-2.026783178982572,40.392171507543466,177.25322039755557,0.8499383280945371,23.177092882339448,39.63319167971371,-0.4934490386251489,0.1032562422615773,53.2,87.6,1.8181818181818177,7.400000000000002,3.299999999999997,,-1.5,3.6999999999999993,-0.20000000000000284,4.177347865987087
145,Ghaziabad,Uttar Pradesh,3343334.0,False,,direct,direct,6.690430910513837,2296.8816798658977,24.9,101.00254890991391,19.049999999999997,21.9,43.7,49.7,12.0,6.75,55.2,14.533771867957116,10.74112929192216,12.595432489659807,16.802748743068054,0.01896933201953591,0.576830870443522,86.91,4.7,0.8,61.8,22.899999999999995,0.15195862746832528,1.133264609683242,4.715612763006996,0.004487368864836452,84.95886207305503,15.5,0.9000000000000057,7.599999999999994,453.1622480696221,45.49,4.324191815206035,0.0815885248152082,0.061191393611406165,2.5292442692714547,1.4481963154699458,80.18867924528303,3.059569680570308,2.8352012373284854,0.0,1.0986122886681098,15.773305531212166,402.8549676398767,86.4,68.5,,8.870967741935475,31.8,0.5333333333333333,0.02039713120380205,20.0,2.1620959076030175,0.1905447441009589,5.386861010448275,10.912465194034098,1.6521676275079664,0.2855598368532288,0.1983217933270776,0.1399712459228347,0.34636115384143107,0.3247871207663118,3.3525683861793087,1.9129024581677199,0.1324271395186084,0.1265849246530357,0.2172222063246853,6.3463966934379945,52.66208408772852,88.54836280837185,0.7102510662112352,26.173394789406757,34.07335818491417,29.957767447513138,0.0616627749628543,55.2,92.4,-12.329522878503397,,,,,,,20.32840574913015
147,Gonda,Uttar Pradesh,3433919.0,False,,direct,direct,6.582437094173881,853.0337910968435,32.4,15.801840930397166,10.55,25.75,17.5,50.8,34.8,5.75,49.3,2.233155968943657,1.0705443172741143,0.08108202745051928,4.043900730362834,0.07506626412354526,0.12528481015741527,86.91,15.4,11.2,62.0,28.666666666666668,0.04734144183401287,1.761833990021606,3.8173941633558997,0.030340371562129792,96.15570546163848,55.4,0.0,43.8,409.8134144530141,31.83,9.78215427951426,0.4184878836155834,0.05231098545194793,1.7785735053662293,0.1307774636298698,19.565217391304348,2.615549272597396,0.0,0.0,0.6931471805599453,19.90668395881152,328.25823413908194,81.8,59.9,68.1,18.9873417721519,11.0,1.2666666666666666,0.0,13.4,2.4063053307896043,-0.2172427573697941,4.623378456342384,6.251162761507776,0.4184878836155834,0.0,0.049864636166358604,0.0787624825103788,0.1713955459361107,0.340879327671969,3.4154741681092355,0.6425844410363201,0.067581284407891,0.1225652160152555,0.1121547669033209,9.411224865620849,46.79083262705844,25.65989471504715,0.8239780284631273,10.153300721295832,7.774940565290129,-1.5570714883473233,0.0692201580473046,31.5,56.2,-2.9850746268656714,4.800000000000001,2.8000000000000007,23.1,26.0,5.899999999999999,33.5,13.154644047459445
197,Gopalganj,Bihar,2562012.0,False,,direct,direct,6.5079532823621,1347.4420837280722,34.6,19.628205667029146,10.3,21.55,17.9,69.0,26.5,6.05,53.8,1.1845168960835881,1.0308246644816546,0.42940678041509894,1.427319573078966,0.0,0.007141255205746403,82.08,6.1,5.9,56.1,28.3,0.016455935908893885,0.2654684000397033,0.8122401573144605,0.0,108.56794285007422,39.9,0.09999999999999432,60.6,366.10638378200605,34.65,16.42488697321673,0.24839148541726622,0.062097871354316554,0.558880842188849,0.062097871354316554,36.36363636363637,0.0,0.0,0.0,0.0,30.05319630999181,20.677659692917096,85.9,75.8,51.05,14.285714285714294,9.1,0.5666666666666667,0.0,12.7,0.6830765848974821,0.1028399184917653,4.594475777517726,5.837199907305756,0.09314680703147482,0.031048935677158277,0.0814023577918633,0.1000254295037091,0.15688878480855092,0.2842301285083754,3.4082399653118496,0.9124340743963112,0.026590946097026,0.1158927320233518,0.1305552865695951,33.772571832986145,40.59128598051628,25.273886304982177,0.8003922658759575,7.420385137484056,10.198895567609831,2.3643294641709853,0.05421884751339855,32.9,39.4,130.47210300429185,1.7999999999999972,4.0,12.699999999999996,10.800000000000011,3.6999999999999957,31.200000000000003,13.686103541108055
32,Gurdaspur,Punjab,1621725.0,False,,direct,direct,6.261249115251991,665.9107418008084,23.7,29.9742002256298,14.45,38.0,41.0,82.6,4.15,10.950000000000001,55.2,16.26517262291936,17.0290324294197,57.583193418862784,26.521935792268977,0.0558921809634395,0.3627512137038917,126.06,2.3,1.3,70.1,16.633333333333336,0.08164642121129888,0.799477372800571,0.7496127799802474,0.25206277689394285,56.9440249591392,14.599999999999994,2.4000000000000057,18.700000000000003,526.5027007879247,33.61,13.863452729166859,0.7123513260046211,0.10959251169301865,7.23310577173923,1.8082764429348075,67.56756756756756,0.0,0.0,0.0,0.0,24.123503673867262,706.8366308162285,92.4,80.0,,9.826589595375708,47.6,0.16666666666666666,0.05479625584650932,23.5,2.027461466320845,0.3172662568130835,5.228014578357038,16.658061777338833,0.2191850233860373,0.10959251169301865,0.1692624116634155,0.192004534390302,0.47336826529924686,0.3294306326830476,3.55339751012388,0.7869223953385929,0.0626371830953954,0.1145721499045258,0.0763611258517771,1.222492806918618,36.66002460757175,74.44166899082505,0.7921924589838156,17.61206459162656,25.369615734348162,-18.770218358269307,0.09328700608214889,64.6,81.3,8.953049262377348,,,,,,,4.319329077766452
407,Gwalior,Madhya Pradesh,2032036.0,False,,direct,direct,6.398113659232617,478.06528139029774,24.4,59.32547425134963,12.05,22.5,26.1,38.8,17.4,5.75,62.5,9.19032455815594,6.63174779732758,0.08716514046891428,20.02759046306169,0.10275890413078428,0.24150341671203776,92.55,6.9,0.6,78.4,28.5,0.6365454294794107,1.2738905391466098,1.8312676300349884,0.0,80.81699421965318,16.799999999999997,1.4000000000000057,30.200000000000003,504.4886423086301,36.31,5.877649380243303,0.11995202816823067,0.19992004694705112,3.798480891993971,0.5197921220623329,87.5,7.996801877882045,7.956817868492634,0.0,1.3862943611198906,22.71491573412395,315.3051015628234,94.8,80.5,,9.677419354838705,20.3,0.5666666666666667,0.0,40.6,2.8788486760375362,-0.1610233259746867,5.199154752151467,12.075170835601888,0.35985608450469203,0.0,0.0373967955175007,0.0798704763195582,0.2171949734422045,0.337253375432325,3.2350231594952237,0.8821967435337501,0.0772899900227715,0.1012900601196162,0.1913770827554033,7.625866253174718,64.97676780476635,110.01133838180031,0.7597731125892989,31.08636777998477,32.97680393770118,26.380896648135504,0.0963049462070965,37.9,69.8,27.11864406779661,12.000000000000002,24.700000000000003,28.0,6.799999999999997,3.700000000000003,24.5,10.412505295066932
289,Hailakandi,Assam,659296.0,False,,direct,direct,5.870272943452497,812.0619352031181,33.7,15.425135935249537,16.549999999999997,23.1,10.9,77.5,51.7,6.6,61.4,2.4468293761997826,5.9586698858418945,0.07684257545090226,9.43276316543795,0.0013481153587877588,0.7576408316387205,109.67,5.1,4.9,59.5,35.833333333333336,0.05527272971029812,2.9159735210579227,10.458678953475433,0.0458359221987838,41.75366709183673,40.0,58.8,64.8,565.5236080885946,27.46,16.31219584133188,0.40443460763632766,0.1348115358787759,0.5392461435151036,1.7525499664240867,0.0,0.0,0.0,0.0,0.0,50.80777164199306,188.30744954619175,83.0,68.6,45.4,14.16666666666667,12.8,0.0,0.0,53.6,0.5392461435151036,-0.2414141802811863,4.519299233945127,5.931707578666139,0.6740576793938795,0.0,0.08227703035773251,0.0645398168049084,0.0444228877966961,0.3249526767946415,3.706803097037338,0.2258346317991152,0.0243141112483909,0.076103059357103,0.0879837426715419,10.739190033212044,43.43457583580056,96.74410280056304,0.8512299515544894,7.58584512389872,17.56516587677725,49.57469431153642,0.0086735793117767,25.3,35.2,4.201680672268908,3.5,44.8,29.39999999999999,26.5,-1.2000000000000028,23.9,7.646281408084538
101,Hanumangarh,Rajasthan,1774692.0,False,,direct,direct,6.347318418150186,213.8217196246036,25.1,59.98632092225643,7.95,21.3,17.6,69.9,18.8,6.55,60.3,34.45934713791828,28.38592653175303,9.03170184865616,30.86958835885798,0.11910430405045447,0.7218170275661504,88.3,2.2,1.6,81.0,21.766666666666666,0.14607131628829323,0.22517455218595353,2.255790573695211,0.01033735469117152,68.13202576112413,16.200000000000003,2.200000000000003,63.8,1505.9993159841388,29.24,18.876908566487124,0.7191203263423666,0.04494502039639791,5.033842284396566,1.7079107750631206,56.81818181818182,4.494502039639792,0.0,0.0,0.6931471805599453,34.00540243191466,737.4435122575701,94.9,83.3,77.4,18.248175182481752,16.0,0.6000000000000001,0.0,89.0,1.9775808974415081,-0.1389854956874118,4.686474270340175,11.505925221477865,0.3595601631711833,0.0,0.0531376193322586,0.1322012554413784,0.1287121094762895,0.4706506819211446,3.313445370426414,0.24352011678729682,0.167720613465754,0.0963909283814863,0.130334438269668,7.231484538975352,186.68308114123136,76.61442098121815,0.6839527238226922,12.869557140304577,29.614942741726274,-11.658902292290131,0.07042318940757569,38.4,36.2,30.930930930930934,2.8000000000000007,82.0,21.199999999999996,10.700000000000003,2.1999999999999993,27.299999999999997,9.993245938621063
150,Hardoi,Uttar Pradesh,4092845.0,False,,direct,direct,6.68976378361663,693.0832250918687,32.4,14.160619069199154,8.9,19.0,13.6,64.8,29.3,7.2,59.7,2.978473499364143,1.818543970599424,2.001991789696063,9.528050924817764,0.0702739975158618,0.6222517338177764,86.91,5.1,3.4,76.1,33.266666666666666,1.4038456713052394,1.2929189833659576,3.719006176675187,0.11542095522227303,98.52954980010428,44.3,0.09999999999999432,71.0,473.4908738961394,38.12,10.112101386730115,0.14299941354971882,0.04085697529991966,0.12257092589975897,0.10214243824979914,29.03225806451613,2.042848764995983,0.0,0.0,0.6931471805599453,28.688950916097586,190.61801397689868,73.9,63.3,59.349999999999994,8.812260536398469,7.0,0.8333333333333334,0.0,16.0,1.2665662342975095,-0.3204355537985174,4.503327888191196,5.413549227239355,0.18385638884963845,0.0,0.0275765909498491,0.0452071846289635,0.236736072393778,0.3222565232741528,3.225309281725863,0.49714246013795077,0.0795507411565106,0.0979741248194023,0.1368934596789615,21.905627284149244,54.647759101459584,39.787238461265936,0.7322635913118771,10.350093267852149,12.137035439416985,-7.958798096137776,0.05077862442870271,26.5,29.0,-2.9013539651837523,1.4000000000000004,7.9,24.199999999999996,8.5,4.0,26.6,9.730473061601918
332,Hazaribagh,Jharkhand,1734495.0,False,,direct,direct,6.308981750719951,426.6534167225658,32.6,39.12356533225645,11.15,24.8,15.0,51.7,23.65,19.25,56.1,7.966296847232823,13.969861532313873,0.126168625731117,14.1667238627348,0.042219851411969114,0.19293490238260305,86.87,9.1,2.7,62.1,28.833333333333332,0.7138100459651523,1.9750053747715322,0.5596584954609859,0.007363927571855078,61.630407362073086,44.4,14.5,63.2,370.1802206806117,47.24,7.560298973771214,0.3927428038322709,0.09818570095806772,2.454642523951693,0.8836713086226095,71.42857142857143,4.909285047903386,0.0,0.0,0.6931471805599453,22.91310610407947,120.010418567027,82.0,70.1,65.75,10.507246376811604,14.7,0.3333333333333333,0.0,55.0,1.7182497667661851,-0.1605861776642754,4.924085763387103,9.867662946285805,0.19637140191613545,0.0,0.0655301388745286,0.0733867313963013,0.1693094523561251,0.3774216702844343,3.367169488534681,0.6856343313108151,0.0183804570309981,0.1372585675128117,0.1597817726522223,7.089540806600292,42.79670445583504,37.78736750466274,0.7823380427817277,17.05485625641636,13.588562787820468,2.8388739232112723,0.1075456094598654,40.1,36.8,-4.705882352941177,5.5,36.2,-2.4000000000000057,5.5,0.6000000000000014,27.1,11.981906476491346
477,Hingoli,Maharashtra,1177345.0,False,,direct,direct,6.130423930141996,250.1700267614546,24.8,42.63485158228579,10.6,17.4,16.6,24.7,20.25,6.0,51.3,1.8944214828725017,2.801640527641389,0.7028170395801423,11.30950370013525,0.07405869753215409,0.5761766668001588,92.93,10.1,3.2,72.5,34.03333333333333,0.0,5.164112978917105,0.5917289932819112,0.2747577678442917,43.14877685141229,31.0,7.599999999999994,46.9,625.9633668031247,46.56,11.7753329076125,0.2221760925964623,0.2221760925964623,5.035991432186478,1.7774087407716983,57.14285714285714,7.405869753215409,0.0,0.0,0.6931471805599453,57.45547813242047,223.93424607587562,94.0,76.9,70.3,13.97849462365591,16.4,0.2333333333333333,0.07405869753215409,14.7,1.0368217654501573,-0.2841169167285033,4.560687548318937,6.14687189516879,0.8146456728536949,0.0,0.0401693740456852,0.0792213201443002,0.09389465959435539,0.4834453792218933,3.4934580509951885,0.44943000559347007,0.0172518276153046,0.113585236190467,0.1353317233024316,12.419608114190982,99.88803927494664,48.13457397789094,0.8087910924458718,11.685721883598593,18.179419525065963,16.54479651377502,0.06544279971798506,33.2,53.1,1.8867924528301887,2.700000000000001,0.29999999999999893,11.0,9.400000000000006,3.3999999999999986,26.200000000000003,6.716612319493214
681,Jagitial,Telangana,988913.0,True,Karimnagar,direct,direct,6.025492515270722,,24.1,25.805977761051125,17.5,28.4,26.0,43.2,17.35,25.1,56.3,20.36105871470709,25.009060678619246,0.5695664812746889,2.0491191453806277,0.11504488529058286,0.47055244065574464,125.53,4.1,0.4,59.9,26.566666666666663,0.019802808123788852,2.670550124122382,3.0647203048720844,0.23386173403331598,,23.5,2.700000000000003,5.299999999999997,850.5560696700333,38.14,16.408041016853623,0.2828972589112693,0.09429908630375644,10.844394924931992,5.56364609192163,31.25,14.144862945563466,0.0,0.0,0.6931471805599453,25.9416786421634,177.07482426119387,94.4,77.7,73.0,23.65853658536585,68.1,3.6999999999999997,0.0,59.2,3.017570761720206,,4.776618733902457,11.315890356450774,1.037289949341321,0.7543926904300515,,0.04095398055771486,,,3.5434471800817002,,0.013222656747993434,0.1523809520610206,0.2109084570986024,,136.68812808398454,,,,,,0.1065555742025923,43.5,94.7,-10.950423562250903,,,,,,,1.9093669149588863
356,Jajapur,Odisha,1827192.0,False,,direct,direct,6.326969029531605,653.7857650560366,25.4,24.997020216630528,16.35,25.9,21.3,58.5,46.599999999999994,12.649999999999999,63.4,7.761317840810195,15.601765515171557,0.783762160887739,7.854578001781212,0.11115857570282839,0.26988925371915534,111.09,12.0,9.1,66.4,21.066666666666666,0.2402155661374681,3.4675823488314514,1.8082108988269412,0.9236524023442646,46.70680441752761,52.6,8.0,71.6,892.0188383494441,31.81,15.166551430640144,0.5652130967940425,0.04710109139950355,1.4130327419851065,1.271729467786596,,2.3550545699751773,0.0,0.0,0.6931471805599453,56.46478836972486,116.39244897914121,93.8,79.5,60.150000000000006,12.82051282051282,25.8,1.933333333333333,0.0,53.9,,0.0005109690238215,4.950726086584376,11.257160844481348,1.130426193588085,0.04710109139950355,0.09628550621483889,0.0716278384753593,0.1029878784252549,0.3022309642336437,3.699230502883409,1.066863764559466,0.0148560580166847,0.1410678855566662,0.0572673825192773,2.260906302502552,46.49890321522744,153.08790756526955,0.7839597313036919,17.1061743744717,4.534187775829757,-14.950119432345089,0.10052658246998171,38.0,28.4,1.8292682926829267,3.8000000000000007,2.1999999999999957,-10.5,-0.20000000000000284,-0.0,15.199999999999996,4.31346075467708
333,Jamtara,Jharkhand,791042.0,False,,direct,direct,6.017957196586244,447.3619440676859,29.5,32.369529839997284,11.7,19.85,7.1,57.3,31.650000000000002,17.599999999999998,77.7,1.8998004826652424,2.110889425183603,0.22548137041733934,6.060171640663469,0.04605576927673315,0.09978750009958848,86.87,13.8,5.8,72.8,37.03333333333334,0.030703846184488764,0.8693026450983381,0.5459527649679409,0.023027884638366573,67.33004509582864,47.2,7.0,79.7,312.5661136532888,45.26,14.008629821672997,0.38379807730610954,0.09594951932652739,0.6716466352856917,0.9594951932652738,28.57142857142857,0.0,0.0,0.0,0.0,14.705223331983586,204.61618794459272,75.4,78.8,50.95,11.660777385159012,13.4,0.0,0.0,62.9,0.6716466352856917,-0.2060883179864534,4.587214288474295,6.332668275550808,0.28784855797958214,0.0,0.042255764780724105,0.0320605887539732,0.11995869246317291,0.4129123358810278,3.442793225939769,0.5709793056604653,0.0137026632624497,0.1196222231303292,0.1277483913195984,10.310669332002533,28.401626487598868,36.54167541040805,0.8431121566456791,10.072780538898845,1.3157894736842104,-21.097331830139048,0.061726882123459906,21.4,20.3,-0.6622516556291391,1.0,51.099999999999994,16.4,14.800000000000004,4.0,38.3,12.371122489908538
198,Jamui,Bihar,1760405.0,False,,direct,direct,6.354161835897427,617.0657783735057,37.0,17.769938935532753,13.1,13.7,12.7,61.9,28.2,12.75,75.2,0.8636106262208375,0.9366104998511849,0.4472901347895834,2.1090327127022195,0.0,0.0,82.08,2.1,1.9,81.9,33.300000000000004,0.1782966610486668,0.2968661527634129,0.047339311990588946,0.0,67.13965434016119,62.4,9.5,59.8,370.7433521477542,31.41,9.77755883170108,0.26545408592853614,0.04424234765475602,0.4424234765475602,0.13272704296426807,37.5,0.0,0.0,0.0,0.0,30.221505259487287,36.39596729818504,73.4,66.4,63.7,6.329113924050633,7.5,0.0,0.0,14.3,0.7078775624760963,-0.2120480199274553,4.491149627741808,5.707262847463527,0.08848469530951204,0.0,0.0364532659748005,0.0566303452222586,0.1029399429075247,0.4132975082438416,3.723537761532057,0.5577151617842719,0.0249699354577955,0.1142286885595953,0.1174067951916837,40.54463964002659,44.07853947304315,28.730320579639343,0.8348063348953081,7.839744004422767,2.934609250398724,38.26466916354557,0.03398712927683215,20.6,40.2,-33.03834808259587,5.699999999999999,11.600000000000001,10.900000000000006,14.000000000000007,2.0,21.900000000000002,14.237546245455313
379,Janjgir-Champa,Chhattisgarh,966671.0,False,,direct,direct,6.294605563702238,14011.8397666478,25.3,31.801919858164844,10.1,24.950000000000003,12.8,52.7,27.6,16.3,66.3,2.205206597551094,2.2000572534820897,0.18666372250140612,5.069100123928989,0.021026488281767584,0.1969624106394147,94.16,6.2,2.1,74.1,29.099999999999998,0.2291458110706916,1.0702053423413949,1.6409243099893722,0.09311730524782787,69.96083101529902,21.200000000000003,2.799999999999997,75.2,271.9424387401922,35.23,13.817406585161555,0.47202320632539463,0.08582240115007177,1.0298688138008611,0.21455600287517942,37.03703703703704,0.0,0.0,0.0,0.0,19.183023105064045,45.60688219515964,86.2,85.5,87.8,7.18954248366014,22.8,0.06666666666666667,0.0,74.0,2.7402374419087367,-0.1138916519169726,4.546470375319336,5.835690848509347,0.3552159646918733,0.0,0.0096385541837662,0.0024096386041492,0.0702422300528268,0.5226043969680936,3.414639146737009,0.7913942250215442,0.0048192772082984,0.0971186377801538,0.1768787328339716,0.2826259027467248,61.77717487598471,42.278016949979225,0.7316218347498467,14.767342554997434,16.302980191968942,-29.860207278862376,0.05419871683524185,37.3,24.8,4.062499999999982,-1.0999999999999996,3.9000000000000057,15.0,23.800000000000004,3.8999999999999986,47.199999999999996,10.090782506478584
199,Jehanabad,Bihar,1125313.0,False,,direct,direct,6.139334223441363,1219.077603458651,36.0,29.589273140651592,13.95,12.7,14.3,57.4,27.3,14.8,68.1,0.7864933569826473,0.9025809373490897,0.005804379018322121,18.685021607356195,0.0,0.0,82.08,11.2,3.4,61.9,43.20000000000001,0.0,0.8641269263527057,2.072163309540997,0.0,84.18721950897572,54.5,0.20000000000000284,65.7,586.8024034258023,41.78,10.665546446166896,0.145109475458053,0.0725547377290265,0.580437901832212,0.21766421318707954,9.090909090909092,0.0,0.0,0.0,0.0,26.924337623864446,128.1926128091532,89.1,70.3,82.95,8.695652173913041,20.3,0.6666666666666666,0.0,13.2,0.7981021150192915,0.0460819599223971,4.619716736455233,6.965254821986545,0.21766421318707954,0.0725547377290265,0.089461267290098,0.1041979657593633,0.07329073374706191,0.3246901084409404,3.179838928023187,1.1726411560117886,0.0420678949806624,0.0995782121450237,0.1830647578950051,26.773489231492988,41.53129721761001,25.16633150065804,0.8552966101694915,5.387189276380218,1.7566901986537515,-17.362270450751254,0.06155327289798945,30.5,34.3,10.37037037037037,3.4000000000000004,-4.5,2.799999999999997,6.099999999999994,1.1000000000000014,14.3,14.16567533610672
703,Jhargram,West Bengal,1136366.0,True,Paschim Medinipur,inherited,direct,6.090373140283386,,23.4,15.28879588309149,19.799999999999997,19.15,19.1,64.5,34.65,11.15,81.5,27.301456318709047,41.99536860042374,2.2682859118349157,46.030042574643524,0.41499967810513494,4.1402511917416405,110.07,6.3,1.4,66.0,33.800000000000004,0.1754206075747733,6.6180672737353134,8.950511648525818,0.439363651379409,,41.7,4.5,82.5,1728.0708416164193,27.52,19.897244840657155,0.6497059539806418,0.3248529769903209,1.1369854194661233,0.08121324424758022,,8.121324424758024,0.0,0.0,0.6931471805599453,95.99324256819736,471.7052016361229,87.6,76.9,72.1,16.12903225806451,23.1,0.0,0.0,25.8,,,4.679939233216558,8.446177401748344,0.08121324424758022,0.0,,0.05276762879551723,,,3.530071568837378,,0.01902028316826748,0.105150102145932,0.1447156503801974,,42.77670230494257,,,9.622957310895782,8.73829298462626,-6.176260986618101,0.08110352400760747,26.2,17.5,35.56727762459394,3.5000000000000018,-4.0,-15.299999999999997,9.899999999999991,1.8000000000000007,14.5,4.7320161524525
200,Kaimur (Bhabua),Bihar,1626384.0,False,,direct,direct,6.295443326477953,556.6801710154073,35.8,20.40682775464305,8.600000000000001,13.65,11.8,62.6,26.799999999999997,7.3,70.3,3.2925838189450625,1.4267356741990835,0.9952203052187428,4.604856496208046,0.0,0.0,82.08,3.1,4.2,71.4,39.53333333333334,0.04406318908602068,0.2405748829409175,0.6320788503374001,0.019752464073043752,65.71460760390428,40.9,2.0,71.0,542.7820120506715,61.93,15.751323914657968,0.20258937510814107,0.10129468755407053,0.5064734377703527,0.1519420313311058,23.076923076923077,0.0,0.0,0.0,0.0,40.01038863698231,33.8795276727722,83.3,88.9,77.5,8.33333333333334,7.4,0.0,0.0,18.1,0.6584154691014584,-0.2440266536927035,4.491468623227061,6.432212659683478,0.25323671888517635,0.0,0.057171967296342,0.0718412730958303,0.1076378004332537,0.3142941642318173,3.2232362731029975,0.5531354495315285,0.0290652233047198,0.0929774104294123,0.1400636857999928,22.45769660269541,55.4249806980981,25.65937687532588,0.8141713792772932,7.38185035550289,10.901793758702597,20.255775577557756,0.09296504384879825,29.5,29.0,46.51162790697674,-1.8999999999999986,-1.8999999999999986,18.400000000000006,3.200000000000003,2.4000000000000057,37.1,14.294660746637838
574,Kancheepuram,Tamil Nadu,1442008.0,False,,direct,direct,6.299069795427974,940.2666936051492,19.2,115.20640706632044,23.6,28.15,46.4,48.9,11.0,14.85,57.0,76.94067398973608,86.50008786814867,17.159376155165408,19.26338191954353,0.0038040569136410267,0.13821406786229062,120.98,3.1,2.3,68.8,18.7,0.09636944181223933,0.2872968697635557,17.83396224785108,0.36138540679589753,28.72075372939021,24.099999999999994,0.5999999999999943,11.900000000000006,1703.8662560561538,26.45,9.220309376396584,0.23548923751111114,0.18114556731623935,17.579165260154664,16.423962971630214,60.0,67.80535171773941,30.6379737391267,1.5067855937275425,2.3978952727983707,79.70767253049165,991.1642376780646,100.0,69.1,,18.220338983050848,40.2,5.1,0.3515833052030932,59.7,5.022618645758475,0.3422610161872295,5.101808255821505,13.360165597717542,1.0045237291516949,4.570582967640212,0.16524979408265,0.0623543007336248,0.30250926475013307,0.4186364441260831,3.548020694905531,1.3591038102696298,0.0138153585078907,-0.130027196725626,0.0467814425923016,5.760723404271095,105.9143765484812,166.7123532983914,0.7215801175591622,22.35366654481267,17.117373319544985,6.785354383607658,0.15234736379358024,56.8,88.1,23.990498812351564,7.199999999999996,6.5,12.299999999999997,0.0,2.3000000000000007,9.0,7.929715320215728
359,Kandhamal,Odisha,733110.0,False,,direct,direct,5.920013213395587,177.7527786436791,29.0,20.655476799386914,11.4,24.6,15.7,71.8,38.75,16.4,48.9,9.393006241406784,27.52019785895849,1.6314232010225274,14.918445469040929,0.25246784982662546,2.1507856349515855,111.09,5.3,1.4,55.3,30.900000000000002,5.288600339939644,6.374212094194133,11.528162914226245,0.24164779911977005,32.71483152469724,47.6,35.599999999999994,75.9,1584.5194834361655,31.18,25.487230553925997,1.6831189988441695,0.24044557126345278,1.0820050706855375,0.48089114252690557,,0.0,0.0,0.0,0.0,76.19479707767556,391.0474525964601,93.9,96.8,,7.1633237822349525,10.0,0.26666666666666666,0.0,54.5,,-0.4414622538063394,4.688250857222324,9.497600064906386,0.12022278563172639,0.0,0.0409037732664737,0.0238408257983773,0.032521971894240595,0.4847144357599814,3.344588742578714,0.07911664074953913,0.0076196190630244,0.1242514920129462,0.1786710657096839,16.575346806380885,47.640336637478846,119.09399680811885,0.3675222485654399,9.347321582866728,3.1263143137529794,-6.852761471187254,0.0074905641429762,28.1,24.1,1.8018018018018018,7.5,-7.299999999999997,23.299999999999997,21.200000000000003,0.3000000000000007,36.3,4.91247532372254
18,Kangra,Himachal Pradesh,1510075.0,False,,direct,direct,6.217949359146529,350.18856689985887,21.1,35.77557967559866,16.049999999999997,25.75,31.0,60.9,17.05,17.6,63.4,40.02193568806458,58.45732019556386,19.187910957954813,135.42570133169772,0.3759605194954862,2.7182974759013416,119.01,5.0,0.4,55.3,26.46666666666667,0.07325478721248603,2.428910795838793,3.941228634324662,0.47464258821974425,28.028344024453247,26.700000000000003,1.4000000000000057,50.9,2127.3650319219014,31.2,32.389513354281014,1.0291994897622005,1.1502817826754006,4.237880251962002,1.7556932472414006,57.6271186440678,7.264937574792003,5.993573499203403,0.0,1.0986122886681098,71.90350882357473,805.7499885399292,90.2,83.9,72.4,14.043583535108954,28.2,0.13333333333333333,0.18162343936980008,36.4,3.5719276409394016,0.0205540120884468,5.394182864632719,20.22074291650441,0.8475760503924004,1.9373166866112008,0.3494510043776019,0.2597455125723925,0.19233747703938822,0.4471102428687317,3.3197304943302246,0.1997497633949081,0.0277679116177277,0.1136030560424703,0.1544969565524985,5.361085583363678,25.634215333999105,111.79047398308032,0.79133000023695,18.882783579813548,34.94428969359332,-5.881287908506593,0.12066797357348165,69.9,49.1,3.7593984962406015,2.8000000000000007,10.799999999999997,15.300000000000011,2.4000000000000057,2.6999999999999993,5.299999999999997,5.36148420689249
155,Kannauj,Uttar Pradesh,1656616.0,False,,direct,direct,6.295701423163758,798.3827778839163,32.7,32.40061015731516,7.1,14.65,18.8,61.4,29.799999999999997,7.800000000000001,65.2,5.559799127774127,2.8497513737589526,0.19639494369777508,26.01423127939034,0.003543207747124808,1.3337646305248383,86.91,5.6,3.5,79.6,32.666666666666664,0.4241725845843699,0.12755547889649307,0.5329996796746318,0.00759258802955316,100.86247023809524,29.900000000000006,0.09999999999999432,64.5,477.4219352983027,42.03,11.338264790799386,0.5567897888338984,0.1012345070607088,0.2024690141214176,0.0,13.333333333333334,5.06172535303544,2.8345661976998464,0.0,1.0986122886681098,19.45929694720945,154.48031456689452,76.4,55.8,67.05000000000001,16.66666666666666,11.8,1.5,0.0,15.3,2.277776408865948,-0.2953023269042348,4.553908839306439,7.086415494249616,0.2024690141214176,0.0,0.0495318048360128,0.063071078896238,0.1596525889516243,0.316715521279524,3.2821687783046416,0.7285414056898614,0.1032322230665075,0.0841088930859819,0.1290375220192383,4.498801608844172,66.94681821202306,46.38914510061475,0.6641595856810109,11.392931424612168,15.081206496519723,-3.4198669813344775,0.07410546758239495,37.3,35.5,2.6200873362445414,5.300000000000001,10.100000000000001,7.099999999999994,14.000000000000007,3.6999999999999957,45.99999999999999,9.605843562838922
67,Karnal,Haryana,1505324.0,False,,direct,direct,6.249234591358419,623.0748854935088,26.4,74.62982957778554,9.2,19.4,36.5,72.6,14.600000000000001,11.15,61.9,14.961568578841975,15.984018481722286,6.070479423381948,38.45538301389618,0.0715433265376306,0.39376996259688024,101.02,4.4,5.1,78.3,19.833333333333332,0.024223331032426108,0.8528865856533285,1.5429698534375607,0.043376662546437454,81.023875,16.5,0.09999999999999432,25.900000000000006,892.8956418529789,35.72,9.632999084988057,0.33799996789431774,0.1126666559647726,3.9433329587670407,3.3236663509607913,73.68421052631578,6.759999357886356,1.1829998876301122,0.0,1.0986122886681098,29.00377724501141,448.90677069292065,99.0,88.9,80.7,15.55555555555556,18.7,0.5,0.1126666559647726,24.6,5.351666158326698,0.3827114223266553,5.242268026588369,20.39266472962384,0.7323332637710219,0.1126666559647726,0.1134073339063852,0.1340904585051192,0.3251626494180232,0.342824534784538,3.0203612826477078,1.021281318934408,0.0831364091966649,0.1110733941967128,0.1363165466711371,2.0282789056725203,113.80062852413248,83.89090986392299,0.754868034493954,19.740888124867627,33.89786767315074,-17.68919998120919,0.10698002816007995,46.8,74.1,0.0,10.2,13.200000000000001,-2.0999999999999943,6.299999999999997,-0.6999999999999993,-4.799999999999997,9.65039162900376
633,Kasganj,Uttar Pradesh,1436719.0,False,,direct,direct,6.230591339977545,798.1321251107336,35.5,37.838765933580866,8.5,18.0,20.7,46.1,25.8,8.75,64.6,4.79372185013367,2.2063351793058796,0.061744454644754095,4.364450879746332,0.07938572740039812,0.15347907297410301,86.91,11.1,6.1,80.8,33.300000000000004,0.7497540921148711,0.28167232166511624,2.2469101066438606,0.11231610321093363,94.37562940584088,30.200000000000003,0.5999999999999943,63.4,432.0641719069816,35.93,11.819652746281497,0.41162969763169394,0.058804242518813415,0.2940212125940671,0.058804242518813415,15.789473684210526,0.0,0.0,0.0,0.0,10.366599913641618,52.596278636102284,74.8,69.2,68.25,11.637931034482753,6.5,0.3333333333333333,0.0,15.1,1.1172806078574549,-0.2488389279849314,4.468290698289001,5.468794554249648,0.17641272755644025,0.058804242518813415,0.0360871537219237,0.0589906270282582,0.1697131120720949,0.3290587790653566,3.263636068588108,0.5792850277104156,0.0771452348938387,0.1231662854949755,0.113554569414783,11.268122815870774,69.67759553844867,45.1264304293324,0.7749791775920042,11.162221314921164,14.389161410885306,3.1574370958100104,0.0539748217122041,29.7,36.6,-5.88235294117647,7.299999999999999,13.0,22.0,15.199999999999996,1.3999999999999986,46.5,10.68366517378861
413,Katni,Madhya Pradesh,1292042.0,False,,direct,direct,6.183904860745978,314.3657726259645,25.3,39.5892840817156,12.65,19.65,16.4,57.7,34.55,9.6,58.7,4.730782598828936,3.1717523749103624,0.7274601338822074,13.12964050819624,0.43739277176715985,0.522514119566158,92.55,9.1,4.3,78.7,38.43333333333333,0.35227142396816163,2.6760842188808116,2.1660109116852766,0.5493600831027652,50.13307168246445,46.5,6.0,70.5,511.4031645599949,45.78,11.982466651705126,0.3928677590722992,0.13095591969076642,1.1786032772168977,0.06547795984538321,55.55555555555556,0.0,0.0,0.0,0.0,45.35265410730623,288.3655899386661,91.8,86.0,45.6,5.035971223021591,5.1,0.13333333333333333,0.0,18.1,1.1786032772168977,-0.2775031706296681,4.793299238238821,7.922833141291368,0.26191183938153284,0.0,0.0509355197367134,0.0340011569540307,0.0816126338000127,0.4209414245047762,3.0086001717619175,0.5069918047809299,0.025830111776299,0.0909484860897733,0.1461032395595205,5.564014995474831,67.16987774482685,50.34356468288183,0.7011653291516773,12.930587510266276,13.79807959149692,-3.8184297681667636,0.0786770470455205,32.5,29.5,5.58659217877095,0.3999999999999986,0.9000000000000021,39.3,13.399999999999991,3.8999999999999986,30.8,10.26319406298465
202,Khagaria,Bihar,1666886.0,False,,direct,direct,6.342966943996765,1236.605903997464,41.3,27.538648411702134,19.4,14.55,18.1,56.5,23.6,3.5,59.5,0.8157951764037641,0.40403879076202004,0.039041950568015425,8.17338695379709,0.0,0.005447714032746338,82.08,13.9,1.6,67.1,32.166666666666664,0.006809642540932923,0.4208359090296546,6.070115360987607,0.04902942629471704,89.29785353535354,35.0,1.2000000000000028,66.8,598.0146363736801,27.4,17.43268490478828,0.04539761693955281,0.04539761693955281,0.4539761693955282,0.0,36.36363636363637,0.0,0.0,0.0,0.0,36.260892554298415,38.29515976935978,74.2,64.7,75.2,13.621262458471763,4.4,0.6,0.0,15.6,0.49937378633508095,-0.1690983511642542,4.406817564448611,5.402316415806785,0.04539761693955281,0.0,0.0391858902563654,0.0527738876080553,0.0701232377567878,0.3364387246638342,3.636287252098513,0.6412358569202998,0.0187168889716654,0.1120653303494458,0.1280188503578547,31.733159521483035,57.00693654836234,31.88460398611543,0.8122789192443742,7.984078891159154,4.3855785565972445,17.835845896147404,0.05870467588892355,26.6,33.2,94.44444444444444,7.400000000000002,7.699999999999999,-1.2000000000000028,3.0,1.2000000000000028,33.8,14.6292869317645
19,Kinnaur,Himachal Pradesh,84121.0,False,,direct,direct,4.963089695247846,159.7999605817433,19.1,141.13974456517755,7.6,20.65,26.4,59.5,23.05,25.75,51.7,5.345542624305938,18.58419808490883,0.2068539915719202,106.73665965111083,0.163305782819937,1.752815402267324,119.01,7.4,0.8,75.6,20.8,0.0,2.493134951051038,6.510457208421489,0.0979834696919622,22.91158201619121,19.900000000000006,3.0999999999999943,29.599999999999994,2205.640563922633,37.92,63.144902690375645,4.35482087519832,2.17741043759916,9.79834696919622,3.26611565639874,0.0,0.0,0.0,0.0,0.0,32.45430257241548,448.1328421622831,82.7,91.7,,17.045454545454543,18.6,0.3333333333333333,0.0,35.9,6.53223131279748,-0.1474308580765357,5.234350319004735,38.1046826579853,1.08870521879958,0.0,0.3161417430185911,0.2369892905740664,0.0465286097267599,0.6689530557173595,3.5893910231369333,0.03797706500257591,0.1798506030495629,0.1145547874943262,0.1471311120683864,0.9475947375892302,48.94468614898032,217.92418064454773,0.7661466288457343,10.179393795776074,85.25469168900804,-10.611854684512428,0.0780415399708648,56.1,70.4,6.896551724137931,-1.2000000000000028,9.7,9.700000000000003,2.799999999999997,2.5,10.899999999999991,4.341525372344787
614,Kiphire,Nagaland,74004.0,False,,direct,direct,4.791626957723086,67.033837088902,32.4,23.153637665546075,9.75,18.65,9.3,58.7,27.150000000000002,8.4,31.4,0.38777899788772213,5.945944634278406,0.016157458245321756,4.039364561330439,0.38777899788772213,2.439776195043585,92.52,7.9,1.6,55.2,24.3,0.4039364561330439,2.4720911115342283,4.669505432897988,0.0,21.5735174483842,16.900000000000006,9.099999999999994,83.6,499.3300896134235,38.12,61.39834133222267,1.6157458245321756,1.6157458245321756,4.847237473596526,0.0,0.0,0.0,0.0,0.0,0.0,33.8660324821944,116.83458057192162,34.8,42.8,,4.761904761904768,2.1,1.0666666666666667,0.0,8.8,9.694474947193052,-0.3686073108842478,4.418673871781393,4.847237473596526,3.2314916490643513,0.0,0.13260079852204532,0.0578775378344846,0.0297214752402521,0.4318550348629804,3.7985815947285477,0.07512670852069414,0.0028523505363697,,,9.99732037628478,114.75248818144622,45.22728501162099,0.9438302957872722,,,,0.02041905893679785,22.0,16.4,62.5,0.3000000000000007,0.9000000000000004,6.799999999999997,10.099999999999998,5.100000000000001,2.6999999999999886,-10.063498531056887
203,Kishanganj,Bihar,1690400.0,False,,direct,direct,6.343329280862892,885.961593383453,39.9,15.20958011392899,14.0,20.049999999999997,11.6,53.4,31.0,3.4,65.1,1.3621535021958413,1.1834360596833002,4.42393709854014,23.813418818441384,0.14923360047367026,0.5152868393254997,82.08,9.1,1.8,67.5,34.6,0.46130872851587434,2.272523824842213,0.7874453812227709,0.044452561843220925,61.763787236774526,47.6,0.0,84.7,524.918983720814,32.21,9.797707508301757,0.0453597569828785,0.0453597569828785,0.45359756982878496,0.22679878491439248,47.05882352941176,6.803963547431776,4.581335455270729,0.0,1.0986122886681098,48.62339149779661,108.64342193754143,54.6,67.3,65.85,22.18309859154929,12.1,0.39999999999999997,0.0,8.1,0.7711158687089346,-0.0677681704318532,4.346713764032125,4.944213511133756,0.0453597569828785,0.0,0.018334103429166998,0.0241550631294468,0.0824277548124107,0.3129815428300994,3.620656479819621,0.5109769961043259,0.0176129611692818,0.1039908646962177,0.1526853356351338,21.23973216232391,78.7539853589177,25.28632276384288,0.7494619127830807,12.20041383568483,2.4913327420785296,-10.647133080858415,0.02835621208234535,15.0,15.3,40.909090909090914,5.5,-2.8000000000000007,12.399999999999999,12.800000000000004,0.7000000000000028,35.099999999999994,14.222695822487804
334,Koderma,Jharkhand,716259.0,False,,direct,direct,5.961076899639615,504.7496687693981,35.8,35.59650638135809,16.799999999999997,17.200000000000003,12.4,50.3,19.349999999999998,14.85,64.9,0.14437667360083783,0.10281369180665725,0.2723469070197623,4.756773890076089,0.0,0.0,86.87,8.2,2.4,60.0,28.099999999999998,0.7743839765863121,0.20781490897090296,0.29094087255926415,0.009843864109148035,64.53122603527608,46.0,16.099999999999994,64.2,399.9715114321878,33.5,8.640725162474386,0.6562576072765356,0.1093762678794226,2.0781490897090293,1.9687728218296068,53.333333333333336,0.0,0.0,0.0,0.0,12.454675623429853,259.75988611219833,91.3,73.8,68.9,8.400000000000006,22.0,0.2333333333333333,0.0,56.8,1.6406440181913393,-0.1728962858052842,4.788581794503991,7.875091287318427,0.2187525357588452,0.0,0.0627918235016549,0.061339547867286,0.1415363967674938,0.3593923427140182,3.2898118391176214,0.6155993015857139,0.0201381757559478,0.1031941264777949,0.1520249060216845,6.942244700651168,39.13041799146531,43.20224946562626,0.7204627714581179,12.378112235914257,3.435334872979215,-11.120709966229482,0.052510003537047045,31.8,35.8,13.333333333333334,3.5,53.199999999999996,2.8999999999999915,12.700000000000003,1.2000000000000028,25.5,11.940026584335229
543,Koppal,Karnataka,1389920.0,False,,direct,direct,6.1625394870424515,261.3501349273567,28.8,50.41485967017978,12.05,20.85,21.9,28.6,27.0,7.1,54.8,9.713762304014367,11.745515744930492,5.499627797415483,19.174415174630923,0.15681780112690474,1.1279876923163323,131.82,7.0,0.0,70.7,39.333333333333336,0.07496991369663428,9.310713043223288,4.545652840560146,0.15819339587363196,31.20237657296529,41.2,4.0,52.6,1297.2092312744765,34.31,22.422194371653923,0.6190176360272556,0.20633921200908517,3.98922476550898,0.8941365853727025,9.333333333333334,10.31696060045426,3.7141058161635336,0.0,1.0986122886681098,110.38460045112694,649.0186696560032,90.7,84.8,55.4,9.621993127147762,19.1,0.3666666666666667,0.0,20.6,5.15848030022713,-0.1660842623284134,4.761527661143346,11.96767429652694,0.8253568480363407,0.0,0.0509838006204335,0.0526828578800928,0.1688526110719073,0.4710817888799355,3.6910814921229687,0.4754985790868768,0.0184160035748723,0.0948617114560608,0.1362738232340157,4.970684562122263,102.32821536842587,53.90813859790492,0.7930146273756139,17.9384432946965,15.708700715355182,13.036882936765917,0.050873444930988,34.4,47.4,39.58333333333333,9.899999999999999,-14.299999999999997,12.0,5.900000000000006,0.6999999999999993,11.899999999999999,3.1640002378775747
782,Kotputli-Behror,Rajasthan,1202254.0,True,Alwar,inherited,inherited,6.107089932272963,,29.4,46.61972654998104,6.1,23.05,17.3,53.0,26.1,6.800000000000001,53.2,23.39523363508001,27.6167040672412,3.0055226125166037,20.593362955299522,0.0408629149199362,1.299440694453971,88.3,6.1,4.0,63.2,24.5,0.05411575219126685,2.190031359087391,1.9819618139274995,0.007068179878043017,,34.0,2.4000000000000057,65.1,1240.4622553872316,38.33,18.04594675112858,0.8172582983987239,0.02208806211888443,4.417612423776886,0.9276986089931462,49.107142857142854,0.0,0.0,0.0,0.0,57.85923695917538,349.6259715030496,91.3,59.4,79.0,8.695652173913052,8.8,0.7666666666666667,0.02208806211888443,80.8,2.473862957315056,,4.901716253328354,12.894188413103098,0.13252837271330659,0.0,,0.14491408505037567,,,3.2624510897304293,,0.1523656908345705,0.0571340580675059,0.0830580198676971,,93.61814111808764,,,10.438822352862497,27.40963855421687,23.217415367586018,0.11219794616818002,35.1,34.9,27.083333333333304,4.300000000000001,70.2,12.0,9.399999999999991,4.100000000000001,26.700000000000003,11.157031007808085
560,Kottayam,Kerala,1974551.0,False,,direct,direct,6.192335587767491,899.3914687645602,18.8,85.60859454652612,29.049999999999997,36.5,39.8,63.1,10.0,14.0,38.7,71.72313443351639,75.68866566086979,9.277095402485363,89.23954411081051,0.10403498928441292,3.893605802662935,164.0,10.2,1.2,36.8,16.366666666666664,1.3286937828978416,0.6094395359932584,3.075454096808972,0.1277960670839393,20.070692772043834,1.4000000000000057,2.9000000000000057,27.5,5076.703902439825,32.21,25.1096795124725,1.2843825837581841,0.19265738756372763,23.889516057902224,10.082403282501746,48.38709677419355,11.238347607884112,8.92645895711938,1.4128208421340025,1.0986122886681098,116.14928581442011,1380.695222757751,98.7,,86.6,22.89348171701113,48.0,2.3666666666666667,3.1467373302075514,53.2,1.9907930048251854,0.5561139207713358,5.696664533003101,36.2838079911687,4.2384625264020075,9.825526765750109,,0.1637174751622111,,0.3726087601687675,,0.4317215894790834,0.00569591367605871,0.1186840017308648,0.1172021489023678,16.05884679447762,51.80704190789568,189.11185378346767,0.7880914059842907,26.28424738531936,38.64222133652186,-19.238737938791214,0.15584867100811609,85.8,72.5,12.680115273775217,8.299999999999997,2.4000000000000057,,-1.2999999999999972,-2.1000000000000014,-0.5,-16.707447565071952
561,Kozhikode,Kerala,3086293.0,False,,direct,direct,6.607754108074019,1319.627927202628,19.9,30.082239142208568,23.2,29.0,30.7,74.2,6.050000000000001,6.75,29.8,50.686316484424864,54.33688800528722,2.1562922961011233,35.49184576764867,0.061192412110433525,0.5472772986328289,164.0,2.3,1.2,32.1,18.099999999999998,1.1532795734038965,0.3185459840103616,2.1136056537821517,0.036271308791265035,20.63915645714962,0.4000000000000057,6.700000000000003,26.200000000000003,2804.8529065206085,41.27,11.720320867925777,0.39478975555118406,0.19739487777559203,11.596949069316032,5.527056577716577,80.0,17.272051805364306,9.647674651282061,0.34544103610728605,1.9459101490553132,53.38988607915881,663.1364949380322,100.0,88.8,91.2,20.537428023032632,45.7,1.6666666666666667,0.6415333527706741,61.1,2.0973205763656653,0.5215556300130387,5.182471853285628,13.324154249852462,1.7765538999803283,2.8128770083021863,,0.11390325842614447,,0.3074824716901473,3.675319983339292,0.3758909289479015,0.00569591367605871,0.1403455865251959,0.1541229804092829,16.90549441236655,79.65463781888423,140.74554813817093,0.7849335377616936,20.38496902788539,23.348487843447323,-7.782292271286333,0.10592639368996076,84.3,73.8,14.457831325301203,3.599999999999998,1.3999999999999986,18.799999999999997,0.0,0.3000000000000007,0.09999999999999432,19.860295749667028
510,Krishna,Andhra Pradesh,1735079.0,False,,direct,direct,6.308246425953776,540.3697938943938,20.4,56.65196176338463,22.9,26.25,40.6,53.5,11.35,11.6,60.3,83.17009875577882,74.58990807287145,3.207374463739857,25.781144407703593,0.22250054313792172,1.0527232293179265,137.81,7.8,2.4,65.7,21.733333333333334,0.17480644029264458,1.7953268849314943,0.87338477020288,0.5108232644107281,31.27521575188933,20.900000000000006,5.599999999999994,10.200000000000003,1159.537086080596,32.25,15.797322752372327,0.2589725041372513,0.06474312603431283,11.17897976192468,4.143560066196021,39.884393063583815,14.752812702365802,7.917342816936315,0.0983520846824387,1.6094379124341003,42.86858185151966,577.0580720688715,98.9,90.0,45.8,17.54756871035941,66.1,6.6000000000000005,0.5826881343088154,68.1,8.507455325030946,-0.0002361266392699,5.273366617038809,22.22757113823114,0.0983520846824387,2.481819831315325,0.0418103692155115,0.0357739392588627,0.1423096092668841,0.4535531294785184,3.5700757053216043,0.7209536649221824,0.0087840673012254,-0.1024340714807887,-0.0818315831435269,8.223735385014908,151.81231089528978,157.02092222115473,0.7531233875538187,17.37733808211668,12.315366049879325,-21.546556547222593,0.0982125064198119,46.2,89.8,7.826086956521737,-4.899999999999999,-3.4000000000000057,15.900000000000006,2.5,1.7000000000000028,14.699999999999989,-1.070045356446613
622,Kulgam,Jammu And Kashmir,424483.0,False,,direct,direct,5.805447892213007,1006.9236650839374,25.4,11.203244182892266,6.25,22.85,25.9,83.8,20.5,0.2,77.0,2.5276947967827623,14.30847419949722,6.874077738371449,69.03971837825661,0.08608248533935103,5.263552694477045,87.34,2.1,0.0,77.7,18.333333333333332,0.0,12.596215309292674,11.245502857513403,0.006260544388316439,32.504256063432834,19.5,3.5999999999999943,59.7,1510.1074770419052,35.34,25.198691162973663,0.4695408291237329,0.15651360970791098,2.0346769262028426,0.4695408291237329,42.857142857142854,0.0,0.0,0.0,0.0,81.07718010089204,522.3860843055119,98.9,98.1,,14.285714285714288,45.8,0.4000000000000001,0.0,4.2,1.0955952679553769,0.049753434567829,4.717246320214486,8.13870770481137,1.2521088776632878,0.0,0.16225370197427838,0.1363768167375594,0.0285091447498749,0.3769055533437146,3.5857990090130007,0.13154484757763588,0.0103341118329961,0.0909255995289297,0.0962905343326683,3.3162418130550098,86.18129777258508,81.11985639000855,0.6956206075390602,5.335548954942685,37.80535091120589,-7.989203778677463,0.07955799497477695,42.4,40.3,59.22330097087378,-5.5,2.3000000000000003,15.099999999999994,9.400000000000006,2.400000000000002,25.799999999999997,11.913724184029537
8,Kupwara,Jammu And Kashmir,870354.0,False,,direct,direct,6.068938806907147,1315.4807644242337,26.7,3.951263330898831,7.2,18.5,21.3,95.3,28.299999999999997,0.1,73.5,3.313054526858165,7.1798490454574955,0.22269050515322714,9.47927782472166,0.0017064406525151507,0.12883626926489386,87.34,9.0,8.9,78.8,25.166666666666668,0.0,1.317372183741696,0.7192647350351359,0.0017064406525151507,29.188167951839823,32.3,12.0,38.0,1116.2092806402738,49.26,25.42596572247574,0.5972542283803027,0.08532203262575754,1.0238643915090904,0.17064406525151507,38.46153846153847,8.532203262575752,0.0,0.0,0.6931471805599453,59.535154705274834,320.7067497930449,97.1,93.2,68.94999999999999,28.048780487804887,51.7,0.5333333333333333,0.0,10.4,1.109186424134848,0.0342804812109334,4.556760477816258,6.56979651218333,1.0238643915090904,0.0,0.201954155480165,0.1612937903489912,0.043496838856387,0.2631848650089504,3.7083359026822635,0.16466681508611006,0.0037552898322251,0.126372969832285,0.1026532461896767,6.474080100910906,119.5699954113076,50.07732485862074,0.8686933578065849,3.307935204900619,53.274711946634326,32.7285176309483,0.0691013565298649,44.9,62.0,68.50828729281768,0.8000000000000007,8.100000000000001,15.400000000000006,6.099999999999994,6.800000000000001,27.300000000000004,13.462113252834484
511,Kurnool,Andhra Pradesh,2271686.0,False,,direct,direct,6.40297983664917,279.07907795103387,25.9,18.371276230026,17.85,29.4,29.0,42.1,11.0,10.2,58.6,41.93989699181143,40.62464788573386,5.492599977205946,44.55118796621438,0.5657201537942772,3.9821517339723496,137.81,4.5,4.2,70.8,37.833333333333336,0.052038213910014446,6.585625809290111,2.861878425076932,0.16281484094592502,30.713573632149387,26.5,2.0999999999999943,21.900000000000006,1432.2803690815117,28.05,14.628768288008356,0.4020119529529013,0.044667994772544586,6.8342032001993225,3.327765610554572,50.28571428571429,19.769248825444375,10.43816337983463,0.7512314553668863,1.6094379124341003,68.8005489683334,840.8216233393986,88.5,67.0,73.1,11.63895486935867,32.9,1.8,0.022333997386272293,73.3,6.919237088905532,-0.2414348815552296,4.879383752578899,10.873086853994408,0.3953849765088875,0.22333997386272295,0.021460138596754,0.065260026089964,0.21760402452728209,0.5006644935453957,3.3211840273023143,0.3289409632719749,0.0179891843029943,0.1220192016401071,0.1689567889578125,6.67544778312561,151.5044741013066,127.8694291769778,0.7276457900037429,13.30312291961803,13.38212232096184,-36.699715914435686,0.04886644287104169,33.4,78.1,-1.3196480938416426,4.100000000000001,-2.1000000000000085,0.9000000000000057,13.0,3.5,21.0,2.679493041935719
204,Lakhisarai,Bihar,1000912.0,False,,direct,direct,6.080700351909341,878.313857088138,37.8,32.97445765864261,15.3,13.05,16.2,67.4,23.9,10.4,72.6,0.5655184261492803,0.3006133190397055,0.024082282464506794,1.9847122444886633,0.0,0.07972065919285007,82.08,9.7,1.3,77.2,37.800000000000004,0.030725670730577633,0.3180522132381415,0.08138150625936778,0.0,79.10833898040033,48.4,3.4000000000000057,57.4,512.921060399731,47.3,14.366327125378193,0.0830423533258855,0.0830423533258855,0.7473811799329695,0.166084706651771,33.33333333333333,0.0,0.0,0.0,0.0,41.90649318237486,34.62533964276122,75.8,68.9,70.35,11.952191235059766,9.3,0.10000000000000002,0.0,15.1,0.7473811799329695,-0.1272242166838058,4.6025017630820075,7.556854152655581,0.166084706651771,0.0,0.0512800509679055,0.0650619212902992,0.1255253818521144,0.3262784340681298,3.9788193867328423,0.7645673883845843,0.0204066029971605,0.1000940472306517,0.1420987309378205,25.07043769444941,43.05448128121759,36.67755007433221,0.7102503336874506,5.5779548728997295,3.8371640046747175,14.644137224782385,0.04585443176507145,30.0,42.6,39.2,4.699999999999999,5.799999999999999,9.800000000000004,11.700000000000003,1.3000000000000043,12.899999999999999,14.506719760302165
481,Latur,Maharashtra,2454196.0,False,,direct,direct,6.446978298434604,336.96690149016416,23.7,37.54839334217208,10.649999999999999,19.1,17.6,51.2,20.6,7.199999999999999,50.7,2.9322847044418823,5.584453506814502,0.4205311437953083,9.31671206933429,0.05502276647789081,0.6441951166210204,92.93,9.8,3.3,59.5,31.7,0.0232238949419669,3.28314416341129,0.7503104519712382,0.24760244915050864,35.412539278050275,27.5,5.400000000000006,21.5,596.9023342518904,40.19,10.933095157295186,0.3572906914148754,0.03572906914148754,8.324873109966596,0.7503104519712382,52.38095238095239,10.718720742446262,4.073113882129579,0.0,1.6094379124341003,36.226417783937045,229.44529350349606,94.7,79.2,62.05,12.847222222222223,19.0,0.6,0.07145813828297508,33.6,1.5006209039424765,-0.1519026306887319,4.793258109833425,7.610291727136845,1.9650988027818146,0.0,0.0826173418061136,0.1376528819614506,0.1269386472114098,0.4265580255203741,3.3951515915045425,0.48748892680458433,0.133567920296664,0.1292627283040568,0.1907867100064302,13.176237789258003,100.81763409887716,78.47743212033595,0.8008348953005987,14.382379492214394,18.210628961482204,22.02989056294904,0.09901560119223025,40.7,78.5,2.5974025974025974,-2.299999999999997,13.900000000000002,19.800000000000004,4.799999999999997,3.5,28.299999999999997,6.744285228326244
265,Lunglei,Mizoram,135315.0,False,,direct,direct,5.221093719960253,43.25903382928364,24.6,29.99730135574455,15.3,16.95,20.6,48.9,68.9,10.049999999999999,34.9,5.179245178653914,8.731159430551783,4.826572841586039,19.73957452331326,0.2367942834598579,2.514049945669555,138.78,4.0,0.8,45.7,15.700000000000001,2.191606666064642,2.0454995549936656,6.428712887122949,0.06045811492592117,44.42340604535532,4.400000000000006,4.0,20.099999999999994,938.6323869299014,34.95,40.80922757499679,0.5038176243826763,1.0076352487653526,3.00522009639902,0.601044019279804,7.142857142857144,0.0,0.0,0.0,0.0,63.672471369482636,419.08053813775405,82.7,73.8,,13.868613138686127,5.4,0.9333333333333335,0.0,46.5,7.053446741357468,-0.4246364439853074,4.918617890882775,13.222968424155686,0.0,0.0,0.14585085785178842,0.1036141312743038,0.0725355557256853,0.4849964070669276,3.75724415102197,0.024371849717236178,0.0057492474779048,0.088730399137435,0.0980716530695315,7.593846739719789,61.33055222754149,78.90204921079366,0.9180340739577608,13.30711458685486,19.151138716356108,-18.782098312545855,0.038928731664612345,46.3,79.9,1.2345679012345856,0.3000000000000007,-5.700000000000003,27.4,8.299999999999997,3.599999999999998,16.89999999999999,12.433571508720371
688,Mahabubabad,Telangana,754845.0,True,Warangal,direct,direct,5.903975898346918,,21.8,24.7297831696466,15.3,25.35,23.7,48.0,16.55,34.55,62.8,29.584589207760175,34.21762868817935,3.4329899434877724,9.161292930586555,0.03243377126841645,1.400889428247372,125.53,11.2,1.5,81.1,26.2,0.07983697542994818,8.68850834171233,0.48276421080296794,1.0765517155632076,,31.400000000000006,1.7999999999999972,13.400000000000006,1362.390541751762,35.43,24.200583177203047,0.24949054821858807,0.12474527410929404,3.742358223278821,5.364046786699644,31.25,18.711791116394107,0.0,0.0,0.6931471805599453,89.13548816205497,207.78071836740452,97.7,76.1,79.7,13.888888888888884,74.0,1.4333333333333333,0.0,69.3,3.991848771497409,,4.4959222769178275,8.482678639431995,0.24949054821858807,0.0,,0.03819746263556098,,,3.5098742850047193,,0.009866136188887408,0.1380564983425205,0.2173505143737535,,270.7586487733002,,,,,,0.12827462885264435,34.7,86.6,44.34146267823041,,,,,,,1.6790493435863025
451,Mahesana,Gujarat,2035064.0,False,,direct,direct,6.368223901007188,461.8413811541108,22.1,55.45557937859885,20.5,24.8,24.3,42.6,22.3,1.7000000000000002,69.3,21.09385122157919,17.353265953074487,5.206322448033282,31.31803195663097,0.23086859724310482,1.9673088444110953,98.87,14.6,0.5,86.0,33.53333333333333,0.6986023786706937,3.3006927835906597,1.4516023674524716,0.08095392370862117,52.56774341472216,27.900000000000006,3.0,36.9,983.1104461044368,30.54,15.334129464384327,0.513993166403944,0.1713310554679813,8.181057898596109,3.597952164827608,34.45378151260504,19.274743740147898,0.7281569857389206,0.0,1.6094379124341003,73.44748184093024,916.5183481204192,97.3,79.6,61.599999999999994,10.714285714285714,28.7,0.2333333333333333,0.0,40.7,5.097098900172444,-0.0083623046102935,5.078213678599811,15.077132881182356,0.5996586941379346,0.128498291600986,0.0734701868178554,0.0810461210928775,0.1644098541744658,0.3990360991103965,3.707910665713106,0.8926859961221308,0.0123267521058768,0.1133825135255488,0.1543459278174708,9.692523384621188,98.41606065773328,85.40271952135166,0.702433831990794,23.359276102504573,31.356480033364615,16.10321042323086,0.11442591038725695,32.6,63.1,3.932584269662921,1.6000000000000014,10.300000000000004,24.499999999999993,0.8999999999999915,3.099999999999998,6.3999999999999915,8.042306473155728
164,Mahrajganj,Uttar Pradesh,2684703.0,False,,direct,direct,6.527965592979004,1078.4406756486092,28.4,15.616114618343916,6.1,15.35,10.6,53.9,38.25,6.199999999999999,49.4,4.2373762320001696,4.229667059651698,0.855421624051535,12.13216173009243,0.050702633522638645,0.3733018456432869,86.91,6.6,4.0,70.1,33.56666666666666,0.17909000378756573,1.195811233899425,2.788051830487551,0.10170177367406466,81.32892057026477,31.0,5.700000000000003,71.8,436.5793252927975,34.11,9.814369412861634,0.3558079545448326,0.029650662878736047,0.20755464015115235,0.029650662878736047,24.489795918367346,4.447599431810407,0.0,0.0,0.6931471805599453,24.18901077647287,98.08053821668463,96.3,70.7,70.35,7.177033492822963,9.6,2.8333333333333335,0.0,16.2,1.4528824810580665,-0.0373816715188172,4.444926197185033,5.485372632566169,0.5633625946959849,0.0,0.040535170378356106,0.0665739167400693,0.1344613013917931,0.3703400338882923,3.0842186867392387,0.49120578151157984,0.0482210366950283,0.1319356062442402,0.1968575546189386,12.646440529724943,67.71285604415077,39.31980557998408,0.8063128777400959,11.51542794221472,8.535494689770822,4.358457611178288,0.0748992720898096,30.7,28.2,0.8823529411764706,2.0,13.1,6.200000000000003,6.700000000000003,2.3000000000000007,32.5,9.906975296179906
266,Mamit,Mizoram,86364.0,False,,direct,direct,5.081277823426771,41.4219944067151,30.7,61.83410454724917,12.4,17.65,21.8,53.1,75.4,13.299999999999999,34.9,2.405028207980453,5.87987930847635,0.3151416272526111,13.260827946761188,0.08293200717173976,1.8079177563439268,138.78,0.6,0.0,45.5,15.899999999999999,3.4250918961928525,3.2426414804150245,9.769390444830943,0.1326912114747836,42.74976884466361,7.299999999999997,2.700000000000003,26.700000000000003,558.6631731117078,31.52,32.343482796978506,0.8293200717173976,0.8293200717173976,2.487960215152193,0.8293200717173976,0.0,0.0,0.0,0.0,0.0,32.932300047897854,121.42904490086136,75.0,85.9,,9.727626459143975,3.5,2.7000000000000006,0.0,61.7,6.634560573739181,-0.4399596670601308,4.534779850596389,10.781160932326168,0.8293200717173976,0.0,0.13568468390719968,0.0843989194409057,0.1122571420461288,0.4555022926219258,3.6181527333785195,0.031702037312928366,0.0125880584522071,0.1772502181934736,0.2727323200428722,8.409962634056223,91.06101014717603,68.23444953915983,0.9112506363482096,3.6987675198595937,20.21857923497268,-33.63095238095239,0.02970352658857325,40.0,73.3,5.263157894736842,8.600000000000001,11.0,45.2,17.0,2.3000000000000007,26.5,12.95912728314515
22,Mandi,Himachal Pradesh,1019237.0,False,,direct,direct,6.060030586763052,291.78579248757194,22.3,20.298989674427236,14.25,22.3,31.6,67.5,16.55,17.8,48.9,16.48966322702957,35.11826238337068,6.347135607826742,82.30722997042943,0.1402152624670836,2.1101961550170407,119.01,2.6,0.4,52.2,24.166666666666668,0.7846829284648592,3.173567803913371,1.4639866845165688,0.13411894670764518,26.22330976335105,13.0,3.5,61.4,1824.8755139415528,43.06,36.142443430956334,1.132172926752849,1.2192631518876835,5.5737744086294105,1.132172926752849,52.17391304347826,10.450827016180146,0.5225413508090072,0.0,1.0986122886681098,100.11108469474365,515.5784873094772,86.6,94.1,,19.70588235294117,16.0,0.3666666666666667,0.08709022513483454,41.3,4.006150356202389,-0.0465037082441342,5.246788561046206,17.505135252101745,0.6967218010786763,0.95799247648318,0.3081912899911118,0.2426708428409186,0.086869846162014,0.5727987341177082,3.456366033129043,0.1614748334568809,0.0567174255841622,0.0879071981691193,0.1594715564830253,4.278553947617003,30.64389071227257,106.5337570278172,0.8016430382123744,13.175880160649118,42.18030931723878,0.9946595460614152,0.131347054320174,71.8,38.6,11.168831168831169,7.600000000000001,4.099999999999994,15.299999999999997,22.299999999999997,2.6999999999999993,13.400000000000006,4.970961712072521
760,Manendragarh-Chirmiri-Bharatpur(M C B),Chhattisgarh,411490.0,True,Korea,inherited,inherited,5.702077183157286,,26.9,42.93297641339057,14.0,28.299999999999997,17.3,51.9,30.95,22.1,64.4,6.347994172905067,7.142888539936156,0.3311026458616239,13.823225443518808,0.3769857840521861,0.9585855627379597,94.16,1.2,0.4,56.3,27.333333333333332,4.869813072279389,6.00325059406787,3.554083082544622,0.18477263757820958,,26.700000000000003,12.400000000000006,69.8,660.8573195282981,35.15,28.025916840721724,0.7440508895766829,0.12400848159611381,1.984135705537821,0.12400848159611381,4.166666666666666,0.0,0.0,0.0,0.0,62.79417482582415,136.78631553977738,80.8,87.1,,8.695652173913045,10.9,0.6333333333333333,0.0,62.8,4.7657807480833,,4.903855945756011,10.325858287513816,0.9928709891840206,0.0,,0.04794372243174793,,,3.1300119496719043,,0.01637575181866879,0.0486057348390456,-0.0122292954586762,,49.95033304697001,,,,,,0.06482335519064178,37.0,30.2,7.407407407407426,6.200000000000001,-0.6000000000000014,12.5,10.200000000000003,2.200000000000003,48.0,9.406481818030873
365,Mayurbhanj,Odisha,2519738.0,False,,direct,direct,6.46763998613486,341.0386456560247,26.0,19.82886803506098,10.55,27.450000000000003,14.3,61.3,48.55,31.3,72.2,7.158588625007754,22.393245370889716,2.412088685753612,23.09302364215213,0.23541713020561383,1.2717976078980557,111.09,17.5,3.2,71.7,37.03333333333333,0.5887131707602037,4.671207340447427,5.163164411383615,0.28413587060995943,49.31646328466376,45.6,19.900000000000006,83.9,1132.9730460801345,31.5,23.06474633128807,0.9539333785466263,0.13627619693523232,1.2264857724170908,0.6132428862085454,,4.25863115422601,0.0,0.0,0.6931471805599453,101.82216744508221,269.5512513234585,91.7,84.4,50.6,10.315186246418335,8.6,0.2333333333333333,0.0,46.5,,-0.2721871026436629,4.823280804194342,10.220714770142424,0.408828590805697,0.0,0.0437392944746777,0.0301124251219137,0.062097558675121595,0.4855798499685285,3.4536240735914507,0.24306198085647493,0.0110605139825444,0.121021130793393,0.1515313734596262,4.172107270373782,39.497803041585904,112.04379185454997,0.3936582825932183,9.510034403125188,8.904398512098783,-10.99987246524678,0.12630297507295923,25.1,16.1,0.8583690987124464,5.700000000000001,6.600000000000001,11.700000000000003,6.799999999999997,1.3999999999999986,36.9,5.317201754551042
700,Medchal Malkajgiri,Telangana,2440073.0,True,Ranga Reddy,direct,direct,6.465781245773181,,23.1,120.32475657839366,17.55,30.65,41.8,51.7,10.45,20.849999999999998,56.8,9.834125340525524,12.349967092278503,0.5347831712212578,2.2311715032206156,0.006843034820489544,0.039347450217814876,125.53,6.4,4.1,73.8,23.46666666666667,0.024634925353762358,0.7452064919513113,0.6490618527234331,0.03797884325371696,,13.799999999999997,0.09999999999999432,1.0,770.7457243566013,33.21,5.508643030494082,0.06843034820489544,0.0,8.006350739972765,3.934745021781487,60.63829787234043,27.372139281958177,6.432452731260171,0.0,2.1972245773362196,7.533497033876938,60.16567290044918,98.3,76.1,63.8,22.55813953488372,61.0,0.4666666666666666,0.3079365669220295,53.8,3.2162263656300856,,5.722646138230728,27.577430326572863,0.8211641784587452,2.566138057683579,,0.0901775148818914,,,3.5483894181329183,,0.0265470262402022,0.1167954253008836,0.2379769086255667,,103.0989459134794,,,,,,0.14001633756063456,59.3,99.0,-14.558130292780062,,,,,,,14.742628540555305
417,Morena,Madhya Pradesh,1965970.0,False,,direct,direct,6.379189540079086,407.16503734006375,31.1,26.424592238895023,14.25,17.0,20.2,27.8,22.099999999999998,3.5500000000000003,67.5,1.4162445437346771,0.6093485076109979,0.044688341545152006,8.066872120977674,0.04970011816703821,0.2869242116029853,92.55,6.7,1.4,74.7,26.566666666666666,0.3462302349619721,1.1293203321316918,1.3485855593392133,0.01921181038389712,92.88193447497947,37.3,2.9000000000000057,67.4,604.7836144045632,33.59,10.900614152602499,0.29235363627669536,0.16705922072954021,0.37588324664146544,0.08352961036477011,26.666666666666668,0.0,0.0,0.0,0.0,45.651855600709624,168.505953581058,94.8,69.7,62.550000000000004,3.383458646616542,7.9,0.13333333333333333,0.0,36.3,0.6264720777357757,-0.2012235487545765,4.494560047628139,4.092950907873735,0.08352961036477011,0.0,0.0517357315253809,0.0820809416582447,0.21919640049389472,0.3438470576865364,3.252610340567373,0.6158677234250327,0.042048881352145,0.1148548987110227,0.1665831105792912,11.547986617369666,81.2366833326136,38.88869107870415,0.861380699505585,11.358774065453263,19.59681571547388,-8.003247302371207,0.058787725983135294,25.6,32.6,19.642857142857142,6.1,25.699999999999996,9.100000000000001,1.2999999999999972,-0.20000000000000284,24.6,10.261259710949854
319,Murshidabad,West Bengal,7103807.0,False,,direct,direct,6.92409747510125,1423.24717813351,29.3,10.757478707287303,18.95,17.5,25.2,75.0,24.400000000000002,5.8500000000000005,77.6,5.577334379875609,8.145075768517893,5.920573279785955,20.7777440938095,0.04287508812204184,2.2553487326864063,110.07,7.8,2.4,72.1,29.5,0.1426787654727948,3.834104755313591,4.623006376759161,0.29941103205225883,65.88337009318002,30.299999999999997,0.9000000000000057,69.3,1150.62230448079,28.87,10.873598737617833,0.333472907615881,0.08336822690397025,0.5835775883277916,0.17864620050850766,,1.4887183375708972,0.4525703746215527,0.0,1.0986122886681098,74.3799410690522,179.49381718118704,87.0,90.0,86.8,11.051212938005378,29.5,0.26666666666666666,0.0,28.4,,0.0972446157893888,4.567336520621912,6.514631445210246,0.059548733502835884,0.0,0.0322345171231342,0.0378243693516346,0.0505145719189137,0.3645801469550059,3.425371166438941,0.6874843277495938,0.0083907486843959,0.0874485392707957,0.1643385742471885,4.429413706081276,58.254094944447694,125.51312275234956,0.4885853967100371,9.018179299136472,4.666080602181259,-9.44738761794286,0.0645497353308282,24.2,30.7,1.4008620689655173,10.399999999999999,-12.5,11.099999999999994,23.200000000000003,2.5,15.600000000000001,7.52057266466275
366,Nabarangpur,Odisha,1220946.0,False,,direct,direct,6.139200072815366,285.97743267761933,31.8,18.06808220404809,8.7,21.700000000000003,8.1,73.4,47.8,21.1,69.3,14.46825542228153,19.619781732156337,0.3483703337193446,7.698984375197515,0.1763624814454182,1.3942071064059605,111.09,3.6,0.5,70.8,38.63333333333333,2.0604653696442066,1.9835335876145181,6.074707694231072,0.17999133908832804,44.14210312626878,55.9,0.9000000000000057,81.0,871.8236136792174,36.02,23.950460443204943,0.7257715285819679,0.1451543057163936,0.5806172228655744,0.36288576429098396,,0.0,0.0,0.0,0.0,75.19936539096345,213.8623705557199,87.6,94.8,,5.01792114695341,7.2,0.06666666666666667,0.0,48.4,,-0.3757376629685313,4.477516844264041,6.822252368670499,0.0725771528581968,0.0725771528581968,0.0201655730359524,0.0144347053977865,0.0538741487505921,0.5003546430390861,3.438067450453494,0.2990080795468602,0.0085684691911175,0.1638986779036719,0.2262375623358463,26.32740153220709,59.54703772366816,61.235304427878056,0.6685882431619073,9.318180655463886,12.531027989386287,20.860397251247292,0.05693376997543415,15.5,19.0,0.2949852507374631,1.2999999999999998,-0.10000000000000142,23.299999999999997,23.299999999999997,1.4000000000000021,27.400000000000002,5.237083521924748
320,Nadia,West Bengal,5167600.0,False,,direct,direct,6.72673663477446,1342.744097417557,21.5,28.049485027597324,20.6,18.6,28.6,80.3,27.25,5.6000000000000005,73.4,23.486919887596258,28.12922063286483,9.263776426573157,46.409124076709716,0.13414343003827303,3.1618450719370848,110.07,5.9,3.3,63.6,22.933333333333337,0.2911756691180416,6.967953834435609,3.525814658334636,0.5675298963157706,69.53908937549616,21.599999999999994,1.7999999999999972,65.8,1356.3934503836697,33.07,9.999782966489445,0.33770373995649156,0.11256791331883052,1.2194857276206639,0.5816008854806243,,9.380659443235876,0.4127490155023785,0.0,1.791759469228055,77.16924445702448,319.3722428857089,97.7,89.9,69.2,13.592233009708732,58.2,0.06666666666666667,0.05628395665941526,23.0,,0.0557707751185745,4.858159169590164,9.643317907646482,0.13132923220530227,0.6191235232535678,0.0444986147293523,0.0624101319885046,0.061532481428339204,0.3565692004025079,3.5771469848275252,0.7944404594039683,0.0096429220806896,0.0869411295820925,0.1637608898387199,6.08883814036445,44.50188521963423,98.11730784116418,0.8050079778159521,9.03957866587982,7.22538368684256,-22.354723305508106,0.07728643110766295,28.3,34.2,3.377110694183865,3.700000000000003,-15.5,-3.299999999999997,4.6000000000000085,1.8999999999999986,8.0,4.582940965171654
485,Nanded,Maharashtra,3361292.0,False,,direct,direct,6.58946962649073,313.12752510267364,24.8,27.70129217046567,10.6,17.0,19.2,37.0,21.200000000000003,7.1499999999999995,57.3,4.176850137279776,3.7349738781479607,1.5672838777593248,14.131547620959324,0.058933991462542745,0.7370609237935477,92.93,14.4,1.0,76.1,30.066666666666666,0.00025735367450892033,3.5671792823681443,1.2039004893527292,0.3152582512734274,39.48977589590003,32.0,5.200000000000003,35.5,704.2866759911623,35.55,11.65812145525409,0.3345597768615964,0.12867683725446014,5.19854422508019,0.7463256560758689,61.81818181818181,3.8603051176338044,2.7536843172454475,0.0,1.0986122886681098,55.371959253664784,207.66279762003995,94.8,75.7,80.35,14.728682170542632,14.0,0.6,0.0,15.7,1.4154452097990615,-0.2415106213508477,4.724793181799024,6.356635760370332,0.5404427164687327,0.0772061023526761,0.0534702684356441,0.1065021805642931,0.08324291735939379,0.4444579643779832,3.4720246977002813,0.4969971811935806,0.0124603135262086,0.0952962189001516,0.1587500169338034,10.519088210512862,95.27528200076203,53.73647990118086,0.8348558331118788,12.690881751058386,12.843800322061192,19.88088002917224,0.07962857549588274,31.6,64.5,2.643171806167401,5.6,-3.1999999999999993,24.6,10.5,4.800000000000001,22.5,6.801339788990128
486,Nandurbar,Maharashtra,1648295.0,False,,direct,direct,6.286777317864589,337.72757185257814,26.6,44.952816780089705,10.45,24.05,12.9,47.0,34.65,7.949999999999999,64.2,3.1533055274977584,4.163934007226681,0.3234424480114037,5.089826765751338,0.32447581046511426,0.7786386088709032,92.93,9.8,4.7,79.3,44.56666666666666,0.03771772956043526,3.6245188063897715,1.0256122353077257,0.7724384341486399,44.29251414631973,45.9,5.400000000000006,59.7,701.702707467245,42.17,18.187179185305766,0.620017472226333,0.15500436805658324,3.410096097244831,0.8783580856539717,34.78260869565217,5.166812268552775,0.0,0.0,0.6931471805599453,71.95974450781506,247.43915622221922,76.3,72.4,82.80000000000001,11.504424778761052,7.9,0.7666666666666666,0.0,15.3,1.1883668217671381,-0.1775793905938465,4.595709688306614,5.115144145867247,0.15500436805658324,0.0,0.0351681782512738,0.0553071544327981,0.0611795973945124,0.4805359477520711,3.118595365223762,0.4018595753496365,0.0117061414369771,0.1098968734332721,0.1524505637305735,10.198467327786442,68.24099511726546,50.70269581597954,0.8185777703325237,7.903156045978325,18.015401242907323,1.8443305146814037,0.08200463192366765,29.9,40.3,1.392757660167131,3.200000000000001,2.8000000000000007,39.60000000000001,20.799999999999997,4.099999999999998,29.3,7.120844125352228
721,Narayanpet,Telangana,569942.0,True,Mahabubnagar,inherited,missing,5.79542193518018,,27.8,18.416112721344394,12.5,25.35,24.0,40.3,16.4,25.45,54.7,,,,,,,125.53,4.0,2.4,82.6,31.133333333333336,,,,,,26.299999999999997,0.4000000000000057,14.099999999999994,,,16.497391832315515,0.32033770548185464,0.16016885274092732,3.5237147603004013,4.484727876745965,20.0,8.008442637046366,0.0,0.0,0.6931471805599453,,,98.1,89.4,81.2,16.571428571428566,43.4,1.2,0.0,70.3,0.8008442637046366,,4.492520522336362,8.809286900751001,0.16016885274092732,0.0,,0.03731143901772581,,,3.374748346010104,,0.03224293991626091,0.2002219869789001,0.1838567154565804,,189.1196554325405,,,,,,0.05963678355833987,40.4,85.9,-16.81724351214191,,,,,,,2.404345068059807
418,Narsimhapur,Madhya Pradesh,1091854.0,False,,direct,direct,6.122122595224196,247.0940750064022,24.3,31.40221592348314,11.7,23.799999999999997,20.1,28.1,41.2,8.0,46.9,5.628378613079409,6.58179092374455,0.3736651573865755,11.87651297204645,0.29289309306260874,0.9873818704275571,92.55,4.0,2.4,73.4,26.566666666666666,0.5442678353044867,5.239615873576204,2.9508224246951995,0.12380017335636039,50.15317686721992,23.0,0.20000000000000284,63.3,634.9106988163059,35.65,12.002577782720305,0.528415374082026,0.15097582116629316,4.000859260906768,0.905854926997759,40.0,0.0,0.0,0.0,0.0,58.485768482504476,221.27997692969507,91.4,82.7,,13.897280966767369,19.1,0.13333333333333333,0.0,49.4,0.7548791058314658,-0.2676607662043027,4.7273434073051,10.190867928724789,0.3019516423325863,0.0,0.0334055711082663,0.0474614908024008,0.1236700202763113,0.4376207808003634,3.2208922492195193,0.4877385440993171,0.0949321627118776,0.1129700295476219,0.1246208621398523,11.751790618354118,94.79709717357416,39.24608967865667,0.820517607523745,14.523873996197402,13.557687155029205,-14.149301682209629,0.0808676066048871,31.4,36.7,0.0,4.700000000000001,35.5,28.5,5.700000000000003,2.099999999999998,33.5,9.746229561464274
419,Neemuch,Madhya Pradesh,826067.0,False,,direct,direct,5.970566472682098,242.4869547714526,23.8,59.52556842776757,9.9,27.25,20.1,42.9,17.05,4.75,50.3,2.53833075614678,3.384797715721866,0.3156861606506325,2.5008764659000953,0.14981716098674083,0.29963432197348167,92.55,4.8,0.9,77.2,24.599999999999998,1.117207971929696,0.7330339662565534,1.2370617007190887,0.08882017401356777,51.59685852109301,31.099999999999994,8.299999999999997,47.6,485.4685985840135,34.33,12.948483199568315,0.3210367735430161,0.3210367735430161,5.671649665926617,0.6420735470860321,61.111111111111114,10.701225784767201,0.0,0.0,0.6931471805599453,33.70458073170278,185.0712792120779,97.5,88.7,,5.865921787709501,13.5,0.16666666666666666,0.0,43.3,1.9262206412580962,-0.2541300322761811,4.7848735392386175,10.59421352691953,0.3210367735430161,0.10701225784767202,0.041375472944519,0.0384860559765053,0.2625117489126918,0.5068378230821471,3.2739267801005254,0.4101184702537911,0.0963048685982733,0.1145010930022885,0.1508220180133088,6.152085642166583,106.46228017684376,85.6552797775483,0.7652246420848821,17.195799713542417,24.49584433992655,-56.102824673550785,0.07993842085198205,27.9,52.4,0.8130081300813009,5.800000000000001,36.599999999999994,41.7,10.799999999999997,3.599999999999998,35.00000000000001,9.873087962126087
603,Nicobars,Andaman And Nicobar Islands,36842.0,False,,direct,direct,4.509474231129349,72.50953465308395,23.0,132.85803014515923,14.25,41.2,39.1,62.5,70.15,47.05,38.3,103.40277986612067,131.89887808775356,5.383627677051165,147.27625139519282,3.124979283805562,21.410749152410382,109.88,5.7,1.8,37.7,20.633333333333333,23.885980268295977,2.289588782194174,18.96645842547336,0.9900924463542373,14.015223880597016,16.5,1.2000000000000028,43.1,4008.1726863424897,38.34,139.23175026856464,3.094038894856992,3.094038894856992,0.0,0.0,0.0,0.0,0.0,0.0,0.0,180.66093107069975,1285.7897435357202,97.8,64.2,85.7,11.340206185567006,11.5,10.666666666666666,0.0,2.7,6.188077789713984,-0.1928219477138359,4.861978840282482,12.376155579427968,9.282116684570976,0.0,0.3734739570946864,0.245106892998034,0.2480833580822631,0.4648227566364475,3.3577443251803754,0.026020541659956813,0.0031600450973269,0.0794230592166729,0.1904692842715887,10.840745452038837,34.255903247078194,91.93311980891372,0.9096545615589016,,,,0.0475197458434023,53.5,56.9,2.2222222222222223,20.400000000000002,-1.5999999999999996,18.700000000000003,1.7000000000000028,2.3999999999999986,-2.4000000000000057,-3.0768500722578604
680,Nirmal,Telangana,709418.0,True,Adilabad,direct,direct,5.87362164040131,,22.7,22.871704258473276,13.75,26.8,22.5,32.0,21.0,23.7,57.7,13.932775324808514,28.032770708724186,1.48223860392586,5.478129136350539,0.06555026317000644,1.6106636093201583,125.53,7.8,0.0,65.3,27.73333333333333,0.004013281418571823,4.440027009413294,2.2501131153459357,0.1150474006657256,,36.4,1.7000000000000028,11.200000000000003,1045.9882249247385,38.49,16.320677768858747,0.26755209457145485,0.26755209457145485,8.160338884429374,6.822578411572099,29.72972972972973,13.377604728572745,0.0,0.0,0.6931471805599453,65.95025355139077,131.78010866022439,96.7,75.3,56.3,17.66304347826087,77.3,2.9333333333333336,0.0,49.9,4.949713749571916,,4.691528558134574,12.039844255715469,0.6688802364286371,0.936432331000092,,0.05916668825766018,,,3.705949194910296,,0.01607061358602279,0.1384623679737808,0.1705674388523714,,210.2760010448504,,,,,,0.07004068221746716,40.9,88.8,-13.355449655017889,,,,,,,2.3612524675788507
722,Niwari,Madhya Pradesh,404807.0,True,Tikamgarh,inherited,inherited,5.684502737733256,,26.6,27.75519928476773,13.55,13.65,10.4,42.6,29.75,7.3500000000000005,49.1,4.48936873239221,2.5409444754231223,0.1511708475234637,10.049675767738,0.04807348790976047,0.5415507372966993,92.55,4.4,0.8,67.5,27.366666666666664,0.5206995859141526,1.6646169187066457,2.7975294771583505,0.038227110868002304,,43.4,20.0,67.9,510.48425933265327,45.92,13.321568938849289,0.4054390546606305,0.05791986495151865,0.8270985388348163,0.0,27.27272727272727,0.0,0.0,0.0,0.0,38.689311390315424,160.7675899472808,89.8,79.0,,6.015037593984953,5.8,0.5333333333333333,0.0,40.5,0.6371185144667051,,4.644351080939616,8.06421075363946,0.20677463470870408,0.20677463470870408,,0.04095398055771486,,,2.741939077729199,,0.03865084280182696,0.1552167383031713,0.1644364784871661,,28.32472134153945,,,1.4019320233250139,8.763693270735525,,0.0559133579665382,25.8,32.1,29.508196721311464,2.4000000000000004,32.7,44.6,9.299999999999997,5.600000000000001,41.2,9.926680996918428
516,Nizamabad,Telangana,1577108.0,False,,direct,direct,6.2374220919196395,341.24402328415243,23.7,24.487462357598655,14.55,29.15,27.5,41.9,14.600000000000001,25.0,57.0,18.706627896199006,24.511494356871236,2.548746213236918,14.704928470328735,0.03936287588010684,0.8202528694428145,125.53,16.2,1.1,65.3,31.7,0.6900080595454022,3.0917223540536853,0.4926148143231017,0.10245925045263103,36.77893295940171,27.5,0.5999999999999943,7.599999999999994,1087.4532807093758,39.92,15.166284530276458,0.46309265741302164,0.057886582176627704,6.946389861195325,6.425410621605676,38.35616438356164,6.946389861195325,4.225720498893822,0.0,1.0986122886681098,31.083936897205547,216.22606586764454,97.3,86.1,63.2,22.41379310344828,66.7,2.266666666666667,0.057886582176627704,52.3,4.225720498893822,-0.0867153507534149,4.849844596739343,15.571490605512851,0.4052060752363939,0.6946389861195325,0.016494989044409297,0.1350931320745988,0.4846660831992195,0.4942808372871457,3.7212333700172775,0.6025627778669567,0.0189657443076651,0.1348174753844562,0.1723170397461957,6.638432969702057,186.261744663573,114.32485345907142,0.5172602946369492,,,,0.06879624409118419,42.4,92.4,-8.238001498455944,,,,,,,2.079233093607388
736,Noklak,Nagaland,55434.0,True,Tuensang,inherited,inherited,4.709667100379119,,32.8,17.937092174338158,8.45,22.35,10.8,58.8,32.550000000000004,9.55,28.8,0.4401740410880529,3.7799945778436546,0.22558919605762712,1.0124002945025217,0.6987762902272839,0.8528372046081025,92.52,5.5,1.8,38.8,31.96666666666667,2.360433295334684,2.7730964588547335,1.6836657071618022,0.08253263270400994,,8.0,9.599999999999994,80.3,219.23418333941837,51.59,34.1134881843241,1.1004351027201322,0.550217551360066,2.2008702054402645,1.1004351027201322,23.52941176470588,0.0,0.0,0.0,0.0,26.382931587715174,97.52055880305811,34.8,39.9,13.8,1.8656716417910384,1.5,0.7000000000000001,0.0,22.0,9.353698373121123,,4.038314585891685,1.9513397865422586,0.550217551360066,0.0,,0.0742290897608582,,,3.5308397786165204,,0.0018308293958760138,0.0356514577419151,0.1213970017996088,,215.3519457828776,,,,,,0.027380700961108728,27.0,19.7,20.754716981132074,3.500000000000001,16.7,-3.3000000000000043,9.699999999999996,4.700000000000003,18.200000000000003,-6.794290857924716
551,North Goa,Goa,818008.0,False,,direct,direct,5.919563623626216,482.9379618043473,19.3,119.38452849436703,22.75,27.8,37.2,52.3,10.95,19.099999999999998,40.0,10.487064327620104,13.494543528299774,2.067566733400429,34.86942871568338,0.013238203764496345,1.890656192183978,112.33,3.6,1.5,55.2,22.566666666666666,3.577925435622512,1.5272073251950784,4.642999102129718,0.2936474289579189,34.934899972186905,12.299999999999997,1.9000000000000057,3.299999999999997,1242.908475041033,42.43,15.043413368745847,0.36104192084990033,0.12034730694996677,14.080634913146111,21.66251525099402,0.0,24.069461389993354,19.616611032844585,1.9255569111994684,1.0986122886681098,37.73249114802308,1072.294504924204,99.6,78.6,83.6,29.01878914405011,39.5,1.4000000000000001,0.7220838416998007,64.8,0.7220838416998007,0.4533799664528357,5.9177687976385505,42.24190473943834,1.0831257625497008,9.507437249047374,0.5478932600015363,0.2507044619872932,0.4753060256155762,0.4005559847825449,3.5826314394896364,1.0347783742953076,0.0037841978353243,0.0536390776156154,0.0815575696232906,3.169291676973729,31.10491999380006,208.4563965144596,0.7531008274737713,55.47409113858718,24.28525137715297,23.225599486727084,0.1788459984505804,72.0,96.7,-10.48951048951049,2.6000000000000014,42.9,-8.700000000000003,1.0,3.0,6.400000000000006,0.1585257749582157
723,Pakke Kessang,Arunachal Pradesh,3609.0,True,East Kameng,inherited,inherited,4.310101549465197,,31.2,9.214501681205613,11.4,24.25,19.6,68.7,36.55,38.599999999999994,26.2,0.357322817424926,0.5565381935113891,0.05375653005507736,1.9036135937150924,0.0031621488267692547,0.02845933944092331,59.99,7.3,2.4,51.7,21.900000000000002,0.13597239955107804,0.5944839794326201,1.6696145805341673,0.0,,24.400000000000006,6.400000000000006,50.5,129.5247780932955,,12.332380424400098,0.9486446480307769,0.3162148826769255,0.0,0.0,0.0,0.0,0.0,0.0,0.0,7.402590403466829,1.31861606076278,76.0,60.8,39.5,5.633802816901408,9.0,0.5,0.0,25.1,4.896643095949755,,4.161248633170853,14.689929287849266,4.896643095949755,0.0,,0.12502777718340838,,,3.9351544472161684,,0.002847956838029355,0.1444185969561775,0.1478331325495299,,51.211923088418125,,,4.260079493476288,,,0.04657749469491736,31.8,49.5,,2.700000000000003,-20.6,48.9,42.5,9.3,35.699999999999996,16.836330397745318
337,Pakur,Jharkhand,900422.0,False,,direct,direct,6.026177547594598,512.3237199620734,36.3,27.270681126622826,16.5,18.65,8.0,49.7,28.299999999999997,19.8,79.7,0.338941660817684,0.41896955295519267,0.14875772891442798,0.41802804834181023,0.03577717530853331,0.21466305185119988,86.87,4.3,1.2,72.1,42.1,1.1900618313154239,0.49711443586593657,0.4142620298882804,0.0,62.49572183098592,61.7,11.400000000000006,83.1,278.22685281448963,59.45,12.427860896648413,0.4707523066912278,0.09415046133824555,0.8473541520442099,0.1883009226764911,20.0,0.0,0.0,0.0,0.0,12.66794457306094,23.996128081278645,64.6,69.4,65.9,5.263157894736846,5.4,0.0,0.0,52.5,0.9415046133824556,-0.2283835860628116,4.520474232601121,6.590532293677189,0.09415046133824555,0.0,0.0231855885587712,0.0233190783812161,0.0615459994344921,0.4493270932962544,3.216165902285993,0.4008072772236166,0.0088991703624476,0.1578806741235274,0.1425990655003921,9.158771614089687,46.19256486555828,28.395574519503075,0.8162155819774718,7.08199770186283,2.684124386252046,-9.764875239923224,0.045305315640957654,13.6,16.9,0.7352941176470588,2.2,35.9,-0.6999999999999886,15.199999999999996,0.6000000000000014,24.599999999999998,12.139736309038106
785,Pandhurna,Madhya Pradesh,374310.0,True,Chhindwara,inherited,inherited,5.650068931460958,,22.5,23.4119858921421,12.6,22.15,18.6,21.9,35.05,12.05,41.7,11.451745679420972,14.811656366357003,0.9176142484297569,15.600243633129825,0.11380019500176898,0.5133029922438945,92.55,4.0,0.9,50.5,24.933333333333334,0.5253241396032364,1.9606491343086467,3.823526270094646,0.17029958759067543,,22.900000000000006,10.900000000000006,56.4,645.1224864324049,37.99,14.986363707979438,0.44077540317586594,0.20035245598902987,1.8833130862968808,0.44077540317586594,42.105263157894726,0.0,0.0,0.0,0.0,49.45780517071599,172.51067729497032,92.2,65.3,,16.15853658536585,17.1,0.13333333333333333,0.0,48.5,0.7613393327583136,,4.750968558984109,11.863338929240042,0.20035245598902993,0.0,,0.05798532343387994,,,2.8567288903828825,,0.046584436850623016,0.0430741042197642,0.0284354062624929,,66.15698570716853,,,,,,0.0979329837678044,40.2,43.6,-8.551068883610453,4.600000000000001,33.7,1.0,6.1000000000000085,3.3999999999999986,43.199999999999996,9.86184598688458
489,Parbhani,Maharashtra,1836086.0,False,,direct,direct,6.324086629433527,293.4007094436888,29.5,36.22675771020977,12.5,21.3,23.7,27.1,22.35,6.95,58.8,3.7443419930569934,4.447502582610434,2.7576412601772162,25.958147536265823,0.184443337381179,0.8164818174046021,92.93,18.6,1.4,75.4,34.06666666666667,0.016121011493470654,3.401059277725442,0.8074730168641332,0.4788888708354519,41.60811298076923,39.9,11.0,45.2,809.5161179972321,36.2,12.043343880416314,0.2844884381200704,0.1422442190600352,4.267326571801056,0.5689768762401408,54.54545454545454,11.8536849216696,0.0,0.0,1.0986122886681098,61.065443242473116,405.1727008971761,85.6,52.0,75.6,18.098159509202453,12.5,1.6333333333333335,0.0,10.5,1.0431242731069248,-0.2186185728203715,4.664373257983919,5.832012981461443,0.8060505746735328,0.0,0.033760952196612,0.0697924489632684,0.0911876723305351,0.4481255235321221,3.444044795918076,0.46713717597443494,0.0225024366047694,0.127263058143606,0.1426694361795926,8.033278333069482,101.92340130119766,55.107985137951054,0.7837877904391054,12.32830646593325,13.779120287996028,43.564684445916846,0.0699150272121825,28.8,54.8,3.5856573705179287,9.7,0.1999999999999993,0.5,-0.20000000000000284,0.1999999999999993,24.700000000000003,6.53041067765632
704,Paschim Bardhaman,West Bengal,2882031.0,True,Purba Bardhaman,direct,direct,6.619474058172631,,22.3,26.06196376285444,19.799999999999997,19.15,20.4,67.1,26.0,7.7,65.8,5.385180816678887,6.610548425576206,1.6903444201135496,8.014125122243383,0.09102593566681377,1.1081627102023186,110.07,8.8,2.0,74.7,35.4,0.03314400823752058,1.8784006407655685,1.0173769485082405,0.3444094769029313,,28.5,4.799999999999997,43.7,567.4237398085432,34.16,5.596053564740794,0.36026095910348455,0.07205219182069691,1.200869863678282,0.528382740018444,,9.606958909426256,2.065496165526645,0.0,1.6094379124341003,34.932343638510275,124.06955118373084,89.8,62.4,78.0,13.017751479289949,34.3,0.7999999999999999,0.0,21.8,,,5.194638370777781,9.847132882161912,0.28820876728278766,0.07205219182069691,,0.0968719155499794,,,3.4801507252732806,,0.015155198888084781,0.0716340559985861,0.1655751599346595,,42.25978150509098,,,11.662127594125266,14.921500798296966,-9.447438599108592,0.08219387205185491,37.1,56.3,-26.537655262120147,,,,,,,10.399110246635425
318,Paschim Medinipur,West Bengal,4776143.0,False,,direct,direct,6.742391014575568,685.4045699256632,23.4,14.319059653388418,19.799999999999997,19.15,19.1,64.5,34.65,11.15,81.5,7.426687884729354,12.937435795882276,5.226985383659972,25.75742141297442,0.09627657182796473,1.2325934787974957,110.07,6.3,1.4,66.0,33.800000000000004,0.04506177891947973,2.5612825584232795,2.6847047802027384,0.21897490960871677,64.49255082963309,41.7,4.5,82.5,1012.1626574963805,32.22,12.776552577169756,0.3981361992885759,0.09048549983831271,1.2125056978333904,0.2533593995472756,,3.6194199935325084,2.2078461960548306,0.0,1.0986122886681098,54.34776285488673,127.41299426432748,87.6,76.9,72.1,16.12903225806451,23.1,0.0,0.0,25.8,,-0.1035268063198414,4.833874164696844,7.166451587194367,0.09048549983831271,0.036194199935325085,0.0643657110825057,0.0556743982905751,0.0767355334115989,0.4242772400008186,3.530071568837378,0.5373689751831601,0.0147182207845617,0.0918802831923324,0.1503005157785033,5.715540856446588,49.92571930605444,85.31961642679951,0.6351255716588067,10.737190381813862,8.204966440600739,-13.548208483294232,0.09082939963300919,26.2,17.5,-7.187463255852854,3.5000000000000018,-4.0,-15.299999999999997,9.899999999999991,1.8000000000000007,14.5,5.24323251480174
41,Patiala,Punjab,1895686.0,False,,direct,direct,6.343623040208275,596.6458352218732,20.2,70.81627079523791,16.65,31.5,42.9,76.9,5.75,11.149999999999999,65.3,16.90185620374222,19.627947420769754,3.2070328168390114,38.55828021184124,0.04079617717533725,0.5534681370120753,126.06,5.8,0.6,76.7,15.700000000000001,0.012692144010104923,2.0343693684768174,3.659870383485255,0.019944797730164877,68.9918627523753,11.900000000000006,0.9000000000000057,19.599999999999994,825.421346844021,46.87,9.655095264829816,0.45329085750374715,0.18131634300149888,9.60976617907944,5.5754775472960905,79.1044776119403,18.131634300149887,7.524628234562204,0.0,1.791759469228055,33.22168694644964,701.8266083461917,97.3,74.7,,13.347457627118644,48.1,0.5333333333333333,0.0,33.8,3.037048745275106,0.3095084890661895,5.378833250890034,20.715392187921246,1.5411889155127403,0.04532908575037472,0.109613059571199,0.1825016968931768,0.45665770560771207,0.3482997711646338,3.5678494505731067,1.0120681881304412,0.1106337408220384,0.096190560782343,0.1051852541546509,4.983252917474812,61.80202908822864,97.97033896963949,0.7303159039634721,19.849153359231586,28.48515605176351,-17.953570290981993,0.11658729912653,56.0,80.4,0.0,7.399999999999999,19.299999999999997,-20.599999999999994,0.3999999999999915,2.400000000000002,-0.8000000000000114,5.047413533608736
212,Patna,Bihar,5838465.0,False,,direct,direct,6.8772093442342825,1961.1802320157403,32.7,29.512067621719655,18.5,15.450000000000001,21.5,66.9,21.0,10.7,67.1,7.442298173750628,3.6156720831292493,1.5004269627223208,9.193216435935302,0.028657902904591148,0.09393423729838209,82.08,9.3,0.7,65.4,33.86666666666667,0.05187611127636638,0.25102200136799285,0.3245242152992127,0.0018574566697420187,91.19249491710978,39.0,1.2000000000000028,35.400000000000006,469.6775549147781,30.85,3.2505491720485327,0.05307019056405768,0.05307019056405768,2.6667770758438984,1.5125004310756438,77.8409090909091,10.282349421786176,4.643641674355047,0.13267547641014418,2.302585092994046,22.959756543728272,40.224816288980335,89.1,56.6,68.3,21.686746987951818,22.0,0.7666666666666667,0.10614038112811536,10.2,2.335088384818538,0.1252350030779774,5.404320095928868,13.532898593834709,0.6103071914866632,0.3980264292304326,0.08103365138454069,0.0745680946472652,0.1257848727304399,0.3223254742470838,3.456973013635818,1.461242776007391,0.0226638063600175,0.0672663614250681,0.1021586486059145,9.814907478858023,47.696821989301945,47.69541309231108,0.8535451111079191,20.54413414472878,23.142653876523518,15.597378165312946,0.0912095536236981,43.6,64.6,-47.578947368421055,2.0,0.7999999999999989,-13.100000000000001,2.6999999999999886,0.8999999999999986,8.700000000000003,16.16960936136739
682,Peddapalli,Telangana,791836.0,True,Karimnagar,direct,direct,5.962540476647563,,18.1,23.886334723359745,15.25,31.200000000000003,26.1,47.8,13.100000000000001,25.85,64.6,30.322835776622778,43.31226350478315,1.9981219390498455,7.056106552902155,0.08611654838239924,0.8426340746784128,125.53,11.6,2.0,69.6,29.8,0.13953061003730508,2.5017402346532434,2.4930195715259122,0.3390157790750147,,22.200000000000003,2.0,3.4000000000000057,989.1542962122742,52.4,13.953061003730507,0.32702486727493385,0.10900828909164459,6.649505634590321,5.886447610948808,4.0,16.35124336374669,0.0,0.0,0.6931471805599453,51.644857122948466,344.8433622098541,96.5,73.1,72.3,23.913043478260867,71.6,2.9,0.0,59.1,2.7252072272911154,,4.884655418936458,11.663886932805973,0.5450414454582231,0.7630580236415122,,0.04095398055771486,,,3.585573518622731,,0.013222656747993434,0.0653220115962427,0.177645473490716,,108.60295429066224,,,,,,0.1065555742025923,46.6,96.6,-17.68997552455238,,,,,,,3.183720396191602
10,Poonch,Jammu And Kashmir,476835.0,False,,direct,direct,5.84145474565249,437.5745410690379,27.2,4.040900156625123,7.4,17.1,16.2,91.2,20.549999999999997,1.3499999999999999,54.1,8.320940928579933,38.79840392806697,1.1366382258742327,27.03009256283679,0.17575394620615511,1.6566970339104785,87.34,6.0,3.8,54.3,20.099999999999998,0.054743032424867985,13.273744756914043,9.483510064550156,0.3025272844532178,34.65796071876306,33.3,23.200000000000003,55.4,1237.763012824128,41.29,26.074970707634485,0.4321818349331683,0.14406061164438944,1.008424281510726,0.14406061164438944,20.0,0.0,0.0,0.0,0.0,72.31410522713416,202.08246359028374,86.0,91.2,79.5,20.622568093385205,30.9,0.3333333333333333,0.0,11.1,0.7203030582219472,-0.1364341599872667,4.819656941203507,7.347091193863862,1.5846667280882838,0.0,0.1576423040318833,0.1350737659421665,0.022816750916268,0.3384671846655552,3.5613399414589013,0.4790916158453791,0.0052971319814396,0.1086541949947759,0.1032692198149958,4.361856981600409,52.155742513989765,51.80618033491669,0.8531757276444156,6.095204478674117,39.044568988524155,29.586523736600306,0.08786236507020109,46.8,44.6,50.81967213114754,-4.900000000000002,4.6,7.0,6.400000000000006,5.199999999999999,11.800000000000004,14.734083120082742
174,Pratapgarh,Uttar Pradesh,3209141.0,False,,direct,direct,6.600186822981966,871.9164382757648,29.0,13.420509744448587,16.6,19.950000000000003,25.0,36.0,26.65,4.75,48.9,2.5750827475456903,2.91052644398885,1.332233722550452,17.98892146359775,0.3191234567209997,1.9642036207146973,86.91,2.8,1.6,58.0,24.400000000000002,0.11147979133290627,2.399075239157476,1.6039029437716332,0.021592932555472837,105.78000553097344,48.0,2.200000000000003,62.9,313.9559666637417,33.14,10.269196994405105,0.3012967333321791,0.050216122222029855,0.15064836666608955,0.07532418333304478,9.195402298850574,2.5108061111014925,0.10043224444405971,0.0,1.0986122886681098,26.824448168563904,325.62393374264144,90.8,75.0,74.9,9.46372239747634,11.8,0.06666666666666667,0.0,14.9,2.1844013166582985,-0.0601020160856781,4.66623200533147,6.477879766641851,0.27618867222116417,0.0,0.0975998325810766,0.1122207575986132,0.2432865102425796,0.3323633956875064,3.5814945422908995,0.7514677085798781,0.0328984154487979,0.1083397892674906,0.1614288509622576,11.59398264668685,35.34549203192955,33.31514570409963,0.8002113868285429,11.17082746890165,9.817449326450964,-4.456040888201692,0.1039690066309288,49.7,37.1,-6.026785714285714,13.0,8.9,25.5,13.700000000000003,4.0,35.3,9.759942266102296
600,Puducherry,Puducherry,950289.0,False,,direct,direct,6.164224742191733,3338.82957356136,20.1,69.75687608671613,20.05,26.9,48.5,51.1,8.05,13.8,56.8,76.13752517570683,49.12544840317949,110.57165408836474,118.37464050246491,0.20279954153776922,6.086041646891906,94.91,4.5,5.6,66.3,13.9,0.4117652853520247,2.550067208120193,10.771670243435162,0.2918669077536814,27.05012001129518,15.400000000000006,0.0,5.0,4513.985504841399,30.6,5.686608766092853,0.13702671725524948,0.3425667931381237,5.001475179816606,3.3571545727536125,68.18181818181817,125.37944628855328,54.2625800330788,0.3425667931381237,2.8903717578961645,106.79725316156889,4885.284060053604,99.5,80.1,62.4,25.59808612440192,32.1,5.366666666666666,0.3425667931381237,31.3,1.5072938898077444,0.6031737370281673,5.31100014354184,15.963612560236564,0.9591870207867463,6.508769069624351,0.26262613736332063,0.0893267285060746,0.4067327553614158,0.3663148789473518,3.5208763816883417,1.628862163224976,0.0157973000890336,0.1130527736426669,0.1796396068485852,-0.8112864647338291,78.19043894834735,174.37747885117054,0.6754913734317388,31.42296680097381,19.6517076687393,-4.89777298552648,0.1578278004552514,67.2,95.0,,12.299999999999997,0.10000000000000142,-11.800000000000011,-0.5,3.599999999999998,22.699999999999996,19.426840171547465
11,Pulwama,Jammu And Kashmir,560440.0,False,,direct,direct,5.843051391034239,904.1875545020682,22.1,13.519275112139173,6.0,20.85,37.9,93.2,22.25,0.3,73.2,7.150762141275864,20.879593911910877,23.567947482888336,94.42823976563585,0.002870639157477264,2.0682955129623686,87.34,3.7,2.6,67.4,19.3,0.051671504834590744,8.406666772672166,4.427960900408679,0.0,28.167809482296136,8.400000000000006,2.0,23.400000000000006,2410.505842244812,40.12,20.094474102340847,0.4305958736215895,0.1435319578738632,1.578851536612495,1.1482556629909055,55.55555555555556,0.0,0.0,0.0,0.0,60.27768102870758,330.21392824334583,97.8,88.8,,21.140939597315445,60.7,0.06666666666666667,0.0,9.9,1.2917876208647685,0.2631199937952281,4.914073678838435,12.343748377152233,2.296511325981811,0.0,0.2320902405945373,0.1961791600382544,0.043260195744275504,0.3362001284704874,3.6334684555795866,0.5543099629898764,0.0068400829522698,0.1086381225900559,0.1213457759131766,5.456970205401079,102.82011846449142,89.82763542930556,0.7367260592336571,8.191368835861372,48.47704847704848,7.01293830864429,0.0931952821689378,49.4,76.6,53.76344086021505,3.8999999999999986,8.6,-1.1000000000000085,3.8999999999999915,1.8999999999999986,22.19999999999999,13.886377379367199
490,Pune,Maharashtra,9429408.0,False,,direct,direct,7.052009296274,574.0346047365111,22.8,159.6536142104739,13.7,24.1,31.0,43.7,19.799999999999997,5.8999999999999995,51.9,10.911075664142809,9.567772785041319,9.671745244049834,15.942739426979838,0.09980291500390806,0.43673755605710163,92.93,6.7,3.3,58.7,31.599999999999998,0.4015182162735003,0.7438643931624614,1.8290991124894014,0.1864762020784131,42.3203501763478,20.400000000000006,3.0999999999999943,10.5,762.5578783543534,31.44,6.3164155984695585,0.3016265875673666,0.05322822133541764,8.897984333237314,5.207494320648358,81.14754098360656,12.863486822725926,11.106955518657145,0.3193693280125058,2.9444389791664403,33.63100965895247,447.0763396281865,98.0,58.1,94.3,20.461095100864544,34.6,2.3333333333333335,0.292755217344797,14.4,1.0823071671534918,0.0685543226309377,5.7617734772799984,17.991138811371158,0.37259754934792344,2.0581578916361485,0.20291910723980672,0.1662457941688757,0.4218007905321979,0.4294005519752671,3.5656117249020585,1.1541383469879343,0.1450225468224844,0.1493154241008427,0.1898919187644541,6.703827519706906,79.38830264353642,145.1394403551103,0.7447922260972878,44.78329787944695,29.4055444996358,21.063221560849733,0.14881058677367176,61.2,89.5,13.719512195121952,0.8000000000000007,-6.999999999999998,-22.9,4.5,-1.3000000000000007,16.199999999999996,7.307284485960473
491,Raigad,Maharashtra,2634200.0,False,,direct,direct,6.473578956507944,381.3685449770495,21.3,132.46437717216062,12.5,25.6,23.1,59.3,24.0,9.549999999999999,54.2,2.9677747004613564,4.904843364651058,3.543787138077794,9.067659038370321,0.1129172573157078,0.6896018214637869,92.93,3.8,2.6,67.0,29.666666666666668,1.0169274423730115,1.019615948499576,0.43116917004777716,0.5555125784013839,37.17309956855605,25.200000000000003,12.200000000000003,16.700000000000003,516.7386069808053,34.95,11.661395323973396,0.30245693923850303,0.20163795949233537,8.233550012603693,3.4278453113697016,66.66666666666666,15.122846961925152,4.90652368098016,0.33606326582055895,1.791759469228055,30.222169495242866,200.84686656459377,96.6,92.3,82.4,13.498622589531688,26.1,0.5,0.0,26.3,1.1090087772078445,-0.021306402152455,5.40794687588391,18.785936559369247,0.40327591898467074,0.10081897974616769,0.2026620903659841,0.1014462955514019,0.1867000968680021,0.4073225267633437,3.2245330626060857,0.927915404000657,0.0028442656305296,0.1343823190802182,0.2465344105062115,5.760726452208376,65.30954888732049,93.03317895376205,0.7210651737476945,28.446747261912854,26.445017016410155,6.8532404251558985,0.13654329472573754,45.0,83.3,1.7142857142857144,-4.199999999999999,7.400000000000002,44.699999999999996,0.5999999999999943,3.099999999999998,1.2000000000000028,6.666651521979679
386,Raigarh,Chhattisgarh,1112982.0,False,,direct,direct,6.025438377329981,296.0203431423284,24.1,58.569828393479575,10.75,29.0,14.9,46.6,31.35,18.4,62.2,5.791882881124427,4.39409464972697,1.4441574612473949,11.858930534121509,0.2519801569476865,0.35142995254689463,94.16,1.9,0.8,62.7,27.333333333333332,1.9133408527553146,3.8608485064526885,6.060946438543143,0.27943562199041266,57.92937425194494,33.7,2.5,70.2,700.2595674935203,29.92,24.526882104835348,0.5491093008545228,0.24404857815756564,1.891376480721134,0.5491093008545228,28.39506172839506,9.43108420979689,2.6407035787431288,0.0,1.0986122886681098,64.17623435520426,171.8901249322728,87.7,90.9,,7.309941520467841,18.9,0.0,0.0,66.3,7.63917820993548,-0.2541942369601948,5.057602944280385,13.203517893715645,0.5658650525878133,0.06101214453939141,0.06332987914102389,0.0365111611241933,0.1288465643373503,0.4619641174202669,3.330007700872759,0.6098736204940122,0.0259859533944678,0.1095465740208256,0.1795179981699339,0.2307095347662269,84.86981015455223,57.24023818193501,0.6959750222180645,35.266596294114485,15.629997964465382,-5.58024441975558,0.0773375649136256,38.3,29.8,3.5264483627204357,2.5999999999999996,3.6999999999999957,22.400000000000006,20.900000000000006,2.0,37.5,9.919137758383377
387,Raipur,Chhattisgarh,2160876.0,False,,direct,direct,6.471584825206412,429.33000544856174,24.2,53.988387114040144,9.149999999999999,19.15,15.7,62.1,24.2,17.25,59.1,13.80790734764418,10.241733961664927,0.4898719665867553,9.322084590898339,0.007427417825574512,0.18467261593587536,94.16,3.4,3.8,74.6,28.733333333333334,0.15800143374403963,1.203241687743071,1.8747477811552393,0.03781230893019751,68.66109757140414,16.0,0.29999999999999716,39.5,417.08698560503785,30.42,11.10736574824552,0.3713708912787256,0.13504396046499115,5.469280398832141,1.6205275255798937,79.85347985347985,27.177597043579464,9.554360202898122,0.3713708912787256,2.1972245773362196,31.038503873273562,180.1520193593098,90.7,74.2,,15.98513011152416,24.3,0.13333333333333333,0.03376099011624779,76.9,9.216750301735644,-0.1348525888138304,5.526070606901843,18.39973961335504,0.7427417825574512,0.30384891104623,0.048666558056879,0.0309980026262179,0.11475192283034251,0.4325096853444203,3.2530955858490316,0.7000383385911068,0.0196063856360588,0.1249094953961804,0.1715140166639213,4.115423857202738,123.13187029202132,74.55525174021228,0.7197631550285,37.60771733009305,24.026673993912752,2.2310325523342787,0.08224603245968176,40.1,60.5,76.16580310880829,,,,,,,18.75437128167204
422,Rajgarh,Madhya Pradesh,1545814.0,False,,direct,direct,6.25863478297215,256.7401327375809,26.5,28.122543347240995,8.0,24.2,14.1,32.2,28.15,5.45,52.3,6.840722946561993,8.559586202858254,0.9062896707347825,14.324779254284259,0.30981435216116043,1.0826964192962973,92.55,9.2,2.5,77.5,25.599999999999998,0.2293287731299693,2.732099518346461,3.506635398749362,0.029768638819755628,52.80185253838102,52.2,25.799999999999997,75.2,664.0346931039683,33.08,13.395887468890033,0.27563554462736695,0.27563554462736695,2.0397030302425154,0.05512710892547339,37.5,0.0,0.0,0.0,0.0,47.2731497168612,231.82603116429323,91.7,71.9,61.35,12.187499999999998,11.0,0.5666666666666668,0.0,27.1,0.8820337428075743,-0.3516157547877475,4.471831585918144,8.213939229895535,0.22050843570189357,0.0,0.0258283999719735,0.0239673069829224,0.0901791693383147,0.4823368141315837,3.3330440298234874,0.5135673790120544,0.0829991561971157,0.1208788318248534,0.1350425581499179,11.823746055673825,163.1145489023191,42.48376583469938,0.821963698379827,14.287844091304192,18.752235247367373,-7.521587097694997,0.0626187064353165,21.3,24.8,24.0,6.8999999999999995,4.700000000000003,29.200000000000003,3.1000000000000085,3.0,27.499999999999996,10.374981351738906
12,Rajouri,Jammu And Kashmir,642415.0,False,,direct,direct,5.788692290478851,259.8241031663508,26.4,12.912751820651808,8.2,15.15,22.7,86.5,24.0,4.1499999999999995,60.6,17.988058658700893,31.424608172253926,0.8784184912008033,12.87371099882066,0.0,3.547834683905467,87.34,10.7,6.1,76.4,28.399999999999995,0.12525597004159603,9.81388658780453,5.034639315308308,0.12688267095122716,33.035161604695,36.7,22.299999999999997,57.2,2035.9739783915772,29.12,41.96888346848282,1.1386906367417822,0.16267009096311172,0.32534018192622344,0.32534018192622344,45.45454545454545,16.267009096311174,0.0,0.0,0.6931471805599453,131.19668176356888,506.1886555544629,88.8,95.0,47.2,13.061224489795917,29.0,0.13333333333333333,0.0,16.4,1.789371000594229,-0.1693978720410782,5.099309374523473,14.152297913790719,0.9760205457786704,0.0,0.1989532244624835,0.1686370532486654,0.040218628168117096,0.4528412319139497,3.6232492903979003,0.4543916442124636,0.0103432483283477,0.1042642650347263,0.1163743101426861,5.09542171239985,54.69498137256246,51.53522255862644,0.8353218352614251,11.575603672935031,37.437655860349125,2.4327047646466102,0.0861685223625619,46.4,42.8,56.80473372781065,1.6999999999999993,12.2,50.5,13.599999999999994,5.899999999999999,23.699999999999996,10.850766485717386
54,Rudra Prayag,Uttarakhand,242285.0,False,,direct,direct,5.396238622496828,418.2607981871121,25.0,35.141400158672695,13.350000000000001,25.2,25.3,43.6,21.5,19.55,40.6,2.1202901706981128,3.369173206847948,1.4777779977592909,27.91313821311095,0.016062804323470552,0.38952300484416086,100.85,3.2,0.9,52.4,14.700000000000001,0.14054953783036733,0.9436897540038949,0.5340882437553958,0.11243963026429386,28.16148779223228,13.200000000000003,6.099999999999994,64.9,584.9511136456654,46.17,88.34542377908802,0.8031402161735276,0.4015701080867638,3.2125608646941104,0.0,0.0,0.0,0.0,0.0,0.0,27.274641741252996,232.0272084525321,86.6,91.4,,7.216494845360817,16.7,0.06666666666666667,0.0,76.6,1.2047103242602912,-0.0818984129828104,5.048986817069976,19.27536518816466,1.6062804323470552,0.0,0.2009745707079857,0.1476510631377792,0.1973671023104339,0.4665249602740574,3.618780024506215,0.1864366864591559,0.0063330794811258,0.0885162060952104,0.1040913168115564,-0.5579606310447405,27.76163911235232,68.03970530573498,0.8988777676675765,8.36470535144729,17.36745886654479,10.036978341257264,0.12879108890563473,56.4,35.1,23.076923076923077,12.9,46.699999999999996,21.10000000000001,20.099999999999994,3.8999999999999986,17.5,9.470931481967346
458,Sabar Kantha,Gujarat,1388671.0,False,,direct,direct,6.21538702047648,338.46154785778697,26.6,26.18328800299435,15.15,25.05,15.5,58.9,22.299999999999997,3.65,67.3,16.12737783335615,16.20837402895453,0.3130228912599147,26.806086779353432,0.19305108274200963,3.317190055822481,98.87,14.0,0.5,81.1,37.03333333333333,0.7606334458825553,2.586397313581435,21.714288347788944,0.3355556674790136,47.220184648805215,39.0,9.299999999999997,41.3,1218.8928687475518,28.05,20.096800411628767,0.7916921374277998,0.06089939518675384,6.455335889795906,1.5833842748555995,31.868131868131865,12.179879037350766,0.0,0.0,0.6931471805599453,239.07031970883205,975.5443665268502,89.4,88.5,70.85,8.222811671087536,23.7,0.13333333333333333,0.0,49.3,5.663643752368106,-0.1617725442411988,4.854224703470401,12.118979642164012,0.730792742241046,0.06089939518675384,0.0817112843599682,0.099344840419852,0.2022841533156879,0.446711238501039,3.262213705476417,0.4599244795767982,0.0281775140242368,0.0871341698585188,0.1661108552634818,10.871526560761955,120.89830803611288,58.59039961063811,0.6443861917746606,20.01093226441544,32.54682396853962,2.684375,0.10182617877321135,31.1,58.7,19.73222459738288,,,,,,,9.299250869874273
177,Saharanpur,Uttar Pradesh,3466382.0,False,,direct,direct,6.6222642665091715,1186.7350950893117,28.5,25.63140207248413,10.2,23.65,16.4,79.1,16.55,7.3,41.4,7.458802912050907,6.032237650717392,0.3846810306573478,12.059702583932832,0.3035448331241603,3.146175377286894,86.91,6.1,3.9,68.1,25.833333333333332,0.5417034364715754,6.222430443170188,1.6969397078191066,0.029829484387201288,63.45679311497326,16.200000000000003,0.29999999999999716,43.4,752.5530275445701,35.76,10.094297516628915,0.28636305011713237,0.047727175019522054,2.386358750976103,0.35795381264641546,71.84466019417476,2.386358750976103,0.9068163253709192,0.0,1.0986122886681098,33.029830108135336,327.1337507416839,81.7,89.2,66.1,5.660377358490568,15.4,0.16666666666666666,0.023863587509761027,11.8,2.457949513505386,-0.0042493576375121,4.774755339172703,8.185210515848032,1.0022706754099633,0.047727175019522054,0.052942379495577,0.0771293700854577,0.4482149928779194,0.2992584198740935,3.6568644915489172,0.8846846571389387,0.1714214748525883,0.0804145778733249,0.1741092339369507,7.614473008260947,74.74311585444501,71.39403562561772,0.7136565122697279,14.144425588785557,12.874851543942992,2.3254208027621925,0.057091637514472895,38.2,56.6,7.673267326732673,-3.3000000000000007,8.700000000000001,26.6,19.400000000000006,4.399999999999999,29.4,10.236972546466014
727,Saitual,Mizoram,32033.0,True,Aizawl,inherited,inherited,4.584436666158149,,25.1,86.99928499425829,16.25,28.5,29.7,46.0,61.7,13.4,31.7,2.710459296858881,5.5771710512615105,0.2125033422594972,27.62126776153348,0.28333778967932965,1.8479457312173928,138.78,7.1,0.8,44.0,14.066666666666668,0.34583877269682883,1.9833645277553078,10.087658659024369,0.04583405421283273,,3.9000000000000057,1.7000000000000028,4.599999999999994,1500.0235924199806,34.72,24.16704676676635,0.4166732201166612,0.6250098301749918,2.603534481186285,0.0,17.391304347826086,0.0,0.0,0.0,0.0,98.78488702525804,1884.4546387640146,97.4,66.4,57.3,21.243523316062173,18.2,5.7,0.0,37.5,4.791742031341604,,4.91090163225336,26.035344811862853,2.603534481186285,0.0,,0.12296038874179295,,,3.991801798844644,,0.012510667538486094,0.0879829739654662,0.2137300835476192,,70.0692381628505,,,,,,0.06901358439080288,60.7,95.4,,2.8999999999999986,-0.6000000000000014,11.100000000000009,1.2000000000000028,2.5,3.799999999999997,13.833353390009485
584,Salem,Tamil Nadu,3482056.0,False,,direct,direct,6.56519491209683,842.7772947422609,20.1,36.67139370888537,20.35,30.3,40.3,53.0,15.0,12.15,46.3,237.67470831765337,268.668823371857,2.9277677852004396,34.667840405795054,0.035379235180893955,1.889523306622667,120.98,0.7,1.6,51.3,18.166666666666668,0.09144171554446437,1.1422050004170148,22.71047535854169,0.17880121164497945,26.88307891091219,35.5,2.4000000000000057,15.5,2532.17731635694,26.76,15.920655831402279,0.5442959258599069,0.3265775555159442,9.960615443236298,3.4562791292104094,60.0,10.885918517198139,6.259403147388931,0.5442959258599069,1.9459101490553132,50.0330422448573,1971.68940314659,100.0,77.0,,12.78026905829597,43.0,10.633333333333333,0.0,67.5,3.2657755551594416,0.1345708900995026,5.0181713101755525,14.070049683478596,0.8164438887898604,0.35379235180893953,0.0704475124797459,0.0463425015536957,0.373856143628578,0.4865401360575476,3.598352709869284,0.8669867512206757,0.0332572439315484,0.0315136053539393,0.1838658945069813,5.725481359761342,162.45469833439267,126.3299613791392,0.7543124613537991,21.67849028311131,14.284354000598526,-10.416221504965192,0.10764307615755771,51.3,84.5,26.834381551362686,10.899999999999999,-10.900000000000006,3.4000000000000057,2.5,2.6999999999999993,18.299999999999997,2.9038181731147787
777,Salumbar,Rajasthan,570775.0,True,Udaipur,inherited,inherited,5.836658928193521,,27.6,24.03121107533521,9.65,15.45,9.1,70.4,23.5,7.3500000000000005,60.5,23.871078867858518,29.23564329396867,11.392417589788758,18.859834913067502,0.4560110070783065,2.6891914707380824,88.3,6.9,1.8,76.9,23.066666666666666,0.6605792247515814,2.2822226456450245,3.6738284283866656,0.02844988457707795,,39.7,7.299999999999997,65.7,1506.0052071876069,35.88,20.023299716629147,0.7586635887220786,0.02709512816864566,3.197225123900188,2.1134199971543617,32.857142857142854,0.0,0.0,0.0,0.0,69.02917423013182,361.6500556207444,96.1,86.8,81.69999999999999,7.758620689655182,7.3,0.0,0.0,94.3,1.8966589718051963,,4.406646502246598,6.263391049949868,0.081285384505937,0.3522366661923937,,0.04902664018687982,,,3.1705550585212086,,0.012002103817409423,0.0722714160962543,0.1103930530762451,,60.99081952229717,,,8.251653557666513,11.544715447154472,,0.1203808606193381,30.1,34.3,18.547140649149956,-1.3000000000000007,70.0,42.9,22.39999999999999,5.0,31.299999999999997,11.245062604553748
659,Sambhal,Uttar Pradesh,2199774.0,True,Moradabad,direct,direct,6.446678984955887,,35.5,19.206673115189606,7.95,21.0,19.6,61.6,22.599999999999998,8.45,51.3,2.864586597504127,0.32178331724334924,0.016446702881326738,0.5842154893062586,0.023239906245353,0.716504186395191,86.91,5.4,2.1,69.8,31.833333333333332,0.22560585908950376,0.2602869499479536,0.24455532110494546,0.0010726110574778309,,27.200000000000003,0.0,61.8,424.98852304578946,69.45,8.759656969402284,0.32178331724334924,0.0357537019159277,0.25027591341149386,0.0715074038318554,24.137931034482758,1.7876850957963846,0.0,0.0,0.6931471805599453,5.517868816685121,53.72100973973884,74.2,83.0,79.94999999999999,3.745318352059928,8.1,0.06666666666666667,0.0,13.7,1.0368573555619032,,4.438102902140265,6.042375623791781,0.5720592306548432,0.0,,0.07629647820247361,,,3.084576277934331,,0.12093645287203225,0.0899669544502037,0.1092876106805698,,86.27066001573536,,,11.498390536162345,14.619096863150638,13.953653178371484,0.05760039170035751,24.1,38.2,27.859985397441516,,,,,,,8.864802736611624
691,Sangareddy,Telangana,1495503.0,True,Medak,direct,direct,6.22468285845709,,24.5,41.46419418448693,13.8,29.15,29.4,38.4,16.35,25.450000000000003,48.3,23.744343030812335,30.833131907432737,2.97512153407437,21.449964592693274,0.1847901573959236,1.5564100030992145,125.53,12.3,0.8,67.0,31.0,0.11087409443755415,12.172902594135985,3.4060998689042177,0.36659982838223554,,32.0,0.5999999999999943,18.900000000000006,1374.504360450513,31.62,16.750333622017592,0.11921945638446683,0.2980486409611671,3.9342420606874056,4.88799771176314,28.333333333333332,26.82437768650504,7.510825752221411,0.0,1.6094379124341003,70.37286071462309,364.70662341485024,93.0,78.5,76.4,16.48648648648649,43.2,1.4333333333333333,0.11921945638446683,58.1,3.576583691534005,,5.029985392063468,14.902432048058355,0.23843891276893367,0.4172680973456339,,0.08190796111542972,,,3.6738499773429494,,0.004577073489690035,0.1177257312169646,0.2884908857421908,,188.14827224777628,,,,,,0.06136571040096299,41.5,81.1,11.400137541427233,,,,,,,2.220616361566234
218,Saran,Bihar,3951862.0,False,,direct,direct,6.69059672264023,1632.600334842432,35.3,10.948466657848812,17.3,18.0,19.1,50.7,24.1,9.0,62.8,0.8459539297058443,0.32052050554292294,0.011621926727701404,0.837798191651317,0.0032622952218109205,0.0,82.08,15.9,1.6,69.8,37.833333333333336,0.005301229735442746,0.017534836817233695,0.0899170120511635,0.0024467214163581903,99.8105597195358,62.8,0.29999999999999716,63.2,629.4088896855762,51.33,8.869365134298441,0.18350410622686428,0.061168035408954755,0.46895493813531985,0.9379098762706397,36.0,0.0,0.0,0.0,0.0,32.69839279511358,41.84851921193912,73.0,72.0,71.75,19.87951807228916,8.0,0.5333333333333333,0.020389345136318255,9.4,0.5097336284079563,0.1680881013041872,4.619706385145922,5.912910089532293,0.14272541595422777,0.10194672568159127,0.08018638715033319,0.0993349383036104,0.1244346468384953,0.2632255377338581,3.462996612028056,0.9750599451982482,0.0132033786840249,0.0929576730831451,0.1581490807727028,22.88923126826974,38.00977095560469,25.774685452072973,0.6198531288656758,7.00374005432532,5.102176220806794,-6.232085824256817,0.06675700322782795,35.5,36.8,-7.306889352818372,1.0,1.0999999999999996,16.9,11.0,2.700000000000003,10.100000000000001,14.17784049657983
763,Sarangarh-Bilaigarh,Chhattisgarh,607434.0,True,Raigarh,inherited,inherited,5.762449333779282,,24.1,58.56982839347957,10.75,29.0,14.9,46.6,31.35,18.4,62.2,5.791882881124426,4.394094649726969,1.4441574612473946,11.858930534121505,0.25198015694768644,0.3514299525468945,94.16,1.9,0.8,62.7,27.333333333333332,1.9133408527553144,3.860848506452687,6.060946438543141,0.2794356219904126,,33.7,2.5,70.2,700.2595674935201,29.92,24.52688210483534,0.5491093008545226,0.24404857815756562,1.8913764807211333,0.5491093008545226,32.142857142857146,0.0,0.0,0.0,0.0,64.17623435520424,171.89012493227273,87.7,90.9,,7.309941520467841,18.9,0.0,0.0,66.3,4.83847718513729,,4.647800501067547,8.640137830602304,0.5184082698361382,0.061012144539391404,,0.03347200334044004,,,3.330007700872759,,0.02756415368235554,0.12472533678394,0.1622417212048481,,64.75081625170064,,,,,,0.08496281109213921,38.3,29.8,3.5264483627204255,2.5999999999999996,3.6999999999999957,22.400000000000006,20.900000000000006,2.0,37.5,9.91913775838338
426,Satna,Madhya Pradesh,1486034.0,False,,direct,direct,6.251832785259091,328.3626238855326,27.5,26.15024105708772,12.75,16.25,20.4,44.6,31.099999999999998,10.9,57.3,2.2176091352573493,2.8425717097389662,1.014350845201047,13.779416763167259,0.30949460827076475,0.45920189164419867,92.55,4.0,5.2,81.8,32.46666666666667,0.9284838248122944,1.5123795634558121,3.0359591730492874,0.11125379163412293,59.58331162289843,44.6,7.299999999999997,64.8,430.77654788168024,37.51,13.365388390944966,0.33600138412990144,0.11200046137663382,1.0080041523897045,0.11200046137663382,21.42857142857143,8.399597464746005,0.0,0.0,0.6931471805599453,50.67983543805554,226.41042601235023,85.5,76.3,66.2,9.022556390977444,8.8,3.033333333333333,0.0,22.0,0.5226688197576245,-0.2657122058876882,4.911443474046212,8.623586730472566,0.22400092275326763,0.0,0.061562137696785896,0.0602096395846325,0.098584050236358,0.4088719500568657,3.0484418035504044,0.6658897787924366,0.0395524963016939,0.1422282225821147,0.1645762333204645,8.606224029021291,50.19737018960223,74.07753030034523,0.7390651307581428,21.882631315156292,16.2678221973721,4.266389177939646,0.08498854352239325,31.5,35.2,18.006430868167197,4.499999999999998,-1.8000000000000007,23.9,5.099999999999994,3.1999999999999993,23.0,9.456003897398297
671,Shahdara,Delhi,1110751.0,True,North East,direct,direct,6.186177739751893,,23.2,69.1942585994317,12.4,30.55,42.8,83.9,13.200000000000001,9.4,49.2,37.636334004814564,21.573752939088337,34.79639671987675,80.94342351482835,0.4722372778853007,1.702659647437484,120.33,8.7,4.5,71.4,28.099999999999998,2.411992606909336,2.4979723595725907,7.211226073749192,0.003908170575602488,,16.599999999999994,0.20000000000000284,0.20000000000000284,5097.252316805949,37.9,3.777898223082406,0.0,0.45595323382029035,1.5632682302409953,1.1073149964207052,,11.073149964207051,15.241865244849706,0.7816341151204976,1.3862943611198906,137.48748676440775,3642.2228247415524,95.8,82.5,69.7,16.14583333333333,22.2,0.5333333333333333,0.06513617626004148,21.5,,,5.943213948731533,10.226379672826512,0.5862255863403733,0.1954085287801244,,0.2490710836803332,,,3.5686709780098966,,0.07506400523091657,0.1051901900135539,0.1008597839585176,,88.64997763894384,,,42.36066086895537,17.746745099317245,-22.142942655333414,0.06311630045895922,58.4,99.8,,,,,,,,20.257589385428954
765,Shamator,Nagaland,34027.0,True,Tuensang,inherited,inherited,4.4977145439750315,,32.8,17.93709217433816,8.45,22.35,10.8,58.8,32.550000000000004,9.55,28.8,0.4401740410880529,3.779994577843655,0.22558919605762712,1.012400294502522,0.698776290227284,0.8528372046081025,92.52,5.5,1.8,38.8,31.96666666666667,2.3604332953346843,2.773096458854734,1.6836657071618026,0.08253263270400993,,8.0,9.599999999999994,80.3,219.2341833394184,51.59,34.113488184324105,1.1004351027201322,0.550217551360066,2.2008702054402645,1.1004351027201322,23.529411764705884,0.0,0.0,0.0,0.0,26.382931587715174,97.52055880305812,34.8,39.9,13.8,1.8656716417910384,1.5,0.7000000000000001,0.0,22.0,9.353698373121127,,4.038314585891685,6.357925748798516,0.550217551360066,0.0,,0.0742290897608582,,,3.5308397786165204,,0.0018308293958760138,0.0356514577419151,0.1213970017996088,,215.3519457828776,,,,,,0.027380700961108728,27.0,19.7,,3.500000000000001,16.7,-3.3000000000000043,9.699999999999996,4.700000000000003,18.200000000000003,-6.794290857924732
660,Shamli,Uttar Pradesh,1273578.0,True,Muzaffarnagar,direct,direct,6.183442841669941,,31.3,26.986734675915617,10.6,24.9,22.6,75.4,17.150000000000002,5.25,41.7,4.230445645200087,5.216282374419321,0.8049252017827251,2.198468344282785,0.007210242035513009,0.42016046770580356,86.91,1.9,1.3,65.2,26.8,0.1527260358431392,0.49226288806093366,2.4560706279152043,0.009176671681562013,,16.700000000000003,0.09999999999999432,46.4,616.222024612022,29.1,10.422077124059713,0.4588335840781006,0.0,0.5243812389464007,0.13109530973660016,58.69565217391305,9.832148230245012,0.0,0.0,0.6931471805599453,33.027496858490366,54.35014898714839,78.3,91.1,,6.688963210702341,11.3,0.26666666666666666,0.0,14.8,3.015192123941804,,4.643479282569764,7.66907561959111,0.7210242035513009,0.0,,0.1381212373136393,,,3.237040791379191,,0.13436253510845633,0.0939876626489553,0.1501757421701848,,70.53333520236262,,,14.031131001108317,15.572017319630655,11.891694109037687,0.033256493344966304,32.6,53.6,7.7986730010046195,,,,,,,10.270878863232948
23,Shimla,Himachal Pradesh,814010.0,False,,direct,direct,5.964482961512903,223.1791778407614,19.0,80.79883025565007,12.25,21.7,28.4,63.3,16.6,17.45,46.5,35.62662581543955,45.17003400396115,0.9680145672232502,54.60274994376439,0.23766276930705357,3.703849459566091,119.01,1.6,3.8,59.1,19.166666666666668,0.002170436249379485,2.2019075749954875,5.147189565403448,0.15084531933187417,26.72931604908566,12.700000000000003,2.700000000000003,22.0,1836.857561339853,37.05,20.944709806512027,0.6511308748138455,1.410783562096665,4.774959748634867,1.844870811972562,21.73913043478261,13.02261749627691,16.495315495284082,0.0,1.0986122886681098,108.34492191464982,490.90710044840245,92.2,96.5,,21.45214521452145,12.9,1.5333333333333332,0.0,37.1,2.4960016867864074,-0.054689817490586,5.571651861988173,32.33950011575432,0.7596526872828196,0.868174499751794,0.2648114646661015,0.2374815821818338,0.0464756360989753,0.5293866168720286,3.8234090148925444,0.13775964995503986,0.1006118790207531,0.0397357577784187,0.1429543848372374,6.275102974024138,37.80082556173856,135.27229395216276,0.8805136541552768,12.534269340166524,73.91639163916392,-12.50662828573593,0.15910688664379505,69.7,78.0,-41.98250728862974,-4.800000000000004,8.400000000000002,9.200000000000003,14.900000000000006,2.8000000000000007,13.299999999999997,5.6200940668752235
547,Shivamogga,Karnataka,1752753.0,False,,direct,direct,6.268971529396838,220.48463970830903,22.9,59.68080655392141,16.0,27.95,30.3,52.6,21.65,9.95,41.9,50.63082170902002,62.618337323528046,13.707400314690032,33.3146242018354,0.39888405722531084,3.363330080355927,131.82,4.8,3.3,68.9,28.866666666666664,0.03283660929924961,6.128064922338648,5.609138834396409,0.5506860871005304,23.606078744346902,14.599999999999994,5.400000000000006,14.299999999999997,1951.731079122318,28.64,25.085016284344782,0.3768135493356512,0.3229830422877011,4.844745634315515,2.3685423101098078,16.666666666666664,18.840677466782562,9.312677719295381,0.0,1.6094379124341003,128.38037625865638,1165.2506836945813,99.7,96.1,77.3,15.294117647058824,43.7,0.3,0.0,26.5,8.720542141767929,-0.1305007675737075,5.123543245159062,17.71023681877561,2.099389774870057,0.4844745634315516,0.0508304581543138,0.0916552506378579,0.2330286486805144,0.4453553923456414,3.723044991643445,0.3221578435085168,0.02052339592033,0.0614624582732141,0.1692218664441607,7.866622345443308,90.24203984865572,97.83066980915166,0.7785423944294437,21.201683505905656,21.753558401667444,2.115633912367125,0.067850130831233,49.1,85.7,17.955112219451372,5.5,-9.600000000000001,50.599999999999994,2.4000000000000057,-0.1999999999999993,10.900000000000006,2.5618062478991
725,Shi Yomi,Arunachal Pradesh,9563.0,True,West Siang,inherited,inherited,4.246555831603225,,23.7,81.08181247606656,10.149999999999999,36.900000000000006,27.4,72.7,30.599999999999998,38.349999999999994,30.5,18.136297347646195,27.82187473519911,1.2992847715010005,50.897601792683815,0.04295156269424795,0.27918515751261164,59.99,3.1,2.2,45.6,18.599999999999998,1.3100226621745625,0.7946039098435871,11.929796538327368,0.11811679740918186,,12.299999999999997,0.9000000000000057,42.9,862.1559800709655,53.95,,,,0.0,0.0,0.0,0.0,0.0,0.0,0.0,19.091969617593215,212.51359432046527,84.6,55.4,19.5,3.588516746411487,17.8,0.3,0.0,26.6,5.668186983179014,,5.649778203119421,11.336373966358028,5.668186983179014,11.336373966358028,,0.13910570800012287,,,4.1529912100386195,,0.002949669582244689,0.1717999024156966,0.1837041378706039,,35.44771632290227,,,3.91104901839352,,,0.0884387746793254,46.3,57.1,,,,,,,,13.414656701508957
267,Siaha,Mizoram,56574.0,False,,direct,direct,4.846016081328627,44.33804280907704,31.7,26.486808300809997,9.4,17.95,18.9,42.5,71.85,10.8,44.2,0.09978883644008071,1.2117215853438372,0.1140443845029494,2.4234431706876745,0.02851109612573735,0.2280887690058988,138.78,7.6,0.6,46.4,23.03333333333333,1.7819435078585841,2.7798318722593915,5.4741304561415705,0.07127774031434338,39.88056975894813,8.5,4.799999999999997,16.299999999999997,565.873980355572,35.68,39.915534576032286,0.0,1.4255548062868675,4.276664418860602,0.0,0.0,0.0,0.0,0.0,0.0,73.15947265864203,80.28724669007637,73.8,60.3,35.25,9.777777777777777,9.5,2.466666666666667,0.0,44.2,7.127774031434337,-0.3237336379727376,4.744926365771052,9.978883644008071,0.0,0.0,0.13568468390719968,0.0843989194409057,0.1122571420461288,0.3439919397603139,3.87633332908638,0.03426264828994484,0.0125880584522071,0.0741904320643231,0.0679228859983085,15.447944451487206,80.27812424897398,72.18863789019692,0.9495592556317336,9.765050423065043,20.792079207920793,-12.404092071611252,0.041418686912818706,50.2,83.7,0.0,9.599999999999998,-9.799999999999997,4.899999999999999,14.899999999999999,2.3000000000000007,11.0,12.790312445031491
221,Sitamarhi,Bihar,3423574.0,False,,direct,direct,6.622328537746632,1591.5267459508068,38.2,16.84496107586955,13.45,17.85,13.9,59.5,30.9,6.3999999999999995,61.7,0.45190946440738433,0.14912535124319704,0.0,0.01861084383515099,0.0019088044959129221,0.03006367081062852,82.08,26.6,3.4,70.0,37.06666666666667,0.009066821355586379,0.2016174748808024,0.40800696100138706,0.521580828508206,90.8755832373272,49.3,0.29999999999999716,59.5,316.7794677282208,36.41,2.6007461256813564,0.11930028099455763,0.07158016859673458,0.33404078678476135,0.09544022479564611,40.625,0.0,0.0,0.0,0.0,22.309868347668246,35.634039530826406,64.4,66.6,65.8,13.621262458471763,8.5,0.0,0.0,20.7,0.7635217983651689,0.0199308873183601,4.387230170830924,4.103929666212783,0.26246061818802674,0.0,0.0350669424599916,0.0616781381743876,0.0974404777877384,0.3255612409721536,3.4046627008737222,0.8372627358783421,0.0196507960847067,0.1122579384947561,0.1393551115681328,38.39203535284703,54.76864712082232,21.3209937918678,0.7775433597281969,7.931082680518191,3.91657379398185,0.8556344438376116,0.05660846049399615,19.2,40.5,-57.46268656716418,5.0,14.2,3.999999999999993,27.200000000000003,3.3999999999999986,29.000000000000004,14.322559198821402
75,Sonipat,Haryana,1450001.0,False,,direct,direct,6.245484633380339,689.4490595734916,23.5,70.70854147980438,12.75,20.95,39.3,53.7,16.8,9.049999999999999,53.3,11.649615614228251,11.283682902514128,0.30570155109037167,23.715735386354723,0.07670949702081817,0.14375927960197776,101.02,4.3,4.0,68.7,15.166666666666666,0.03352489129057979,0.580719303372416,0.7312972049317998,0.02613805083672323,97.86236047767645,13.299999999999997,2.799999999999997,30.099999999999994,1276.0800977147003,45.15,11.023438831139796,0.45457479716040394,0.11364369929010099,4.375282422668888,2.8410924822525248,70.37037037037037,6.81862195740606,1.591011790061414,0.0,1.0986122886681098,48.1127647499536,694.9488359323575,99.7,83.0,81.7,11.07784431137724,16.7,0.3666666666666667,0.0,22.4,6.136759761665452,0.3333213345238602,5.309046884183497,19.148963330382013,0.9659714439658583,0.22728739858020197,0.2062443789369871,0.1773985546602022,0.2853174757056423,0.3608128546118244,3.185825359612962,1.1855796688271323,0.0683386284752051,0.1312450280901509,0.1955323526903942,4.502723039305523,57.521025102704094,110.40751006378616,0.6101092503638555,23.358894170583806,40.508751195902974,-12.976565973030759,0.0987772192235957,56.8,69.9,2.5380710659898478,7.9999999999999964,12.999999999999998,18.900000000000006,16.0,2.3000000000000007,4.200000000000003,9.53578882136115
602,South Andamans,Andaman And Nicobar Islands,238142.0,False,,direct,direct,5.372978280683797,208.01693304654145,21.0,152.53180507915653,18.25,24.95,39.0,78.2,35.2,17.25,57.7,390.09724234851257,399.6974720601857,55.18225595522634,189.26348716221315,0.8600382310104374,4.181565192154196,109.88,6.0,0.0,43.4,17.033333333333335,2.3937024656201826,3.2791605458230473,6.007557692476849,0.3346946810336185,25.41147505437034,10.700000000000003,2.0999999999999943,8.099999999999994,5007.468802340736,47.87,21.606871813562716,0.423664153207112,0.423664153207112,6.354962298106681,2.11832076603556,0.0,48.29771346561077,0.0,0.0,0.6931471805599453,150.78207212641118,2125.3027512804133,99.5,76.3,77.3,16.425120772946855,37.1,3.3333333333333335,0.423664153207112,1.2,0.847328306414224,-0.0544237418173267,5.540543680893155,24.99618503921961,1.270992459621336,2.11832076603556,0.5482589393127117,0.2790325414252783,0.2550821446639637,0.4066103417288844,3.539201599294128,0.18238464533525237,0.0101966606609657,0.0992732318168354,0.1175142435080933,9.196204685208942,56.899866702739786,180.01864433825196,0.8295544669932353,34.19817044687808,25.78852508260739,-11.96422728759952,0.1127388777042508,57.5,91.9,6.122448979591836,5.299999999999997,-5.6,7.200000000000003,2.5,3.1999999999999993,4.8999999999999915,-0.7851775396489646
277,South Garo Hills,Meghalaya,142334.0,False,,direct,direct,5.287368317905464,104.85276951983862,31.4,12.037780523979334,18.25,19.3,6.9,67.7,30.200000000000003,17.25,56.2,0.07739678862395627,3.7563241412160115,0.02579892954131876,3.5396131330689338,0.13415443361485754,0.7688081003312991,77.51,5.4,3.1,33.6,22.96666666666667,39.89546464269533,1.2331888320750368,7.197901342027934,0.015479357724791256,44.95731487211221,11.599999999999994,39.6,77.7,421.33779769700146,49.21,13.931421952312132,0.5159785908263752,0.5159785908263752,0.5159785908263752,0.0,0.0,0.0,0.0,0.0,0.0,23.002325579039805,243.87212116817796,88.3,86.8,72.2,18.531468531468537,4.7,0.06666666666666667,0.0,79.5,4.127828726611002,-0.4273827286003407,4.143960187588407,3.6118501357846267,0.5159785908263752,0.0,0.0869528240197572,0.062089042065585,0.1017151807465269,0.3728483707336265,3.3749315539781883,0.08396199024774856,0.0273166010362967,0.0313333501325554,0.0831161157831534,12.321009506446035,59.147565905451465,99.94098388297948,0.8785940246045694,1.3209051925155204,35.26570048309179,,0.0223187099218943,38.4,22.3,-6.666666666666667,-7.299999999999999,23.299999999999997,3.799999999999997,-0.10000000000000853,-0.0,1.9000000000000057,18.873470211285284
658,South West Khasi Hills,Meghalaya,95680.0,True,West Khasi Hills,direct,direct,5.107541507192293,,46.7,4.269716195263963,6.6,18.75,8.9,53.5,56.85,16.4,58.9,0.1483242270324848,5.2225740991964384,0.0390326913243381,0.1405176887676172,0.12490461223788193,1.4520161172653776,77.51,7.5,6.0,61.3,29.8,0.0390326913243381,5.995421387418332,18.93085529230398,0.2654223010054991,,10.400000000000006,14.700000000000003,88.4,655.7492142488801,37.41,17.955038009195526,1.5613076529735241,0.0,0.0,0.7806538264867621,0.0,0.0,0.0,0.0,0.0,41.601042413479554,101.11809014483029,41.7,78.8,62.05,16.532258064516125,4.2,0.13333333333333333,0.0,72.3,3.9032691324338105,,4.481575784797297,7.806538264867621,0.7806538264867621,0.0,,0.06152941790522065,,,3.5913985512812485,,0.0033565205591060254,0.0554847452718527,0.1679047017724355,,53.47957873740736,,,4.19991758649878,65.38461538461539,,0.03514229545432474,23.4,11.6,15.165073713143428,,,,,,,14.291230491329433
39,Sri Muktsar Sahib,Punjab,901896.0,False,,direct,direct,6.052196809385648,338.88665467389905,23.2,56.06147907917569,13.05,28.2,30.8,68.1,10.6,16.15,61.0,13.773950974151564,24.026601535095388,16.71620097944577,40.12650843567453,0.05586550642963681,0.3715499554606003,126.06,7.5,4.0,69.0,26.433333333333334,0.9541473796553842,0.17380379778109228,3.029151904184751,0.015074819195298822,76.2473743435859,17.099999999999994,2.200000000000003,27.099999999999994,635.1172075171346,40.79,10.729724250771513,0.4433770351558477,0.35470162812467815,9.754294773428649,4.4337703515584765,61.53846153846154,0.0,0.0,0.0,0.0,29.14937979928605,702.651510758003,96.4,57.6,68.0,9.762532981530338,18.6,0.2333333333333333,0.0,23.9,2.3055605828104078,0.350165517866167,4.92475165102158,16.404950300766362,0.7094032562493563,0.0,0.0566761342339111,0.1927399762679639,0.2752809296221972,0.3718011832849907,3.3380578754197563,0.6803911375920597,0.0808719363541559,0.0815746388931488,0.1232026427616721,1.7840883859240542,105.6870004031658,79.56793244453907,0.7179983835456091,9.630149203585011,24.93242613477491,-35.552786184796155,0.06685651827826085,39.8,72.9,-0.7874015748031495,4.300000000000001,0.8999999999999986,-39.300000000000004,2.8000000000000114,0.1999999999999993,2.1000000000000085,4.584571220061965
13,Srinagar,Jammu And Kashmir,1236829.0,False,,direct,direct,6.204393215177578,4739.507047624067,20.2,18.59517233131407,6.550000000000001,19.1,27.8,92.2,19.2,0.2,51.7,17.929965971673834,21.633260343793047,1.6552083127198376,30.928035778353014,0.0,0.3928777466795388,87.34,1.2,2.2,77.0,22.46666666666667,0.0,0.786380100269538,0.6583356836251733,0.0,31.269329896907216,13.200000000000003,1.5,1.5999999999999943,2446.8707136311386,64.17,6.433451177741256,0.062460691046031615,0.062460691046031615,4.3097876821761805,7.932507762846014,67.3913043478261,19.05051076903964,30.230974466279296,2.748270406025391,1.6094379124341003,60.52815726506739,1063.2196243375802,99.2,90.9,,36.36363636363637,59.4,0.06666666666666667,2.873191788117454,17.9,2.9356524791634855,0.8873010774391356,5.378630173874706,14.74072308686346,1.93628142242698,4.122405609038086,0.09961908129741681,0.0757699978104817,0.0604825909521817,0.3292193181110727,3.661812685537261,1.8876800410544403,0.0025508955763572,0.0438419907499483,0.0311816916652947,4.8628388060415695,48.32178954673311,126.2947424421646,0.7697320828398578,15.97057409355982,40.259072684280866,40.83723492150922,0.07731351716110176,60.5,98.4,60.0,-12.999999999999996,15.499999999999998,5.400000000000006,0.0,1.9000000000000021,18.799999999999997,15.51779859772828
515,Sri Potti Sriramulu Nellore,Andhra Pradesh,2469712.0,False,,direct,direct,6.505753897034805,252.912946608018,20.8,32.408964080635876,21.450000000000003,24.05,39.5,47.6,15.45,13.1,59.4,56.950438599709635,54.3796409713669,2.2540508945763045,25.31914236197617,0.22375114099559884,1.2410854780188236,137.81,8.9,3.9,67.5,24.733333333333334,0.0471219278805236,3.138445223141893,0.9290197304656872,0.0898749352953033,26.370767331138204,18.200000000000003,4.400000000000006,15.400000000000006,1140.2536022611823,29.07,17.850160760039405,0.436892046574391,0.09361972426594094,7.489577941275274,1.5915353125209957,31.932773109243694,13.262794271008298,6.615793848126492,0.5617183455956456,1.6094379124341003,41.46323968014258,698.6137874035177,97.0,65.3,72.3,15.84821428571429,42.3,5.8999999999999995,0.0,72.3,3.713582395882324,-0.1547156563549667,4.886501957378485,11.98332470604044,0.12482629902125457,0.0,0.0467805317504849,0.0430522912607284,0.1165915572744593,0.4435754061757543,3.0433622780211294,0.5086119284220036,0.0121150690769432,0.1040949916946922,0.1866313380567996,6.40225808437489,194.1933016452344,136.5025204509311,0.7392820857630897,14.998816024646397,16.731019836864714,2.8547582871450277,0.0840136260169956,38.7,84.6,5.206463195691203,4.5,-0.7000000000000028,17.599999999999994,1.0,2.099999999999998,27.5,1.4663771989822785
754,Sri Sathya Sai,Andhra Pradesh,1840043.0,True,Ananthapuramu,inherited,inherited,6.310102678636362,,24.3,26.425903397151767,15.5,25.049999999999997,29.3,46.3,12.75,8.700000000000001,50.5,49.52963771612061,56.515288564862246,6.003217807944584,33.253040330546824,0.1885388352450969,2.435550855297317,137.81,2.5,2.6,55.8,31.96666666666667,0.12032045106390843,9.537769040115545,1.8476364311079814,0.2814836240485931,,28.700000000000003,1.2000000000000028,13.599999999999994,1737.3270831155296,30.17,15.652697211800199,0.33115720476305077,0.06623144095261015,6.755606977166235,3.6868835463619654,4.3478260869565215,0.0,0.0,0.0,0.0,85.58868342835967,810.0105228504221,94.7,81.8,84.1,9.308510638297872,22.2,1.8,0.0,73.2,1.126224983865386,,4.759699966649212,10.870519409483292,0.19586521458528452,0.04415429396840676,,0.04902664018687982,,,3.428620672671939,,0.03478575852164426,0.0990208239081282,0.1688667768358323,,181.93764115069075,,,10.65996430380411,12.842397776895591,-10.322952710495963,0.06668506798654263,31.3,86.4,3.1339031339031416,2.8000000000000007,-3.299999999999997,5.5,4.799999999999997,-0.3000000000000007,23.799999999999997,2.149019667893658
641,Tapi,Gujarat,807022.0,False,,direct,direct,6.009539597055036,292.29117593817784,21.0,38.72301008504294,17.0,26.6,12.6,57.7,23.200000000000003,8.4,77.4,11.605261567816092,20.683642023799685,2.4554671276421134,11.584717818939405,0.43435354767852524,1.0056654212016305,98.87,8.1,1.6,80.7,43.366666666666674,0.8315326926278073,2.9044947816611297,6.062362466134731,0.3159824231985668,40.39832555015353,29.799999999999997,1.0,54.5,906.3256343715325,29.83,27.391665168916006,0.7826190048261715,0.09782737560327144,3.521785521717772,1.2717558828425288,9.803921568627452,0.0,0.0,0.0,0.0,79.57376558945703,956.2440093206138,92.9,97.5,87.3,4.146341463414641,14.8,0.10000000000000002,0.0,42.3,5.087023531370115,-0.1200056580802177,4.7347290117503436,6.750088916625731,0.48913687801635725,0.0,0.0560119304704966,0.0666954367063098,0.2030445718172509,0.558723306180005,2.9278834103307068,0.35945386444403543,0.0106882788303834,0.0901260094218248,0.1434415723912476,7.471700580695861,47.45515535094931,86.73865148657657,0.6233,16.922179431853895,24.212008078829793,0.9159325593605975,0.0887212087280982,32.5,45.5,10.344827586206897,3.799999999999999,8.199999999999996,24.599999999999994,9.700000000000003,1.5,29.800000000000004,9.252119205029203
589,Thiruvallur,Tamil Nadu,3728104.0,False,,direct,direct,6.624909910387802,1135.4082643199874,21.6,126.16024665721004,22.95,29.4,48.6,49.7,10.0,13.4,56.8,92.3981619346687,102.00896163790436,7.4675818819514115,22.380450108536756,0.022532723884683775,0.487181209043584,120.98,5.2,3.9,58.4,18.566666666666666,0.3391767911062926,2.196110425771443,14.39366683096879,0.16531903734341674,28.49051117232936,24.400000000000006,0.0,6.599999999999994,1873.547842138313,30.79,9.653493285332944,0.33206119409007673,0.26090522392791743,4.05589029924308,2.3007097019098173,56.57894736842105,9.487462688287906,0.0,0.0,1.3862943611198906,45.20396472461656,988.7354496867897,100.0,88.6,57.4,22.494887525562373,46.4,7.533333333333334,0.09487462688287907,57.4,1.8026179107747022,0.2894833501563164,4.95591433158585,9.440025374846467,0.6404037314594336,0.6641223881801535,0.1939752710034427,0.0554974894417725,0.3105615620769015,0.4125566239568424,3.564547711755948,1.6319447865329872,0.0194940346189327,-0.1078560738745374,0.0353904884608076,6.440893551480542,105.431983417745,95.96298815698276,0.6209861359570662,25.23499044487538,16.248910432212938,7.959492232290535,0.1422635920621083,57.2,93.4,19.602272727272727,16.300000000000004,-6.300000000000004,9.699999999999989,0.5,-0.0,9.5,8.742693672641424
259,Thoubal,Manipur,286687.0,False,,direct,direct,5.591103395673644,1292.3142843127594,28.5,10.52310124823878,11.75,28.299999999999997,31.3,74.9,53.2,17.55,24.2,3.6945765798747012,5.3294528327033275,2.2076923201136296,17.088722493624033,0.0,0.7155848135384082,58.18,3.7,1.1,39.7,18.23333333333333,0.003482164542765977,0.759111870322983,2.5593909389329927,0.0017410822713829885,35.1904823996804,38.7,27.5,25.299999999999997,368.1466230371188,30.75,16.152403451062813,1.0255494254643056,0.2563873563660764,0.7691620690982293,1.7947114945625346,28.57142857142857,0.0,0.0,0.0,0.0,14.423125536136673,74.21014965315712,87.8,74.2,28.6,11.53846153846153,20.2,1.2666666666666666,0.0,19.1,1.7947114945625346,0.0061868613069427,4.237689735039333,5.640521840053681,1.281936781830382,0.0,0.176638212314286,0.1424177858944911,0.11234993400330559,0.4626570464838642,4.118760590442381,0.5825064389296851,0.0139607105317286,0.1313423887331932,0.1278851141559054,26.09172568764786,168.63105891441268,169.731007560971,0.7716698067127207,2.5023405981329057,3.917301414581066,-58.8359342049768,0.08121719285524445,40.7,74.7,31.549999360510483,5.5,15.100000000000001,8.799999999999997,14.299999999999997,0.8000000000000007,12.599999999999994,9.452631498374256
592,Tirunelveli,Tamil Nadu,1692296.0,False,,direct,direct,6.243132092648095,561.8857787030862,22.1,30.927001239193288,21.65,23.8,40.2,58.8,8.5,8.65,51.0,102.0927845978189,131.5512905325302,7.629012191577181,27.011956312117952,1.765084856777885,3.0208776963188613,120.98,2.7,0.0,49.9,21.366666666666664,1.8517995987627012,2.1838919258567246,13.274581752175585,0.3763922496297448,23.99282006920416,20.200000000000003,1.9000000000000057,12.099999999999994,3491.861591180891,29.48,16.9030910100837,0.5969493107650377,0.5341125412108231,13.7113162864386,6.912788627746127,44.73684210526316,14.282621131706875,9.940704307667984,1.713914535804825,1.0986122886681098,243.0076963454704,2412.8078482619667,100.0,93.3,,12.529002320185612,60.2,8.2,0.1713914535804825,61.3,4.34191682403889,0.137527686048818,5.133492828269592,18.224624564057972,1.7710450203316523,1.14260969053655,0.0895384113937662,0.0541555715441106,0.2380309007558483,0.466800531516463,3.5161385767170743,0.6248244397082592,0.0154333747703308,0.1091381853688064,0.1993278968457605,5.940430434021748,125.35522892480294,159.9329657520246,0.368689690765639,13.611337938516652,16.81487108449886,-44.574977899781324,0.10568373000193365,54.2,87.9,22.958057395143495,10.700000000000003,7.0,43.5,1.4000000000000057,-0.10000000000000142,33.099999999999994,2.934887050573617
757,Tseminyu,Nagaland,56839.0,True,Kohima,inherited,inherited,4.7475697681088596,,18.7,110.22290864121646,8.25,28.4,11.6,60.3,31.15,14.299999999999999,14.9,0.6902917784212997,4.631023414573665,0.16309091468195544,7.437704271891038,0.4665158722297795,1.657458830604989,92.52,0.5,0.9,38.4,25.76666666666667,0.6978774023599955,1.718143822114554,1.3502410610878175,0.015171247877391205,,12.599999999999994,10.099999999999994,38.3,866.084820388601,38.31,24.653277800760712,1.1378435908043405,0.37928119693478,3.4135307724130213,2.6549683785434612,47.61904761904762,0.0,0.0,0.0,0.0,39.244225446841696,557.8088563319811,66.9,82.8,,2.786377708978324,4.3,0.3,0.37928119693478,26.7,7.964905135630382,,5.508181202594397,5.364774683095649,0.7585623938695601,0.7585623938695601,,0.23991550629603636,,,3.696443763138999,,0.002746244093814021,0.0901319427617939,0.1184631961904003,,26.74659922536032,,,,,,0.11405935285748708,70.9,61.7,21.428571428571434,-8.700000000000001,21.4,22.299999999999997,12.000000000000007,10.100000000000001,16.60000000000001,-6.411492430283823
548,Tumakuru,Karnataka,2678980.0,False,,direct,direct,6.441414989497079,264.87691219695705,21.2,46.44803530631579,17.65,30.7,30.4,48.1,18.25,9.8,49.3,61.899952494804445,72.90668855051548,9.305458150867949,42.55438523649942,0.18239609956198993,2.214809780395592,131.82,4.5,1.6,67.6,25.966666666666665,0.08902666764335222,3.0348684343786654,1.8807788282215507,0.2377663440718797,29.795685060458208,13.900000000000006,3.799999999999997,14.700000000000003,1845.6056946649448,28.51,26.020395949418802,0.14475880917618247,0.36189702294045617,4.017056954639064,1.9542439238784632,5.913978494623656,18.09485114702281,5.500834748694934,0.32570732064641056,1.791759469228055,79.68284840805258,651.4786970658815,100.0,97.7,,14.719626168224297,52.1,0.3,0.0,31.0,6.731284626692484,-0.0069260477988028,4.928279150975578,13.534948657973061,1.2666395802915966,0.28951761835236495,0.0558143205816889,0.0525418962538684,0.2074054087070253,0.5056573770614189,3.6564815157904986,0.607373715127471,0.0155319931296101,0.1156952426308413,0.1847396482694239,9.304854317681066,101.76182390580388,97.89621423078933,0.6545973110858607,24.087865846916763,20.022081966942967,9.93475926996449,0.0906345709561409,58.9,85.3,14.037854889589903,8.099999999999998,-5.5,32.900000000000006,3.5999999999999943,-0.3999999999999986,33.49999999999999,2.3795853910195564
436,Umaria,Madhya Pradesh,644758.0,False,,direct,direct,5.925201669545453,155.94192843712457,26.1,33.58098363522262,11.25,21.5,14.6,58.6,36.5,15.9,51.5,1.0655915636336029,0.17938051963062882,0.1663130645581989,2.1715734429456255,0.19007207378079874,0.07246497812892952,92.55,4.4,3.2,71.5,32.46666666666667,0.7472208400507651,4.51064790091058,7.980651197871287,0.2542213986818183,44.840001450116006,46.3,20.5,73.1,470.13020704173323,34.91,16.274921317480892,0.35638513833899765,0.11879504611299921,2.3759009222599845,0.35638513833899765,16.666666666666664,0.0,0.0,0.0,0.0,42.24589429870478,71.14160131523072,92.2,90.6,,4.620462046204622,10.5,0.7000000000000001,0.0,19.9,0.7127702766779953,-0.3621032244028277,4.675002037739547,5.345777075084965,0.11879504611299921,0.5939752305649961,0.0437014794190053,0.037382223328205,0.0896383622956527,0.4493019086230803,3.1156105116742996,0.24887645622731383,0.0213431056878568,0.0976968744119219,0.158216892999796,11.557961725548084,33.546794933775274,31.68785808008586,0.8130781655327688,8.91913206216398,27.401884934589955,-17.35828288387452,0.060741625767568294,26.4,26.9,34.61538461538461,5.0,-3.6000000000000014,23.5,7.700000000000003,5.399999999999999,33.6,11.18690972501453
461,Vadodara,Gujarat,3093795.0,False,,direct,direct,6.566290982624696,552.7149161860913,21.0,65.67811774315464,15.850000000000001,24.05,27.6,51.2,17.95,2.9000000000000004,72.3,17.267696743927484,14.633972584053497,7.8528522466331445,14.624742876628664,0.04261953134407507,0.349100110245099,98.87,11.8,0.7,86.4,34.1,0.6512372974167905,0.43135309111933307,1.0054951853404719,0.04071929746249211,45.363315525049536,14.400000000000006,0.5,21.900000000000006,902.5701029924628,42.8,8.659637260356654,0.2714619830832807,0.02714619830832807,11.374257091189461,3.5018595817743208,43.269230769230774,23.07426856207886,14.306046508488892,0.13573099154164034,2.1972245773362196,49.32464232623211,313.13275479647973,95.9,84.9,67.3,17.11491442542787,29.9,0.2333333333333333,0.08143859492498422,41.7,2.9317894172994317,-0.168125802031315,5.649491558036058,22.341321207754003,1.2215789238747632,0.10858479323331229,0.0819233012613606,0.0560235863286309,0.2484770545403286,0.4065350561956354,3.2035767749779724,0.9466156501820541,0.0164177710383593,0.0765794529439265,0.1676204075557557,5.273418192880941,65.53090325775698,112.91244101126698,0.6348492934000353,34.1273861272808,28.034412313761404,2.781343253076074,0.1177039380932306,46.4,78.1,-21.17784133859163,,,,,,,10.868427018675408
224,Vaishali,Bihar,3495021.0,False,,direct,direct,6.688174099307388,1878.923222739551,34.7,15.533171388301222,15.350000000000001,18.5,16.9,61.8,25.099999999999998,9.799999999999999,63.1,4.392033478646768,4.022972264811551,1.00384650163179,21.06437381365269,0.0,0.008611428322821729,82.08,15.0,3.9,77.1,32.1,0.17796951867164906,0.19355210325580266,0.8320280031907279,0.10231196983542958,99.36686599794238,47.4,0.7999999999999972,59.1,577.0290531374308,56.15,4.449237966791226,0.041006801537246326,0.06151020230586949,0.3895646146038401,0.2255374084548548,50.0,0.0,0.0,0.0,0.0,50.05720767052428,67.70550988211667,81.6,71.0,65.65,31.29032258064516,9.5,0.46666666666666673,0.020503400768623163,13.5,0.7381224276704339,0.1836474790930443,4.525682995255403,5.474408005222385,0.2665442099921011,0.041006801537246326,0.0560485369401347,0.0759008717590535,0.0980051182003491,0.3033870182754267,3.4102709642521845,1.095141555976196,0.0161877621294218,0.0929202241470006,0.0655750254747689,26.01465727680424,59.24024313365772,31.966331532771903,0.8695165722366925,8.381995268220836,4.881836406245588,1.1505344418052257,0.0652481639651859,34.0,40.9,-43.116883116883116,2.9999999999999982,-10.8,0.7999999999999972,2.6999999999999886,2.5,20.0,14.662629726807305
462,Valsad,Gujarat,1705678.0,False,,direct,direct,6.3262512165041915,580.0966229404322,25.2,82.95343028119686,15.399999999999999,26.55,21.3,53.3,18.799999999999997,9.7,75.7,15.165219579238636,17.131640535132945,2.7689358421649937,18.86782794340815,0.036799624414528796,0.9718875165888374,98.87,4.9,0.6,87.6,31.933333333333334,0.6487113278202191,2.4410417528304102,7.412765369244569,0.2033415143931014,33.548574942129626,14.700000000000003,2.0,26.900000000000006,620.4723339826343,29.14,19.86236138271362,0.471790056596523,0.0943580113193046,6.274807752733756,2.0758762490247014,17.72151898734177,9.43580113193046,0.0,0.0,0.6931471805599453,62.92688595878765,631.6952758489524,96.5,91.1,96.2,10.962566844919785,16.9,0.19999999999999998,0.0,40.6,3.8214994584318362,0.076251595701103,5.2188595527291,13.304479596021949,0.471790056596523,0.0,0.18154809214071269,0.0533079904276089,0.2853770331443652,0.4357475443782472,2.9818186071706636,0.7531798673533581,0.0152337065423314,0.1315617685190473,0.1977961250012061,5.933990391356869,73.79804339837973,120.26537247944806,0.5327444499692884,24.973263065823755,25.644824707846407,5.564086712003669,0.15782709778580942,45.6,73.1,12.532637075718014,-3.5,23.200000000000003,38.199999999999996,21.5,0.40000000000000213,24.4,11.26640328204884
596,Viluppuram,Tamil Nadu,1764615.0,False,,direct,direct,6.327826812170224,518.5012128650758,24.8,29.051045530891294,18.799999999999997,22.55,37.0,45.0,16.950000000000003,19.150000000000002,62.5,95.59989787456799,108.79800734410256,8.607202021725074,37.87888354760068,0.1877804174703464,0.6971617798037,120.98,5.6,1.4,73.4,18.933333333333334,0.015348590955430614,3.502356598642323,17.362613874863527,0.44774717677795245,26.06538810248012,46.2,1.5999999999999943,31.400000000000006,3185.2609448682024,26.51,16.09203832983429,0.5276078140929272,0.287786080414324,4.183725618882076,1.8803261208458768,44.44444444444444,11.752038255286731,2.2563913450150523,0.0,1.3862943611198906,95.29124730332357,1522.8380311424212,99.1,88.5,67.0,18.25613079019074,28.0,9.066666666666666,0.0,77.6,2.961513640332256,0.0440441072391604,4.670183766014211,10.999907806948379,0.5170896832326162,0.61110598927491,0.074313649047149,0.0463832768479442,0.24880201547283332,0.4924288923010472,3.5126843962171637,0.6054288097089194,0.0192735623907678,0.0803462835349175,0.1943714007007619,6.042022329554087,202.174089571417,76.32601717380199,0.7656911690062954,12.158658778919651,13.182343622896775,-16.575280608953683,0.11340272998326989,45.7,68.6,6.779661016949161,12.399999999999999,-6.700000000000003,16.400000000000006,-0.10000000000000853,2.0,21.9,3.4216032109512238
520,Visakhapatnam,Andhra Pradesh,981773.0,False,,direct,direct,6.11126586530309,446.8458380522828,21.4,53.06771731646928,17.6,26.549999999999997,23.8,58.0,14.55,15.75,58.0,49.34608029105488,64.25401711124933,18.94998523702382,53.669537141967325,0.7718811071980156,1.3367949085540205,137.81,8.1,2.0,72.6,28.666666666666668,1.7220015355365677,3.2085174738486386,0.9039878981610012,0.38562601362052457,28.409362020670336,22.200000000000003,8.200000000000003,27.099999999999994,1416.506258981215,35.33,14.888225648209485,0.2516319827866392,0.08387732759554639,7.6328368111947205,2.4743811640686184,42.01183431952663,58.04908761131261,41.950140647108576,4.1795343080145075,2.302585092994046,66.13286924938956,918.8750753426157,95.3,76.5,72.3,20.04889975550122,26.5,2.1666666666666665,0.1887239870899794,64.9,13.080394408415774,-0.212239993588708,5.821720344478475,48.838632376984336,0.3869939174087507,3.334123771922969,0.037025574020943405,0.0319174946287525,0.1107565087519645,0.4404707605412683,3.342620042553348,0.6066243858360325,0.0117268533396687,0.1243910683358675,0.0928729077596586,4.027297155966281,106.97012998714813,132.01334362251896,0.7152105788158859,52.187677738239664,20.360820522895075,-14.45879427585507,0.08321094485839181,46.0,72.9,9.06344410876132,-5.0,-5.099999999999994,10.5,10.399999999999991,1.9000000000000021,23.099999999999994,3.81494188339749
521,Vizianagaram,Andhra Pradesh,1930811.0,False,,direct,direct,6.225813416803703,430.7716384950973,20.6,33.8147667901056,14.4,25.15,28.8,58.0,16.45,16.549999999999997,64.0,60.72767489006129,77.43329185939459,3.7294634746040733,43.52206303308842,0.23070503657966784,2.7439430047550393,137.81,7.5,1.4,66.7,29.266666666666666,0.4019251508356583,8.55939801219618,3.544175980068834,0.5096410912596147,33.652742291229906,38.3,6.900000000000006,39.7,1617.0417457732044,31.18,20.538375207702135,0.44211766591922413,0.08038503016713165,5.10444941561286,2.2909733597632527,26.53061224489796,11.890950709151918,5.291473065572603,0.0,1.0986122886681098,90.98741372102548,614.4253896333759,99.0,76.8,83.5,17.215189873417724,41.3,4.266666666666667,0.040192515083565826,76.7,5.8265658474844395,-0.1902588303714282,4.911066335914047,17.955335570819397,0.23781901418303833,0.9244278469220141,0.0491474854458046,0.0337670349540072,0.0816711688633929,0.4939112141998589,3.2860071220794747,0.3372167902927338,0.0039014923805459,0.1378468050313555,0.246872194843494,8.402159372031747,161.08226192525083,169.88416164990528,0.6735762222908491,17.5486650565664,11.184384067528356,-26.91707727734172,0.08466588870680736,37.6,60.3,-2.9739776951672887,6.400000000000002,-3.200000000000003,27.5,8.299999999999997,3.099999999999998,30.1,1.4800400317614137
85,West,Delhi,2543243.0,False,,direct,direct,6.526507397365446,19345.46335205637,25.4,92.61324863711675,13.65,28.950000000000003,40.6,59.6,15.25,12.4,57.2,15.089395700221207,12.353847721839227,3.676255178778262,46.343961052792956,0.07348345303538324,1.237318547263801,120.33,10.7,7.3,68.5,21.166666666666668,0.8633561972011423,1.8463089454963093,4.930531445973306,0.0029750385844284715,113.3762266577744,23.200000000000003,0.20000000000000284,1.0,2996.9988317394304,35.41,3.183291285338464,0.0,0.208252700909993,3.5105455296255963,1.8445239223456522,,0.0,0.0,0.0,0.0,60.73005763165527,2967.9916105335355,91.8,67.5,82.80000000000001,16.348773841961858,22.5,0.7666666666666666,0.0,21.0,,1.1289696746842015,5.962655414367593,16.630465686955155,2.261029324165638,0.11900154337713885,0.5263690019654279,0.3173126747975484,0.4010323241185277,0.3437815419132187,3.243286146083446,3.5363863790056573,0.0338316883721939,0.1051901900135539,0.1008597839585176,-0.1202860131287564,88.64997763894384,122.99532525991422,0.7059368876016202,28.112627103556843,35.61323815704088,-0.34695857588796086,0.13524006614428555,56.3,99.0,,,,,,,,19.654754121127414
440,Anand,Gujarat,2092745.0,False,,direct,direct,6.468595898460119,711.3976495956953,22.2,46.258890337978634,16.05,26.75,20.9,32.3,21.549999999999997,2.55,66.4,7.689475227221516,7.682676398550233,1.1201070235939388,7.995422517429268,0.030254787587211094,0.14413516783120792,98.87,11.7,0.0,78.4,37.86666666666667,0.7913836573373868,0.8665107141550683,1.956023008728232,0.004759180069898374,47.09828518619934,17.900000000000006,0.29999999999999716,34.900000000000006,430.10342010552716,31.59,11.490020454468931,0.4759180069898375,0.06798828671283393,4.351250349621371,0.917841870623258,38.63636363636363,5.099121503462544,3.8073440559187,0.10198243006925087,1.0986122886681098,28.565278662397173,479.12365470834754,96.0,77.0,82.65,12.500000000000004,22.4,0.20000000000000004,0.0,36.2,1.5297364510387632,0.1238979811960549,5.2246139390463195,13.393692482428284,0.5779004370590883,0.0,0.0700743994541161,0.0748607280044133,0.2082824428274358,0.403677466676542,3.3960248966085933,0.8000676311697982,0.0145191707031336,0.0814694407717098,0.1632962390342089,6.767529081048451,38.76106661050017,86.81420813333683,0.7433564509026861,19.63365743693218,22.748044303307257,7.573104861240454,0.08790962145971615,32.2,65.1,6.666666666666667,1.5,21.700000000000003,15.600000000000001,3.4000000000000057,2.6000000000000014,14.299999999999997,9.103239858927964
502,Ananthapuramu,Andhra Pradesh,2241105.0,False,,direct,direct,6.39573691100027,228.87063139171545,24.3,26.425903397151764,15.5,25.049999999999997,29.3,46.3,12.75,8.700000000000001,50.5,49.529637716120604,56.51528856486223,6.0032178079445835,33.25304033054682,0.18853883524509685,2.435550855297317,137.81,2.5,2.6,55.8,31.96666666666667,0.12032045106390842,9.537769040115544,1.8476364311079811,0.28148362404859306,32.547047888161806,28.700000000000003,1.2000000000000028,13.599999999999994,1737.3270831155291,30.17,15.652697211800199,0.33115720476305066,0.06623144095261015,6.755606977166234,3.6868835463619645,46.89655172413793,8.040685667140776,5.105835398634393,0.4020342833570389,1.3862943611198906,85.58868342835967,810.010522850422,94.7,81.8,84.1,9.308510638297872,22.2,1.8,0.0,73.2,5.829497108677064,-0.2597543484739623,4.925668250319763,11.457977075675608,0.32162742668563105,0.04415429396840676,0.0205974169194698,0.0507463012939679,0.1479120275483978,0.4989199117503212,3.428620672671939,0.35524240699166904,0.0350886057187028,0.1055159855214236,0.1678054515261098,7.538218776620176,164.72016857790925,123.8509360601478,0.7851495882909226,14.399259892715703,15.661084109834999,-31.74784663465203,0.06741948606452908,31.3,86.4,3.1339031339031425,2.8000000000000007,-3.299999999999997,5.5,4.799999999999997,-0.3000000000000007,23.799999999999997,2.1490196678936724
344,Anugul,Odisha,1273821.0,False,,direct,direct,6.172522118935721,318.3245086053989,24.5,34.845192967976885,17.15,20.0,22.7,63.6,37.05,18.4,75.8,15.688402852480333,33.11772101721105,0.3743976173449677,7.7682464338524095,0.10216954728264828,3.1060886710073534,111.09,12.0,4.5,75.3,27.900000000000002,0.4617794669946011,3.6162642393463664,7.076585485471849,0.1787967077446345,49.5527000511858,33.599999999999994,23.799999999999997,76.2,914.862423444841,36.35,13.241711062290598,0.6049512668051543,0.26886722969117965,2.9575395266029765,2.554238682066207,,0.0,0.0,0.0,0.0,57.392398849879214,239.4430722418512,85.7,87.0,65.05,17.71428571428572,18.4,0.6,0.0,63.1,,-0.225772042705466,5.17586130871266,13.308927869713395,0.6049512668051543,0.0,0.0739970315078322,0.0680793193416359,0.1082240283374236,0.4133390798236173,3.5835388192543522,0.569556329968261,0.0217805386561854,0.1269086369398258,0.1768207781820727,-0.5748916258511261,41.062324400272544,76.07897812958021,0.7428052543054968,19.598404540264315,8.891923204237008,-16.302101274543578,0.09326754479647426,33.7,23.8,0.0,5.099999999999998,2.6000000000000014,-1.9000000000000057,-4.599999999999994,1.1000000000000014,30.500000000000007,4.242416047496674
390,Anuppur,Madhya Pradesh,749237.0,False,,direct,direct,5.984577554643419,209.8467580291164,24.1,38.503317511883246,12.4,25.35,15.5,48.5,35.25,19.950000000000003,52.6,5.07609667628407,6.6178872160494695,0.8278834954788674,10.012313162468455,0.07460276805316453,0.43518281364345973,92.55,5.9,0.7,49.2,24.366666666666664,1.332488329394022,2.340661847668037,3.016231358371693,0.19065151835808714,42.83303424938474,30.599999999999994,20.200000000000003,78.3,516.2542633765675,35.23,19.3759967026969,0.8289196450351614,0.10361495562939517,1.5542243344409277,0.0,11.11111111111111,0.0,0.0,0.0,0.0,32.12167239466879,77.89461519351042,84.8,86.6,,6.837606837606844,13.7,0.16666666666666666,0.0,52.8,0.9325346006645566,-0.2916526755773783,4.774713794579508,6.320512293393105,0.3108448668881855,0.0,0.0595943323650132,0.0574782982127833,0.0944788152336548,0.4624317805981285,3.090258052931316,0.4324664980687511,0.0413974346289484,0.091415359960747,0.145903539472052,4.813052147028252,29.38856477553938,57.918922850846926,0.661550869915889,8.93575377347904,16.82081637686521,-14.308426073131955,0.08128082001419915,28.6,21.7,-1.015228426395939,5.199999999999999,25.999999999999996,28.799999999999997,8.099999999999994,6.0,48.300000000000004,7.53577803615688
188,Araria,Bihar,2811569.0,False,,direct,direct,6.565326468166375,1014.3912095013468,40.5,14.398524394217768,16.2,13.95,9.9,57.2,32.75,4.3,67.9,2.6686908486458076,0.8461238188692488,0.000816196609841719,3.6489429770657122,0.0,0.04353048585822501,82.08,16.3,6.0,75.8,40.53333333333333,0.012787080220853599,0.3705532608681405,0.37980348911301326,0.029655143490915796,71.89085906101572,67.8,0.0,84.8,363.2681619942299,32.4,7.617835025189379,0.054413107322781276,0.054413107322781276,0.4080983049208596,0.027206553661390638,23.076923076923077,0.0,0.0,0.0,0.0,20.007155431513446,33.59438039554855,66.2,61.6,61.900000000000006,17.50972762645914,9.2,0.8333333333333334,0.0,19.5,0.35368519759807826,-0.1438560170576776,4.265986333160712,4.652320676097799,0.027206553661390638,0.0,0.0212032077030993,0.030747210446017,0.0713198494749758,0.3805323646689802,3.5571461423183632,0.6803428038238497,0.0181895612978604,0.094745364438979,0.1541020715927843,25.13509694778544,79.86765532161517,27.50955071705513,0.7430215269248174,10.069145510080675,3.4116083296411164,-3.21905807902513,0.0425446689213742,16.8,15.2,20.51282051282051,3.7,14.1,7.700000000000003,14.600000000000001,2.200000000000003,18.400000000000002,14.556629758378428
610,Ariyalur,Tamil Nadu,754894.0,False,,direct,direct,5.875985359584646,403.6326269274774,22.4,47.85406722321939,23.35,24.05,33.3,49.2,14.7,14.100000000000001,62.4,136.362870122828,201.73429072722757,16.397072996328742,9.712644666764023,0.5321997077678916,2.050299374175802,120.98,5.6,0.0,62.0,20.166666666666668,0.5215557136125337,4.377342596390908,38.91444263198823,0.3086758305053771,25.004602991944765,45.4,6.799999999999997,53.3,5490.0950163759435,29.66,19.957489041295933,0.7982995616518374,0.5321997077678916,4.3906475890851056,1.5965991233036747,27.77777777777778,19.957489041295933,0.0,0.0,0.6931471805599453,157.47523252998027,3064.6653646850564,100.0,90.8,,12.44131455399062,57.3,3.433333333333333,0.0,71.1,2.3948986849555123,0.0294022398875034,4.704139111221741,12.905842913371371,0.7982995616518374,0.0,0.075973932058493,0.0554112871378207,0.2274260345898445,0.4766907671805578,3.668851648082519,0.7292851313243321,0.0185548140436289,0.1072709282064441,0.2104548652834721,11.0002804286653,290.4537095632537,57.77897294189648,0.7938189238141091,19.24567193215638,11.094750791430465,-14.906759221130656,0.1219993878046039,50.7,46.7,4.0,11.899999999999999,7.799999999999997,30.199999999999996,1.5,1.6000000000000014,26.400000000000002,1.8003042559436042
391,Ashoknagar,Madhya Pradesh,845071.0,False,,direct,direct,6.026915709093147,193.3317061299896,28.6,31.462403948430417,12.75,18.05,15.4,42.1,27.599999999999998,6.35,46.1,4.364922146636519,5.47401089190592,1.1946201654554298,12.887987182316959,0.037596228653199996,4.71174735596229,92.55,7.4,1.4,59.7,27.8,0.60059975273487,5.512547026275449,4.794459058999329,0.09117085448400998,54.269465277777776,46.3,9.900000000000006,79.7,647.0574124816292,41.46,13.440651743518998,0.187981143266,0.28197171489899997,1.4098585744949998,0.093990571633,0.0,0.0,0.0,0.0,0.0,53.33494987314584,197.53622477821077,91.3,69.1,,7.942238267148018,6.2,0.5666666666666667,0.0,34.2,0.46995285816499993,-0.3782593782933499,4.5140463976249245,7.237274015740999,0.187981143266,0.0,0.0338738262252739,0.0390655518812312,0.12181380513631909,0.3730692450693492,3.200303182981585,0.42345564840573474,0.0946982433478392,0.1322708405342172,0.1321337367166435,14.429386103385644,112.67794490398715,34.92369280214325,0.6489343679056687,12.971638791070328,24.140491571990793,-7.270039642545186,0.054450299835524296,17.6,20.3,30.630630630630627,5.4,15.200000000000003,31.89999999999999,9.0,3.8999999999999986,32.5,10.470189199156168
124,Baghpat,Uttar Pradesh,1303048.0,False,,direct,direct,6.175239070966786,1054.8730151348173,29.8,40.610943439454566,12.25,23.45,34.5,54.7,18.25,6.6000000000000005,53.3,8.061803647725663,3.057326646419783,0.08349701350283435,27.286156036618245,0.008015713296272098,0.9678973805248559,86.91,4.0,0.6,60.2,20.599999999999998,0.11155201003978671,1.6158342053068506,3.999172958731754,0.003339880540113374,91.42784256559769,13.0,0.09999999999999432,48.5,952.084382119635,42.62,14.962664819707916,0.4675832756158724,0.0667976108022675,1.0019641620340123,0.4675832756158724,50.0,0.0,0.0,0.0,0.0,29.587333728756363,149.85509602602292,80.9,83.9,,7.228915662650597,12.6,0.06666666666666667,0.0,12.5,2.2711187672770947,0.0588826839559353,4.781673791064499,8.950879847503844,0.6679761080226748,0.0,0.08922226658121529,0.0906254178924545,0.30546824996185556,0.3197848429221333,3.3014640731433,0.9549337753974324,0.1274979480376772,0.0988544440854479,0.1130876150461024,10.90830925022026,45.96558908452797,49.97053063279327,0.685751144147188,12.83582889176372,19.54335738790962,9.467927537883103,0.05869543377463495,44.0,51.5,-0.43103448275862066,7.5,6.8,14.100000000000009,4.700000000000003,0.3000000000000007,20.200000000000003,9.14306017721466
392,Balaghat,Madhya Pradesh,1701698.0,False,,direct,direct,6.293631032288791,263.287835735029,23.1,21.238266095908344,10.85,22.1,4.3,50.5,35.05,15.0,60.6,3.6593147479599732,3.526063814816747,0.36160844833906064,17.092738019379954,0.1830928852349674,0.3448249338591886,92.55,1.7,0.0,56.8,35.766666666666666,0.39975279942967884,1.6458016017232069,1.662585116203079,0.14342276010072447,48.80285539360321,20.400000000000006,16.700000000000003,68.9,450.196415085956,33.12,16.783514479872014,0.3560139435124366,0.2034365391499638,1.5766331784122194,0.2542956739374547,23.076923076923077,0.0,0.0,0.0,0.0,35.70718135160164,160.73470099103852,95.1,75.8,,8.125000000000004,18.3,0.10000000000000002,0.0,68.4,0.6611687522373823,-0.2876030025914437,4.572499585161429,6.662546657161314,0.1017182695749819,0.1017182695749819,0.0379816495049504,0.0293574694088337,0.1186409442782055,0.5247781921351498,3.1464381352857744,0.17175972241058995,0.0286321641946652,0.1065270130636997,0.1629199524144287,7.596883886906958,67.97247477474772,51.52794444137562,0.7507669498774021,10.774507704729958,12.267421985642429,-17.935308928917294,0.10158888186552535,39.2,31.1,19.9288256227758,-3.1000000000000005,50.7,11.200000000000003,11.399999999999991,4.899999999999999,50.599999999999994,9.899623450400007
775,Balotra,Rajasthan,948694.0,True,Barmer,inherited,inherited,6.074408290386259,,31.4,15.255356793601573,9.2,9.7,4.5,50.6,26.5,5.9,49.4,8.311028986863109,10.567375274804744,0.579282373516444,9.979804282271372,0.20199671530144153,2.2345502897860072,88.3,9.4,1.3,67.1,27.433333333333334,0.23545817725867124,1.5033099009592086,4.294425608437486,0.21059232020788585,,16.400000000000006,0.09999999999999432,73.2,954.0645618024446,30.24,25.35703447401074,0.7060675458864977,0.061397177903173714,1.9954082818531458,0.4911774232253897,28.26086956521739,0.0,0.0,0.0,0.0,44.06813142589245,404.8032593794259,93.3,92.9,89.7,6.586826347305387,4.9,0.06666666666666667,0.0,97.8,1.4121350917729953,,4.69662665234381,7.245863707992628,0.061397177903173714,0.0,,0.08092349042894621,,,3.0484418035504044,,0.06855438960113519,0.0849626638978329,0.0908009331527894,,94.8594995871995,,,11.140094179892852,14.128348493699407,8.993487758634902,0.050895963758781,25.6,26.8,36.276083467094686,-7.199999999999999,88.89999999999999,56.900000000000006,33.0,7.100000000000001,63.099999999999994,11.448677188953162
441,Banas Kantha,Gujarat,3120506.0,False,,direct,direct,6.573611081567113,300.02507952060694,29.2,23.79447703236579,14.350000000000001,15.0,11.7,32.0,22.4,2.5999999999999996,60.0,7.430118603512717,7.722668179222229,2.202663411272703,11.706253825106112,0.2298222488009933,1.0660976326494394,98.87,7.7,0.0,79.0,36.199999999999996,0.6758535818398549,0.9833509460892675,3.931268385994227,0.10490144457466942,50.2021764281449,46.1,6.400000000000006,54.4,694.0890830841493,29.6,23.596151909416733,0.7206969474595609,0.10676991814215718,3.1764050647291757,2.028628444700986,41.935483870967744,5.338495907107858,0.0,0.0,0.6931471805599453,70.28450171461922,377.6040940503252,92.9,43.5,66.65,13.970588235294118,18.5,0.19999999999999998,0.0,41.0,6.673119883884823,-0.1896754993360631,4.607527369659117,6.326117649922812,0.26692479535539293,0.0,0.0453801088516491,0.0958373522705711,0.10143789623756311,0.4001274152332987,3.139249217571607,0.36168534048135537,0.0204890561531914,0.0743420540824264,0.1981517974148616,9.743533522358504,144.1786265341311,52.6994660481345,0.7655929801944675,16.721236880243232,30.965394822404612,16.71417658785609,0.0668507576664513,17.6,45.6,74.52107279693486,1.0999999999999996,20.1,8.200000000000003,3.6000000000000085,1.3000000000000007,15.199999999999996,9.784305341892884
88,Banswara,Rajasthan,1797485.0,False,,direct,direct,6.352173117824628,400.0986131246667,31.7,13.836299482909162,9.850000000000001,18.25,4.5,77.0,22.25,9.450000000000001,52.8,9.133531026108486,14.243419406019399,0.8360180953824848,6.0859095056206085,0.32045138052672595,2.5058320158248,88.3,3.8,0.5,82.1,33.53333333333334,0.11066906206817581,5.163667321719143,7.868614758453752,0.10222443484209011,48.938912721893495,59.2,4.400000000000006,78.9,1057.2095496775412,35.83,22.8004935104314,0.9333535355147358,0.044445406453082655,1.5111438194048101,0.5777902838900746,16.666666666666664,4.444540645308265,0.0,0.0,0.6931471805599453,80.74352544925073,352.45207317294546,97.7,83.0,,5.384615384615393,6.4,0.0,0.0,84.2,1.3333621935924795,-0.0772480202086054,4.579016948365957,6.889038000227811,0.08889081290616531,0.0,0.0423898241215128,0.0431974456576385,0.1511590991223962,0.5099202496821948,3.0622058088197126,0.363952605201775,0.0416431944680577,0.0782837050391529,0.1254173904645767,4.215248385224291,78.37580140067787,43.76559470593635,0.8331341841663701,16.11145983924246,10.967302452316076,-4.620323106877861,0.08937741244804184,28.5,21.1,17.105263157894736,-4.5,71.7,36.9,4.6000000000000085,3.8000000000000007,19.999999999999996,10.881405533350245
89,Baran,Rajasthan,1222755.0,False,,direct,direct,6.160977499657206,187.84340240715096,28.4,33.55360495701188,7.4,14.1,10.1,53.0,38.15,8.5,60.1,25.589205483786696,36.85174160834399,12.900560041177457,24.78089279673983,0.2236492831794904,6.322924178778186,88.3,5.4,8.1,65.1,35.833333333333336,0.40035982791390257,6.52103326603903,6.60731771171013,0.04969984070655342,58.19985024264483,41.0,3.9000000000000057,60.4,1874.868507507237,29.74,21.881735422190882,0.9663857915163167,0.06902755653687975,1.9327715830326333,2.001799139569513,18.181818181818183,6.902755653687975,0.0,0.0,0.6931471805599453,92.69296401998362,624.7470156727722,97.3,89.3,67.9,13.636363636363637,6.7,0.06666666666666667,0.0,89.5,1.5186062438113546,-0.2481275591474012,4.649856151714894,9.180665019405007,0.06902755653687975,0.0,0.0454065761407407,0.070632770501496,0.2355388952161522,0.4519163691827063,3.2016701796465816,0.5197203379090899,0.1502417696596518,0.0966231398351826,0.1204770374101995,4.35083644231935,103.43722014722044,65.7539736087769,0.7855126180022637,17.316943108407024,22.436452024883614,-1.6041732036397867,0.06275535834038265,24.4,39.6,31.872509960159363,0.40000000000000036,76.1,21.299999999999997,0.29999999999999716,-0.29999999999999716,25.5,10.6234397562273
347,Bargarh,Odisha,1481255.0,False,,direct,direct,6.188119308151852,260.2545517503175,22.2,25.630882409634285,15.55,23.450000000000003,19.9,57.5,30.65,15.25,62.6,17.80596063568658,25.51416028157341,1.3273899785589582,20.219514861478693,0.09337770244870054,0.6186272787226411,111.09,4.0,2.8,56.2,28.96666666666667,0.4409502615633081,5.186353223504908,9.944076854519603,0.2600309630689508,64.00171591992374,38.1,2.0,68.1,1039.72180939026,30.61,16.40594355522308,0.9726844005072972,0.12969125340097296,2.010214427715081,1.8156775476136213,,0.0,0.0,0.0,0.0,50.1328024584131,314.2088357209402,99.6,95.9,,9.660574412532643,29.5,0.5666666666666668,0.0,45.5,,-0.214562970535507,4.7901440827330095,12.385514699792918,0.3242281335024324,0.0,0.039089813277560795,0.0294624580986027,0.08196329176135711,0.5144907527738303,3.614158709509175,0.427979147427634,0.0239315375453371,0.1399312213385057,0.2040574289784007,7.343587643173599,69.397659443424,96.29199563883328,0.6407493357077254,23.830767812428782,11.027663399640433,16.27906976744186,0.0831327237503203,37.4,31.9,1.5151515151515151,5.399999999999999,-6.700000000000003,14.5,7.599999999999994,2.0,34.0,5.043735375556626
131,Basti,Uttar Pradesh,2464464.0,False,,direct,direct,6.440067711215938,840.1004835187548,31.7,18.685440145407796,10.8,22.1,16.8,62.6,30.75,7.5,39.9,1.0400564582023883,1.2967126243277245,3.2940566498179655,15.347094878521524,1.1420654860400397,0.41965279779475073,86.91,10.4,7.7,58.4,33.1,0.07078918301901072,3.1183542673502673,1.2948975170708268,0.31147240528364717,98.3515195898938,35.8,0.0,43.0,469.20014360773894,34.15,11.253664992765808,0.3993235965174964,0.10890643541386265,3.1219844818640627,0.6897407576211302,51.45631067961165,0.0,0.0,0.0,0.0,41.482461249140286,480.7787127994894,93.2,73.8,56.900000000000006,9.589041095890414,11.6,1.1666666666666667,0.0,15.8,3.7391209492092843,-0.0508730147645324,4.695529960997073,6.606990415107667,0.25411501596567954,0.07260429027590844,0.072109243931653,0.093202211843718,0.1818480180360465,0.3179953125710094,3.3144992279731516,0.6195074364082631,0.0504385103533271,0.1183948845683724,0.1557563317857477,5.268594634688384,42.288355490592345,47.29020184510709,0.8313612767600498,16.077131017245783,11.250647652414202,-2.7386129046426846,0.1237897586499673,40.9,57.0,-3.313253012048193,1.3000000000000007,-0.1999999999999993,16.299999999999997,19.60000000000001,4.5000000000000036,45.5,11.026686371669696
774,Beawar,Rajasthan,999146.0,True,Pali,inherited,inherited,5.969684545714592,,27.3,31.188964164001586,11.65,14.75,8.1,65.9,22.35,4.55,58.8,16.556373182528556,23.805210841113457,3.5748537757908045,15.785955379967728,0.2727106263202513,1.123337436622332,88.3,6.3,1.3,72.6,30.03333333333333,0.2998582904788283,1.8098442772384697,3.3206529204877655,0.10283206120673125,,18.200000000000003,3.799999999999997,46.9,1434.7499374983488,34.28,23.322311481686643,0.8637893141365425,0.08226564896538498,3.61968855447694,0.6992580162057724,38.29787234042553,0.0,0.0,0.0,0.0,63.05785391670207,499.6601627470175,98.8,90.2,88.1,13.777777777777777,10.2,0.0,0.04113282448269249,96.2,1.9332427506865473,,4.949767818225824,14.6904811901894,0.08226564896538499,0.08226564896538499,,0.09401695055917715,,,3.3560258571931225,,0.06285847592507647,0.0599728395871799,0.0838674023738901,,80.00434016225734,,,15.388547121197671,13.973090009279307,-3.4967386187882457,0.049551696524419604,36.6,53.1,14.17475728155338,-6.4,63.400000000000006,32.6,15.700000000000003,2.8000000000000007,30.4,10.435038694743024
526,Bengaluru Rural,Karnataka,990923.0,False,,direct,direct,6.080096781967094,460.0221103014868,20.5,99.20481247276818,15.649999999999999,28.75,33.2,60.2,18.95,9.65,44.2,33.0427690856052,31.300612265815527,20.569092571597956,42.042942479678565,0.23034722629200055,2.5304931754749376,131.82,3.2,0.4,60.8,25.53333333333333,0.03742102954202175,5.110881057005904,5.624796529383002,0.08066310812391354,28.953707860287302,11.200000000000003,2.0999999999999943,6.400000000000006,1519.6580307602921,30.16,20.539987326398606,0.16631568685342998,0.33263137370685997,6.403153943857055,3.742102954202175,15.492957746478872,0.0,0.0,0.0,0.0,117.6284326839569,371.29062353750555,100.0,92.7,,12.903225806451609,43.6,0.43333333333333335,0.33263137370685997,34.9,5.904206883296765,0.395003865238582,5.59284923613152,21.704197134372613,1.3305254948274399,2.6610509896548797,0.1662916782494539,0.0691486737127805,0.37151963563103046,0.4641036690035451,3.6845760873884554,1.390768435631898,0.0183027976260288,0.2633804410796234,0.2353782258881847,7.418397375120356,58.65666014859763,114.310597291616,0.6684999955858855,22.826828020633265,20.83478109798471,191.21578612348821,0.08711695477148605,56.3,93.6,15.813953488372093,8.700000000000003,-3.700000000000003,28.60000000000001,1.5,2.5,11.099999999999994,7.128749136703363
442,Bharuch,Gujarat,1551019.0,False,,direct,direct,6.260700300838949,297.44925358429856,23.7,74.00155005674254,19.25,24.299999999999997,25.5,42.4,23.15,4.3,71.8,25.741816497592243,12.667357076098932,7.19835953042351,12.450638172553408,0.32206075033221043,0.7939044390642392,98.87,11.2,0.4,81.0,36.96666666666667,0.2161702480935109,1.1631495582696525,8.516229926161106,0.15691545927600029,46.547768338727074,22.299999999999997,2.799999999999997,39.8,467.103305626628,28.61,15.746411472801428,0.548655452013987,0.054865545201398705,6.913058695376236,4.718436887320289,54.054054054054056,10.973109040279741,0.0,0.0,0.6931471805599453,25.932748594893113,468.6033296324342,91.1,80.0,69.9,14.868105515587526,19.5,0.2333333333333333,0.0,37.4,2.194621808055948,-0.1179234060579785,5.264092061904414,15.911008108405623,0.6035209972153858,0.0,0.10291497569084339,0.0908728493992614,0.2256612571423515,0.4043303144577855,3.2367890994092927,1.1154877041772153,0.0113629230034906,0.0674966262341854,0.1739063425611167,3.621320709108322,66.92216667849897,131.93519873064093,0.5034109678743512,28.92731005198545,27.13623125876389,15.395053622236812,0.0777148239370849,31.5,60.2,21.224489795918366,1.8000000000000007,11.7,23.1,10.0,1.4000000000000021,9.400000000000006,8.58262758048668
396,Bhopal,Madhya Pradesh,2371061.0,False,,direct,direct,6.522150329835338,882.2339805094599,22.5,79.41468573250354,13.600000000000001,23.65,31.5,29.0,20.7,7.35,53.5,37.07643390280476,38.233072235221385,24.40449785716261,96.98422934939175,1.4757731489992314,5.390132961433356,92.55,2.3,0.6,68.5,23.2,1.1097597717886707,3.8861124746198454,3.2956229128638914,0.05529266125348373,51.92095866439652,20.400000000000006,3.299999999999997,16.400000000000006,1694.3489454809715,31.28,2.5242301876590396,0.06010071875378666,0.12020143750757332,9.075208531821785,0.5108561094071866,91.19170984455958,47.329316018606995,23.499381032730586,1.472467609467773,2.833213344056216,125.65137068416668,1003.9930244077882,98.3,,,12.806539509536782,21.9,0.0,0.0,50.7,5.799719359740413,-0.0373219265238794,5.675277574643522,18.300668860528038,0.3906546718996133,0.8414100625530133,0.0612352442598348,0.0503306781164827,0.2478140881403284,0.3658518275151926,3.5020172148271476,1.2676521998315935,0.0831022533820596,0.1003918454533185,0.1432397418021143,4.487587718418307,77.1532216477158,94.50115370292032,0.8637913490547512,34.792907093754636,28.902383067626015,7.7442769402568405,0.10238449111564775,47.4,83.6,13.157894736842104,8.0,14.800000000000004,,6.599999999999994,3.8000000000000007,15.999999999999993,23.243685052866475
349,Boudh,Odisha,441162.0,False,,direct,direct,5.71319469891775,244.6873650069791,25.9,27.542933983246982,12.9,22.45,18.5,71.7,30.900000000000002,13.0,54.1,3.5246439060781976,12.780463323357681,0.067744391385358,20.88656364112566,0.06193772926661303,1.0761680460074015,111.09,7.0,2.3,56.2,31.900000000000002,0.30388198421432017,6.582819288617216,3.6756171211655673,0.08322882370201126,44.704308226495726,47.1,7.5,69.1,918.5829783208211,32.09,15.290876912695092,0.9677770197908286,0.1935554039581657,1.35488782770716,0.1935554039581657,,0.0,0.0,0.0,0.0,56.41365803764698,328.9957978778922,93.4,91.8,72.1,9.148264984227126,13.4,0.5333333333333333,0.0,44.7,,-0.3629550156316829,4.645068157435564,10.45199181374095,0.5806662118744971,0.0,0.031778269596382296,0.0229891744708915,0.043820691305409,0.4974521830982722,3.6283889300503116,0.16499486592445947,0.0168846096519269,0.171145593986572,0.1741481206067818,16.15016785389958,63.05629952784605,120.72889324103164,0.4685229342295488,8.462242261051005,7.234454391483185,-30.359987257088246,0.06696667062955378,29.9,30.9,0.0,9.8,-17.0,-2.4000000000000057,11.100000000000009,1.7000000000000028,36.2,5.210379817875825
472,Buldhana,Maharashtra,2586258.0,False,,direct,direct,6.471903135968359,279.94011983347883,24.0,46.960528877239874,9.6,20.3,15.7,38.0,27.25,7.25,57.8,2.42597405984405,3.3874573125982623,2.518074034581559,11.595488028215804,0.1076186517995066,0.9368557869819117,92.93,8.8,6.3,79.4,41.300000000000004,0.00708461344134683,4.497380085075933,0.26685377295739726,0.2847339878331774,48.62689436939494,31.099999999999994,10.299999999999997,30.799999999999997,688.9793318960689,36.95,11.36911776063753,0.4385713082738514,0.0674725089652079,3.6435154841212265,0.3710987993086434,67.3913043478261,3.373625448260395,0.0,0.0,0.6931471805599453,57.394815026164444,223.98005394818003,93.9,85.9,69.6,12.211221122112208,17.6,0.4666666666666666,0.0,37.9,1.5518677061997816,-0.1916711210326432,4.800405096049687,7.894283548929325,1.1807689068911382,0.0,0.0552793810067461,0.0966099040344525,0.10035628354211121,0.4715852014764188,3.4219328132785085,0.42521535248296155,0.0317243735828663,0.1301891878170824,0.1721282887700963,10.840676464327093,82.0225807355434,58.85491702683955,0.757321928337735,12.761075620589772,18.51176161649667,22.09812782440284,0.0750179693932583,41.8,69.2,1.744186046511628,-1.1000000000000014,19.099999999999998,21.700000000000003,11.300000000000011,2.8999999999999986,21.900000000000006,6.343266137887674
397,Burhanpur,Madhya Pradesh,757847.0,False,,direct,direct,5.958343305475636,401.3117884182602,27.9,52.77707364597054,8.1,14.9,12.2,36.2,22.45,7.35,57.3,6.380577600118691,3.2414699038036128,0.3026839468747007,22.863094343568303,0.6736093654084249,0.3742274252269027,92.55,6.2,3.0,77.9,37.93333333333333,0.18931505040890373,3.1369063585196253,3.4869190679965523,0.04732876260222593,48.85264665258369,26.0,4.0,31.799999999999997,810.899099028505,33.48,12.437558544305883,0.44026755909047377,0.11006688977261844,1.210735787498803,0.0,61.53846153846154,0.0,0.0,0.0,0.0,53.775380336208194,290.61070973554223,90.7,91.7,57.7,14.285714285714292,14.0,0.43333333333333335,0.0,42.2,1.43086956704404,-0.3533135396194529,4.670561898494588,7.81474917385591,0.11006688977261844,0.0,0.0309451183433872,0.0499424080675845,0.1241617906048268,0.4332523583256251,3.1547282074401557,0.20475883837549413,0.0597758811113648,0.0917692208619427,0.1108175091322039,9.936113361677124,77.0882430884733,60.54784145084694,0.6744322887155123,12.044619747817636,11.457747798388608,-9.71122112211221,0.0468341082674516,26.3,68.2,2.631578947368421,-4.100000000000001,1.8000000000000043,48.400000000000006,14.5,2.700000000000003,33.2,9.898014202328964
229,Changlang,Arunachal Pradesh,148226.0,False,,direct,direct,5.295481413042549,57.29255872988059,28.7,61.58176922541155,11.149999999999999,25.15,17.1,66.2,40.9,45.45,57.2,1.8282087738794053,7.064684874132327,0.040514321858823386,3.342431553352929,0.08102864371764677,0.10635009487941138,59.99,1.3,0.8,65.3,22.53333333333333,0.2430859311529403,0.6330362790441154,1.4230655552911713,0.03545003162647046,14.15246564827864,17.700000000000003,18.200000000000003,65.9,472.88316473618653,36.23,21.270018975882277,2.5321451161764617,0.5064290232352923,1.0128580464705845,0.0,0.0,0.0,0.0,0.0,0.0,22.789306045588155,86.52846290998205,75.1,70.9,,8.463949843260192,12.4,0.06666666666666667,0.0,40.5,3.038574139411754,-0.3655288242892558,4.809385180271389,5.064290232352923,0.5064290232352923,0.0,0.1381285272442295,0.124081410634591,0.44115899854384133,0.424797269035122,3.8224296237793567,0.12627361854854285,0.0063494996352341,0.1326762476812506,0.2005898809843636,2.1893007619403493,28.735821333286,63.06585889115269,0.7185494223363287,2.8461311105823426,57.782515991471215,-56.196414653156666,0.056768581503636006,30.5,34.1,,3.700000000000001,-16.0,-8.599999999999994,23.599999999999994,4.599999999999998,26.199999999999996,14.428918218942647
323,Chatra,Jharkhand,1042886.0,False,,direct,direct,6.130402112772891,290.6487561341115,36.8,26.356592716497044,11.95,19.05,10.4,57.8,28.05,22.3,56.0,0.7606210335190509,0.38586519811433834,0.07035929716096381,3.471305534667762,0.0,0.027403094683743797,86.87,4.5,1.4,62.6,33.06666666666667,1.5375357990122196,0.11405612381882554,0.3614246001531614,0.08961552585764865,56.67341265762062,51.9,16.700000000000003,79.6,225.99035936011256,39.66,7.702491478673934,0.37031209032086215,0.07406241806417244,0.6665617625775518,0.07406241806417244,30.0,0.0,0.0,0.0,0.0,16.814390773109068,34.76786153604511,71.5,71.7,50.3,11.940298507462696,14.1,0.06666666666666667,0.0,46.5,0.7406241806417243,-0.3526553832639919,4.637554100976827,5.554681354812932,0.07406241806417244,0.0,0.0367875552861284,0.0426845773091896,0.0893965099942466,0.3813360233045606,3.3153404766272883,0.3068440821405541,0.0201830470891043,0.1132963717529413,0.1511999965697545,16.478694420071793,28.791199933481845,23.277712041392824,0.831973966057011,5.815381066398819,1.6710039720586223,1.3684482313452104,0.04592385655729445,27.7,20.4,-0.9090909090909091,3.8000000000000007,33.7,29.700000000000003,15.799999999999997,2.6000000000000014,33.3,12.874962196125553
532,Chikkamagaluru,Karnataka,1137961.0,False,,direct,direct,6.069022136199205,172.61580065684797,19.4,58.514566629228135,15.649999999999999,28.95,33.2,50.6,21.599999999999998,12.65,40.8,91.30776968431732,90.19538383592659,8.377016128218507,48.19599360611906,0.1049259657607817,4.420539468068055,131.82,4.8,0.4,53.2,25.866666666666664,0.8760891612709171,5.105543943725841,3.9871866989097047,0.2328844605910033,20.763705200526232,7.700000000000003,4.299999999999997,21.0,1897.703812598981,28.15,39.24060508126795,0.4265283161007386,0.597139642541034,4.9477284667685675,3.6681435184663522,4.166666666666666,12.79584948302216,0.0,0.0,0.6931471805599453,155.25630706066883,634.1921573607052,98.4,91.0,80.2,10.714285714285715,38.1,0.2333333333333333,0.0,30.0,10.236679586417727,-0.1309748282060196,5.1456376650781275,23.373751722320474,1.279584948302216,0.2559169896604432,0.0607264457339423,0.0908801377365284,0.2164797729159891,0.4971822408676571,3.657533887557986,0.29070073737674407,0.016793756180549,0.1245434029813425,0.1453516151694271,11.663039606297886,85.16162347555816,131.48693145019908,0.574655643700669,20.202940220427585,28.76381051733131,11.444167333301962,0.09957672616212675,48.3,79.0,-1.2738853503184715,9.700000000000003,12.3,49.8,2.200000000000003,1.0,29.299999999999997,2.269088899460571
533,Chitradurga,Karnataka,1659456.0,False,,direct,direct,6.236551454382023,215.36340886999773,22.5,35.136902739230216,14.75,30.15,37.4,36.3,25.549999999999997,11.6,44.6,28.387703355399736,29.947397162818106,7.966676996984499,37.14379770898386,0.3300356178583313,3.8508022266458024,131.82,6.2,2.5,61.1,28.766666666666666,0.008120384270679504,12.298902005392016,3.4946653736317157,0.2540520221826874,28.581174089068824,36.9,2.200000000000003,19.400000000000006,2000.627773179028,30.71,24.593163791200784,0.6380301926962467,0.34801646874340736,3.7121756665963446,1.9140905780887405,5.785123966942149,17.400823437170367,2.784131749947259,0.0,1.3862943611198906,125.455876789863,435.8917871560135,98.3,94.6,67.2,10.71428571428572,42.8,0.4000000000000001,0.0,35.3,7.018332119658715,-0.1940415798460908,4.829084382863869,13.920658749736294,0.9280439166490861,0.0,0.0514186412428973,0.0534126259719889,0.1361852238699274,0.5161854246210806,3.6268534146667255,0.5283809396638326,0.0235469011514143,0.0999704054824894,0.1682945432247922,11.24504988688464,110.14604296433636,57.94248235566354,0.812267947957942,19.992966101860848,20.64010020106134,17.121984369690793,0.1082786641254265,48.3,80.6,13.874345549738221,24.299999999999997,-10.900000000000006,45.89999999999999,2.700000000000003,-2.0,19.700000000000003,2.6106468330683663
95,Chittorgarh,Rajasthan,1544338.0,False,,direct,direct,6.273760488684063,221.06267916609863,26.1,43.81400574787294,10.7,19.700000000000003,15.3,68.0,24.05,5.5,45.1,19.272944991469718,28.334955950027897,3.5021390097759064,14.877968170901141,0.390782917782839,3.9472269106838804,88.3,5.2,1.3,72.4,23.96666666666667,2.784461389651564,4.32257017640173,4.123984306738244,0.13310044883611682,51.88031287385352,36.2,2.4000000000000057,68.7,1580.1520241267235,32.09,23.31919863608767,1.1180437702233816,0.10648035906889347,2.129607181377869,1.9166464632400824,20.0,5.324017953444674,0.0,0.0,0.6931471805599453,84.30156507843365,742.8117764807589,96.8,87.8,,9.85401459854015,15.4,0.2333333333333333,0.0,90.6,1.8634062837056358,-0.193480422096787,4.875090288605745,10.91423680456158,0.053240179534446735,0.0,0.0423898241215128,0.0431974456576385,0.1511590991223962,0.5198052498870066,3.496929648073215,0.5528220628611691,0.0416431944680577,0.1119347579019098,0.1298505882058949,3.346097834152584,84.01947770813459,82.9844243941417,0.6788055182746028,19.551391130434876,24.22782657976764,-14.611574859906526,0.0806162230182818,24.8,31.3,31.142857142857146,-2.3000000000000007,84.0,45.4,11.200000000000003,1.1999999999999993,30.699999999999996,9.917748606468349
758,Chumoukedima,Nagaland,166911.0,True,Dimapur,inherited,inherited,5.376643597515508,,24.5,122.70998460236626,13.05,19.700000000000003,21.1,59.9,30.2,13.7,34.7,11.717163496846958,7.356083370690333,2.510027441030722,28.472892402606618,0.6052942280361697,1.0143768714489938,92.52,2.2,0.6,48.9,27.7,3.509595890998709,1.6252242575405418,2.4878148088092114,0.13882895138444262,,18.900000000000006,7.599999999999994,15.799999999999997,974.2127302871322,46.08,11.66163191629318,0.3702105370251803,0.18510526851259013,3.1467895647140325,3.3318948332266225,75.67567567567566,0.0,0.0,0.0,0.0,116.97542338384623,1033.181715677188,73.7,55.9,36.7,9.477124183006543,14.6,0.3,0.0,5.7,6.848894934965836,,4.704181812631532,11.762900781701852,0.5553158055377705,0.18510526851259013,,0.2550763548678827,,,3.865163219506086,,0.0023393931169526845,0.1594593934364276,0.2371608055546721,,80.66966989055794,,,,,,0.09440272770297868,52.5,84.2,14.035087719298259,-1.5,1.1000000000000005,22.199999999999996,17.400000000000006,6.199999999999999,12.799999999999997,-4.50018790911717
96,Churu,Rajasthan,2039547.0,False,,direct,direct,6.383933153087082,152.78774091496732,29.0,33.02162134417843,7.550000000000001,23.299999999999997,20.3,55.0,22.45,4.75,52.9,17.37627839190874,23.41637554297378,8.12630812246771,37.8901354625904,0.09129754944158222,1.2153728074983479,88.3,6.2,5.2,78.1,22.333333333333332,0.3242922005051676,1.3475683542010914,1.930881204026947,0.016524443337842934,58.52953872949285,19.799999999999997,1.7999999999999972,59.4,1653.2391595088438,31.07,22.22537628939875,0.6609777335137174,0.12393332503382201,2.809155367433299,1.2806443586828273,48.97959183673469,6.196666251691101,0.28917775841225135,0.0,1.0986122886681098,50.711864159506185,566.0022560962148,87.8,74.3,74.75,12.40875912408759,8.2,0.3333333333333333,0.0,81.9,2.0242443088857596,-0.2979215510113075,4.745781889628832,9.501554919259688,0.2065555417230367,0.041311108344607335,0.0799399027402223,0.1012277773758828,0.0465967164233538,0.4426615321931781,3.323252100171687,0.23384728238561844,0.1019146118848169,0.108769060932367,0.1667409126243222,3.12149194320277,104.15866618267016,68.30879602186171,0.7869134863155779,13.24475444636456,23.98817720753703,18.031881603652028,0.04443566392288245,33.4,40.6,23.937360178970916,6.800000000000001,63.300000000000004,16.9,7.200000000000003,3.1000000000000014,4.1000000000000085,10.175970954547788
308,Cooch Behar,West Bengal,2819086.0,False,,direct,direct,6.5117891964262755,836.6046453583616,25.0,14.461289030346453,16.15,21.25,16.5,75.8,39.2,7.3500000000000005,74.8,5.315306195984456,16.262294870129963,2.0401346055920886,30.763284815263173,0.04862592663803741,2.790143360129412,110.07,4.5,2.5,66.4,22.666666666666668,0.030775902935466715,5.405171832556019,5.861270714059636,0.33576510102594187,46.22905469203951,24.299999999999997,0.7000000000000028,74.3,1414.8852063745596,34.44,13.449069582798954,0.36931083522560054,0.15387951467733357,0.954052990999468,0.2462072234837337,,3.0775902935466712,0.0,0.0,0.6931471805599453,62.96164998440716,278.8743056545849,93.0,94.2,59.8,9.91501416430595,23.9,0.26666666666666666,0.0,36.0,,-0.0564278369556337,4.6310569188886985,9.325098589446414,0.30775902935466715,0.0,0.032807407520954596,0.037667779803192,0.0513667962442258,0.4001215287508078,3.3979400086720375,0.4260358458921861,0.0095533013773223,0.1041327065481318,0.1288324192888394,12.163584648412762,78.25671852869036,82.7665420636334,0.7737114595030129,8.019277027894562,7.307342892127819,-32.74745128403665,0.09563987345342585,26.7,25.7,0.44742729306487694,6.800000000000001,-8.5,17.60000000000001,11.799999999999997,1.3000000000000007,22.400000000000006,4.811157067040785
465,Dadra And Nagar Haveli,The Dadra And Nagar Haveli And Daman And Diu,343709.0,False,,direct,direct,5.82828651989248,703.1409345645349,26.8,144.66586337653297,14.899999999999999,13.4,23.0,43.7,21.549999999999997,13.75,64.4,8.237048933491018,8.686990492324222,0.8642441823132815,33.202123148355085,0.31481059561927094,0.8954282507472658,39.67,2.1,0.3,74.8,35.13333333333333,3.5475590232756518,7.044629554801044,6.073468566428387,0.9607662988946617,32.922037760416664,36.9,5.200000000000003,25.700000000000003,2698.1079690451966,39.9,12.176636245651045,0.29699112794270843,0.29699112794270843,3.4153979713411466,0.0,15.384615384615385,26.283714822929692,3.860884663255209,0.0,1.0986122886681098,113.41497193876148,1383.289636796194,96.3,100.0,87.2,13.483146067415742,21.9,0.2333333333333333,0.0,58.8,1.9304423316276045,0.2112417917463302,5.12428461586599,9.949202786080733,2.82141571545573,0.0,,0.09096509143107821,,0.4572501738389161,2.7015679850559273,1.364662125651741,0.0035599460475366934,0.0809527288407565,0.1709237274796859,-0.3409022740936351,62.76311915940402,274.3978190853309,0.5360766808393329,22.745065533492323,32.57119935820297,34.34786422243663,0.10416036991919213,31.5,74.3,47.368421052631575,3.8999999999999986,27.999999999999996,56.8,8.299999999999997,2.099999999999998,30.5,33.63322289205037
324,Deoghar,Jharkhand,1492073.0,False,,direct,direct,6.249676645199132,617.3541626649888,36.0,33.16683358098304,11.75,16.35,10.9,56.6,29.3,14.15,70.2,0.6111575483396834,0.5723270963733499,0.11367755503187481,3.608418232001888,0.06809398098443986,0.12943483988777824,86.87,6.5,0.8,73.9,32.1,0.02251040693700491,0.2830683672328368,0.2689993628972087,0.009566922948227087,59.64101014662133,58.4,9.200000000000003,76.5,312.9818842512492,30.44,10.86127134710487,0.5064841560826105,0.11255203468502457,2.588696797755565,1.4631764509053193,61.53846153846154,7.034502167814035,0.0,0.0,0.6931471805599453,26.605612719019533,108.02913117120686,61.3,54.5,46.35,7.438016528925608,7.8,0.36666666666666664,0.0,53.8,1.4631764509053193,-0.0979581462622392,4.861983979539822,8.38512658403433,0.28138008671256143,0.0,0.0464404672361652,0.043845270322173,0.1138829750771899,0.3695978682008186,3.329194415088451,0.8459512583967508,0.0170069652696654,0.1278959942175894,0.1899549063957,9.893884675739727,39.86128923645005,35.66112381900886,0.845101392621549,15.183269479009814,9.905700450259111,3.4469537210996513,0.06581611255428374,19.7,23.5,4.66321243523316,3.2,45.599999999999994,-9.700000000000003,3.299999999999997,-1.7999999999999972,20.3,11.940096768303397
674,Devbhumi Dwarka,Gujarat,752484.0,True,Jamnagar,direct,direct,5.964975311856444,,24.2,47.97317258294735,13.5,17.700000000000003,24.1,50.6,42.4,1.55,48.8,45.6500091020021,45.16980218175925,1.7950850111109509,18.51018819428176,0.005419942666397798,0.12682665839370846,98.87,9.1,0.0,66.7,30.833333333333332,0.5116425877079521,1.4655524969939646,18.168731806298698,0.07262723172973048,,26.599999999999994,6.099999999999994,38.8,639.4589276325448,27.91,21.029377545623458,0.4335954133118239,0.21679770665591194,7.2627231729730495,3.1435667465107233,16.666666666666664,0.0,0.0,0.0,0.0,58.36085864323822,628.4672839050901,94.8,73.3,70.75,20.253164556962023,17.9,0.13333333333333333,0.21679770665591194,33.5,3.902358719806415,,4.973705890404533,10.189492212827862,0.32519655998386787,3.468763306494591,,0.09706880968727609,,,3.165541076722373,,0.09113461881693936,0.1428556070746576,0.156531876925609,,48.54306376900224,,,17.856543108714185,27.091580006709158,17.613879765814648,0.05840879736464576,15.8,61.2,79.86990883661667,,,,,,,9.148847857866802
377,Dhamtari,Chhattisgarh,799781.0,False,,direct,direct,5.97417343975828,361.2015291730899,23.6,43.595977836106115,12.1,22.95,12.7,50.7,26.05,17.849999999999998,59.6,18.66670693442563,19.375636392166054,3.9946264654714922,17.42395784009324,0.17086473457516213,0.8256693385060629,94.16,1.4,3.1,67.3,25.766666666666666,1.983516701372534,3.8396808055461897,5.745724676956073,0.1910288957983179,63.38604404351287,10.200000000000003,0.9000000000000057,69.1,880.4617321792371,32.41,23.347976153127743,0.4245086573295953,0.21225432866479765,2.547051943977572,0.8490173146591906,40.38461538461539,0.0,0.0,0.0,0.0,51.00789899308085,354.44562598063226,94.3,80.6,,9.646302250803863,22.9,0.19999999999999998,0.0,86.8,5.518612545284739,-0.2118093831195817,4.763203391171293,10.718843597572283,0.5306358216619942,0.0,0.0552151239093496,0.0393003909100763,0.16215903663820982,0.5037566533838639,3.204662511748219,0.31884046563616475,0.0374708976369259,0.1007541353792302,0.1361573322932452,8.476599395790174,72.9341570689393,55.69524657374957,0.7720231681034483,15.216512821979343,18.598018613029122,-24.50902964249987,0.0609818749423947,40.9,30.9,8.212560386473431,2.6999999999999993,3.5999999999999943,-7.6000000000000085,11.700000000000003,1.7999999999999972,33.4,9.474871775372744
299,Dima Hasao,Assam,214102.0,False,,direct,direct,5.4373084098236415,83.70593825328868,27.7,29.657916434462408,11.55,20.3,16.2,53.8,38.25,40.55,60.5,4.274422545986821,6.349526824722304,2.5171599437477945,33.68391100341751,0.07306705206815078,1.1325393070563372,109.67,7.0,2.7,73.1,25.3,0.5845364165452063,3.821406823164286,7.018090351145884,0.007306705206815079,33.379555471941515,16.200000000000003,49.8,51.8,695.3279875961433,32.12,30.688161868623332,0.7306705206815078,0.3653352603407539,1.4613410413630157,1.8266763017037697,50.0,0.0,0.0,0.0,0.0,48.75399049247361,168.16747368745243,89.5,63.6,39.9,15.61338289962826,19.7,0.0,0.0,61.9,0.7306705206815078,-0.3826248281766062,4.797960082561135,11.690728330904125,0.3653352603407539,0.0,0.1626857306333128,0.1097733103072515,0.0360892096789159,0.3971378128181894,3.683587317572767,0.0497298674485337,0.010778801395361,0.1128456147443544,0.1670906215408083,3.0196030334569635,43.340112303872246,313.1591484432654,0.9195501730103808,11.160992203410034,26.192842942345923,155.64853556485357,0.043717492223921545,42.4,48.2,10.256410256410255,1.6999999999999993,56.5,3.8000000000000043,32.4,3.900000000000002,22.699999999999996,6.933994647787381
326,Dumka,Jharkhand,1321442.0,False,,direct,direct,6.19925048194924,367.39712926355696,31.7,24.33887393225278,11.899999999999999,17.05,9.1,48.1,33.1,26.65,73.4,1.4132575597932175,1.5428272376812362,0.1807655018340162,5.810409994266122,0.0018961416276295406,0.010112755347357548,86.87,6.4,1.3,75.1,36.96666666666667,0.15927589672088138,0.5934923294480462,0.7350709043110519,0.009480708138147702,58.43174733818997,58.5,7.400000000000006,81.9,443.8709538478452,32.0,18.32936906708556,0.7584566510518163,0.06320472092098468,0.9480708138147703,1.390503860261663,38.88888888888889,6.320472092098468,0.0,0.0,0.6931471805599453,32.603523239880744,168.7426998204265,60.3,78.9,54.2,4.526748971193415,8.5,0.06666666666666667,0.0,45.4,1.1376849765777242,-0.268602079196902,4.676278098085434,8.21661371972801,0.18961416276295406,0.0,0.0448401585919658,0.0361433117705449,0.08716335764547159,0.4728009250500589,3.204933522354145,0.36581399138524895,0.015646983078349,0.120565594839876,0.1444832995713116,16.15438866408074,35.00926701847666,23.715002247544728,0.7573552875103708,12.406454669580084,9.187749667110518,-8.59178541492037,0.0636252905890701,19.1,18.1,-0.6578947368421052,5.0,41.199999999999996,2.9000000000000057,6.0,0.8000000000000007,29.2,12.031429626232715
78,East,Delhi,1461440.0,False,,direct,direct,6.345217512932604,24187.155680589363,24.6,100.67774270110391,12.3,29.799999999999997,41.3,79.1,13.25,10.1,42.5,53.04210087552922,46.737350367019886,5.222645765071777,33.91829317264101,0.3802722011579416,1.3259847774343425,120.33,14.2,4.5,65.9,26.933333333333337,1.4208270128775347,3.620715245467004,5.700018350135843,0.005871186003626176,113.65957446808513,22.0,1.5999999999999943,0.9000000000000057,1967.2899083135037,30.05,2.2129854936744815,0.0,0.09032593851732579,2.664615186261111,2.619452217002448,,0.0,0.27097781555197736,0.09032593851732579,0.6931471805599453,56.92882600992974,1762.828113885685,92.6,74.6,83.80000000000001,13.333333333333334,25.2,0.10000000000000002,0.4967926618452918,30.7,,1.0429331425490442,5.903338500170201,11.787534976511015,1.8968447088638414,2.3033114321918076,0.5263690019654279,0.3173126747975484,0.4010323241185277,0.3391308722751274,3.4371160930480786,3.6671700747241958,0.0338316883721939,0.1051901900135539,0.1008597839585176,-1.3079218485841593,88.64997763894385,125.22333102835825,0.7387806587245971,38.66808264957458,31.174476952371826,53.238594670055306,0.13524006614428555,57.2,99.1,,,,,,,,19.793048398021202
740,Eastern West Khasi Hills,Meghalaya,131451.0,True,West Khasi Hills,inherited,missing,5.229210306230642,,50.6,4.432746926859976,6.6,16.2,8.7,57.8,61.75,18.0,51.8,,,,,,,77.51,10.1,6.5,56.2,32.699999999999996,,,,,,12.200000000000003,19.5,91.4,,,,,,1.347291205883022,0.0,,0.0,0.0,0.0,0.0,,,41.7,62.5,76.35,12.962962962962964,4.7,0.3333333333333333,0.0,60.1,0.0,,4.417545567050183,6.489068802401567,0.0,0.0,,0.06152941790522065,,,3.469527479187014,,0.0033565205591060254,0.1126942975097249,0.1618038046520731,,38.899392433478056,,,2.0293087891146717,,,0.03514229545432474,16.4,8.6,,,,,,,,18.44573988534717
505,East Godavari,Andhra Pradesh,1832332.0,False,,direct,direct,6.257444127761203,728.1652121698663,20.5,27.486335560826127,24.65,30.6,44.4,49.2,14.35,13.299999999999999,63.0,66.72607041829814,75.4209656561039,6.649670953417669,29.649470722262567,0.1898777898282385,0.9764887093151661,137.81,13.3,2.2,66.8,19.933333333333334,0.957644505220681,1.961771380541092,0.20728624503933413,0.4687720104266153,30.75324049973972,22.299999999999997,2.0999999999999943,19.700000000000003,1415.3115364401117,33.93,17.910967320281856,0.46661838710153125,0.07178744416946635,9.673358101835591,2.3689856575923898,36.75213675213676,22.11138077685649,10.392348965122551,0.6080629713635535,1.3862943611198906,58.83214358881319,675.7368271846807,96.6,59.0,66.55000000000001,21.49901380670611,52.2,2.5666666666666664,0.035893722084733175,66.4,12.935157754461047,-0.036267662484693,5.056717775308504,20.34247031470797,0.22111380776856487,0.3409903598049652,0.0294392618209922,0.024538660825189,0.1559874164516119,0.4062011572482449,3.9116901587538613,0.5682716291430521,0.0059713277053723,0.1022308230270678,0.1605110164696408,7.018012272656593,191.29249162852136,129.96905882005998,0.7109250797508281,29.710509565342644,14.207290294246816,398.2571613979791,0.08569387269743278,43.2,80.3,10.702702702702728,8.0,-4.5,-1.2999999999999972,-0.30000000000001137,1.3000000000000007,19.300000000000004,2.239548766307196
274,East Khasi Hills,Meghalaya,825922.0,False,,direct,direct,6.032594716300346,819.8980299661897,34.3,39.67844904068121,9.25,24.75,15.6,49.3,40.85,12.6,48.2,4.0419677461422,19.435213284755356,3.132826504182283,14.303203743406113,0.9926338049970516,3.9640413539742063,77.51,11.5,5.1,39.0,26.53333333333333,0.4072581685922483,5.082841698671818,22.457644066699647,0.09555259992027693,32.190008952129666,19.099999999999994,10.0,52.6,1662.7831514340376,43.67,10.297416107913339,0.6493866013999402,0.1855390289714115,2.3192378621426437,1.948159804199821,19.607843137254903,4.638475724285287,3.618011064942525,0.371078057942823,1.0986122886681098,123.63393195510005,1223.5389819422628,63.4,49.1,72.0,31.54761904761905,13.9,1.1333333333333335,0.0,47.1,4.731245238770994,-0.115331707460037,5.394763169261665,15.492508919112861,0.27830854345711725,0.46384757242852875,0.0789681977938533,0.0557257765707849,0.0690021837246952,0.3956620600976848,3.513084360465144,0.2995430374751542,0.0087232212302792,0.0781310851557823,0.1107954715585324,-1.0178352651874945,34.174876752918955,113.76982330050538,0.8629915394029692,19.78309896407675,39.641314451309526,30.940685251135946,0.0676379628358097,43.5,47.4,29.67032967032967,-1.0999999999999996,22.700000000000003,-19.6,-3.3999999999999986,-0.29999999999999716,13.100000000000009,15.91349955618539
327,East Singhbum,Jharkhand,2293919.0,False,,direct,direct,6.483464691474756,659.4480957905195,23.4,51.34454227155389,14.1,21.1,18.6,74.6,23.7,15.05,64.4,5.915955609522802,5.617677654419982,1.7962377296280019,9.715714537578235,0.19709997033226062,0.3363839493670582,86.87,1.9,0.7,67.4,35.63333333333333,0.7637623850375099,1.5817272619163916,1.1628898249603377,0.03974849401700589,67.36725507008649,29.799999999999997,10.299999999999997,42.4,507.77091456967315,28.49,8.573848709453339,0.29564995549839096,0.06569999011075355,0.9526498566059263,0.32849995055376774,70.45454545454545,8.212498763844193,1.5439497676027083,0.0,1.3862943611198906,33.83680890684029,1263.497533816737,94.0,88.8,,7.619047619047614,18.6,0.0,0.03284999505537677,50.7,1.4453997824365779,-0.1378483686607362,5.204246484606709,11.957398200157145,0.16424997527688387,0.06569999011075355,0.055870028272705305,0.0725718986544041,0.252250391355035,0.3649505496924695,3.5287881917748964,0.9435089287848275,0.0203807152333757,0.0927149082882561,0.1197871653360478,2.5893934225792226,50.163211275489815,78.23597956161487,0.838689006892632,20.8508773614993,16.79673643135864,-5.267006955016268,0.0903265065122139,46.8,57.6,-0.36900369003690037,2.200000000000003,30.900000000000002,19.89999999999999,12.299999999999997,2.400000000000002,25.5,12.319811770128274
475,Gadchiroli,Maharashtra,1072942.0,False,,direct,direct,6.090054907436955,125.24270322342105,22.7,42.01071050122509,8.8,17.1,5.6,45.1,43.95,18.900000000000002,66.2,7.586813614148231,15.549920179914098,1.674219179983434,18.085630782607453,0.5932912628096635,2.3276522968313373,92.93,4.7,3.2,76.6,33.699999999999996,2.975396319378326,5.550117854420811,1.9968720996210179,0.5819130742078343,42.21846769254326,37.6,17.0,39.5,1152.589374443605,41.12,34.459656908396894,0.7314549815461604,0.32509110290940463,3.8198204591855043,0.5689094300914581,30.0,8.127277572735116,0.0,0.0,0.6931471805599453,83.2932169319331,641.2454513998297,97.3,97.9,,17.28395061728395,17.3,0.9666666666666667,0.0,33.3,1.6254555145470233,-0.4337407345467963,4.751062018958267,6.745640385370145,0.08127277572735116,0.2438183271820535,0.0681290258750139,0.0829281161400537,0.0757708193597948,0.544518715829933,3.2667019668840878,0.12880343695956256,0.0085884235028327,0.1294215233244517,0.1544128777749056,12.772574457214825,34.31821864185683,74.11957030296139,0.8711239091617836,11.986921692027021,20.94267702682891,-1.8369384359400998,0.0839540990821,42.3,60.5,0.6976744186046512,-0.9000000000000004,13.699999999999996,15.900000000000006,9.599999999999994,-0.6999999999999993,30.1,5.85709448928438
353,Gajapati,Odisha,577817.0,False,,direct,direct,5.804409085998724,129.16367298497,28.2,26.54081552020717,11.45,22.299999999999997,17.5,68.6,26.35,17.1,66.1,11.434028699608078,28.734115756493132,1.291191770002394,30.039427485098226,0.09256417306214003,1.5359377191158492,111.09,6.4,0.3,64.4,31.266666666666666,5.5962102595365,2.9369513893614605,7.651448678373846,0.14119958602699326,27.477839211483506,41.7,21.900000000000006,71.1,1154.2815136220431,33.25,24.78837176918326,1.2551074313510513,0.1568884289188814,1.2551074313510513,1.0982190024321699,,0.0,0.0,0.0,0.0,54.587759958035605,371.1682140205789,76.4,92.6,,11.437908496732032,13.9,0.19999999999999998,0.0,39.6,,-0.4066994079582567,4.753627456754446,9.727082592970648,0.1568884289188814,0.1568884289188814,0.0274047868877279,0.0174955768957788,0.0567268456743385,0.5086956596984858,3.5425764762605296,0.12073469974017037,0.0045154104475233,0.1118077327958284,0.2198212434183797,16.542655490483327,45.09993113540263,87.72846766363746,0.6497603124815056,7.729892892833288,5.155306298533218,0.4075810067250866,0.06438929057392395,22.5,28.9,1.2195121951219512,6.300000000000001,-8.5,46.199999999999996,13.100000000000009,3.6000000000000014,19.9,4.249484027480681
626,Ganderbal,Jammu And Kashmir,297446.0,False,,direct,direct,5.689128731100798,1110.23698868025,25.1,25.020600343781776,8.75,20.3,34.2,75.0,21.299999999999997,0.15000000000000002,77.2,10.52583718468988,31.68184929875753,22.23212297104469,55.61610959490659,0.0,0.29255485275231347,87.34,4.7,2.3,89.8,21.5,0.0,1.3257031089755185,9.502918119122352,0.0,23.61033591731266,21.599999999999994,2.799999999999997,15.599999999999994,1871.0724087828469,32.96,16.775872675307486,0.20458381311350593,0.20458381311350593,2.455005757362071,0.6137514393405178,33.33333333333333,0.0,0.0,0.0,0.0,34.2534678295943,303.105239994577,98.0,81.2,62.3,29.80769230769232,47.2,0.16666666666666666,0.20458381311350593,8.3,0.6137514393405178,0.081333273335592,4.698095939331623,9.001687776994261,1.4320866917945416,0.40916762622701186,0.2094341534046208,0.1609515053704178,0.044084051743902,0.3391876172481727,3.8427340189482697,0.38582060390511896,0.0021795489352118,0.1302040454004733,0.1287267112772239,6.28642762924434,92.66074282026158,69.82107676687534,0.7552484591679507,5.86746376009535,45.466908431550316,43.903662819869545,0.06918043609880255,34.3,84.4,43.103448275862064,0.4000000000000057,5.200000000000001,-1.7000000000000028,2.5999999999999943,2.0,19.800000000000004,14.903496092132102
734,Gaurela-Pendra-Marwahi,Chhattisgarh,219616.0,True,Bilaspur,inherited,missing,5.599456301383137,,24.8,33.60983155141831,11.35,26.5,17.1,50.3,25.75,18.25,58.5,,,,,,,94.16,5.1,0.8,78.1,25.900000000000002,,,,,,19.5,6.400000000000006,57.8,,,,,,0.0,0.0,10.0,0.0,0.0,0.0,0.0,,,79.4,52.5,72.1,10.17441860465116,19.0,0.26666666666666666,0.0,60.4,5.030066124694849,,4.5777405256385535,7.042092574572789,0.5030066124694849,0.0,,0.02973101473180262,,,3.370142847051102,,0.015460337120730784,0.111084369713365,0.1977219274558739,,57.35332530558254,,,13.633994230985389,11.698473282442748,,0.09697139058942067,37.4,42.2,,,,,,,,9.604506398796234
329,Giridih,Jharkhand,2445474.0,False,,direct,direct,6.495524646523305,531.8735949617236,34.6,17.501112975778156,13.100000000000001,20.65,7.8,53.9,24.599999999999998,15.6,64.7,0.5175953523579783,0.6923636596047771,0.0389794030788107,1.4604496022397027,0.017572681715857286,0.14409599007002974,86.87,9.0,3.1,62.8,31.333333333333332,1.3243411947677899,0.19553602200190284,0.2894699933557581,0.007987582598116947,62.38099342527261,40.8,12.400000000000006,67.6,128.20102020308093,34.0,6.2622647569236864,0.35145363431714566,0.03195033039246779,1.086311233343905,0.7348575990267591,60.0,0.0,0.0,0.0,0.0,19.03664585444016,64.43455080579372,70.7,70.6,55.25,10.108303249097474,10.7,0.8999999999999999,0.0,52.4,0.9585099117740338,-0.1731171378466064,4.631000052294978,6.198364096138752,0.12780132156987117,0.0,0.0609841886069346,0.0627111859540803,0.151844380360599,0.4237530229313417,3.3226327116922234,0.49594233647831376,0.0128633489791824,0.1206085973487292,0.1863868176205934,11.37941714730828,42.83339098128218,32.28126735348648,0.8274704533650862,10.737228031692725,2.1540800810947793,14.880525074351347,0.0750463142681921,25.0,32.4,-0.4807692307692308,0.7999999999999998,34.099999999999994,22.999999999999993,7.400000000000006,3.0,39.0,12.67869339025719
675,Gir Somnath,Gujarat,1217477.0,True,Junagadh,direct,direct,6.142325166959607,,23.4,33.68339868086542,13.7,13.15,17.3,25.2,39.8,2.8000000000000003,49.9,57.65334787349176,53.96980543146141,4.7658352330963805,28.828475356171754,0.3206526578058496,1.6493796263316622,98.87,9.9,0.7,68.9,31.066666666666666,0.3033590313174442,1.4202390753602911,4.548223766450612,0.14339298629969452,,25.700000000000003,1.7999999999999972,53.2,561.8605572272759,26.97,14.843696069214612,0.576454216280179,0.07205677703502238,7.782131919782416,3.4587252976810743,26.0,0.0,0.0,0.0,0.0,36.25897020402326,424.8698155671432,87.1,69.9,83.94999999999999,18.01470588235294,17.2,0.20000000000000004,0.0,46.6,3.674895628786141,,4.842942011727184,8.718870021237707,0.7926245473852462,0.0,,0.12995013061582603,,,3.0773679052841563,,0.039261119267118956,0.1216007459112165,0.1557633333491539,,55.56010020364534,,,18.215232666683306,18.538694336359708,3.1753805967103386,0.07113458357514779,30.8,46.8,3.9139413891922805,,,,,,,9.048412237639013
287,Goalpara,Assam,1008183.0,False,,direct,direct,6.043453481227506,598.8341470189384,30.0,27.971500845673408,11.7,17.35,15.3,68.3,33.8,10.6,64.9,4.0588760405528355,5.383484717184435,6.454752936536765,32.21857265449084,0.16467129723152388,0.8287852102421751,109.67,7.8,2.1,60.7,32.86666666666667,0.30400854873512095,1.073077794047183,1.6801901041699991,0.0054287240845557316,40.60283623417722,24.700000000000003,9.299999999999997,63.7,956.974576838137,36.51,17.462395805320938,0.5428724084555732,0.09047873474259552,1.0857448169111463,2.3524471033074836,50.0,0.0,0.0,0.0,0.0,64.57829213518012,524.3025529370029,92.3,70.3,51.0,13.333333333333336,16.2,0.13333333333333333,0.0,71.1,1.2667022863963373,-0.1280098590375579,4.486578849811616,6.243032697239092,0.09047873474259552,0.0,0.0606910124864787,0.0594095581485952,0.0719953091070324,0.3596301465110996,3.6442415858437287,0.4759927476246136,0.0101003919732835,0.0869089956338451,0.1438322572136756,7.043367542656465,66.45297756144876,94.91828368460884,0.8263545639793093,18.751717775402923,5.325371679259079,78.35628227194492,0.04951318844044755,23.4,36.3,2.5773195876288657,3.700000000000001,59.3,26.599999999999994,21.099999999999994,4.0,27.799999999999997,6.478611664994986
476,Gondia,Maharashtra,1322507.0,False,,direct,direct,6.209767386127773,297.1587205209221,21.6,35.88839819739121,9.05,20.35,9.4,43.0,36.15,11.5,60.4,4.457285630380959,8.84670947261771,2.96494321655514,24.673312318540628,0.20111766304556297,1.3072648097961592,92.93,4.5,2.6,78.0,32.06666666666666,0.2726810032703645,3.1037514195773843,0.3417766421081039,0.22209312483559102,55.54667064563006,25.700000000000003,8.400000000000006,32.0,784.0146415342005,41.26,18.137605194906598,0.6169253467655306,0.06169253467655306,2.8378565951214405,1.172158158854508,53.57142857142857,9.253880201482957,3.3313968725338654,0.0,1.0986122886681098,49.6661919667058,266.88684041354264,99.1,88.2,73.6,18.85521885521885,27.0,0.7333333333333334,0.0,30.6,1.7273909709434856,-0.1527155923187338,4.759333800073938,8.143414577305004,0.3084626733827653,0.0,0.0539497450019219,0.0631240177213025,0.12678251492443232,0.503149699774746,3.2265999052073573,0.3013424989141018,0.0216962572266846,0.0936446463927798,0.2210119947585433,5.254786751071339,56.05688631920011,81.25401226609765,0.7107175760057324,12.822176407174787,16.35124905374716,3.9355903385507824,0.09948010321639589,54.1,68.0,5.923344947735192,2.6000000000000005,14.600000000000001,13.799999999999997,5.799999999999997,1.6999999999999993,16.599999999999994,5.997644338807449
506,Guntur,Andhra Pradesh,2091075.0,False,,direct,direct,6.4260202827498745,490.85716839566624,22.4,35.3529145288749,24.299999999999997,28.55,46.4,53.4,13.5,12.35,59.5,71.3169059668195,65.28259263345079,5.9041678010427665,25.70051745354139,0.34111030192715197,1.5145069745742232,137.81,10.0,1.0,59.3,22.833333333333332,0.11819339160212215,1.8891971004396986,1.1758629873996036,0.30108011632835935,31.266200600734784,16.599999999999994,0.7000000000000028,8.299999999999997,1137.7722737788986,30.44,15.38600972541269,0.3225180830234473,0.056914955827667174,8.442385114437297,2.807804487498247,58.301158301158296,27.18427305263826,16.460546027735443,1.424830863448626,2.0794415416798357,52.168438228159154,750.5193097135822,98.6,76.2,,14.639175257731956,53.8,7.1000000000000005,0.03794330388511145,71.1,9.711347200873531,-0.0925684709036483,5.285608622088962,20.172605382509495,0.41245103941933914,0.8157810335298961,0.023733966241795003,0.03604921496184,0.1398719526256982,0.4872575935290487,3.59250984790068,0.599558439951897,0.0109102938369285,0.1176090747073612,0.139847496152208,6.768791641985361,128.156371038544,110.88824388330733,0.7983933608978582,19.153101404162967,16.441010013060513,-44.13347332502133,0.0641769492437923,32.6,91.7,6.290115532734289,1.2999999999999972,-3.4000000000000057,14.5,1.0999999999999943,0.6000000000000014,18.400000000000006,1.7419706565581103
709,Hojai,Assam,931218.0,True,Nagaon,direct,inherited,6.054917013533338,,27.5,14.669525928506394,15.55,23.1,20.1,69.6,36.25,9.45,56.3,3.942658497039289,8.479897909899494,0.25776797279235264,8.794624758303236,0.0825322483348683,0.448696448693791,109.67,4.4,2.4,56.8,26.8,0.2179548811660254,0.5007150136654157,1.5259747746703993,0.08660073944996742,,36.9,0.09999999999999432,48.0,678.7085938859209,33.01,12.467019202696653,0.523091714798461,0.02906065082213672,0.7930955186181003,1.0574606914908007,36.36363636363637,0.0,0.0,0.0,0.0,26.619556153077237,148.31015965125007,82.1,55.5,44.7,9.269662921348312,18.4,0.4666666666666666,0.0,67.4,0.9693389671999005,,4.211219739533352,2.5555300044361013,0.1762434485818001,0.0,,0.0731461720057263,,,3.724275869600789,,0.007831881304580726,-0.1435805840424427,-0.0163016559159425,,60.86690042660918,,,14.655523966819587,5.743660041124057,,0.0601113432349335,23.1,52.0,1.1312217194569993,,,,,,,7.390689614749263
312,Hooghly,West Bengal,5519145.0,False,,direct,direct,6.77557343883123,1757.8707340100575,19.9,44.80817700507462,21.0,25.4,34.6,71.9,30.8,11.9,75.1,10.419161110164568,18.10313524871075,1.774501588059889,25.773026041319945,0.03906451908710829,1.5818615347075824,110.07,11.2,0.8,67.9,27.433333333333334,0.2680865494432882,4.597541812904221,3.88733879636778,0.4013753592040225,77.58362001483191,23.799999999999997,1.9000000000000057,45.4,1110.594553431437,29.83,12.591181903183829,0.3688495364447993,0.11736121614152704,1.1400803853748342,0.41914720050545373,,1.676588802021815,0.0,0.0,0.6931471805599453,53.17049897291883,235.87424879004305,97.0,95.4,62.8,18.03652968036529,49.7,0.4333333333333333,0.1341271041617452,26.5,,0.2395659892002006,5.043524744730211,10.1601281402522,0.4694448645661082,0.28502009634370856,0.0788048389059674,0.0760323764496157,0.13230474589642668,0.3900731000906843,3.6588695922019623,1.0348987737615662,0.0166726680933927,0.0904216315511192,0.1410902160537124,6.127917537194394,34.97090915926082,110.73798568437684,0.7018205795683425,9.682803308316588,10.549307724244995,-14.849981570217471,0.0980212405637616,37.0,54.6,4.884667571234735,4.700000000000003,-12.600000000000001,7.0,5.700000000000003,2.8000000000000007,18.1,4.643040398946945
33,Hoshiarpur,Punjab,1586625.0,False,,direct,direct,6.250147478677325,468.2489918384124,19.9,61.68926021151211,13.350000000000001,39.45,40.7,75.8,5.1499999999999995,8.35,54.1,27.509953953696698,20.651156965956268,13.552883909305304,57.29549271243997,0.09893846978463369,2.0872644222178685,126.06,1.7,1.3,69.6,14.4,0.1995633907587782,2.1552846201948044,1.4132460968100518,0.09331696581959768,53.530593832021,10.299999999999997,0.09999999999999432,22.700000000000003,898.4771086261536,39.87,15.515350943499373,0.6745804758043206,0.2248601586014402,10.39978233531661,4.834493409930964,28.57142857142857,0.0,0.0,0.0,0.0,37.05358123513832,823.5649467880838,98.3,92.9,,7.172131147540981,43.8,1.5,0.05621503965036005,27.7,1.1805158326575609,0.1750941272040734,5.4531203109201645,22.59844593944474,0.6183654361539606,0.05621503965036005,0.1692366381527149,0.2082877049002111,0.4906605077951768,0.3150221381864019,3.566201718854913,0.5451504324687001,0.03544815449945,0.1020525997975492,0.1074173733373906,5.780127525735668,26.253734837293848,111.2733002442291,0.7095423933298971,22.279144514230694,28.80694488690666,-20.372900425942298,0.1084523459509463,73.2,77.3,0.34843205574912894,9.700000000000003,11.7,0.20000000000000284,7.0,2.8000000000000007,15.0,4.090024990778811
313,Howrah,West Bengal,4850029.0,False,,direct,direct,6.646832310289018,3509.421929273206,21.2,39.28378697286887,18.6,25.4,22.8,76.6,25.35,10.049999999999999,65.3,6.1271332903911455,9.656605617513407,2.5899935899941964,19.197524102970476,0.0800563974268994,2.008400776011172,110.07,6.6,5.6,67.7,25.366666666666664,0.21040174309661167,4.348077179684641,3.1046096433130255,0.19461597458989913,64.1294706405694,27.099999999999994,0.5,38.1,1415.0836462472341,29.53,11.771673086434223,0.36081756586771563,0.20295988080059005,1.3305147741372014,0.8569417189358247,,5.637774466683056,0.0,0.0,1.0986122886681098,62.53960664793648,278.4201389712708,95.5,87.8,53.8,11.7359413202934,42.8,0.13333333333333333,0.0,20.1,,0.4288569211485774,5.152584416265436,12.899227979770833,0.3382664680009834,0.09020439146692891,0.0824975662652791,0.0621751594297736,0.09264211877351769,0.3752235295912663,3.335858911319818,1.512685712722633,0.0049526676592416,0.0974539038778841,0.1694803509246267,4.059927752855397,38.49077793377267,143.71130564373945,0.5015925303154645,12.823681801917282,9.786907059992128,-17.914110429447852,0.08909757967568877,40.1,61.9,6.746031746031746,-3.099999999999998,-1.0,14.0,8.900000000000006,1.8000000000000007,11.600000000000009,6.522236015864102
256,Imphal West,Manipur,517992.0,False,,direct,direct,5.7830843682173985,1344.0170150936326,24.8,34.232274742722254,19.200000000000003,32.95,36.9,70.6,45.15,19.9,26.8,6.375501635678848,9.870575031717834,0.2620069165347472,30.580656333659363,0.05767447848249153,0.5223659908271374,58.18,2.3,2.4,41.8,11.699999999999998,0.2603590742923903,1.4039615904880796,4.108070710195753,0.006591368969427603,36.35094607632933,41.3,10.900000000000006,11.400000000000006,633.8178008889464,29.34,12.358816817676754,0.49435267270707023,0.0,3.130900260478111,3.954821381656562,73.91304347826086,45.31566166481477,30.155513035131282,0.8239211211784504,1.6094379124341003,73.37182368318337,555.3343705699721,95.7,74.1,,15.192743764172338,44.5,2.1333333333333333,0.0,15.7,3.7900371574208718,0.2287509914914149,5.25459530081475,12.358816817676754,1.1534895696498304,0.8239211211784504,0.22423306617005312,0.1905547771151772,0.2324611835022334,0.4119503776120095,4.151492428425498,0.9348324877005023,0.0186408286659072,0.0474104150026926,0.1120038051789957,14.412432746187264,69.44113644162927,188.0222088372021,0.7991046676386636,23.570735434673107,31.48326778956741,-36.803039674825484,0.1640393785547326,61.9,88.6,27.86885245901639,6.199999999999999,12.0,-8.700000000000003,4.299999999999997,1.8999999999999986,8.600000000000001,12.739185356623256
411,Jabalpur,Madhya Pradesh,2463289.0,False,,direct,direct,6.487514847836827,539.8846138736573,23.4,42.252282403248465,15.200000000000001,21.4,14.6,25.2,37.4,11.9,48.9,6.215131190390565,6.545789057565347,0.9252562169073874,11.970726053565784,0.10707326604380248,0.14580189418730552,92.55,8.0,0.0,37.8,25.233333333333334,0.2164246866842816,1.1091358379248597,1.018986006027798,0.04165768405351586,49.98036259742996,38.1,2.0,71.5,408.0689094685413,34.49,6.997189118363992,0.19527039400085558,0.13018026266723706,2.440879925010695,0.3579957223349019,70.45454545454545,13.018026266723705,6.736828593029518,0.45563091933532973,1.3862943611198906,32.59616141990616,239.71588837939035,94.7,,,10.88235294117647,7.2,0.0,0.0,61.2,1.4319828893396076,-0.1349669543911806,5.233424902147378,12.790210807056042,0.3579957223349019,0.0,0.038602307349587806,0.0420252408556876,0.1063312057637591,0.4082444244260417,2.7209857441537393,0.8686338869573457,0.0593350482197751,0.1118663073842196,0.1026174836412305,5.157789187202089,63.45636827281673,58.79821653082525,0.7419651056014692,22.48408406657185,24.4414837441305,-7.400109909257845,0.1025161338604742,30.4,28.5,4.245283018867925,-6.4,24.900000000000006,,6.400000000000006,2.700000000000003,11.0,12.145582929124533
34,Jalandhar,Punjab,2193590.0,False,,direct,direct,6.39199837634049,819.6743718815125,21.7,78.26262891769474,16.3,35.0,48.3,66.3,6.0,11.4,57.0,9.847000580360323,12.195309288545744,0.3953723002039004,13.531870418260674,0.013787341750700116,0.617591808421067,126.06,4.1,0.9,69.2,17.266666666666666,0.0,0.8377837663807777,0.45538778782459505,0.10786567369665385,75.05121307538964,11.799999999999997,0.09999999999999432,17.700000000000003,617.8931023893249,36.09,9.205078168849784,0.4866120617894159,0.12165301544735398,13.990096776445707,4.217304535508271,76.5625,6.082650772367699,0.0,0.0,0.6931471805599453,30.80416555147599,714.5541278532261,92.3,91.3,,9.940357852882704,48.3,1.5,0.04055100514911799,25.9,2.5952643295435514,0.4937078460798522,5.6446336744430745,31.629784016312033,1.2976321647717757,0.16220402059647196,0.0992842384753199,0.1570520120795181,0.512921981509508,0.3530614198642408,3.5659658174466666,1.1495770938388625,0.0423620723503296,0.0853394267939369,0.1456844454062713,3.655623999906599,35.60283488619582,147.84895992414263,0.6810680809077454,26.247854612921092,27.10877228835641,-7.0961074750258355,0.1060373404324339,64.4,82.3,0.42016806722689076,21.4,9.5,0.29999999999999716,-3.4000000000000057,-1.6999999999999993,-0.7000000000000028,4.367184090207675
478,Jalgaon,Maharashtra,4229917.0,False,,direct,direct,6.682733216775924,379.45665792476,25.1,50.26535429954643,14.0,22.549999999999997,26.2,39.3,25.150000000000002,6.4,65.2,0.8904772518866051,1.0821094513483296,1.8066992412956955,5.944958179184204,0.13972748671477855,0.28070068653548386,92.93,6.7,4.1,85.2,34.56666666666666,0.0022838073608656227,3.0339342694844857,0.18831029784592,0.3824339235194979,51.797792062604806,40.3,5.700000000000003,20.5,527.7349382890435,39.56,11.169894183142773,0.373713931778011,0.06228565529633517,7.162850359078544,1.2457131059267035,87.3015873015873,7.266659784572435,2.657521292643634,0.2076188509877839,1.6094379124341003,34.19440951998603,99.46520865582355,86.5,61.3,61.8,16.716417910447756,27.5,0.3,0.0,11.9,1.3079987612230384,-0.14400050678623,4.833722133161912,8.574658545795474,0.31142827648167587,0.0,0.0481958177832261,0.0684023631606986,0.1057010845323887,0.4405691648323123,3.5272431163880884,0.4591525708074456,0.0282156417477931,0.0900829851025879,0.1860544634190348,7.982975103856438,77.61082182255313,64.59228396207303,0.7917721982285337,12.255948392659871,16.36164693009548,13.39467517000269,0.0835102257380953,40.8,79.5,3.731343283582089,2.3999999999999986,0.40000000000000036,18.099999999999994,2.299999999999997,-0.0,16.1,6.234422466175246
5,Jammu,Jammu And Kashmir,1529958.0,False,,direct,direct,6.287039700297654,657.1100767216457,22.2,46.000746983688146,9.25,21.55,38.3,90.0,13.25,12.9,66.6,7.316434686107396,11.123108163839325,5.214295819063623,48.18808676280812,0.0247857198767136,0.6821236657737222,87.34,2.7,3.6,68.4,20.866666666666667,0.2819375635976172,2.7992372385763424,4.42063641384469,0.0382113181432668,42.2701674029799,18.799999999999997,0.09999999999999432,12.099999999999994,1326.989230881103,35.03,13.52887209937284,0.41309533127856,0.10327383281964,2.47857198767136,4.3891378948346995,67.79661016949152,14.04524126347104,12.49613377117644,0.0,1.6094379124341003,45.90212047334539,1257.633106605253,96.5,84.1,,28.289473684210527,43.3,0.0,0.0,23.3,3.0982149845891995,0.105508136203703,5.586073431645496,23.08170163518954,1.65238132511424,0.0,0.3077222656110171,0.2657613326888238,0.2474206399528214,0.3324418055920489,3.6734816970733473,1.2238333088554743,0.018304316516393,0.0912250829749576,0.1290349794706258,2.261511187676435,40.38386765144549,105.9669611845554,0.8467293754818813,25.332038452329495,36.75517508222093,5.723891211585707,0.13559214598476116,70.8,87.9,12.97071129707113,1.3999999999999986,11.4,6.799999999999997,4.700000000000003,2.3000000000000007,16.700000000000003,11.718425302773392
106,Jhunjhunu,Rajasthan,1564329.0,False,,direct,direct,6.122625999640424,363.0841976781023,24.8,37.47555953815982,7.449999999999999,23.15,19.0,58.9,22.9,6.55,55.4,20.930261414073023,23.480722389722768,4.810985154452984,16.010786219600547,0.0241929009102688,1.0104316270804454,88.3,3.7,3.1,77.2,18.133333333333333,0.22491837565015527,1.7415108514626307,1.3910918023404564,0.007560281534459002,60.66667210902125,21.0,1.5999999999999943,44.5,1589.120146642924,30.63,26.72559522431257,0.9828365994796702,0.037801407672295,4.422764697658516,1.20964504551344,59.09090909090909,7.5400460860432394,0.0,0.0,0.6931471805599453,49.85249643822265,463.2785538545019,97.1,88.7,,14.963503649635037,13.7,0.36666666666666664,0.037801407672295,86.1,3.3265238751619606,-0.0206278823519379,5.113568146858643,10.546592740570306,0.15120563068918,0.07560281534459,0.20654363606853832,0.2205103902266439,0.1412976848441642,0.4186383534272792,3.3866772839608377,0.49102580956023856,0.0976500398257493,0.1276758804568216,0.1952695389055869,-1.5355270502164564,77.99316294698484,65.35098699372264,0.7931518423577597,26.82295994649022,21.83848271642704,-10.654008438818567,0.08529920711940725,45.2,55.5,38.041431261770256,1.6999999999999993,62.49999999999999,23.60000000000001,0.19999999999998863,2.1999999999999993,12.200000000000003,10.404257507333782
695,Jogulamba Gadwal,Telangana,609990.0,True,Mahabubnagar,direct,direct,5.810900698452095,,26.8,19.02003249452359,11.8,25.6,21.9,29.9,16.7,20.85,64.6,43.54131741185038,45.749990962009555,2.3261397431697426,7.780589679147165,0.10664693839117091,0.9026349568180262,125.53,5.4,3.7,82.4,36.233333333333334,1.4976939608847044,3.6754553549884696,1.8995519896050588,0.06491552771636491,,26.299999999999997,3.0,13.900000000000006,740.8994651205059,34.89,16.074321148814168,0.1545607802770593,0.1545607802770593,2.472972484432949,4.636823408311779,13.333333333333334,7.728039013852964,0.0,0.0,0.6931471805599453,39.57374218213826,302.14314132460936,94.2,86.9,88.7,13.636363636363637,41.7,2.033333333333333,0.0,61.8,2.3184117041558894,,4.5615846582258675,9.428207596900616,0.9273646816623557,0.1545607802770593,,0.03731143901772581,,,3.452246574520437,,0.03224293991626091,0.1394814270149373,0.1789180696046424,,216.8159430408149,,,,,,0.05963678355833987,27.4,86.1,-22.278485551889663,,,,,,,2.08025528790069
711,Kakching,Manipur,135481.0,True,Thoubal,inherited,inherited,5.299736974683981,,28.5,9.727036902337622,11.75,28.299999999999997,31.3,74.9,53.2,17.55,24.2,3.415084762865723,4.926283910995276,2.0406821297425717,15.795974056327559,0.0,0.6614513843250764,58.18,3.7,1.1,39.7,18.23333333333333,0.0032187415295624154,0.7016856534446066,2.3657750242283755,0.0016093707647812077,,38.7,27.5,25.299999999999997,340.29662010069205,30.75,12.03578072838824,0.5014908636828432,0.0,2.005963454731373,2.005963454731373,50.0,0.0,0.0,0.0,0.0,13.332027415447525,68.59621010726941,87.8,74.2,28.6,11.53846153846153,20.2,1.2666666666666666,0.0,19.1,2.005963454731373,,4.193979541293121,5.014908636828433,1.0029817273656865,0.0,,0.1362507430093206,,,4.118760590442381,,0.013426082236424101,0.1566498879712565,0.141978446713479,,154.45325196404477,,,,,,0.08106084701822908,40.7,74.7,3.8689311908435093,5.5,15.100000000000001,8.799999999999997,14.299999999999997,0.8000000000000007,12.599999999999994,12.144067083180644
538,Kalaburagi,Karnataka,2566326.0,False,,direct,direct,6.422757455494819,243.44268953443373,26.8,25.000553273813185,13.25,20.9,21.8,46.2,22.25,8.9,56.0,32.93513206115468,27.408920638918268,3.264801689292255,17.14153110969067,0.2300699177018032,1.2470620662293144,131.82,9.4,0.8,75.1,31.900000000000002,0.2806928552585218,4.9081582443051355,4.305216391017651,0.13524635556197953,32.93659696784697,63.5,7.5,41.5,1063.776431841589,31.69,20.400288269125408,0.604452985751864,0.22666986965694896,7.32899245224135,1.6622457108176258,18.23204419889503,22.666986965694896,11.220158548018974,0.0,2.1972245773362196,74.66014388448976,446.8226027781446,88.7,75.3,61.25,17.605633802816904,22.7,1.3333333333333333,0.0377783116094915,17.4,6.837874401317961,-0.1727416578732108,5.003530081751548,11.257936859628465,0.7177879205803384,0.0,0.0767737959969221,0.219018173328838,0.1148398286021698,0.4235736223690988,3.5727554651542195,0.45408031801020227,0.0326891232651358,0.1107270453866302,0.1345300437692664,3.132398921712709,70.57136378086408,53.218492116745885,0.7442888940955952,14.438492914031555,16.112783523590952,9.004049968627005,0.06333104027996095,42.0,58.5,23.008849557522122,7.0,-5.5,16.699999999999996,-2.3999999999999915,4.099999999999998,6.300000000000001,3.379590575888569
717,Kamjong,Manipur,45616.0,True,Ukhrul,inherited,inherited,4.789891227098709,,30.9,14.85224751249959,9.8,23.65,14.5,48.0,51.0,18.65,21.9,3.8890125493060124,2.5980373390400042,0.04021729626996911,9.21780430507692,0.00804345925399382,0.10456497030191968,58.18,2.1,1.9,34.6,18.233333333333334,0.0,0.30967318127876214,0.37804258493770965,0.00804345925399382,,18.599999999999994,49.1,77.1,212.4358023572308,,32.44432689881522,1.622216344940761,0.0,0.0,0.0,0.0,0.0,0.0,0.0,0.0,9.390738679037787,58.17029732488331,44.6,39.4,27.9,6.622516556291399,6.4,0.7666666666666666,0.0,17.0,1.622216344940761,,3.8458534644131577,4.8666490348222835,1.622216344940761,0.0,,0.1421575671282218,,,4.120277720339368,,0.0022376803727373502,0.1720473957867843,0.0735449169738473,,86.58878569544514,,,,,,0.08406072039585286,49.7,22.9,72.86979505937765,2.5,15.9,-3.0,10.899999999999999,3.200000000000003,19.000000000000007,13.97702163255105
291,Kamrup,Assam,1517542.0,False,,direct,direct,6.210969099325582,713.1929933398372,25.6,18.731622977787595,18.85,20.7,23.5,75.1,29.5,11.15,71.5,7.6336577629450675,11.801162412057728,0.08859177287750562,12.986077374294364,0.08859177287750562,0.12981155609134504,109.67,5.0,1.5,72.9,19.033333333333335,0.03322191482906461,0.5235527688802589,1.5928062498601532,0.005536985804844101,42.03236469271155,31.299999999999997,7.900000000000006,42.6,794.5931457925376,31.32,21.16359018740412,0.7997868384774813,0.12304412899653559,0.36913238698960676,2.276316386435908,56.666666666666664,0.0,0.0,0.0,0.0,17.276010931758577,322.2384237670921,85.0,63.6,52.9,22.08436724565757,32.8,0.16666666666666666,0.0,47.0,1.8456619349480337,-0.0876132350798937,4.744416879513087,11.504626061176078,0.43065445148787457,0.0,0.134310046524238,0.1184439031926185,0.1196464049126398,0.4144557448821845,3.9372670722114127,0.40291017126932915,0.0112815456997741,0.123072533291999,0.0704332581547819,8.460582194040978,62.64624942972928,114.17081042897,0.8146762938721798,16.56543108680359,0.8027803612511625,-0.007427213309566251,0.06599650493287475,39.2,57.4,-0.8333333333333334,8.9,40.2,27.9,1.2000000000000028,2.1999999999999993,13.700000000000003,7.175239746325354
712,Kangpokpi,Manipur,130380.0,True,Senapati,inherited,inherited,5.344927864639913,,33.0,2.5636750164617514,10.350000000000001,23.45,24.9,69.2,54.900000000000006,18.150000000000002,27.4,2.783114770887399,3.156259022906341,0.03866779813667799,3.2258610595523622,0.004833474767084749,0.03866779813667799,58.18,4.4,2.3,48.5,16.966666666666665,0.00676686467391865,0.43404603408421055,1.35337293478373,0.0009666949534169498,,15.599999999999994,35.599999999999994,50.0,105.36974992244754,42.0,12.654068080884448,0.4519310028887303,0.0,0.9038620057774606,0.0,0.0,0.0,0.0,0.0,0.0,4.107486857068619,16.663887607001385,45.8,65.0,39.6,4.210526315789483,8.8,0.7333333333333334,0.0,15.4,0.9038620057774606,,4.312151163304398,3.6154480231098423,0.9038620057774606,0.0,,0.10425544569860587,,,4.088313315588096,,0.001932542140091348,0.2372923714951034,0.0949158379262709,,84.27427978857368,,,0.6778965043330956,,,0.050025852883393146,39.6,50.0,65.33577273186447,5.899999999999999,14.8,6.299999999999997,7.599999999999994,0.6000000000000014,23.400000000000006,16.873044943045397
292,Karbi Anglong,Assam,660955.0,False,,direct,direct,5.776934506655217,472.93159541590256,29.9,28.813991512987485,12.649999999999999,21.450000000000003,15.7,59.3,37.75,34.5,59.0,2.36805173996249,5.463846209767111,0.1640309010120359,4.501608600309182,0.17442722572406633,0.4562831401391139,109.67,2.2,2.2,67.5,25.666666666666668,0.38928460310602886,2.2698642287933137,2.446601748897831,0.01617206066315847,30.98577787359237,24.799999999999997,20.400000000000006,66.6,569.322378733021,34.89,22.525370209399295,0.924117752180484,0.231029438045121,1.6713426404614822,2.1727454325999265,37.5,16.71342640461482,0.0,0.0,0.6931471805599453,33.79152075566963,289.87148076802305,74.9,64.3,55.3,12.012987012987022,15.2,0.06666666666666667,0.0,54.1,1.3370741123691856,-0.3931385807881621,4.62414193852854,9.693787314676596,0.231029438045121,0.3342685280922964,0.0962341273878639,0.060918781703374,0.0841318339149791,0.4009576362550754,3.833975371279906,0.1369498838807405,0.0214762727156658,0.0427749853576966,0.1112729323020607,11.14019707341949,85.1441722821332,88.80146981166207,0.7945879748475071,18.18755061350185,17.613187309472732,52.473027882863946,0.048369472627351404,30.3,33.4,-0.4901960784313801,,,,,,,8.105629933396823
558,Kasaragod,Kerala,1307375.0,False,,direct,direct,5.992856403834184,666.51797134568,24.1,68.20673811050622,21.35,26.05,28.4,76.8,8.85,7.5,35.4,60.489843172108564,94.17234613534525,3.837607481550675,32.32027938038162,0.05997850103615625,1.327659700902035,164.0,1.9,0.3,34.3,19.766666666666666,2.9531787374582015,0.73600736864707,4.12530096957156,0.0681111791427537,17.780840032965553,1.0999999999999943,6.799999999999997,26.5,3682.911744946032,37.58,29.379299660083312,0.6099508579948093,0.6099508579948093,16.36701468952738,10.8774569675741,65.625,0.0,0.0,0.0,0.0,115.7686728474148,1394.9088161654893,100.0,92.5,97.0,20.215053763440864,28.8,1.9333333333333333,2.439803431979237,44.0,3.253071242638983,0.4181378922237379,5.260884500622547,24.49969279612484,2.9480958136415785,10.064189156914352,,0.1069135165521114,,0.3541432259298212,3.5773768919170146,0.29301567434414955,0.02186824000629683,0.1127340521280055,0.161197195630093,20.25754592186941,86.99291059796118,159.70628167128788,0.6068985995900305,26.563359865673945,35.81848357791754,-14.836060230754189,0.07971770699921638,68.3,73.5,11.153846153846155,0.8999999999999986,6.5,0.7000000000000028,0.0,-1.6000000000000014,0.9000000000000057,-16.544095070877184
509,Khammam,Telangana,1401639.0,False,,direct,direct,6.182879278534637,228.4792119340875,19.0,43.290617085996644,17.7,29.200000000000003,36.1,55.0,10.75,16.55,62.4,85.9986160812149,82.89943677009916,4.803662299461283,34.977671119714465,0.28681519672968725,2.493388861272498,125.53,6.7,9.3,60.5,24.366666666666664,1.8954743436048893,5.870194781579685,3.43521908394321,0.353104292541354,30.79862451737452,15.5,1.5999999999999943,2.9000000000000057,1384.9872673806935,44.73,16.80198864137298,0.1968983043910896,0.0656327681303632,9.451118610772301,6.9570734218185,49.25373134328358,19.68983043910896,9.188587538250848,0.3937966087821792,1.3862943611198906,61.13429820270811,568.3673017830006,97.9,86.6,73.3,18.984547461368656,69.2,1.5333333333333332,0.0,60.4,4.397395464734335,-0.2394064862936182,4.904504409678755,15.095536669983538,0.1312655362607264,1.7720847395198065,0.035187835679118804,0.0380442024598977,0.1272037339841215,0.5040670343930191,3.5765716840652906,0.35156622694892914,0.0147495067483927,0.1291198648872449,0.1880843063877211,9.858430376812954,195.1512716050848,138.44646936229387,0.6013514560299107,,,,0.10928689989909485,40.9,97.1,-30.88148935026179,,,,,,,1.7566579634633372
728,Khawzawl,Mizoram,35931.0,True,Champhai,inherited,inherited,4.628576797674551,,27.2,49.44645400847932,13.65,17.85,22.9,52.1,70.6,11.450000000000001,25.7,2.5826494740737167,10.790292786502164,1.9140023610449226,38.1045273537284,0.058506622390019476,2.382055340165079,138.78,0.8,0.0,38.3,17.466666666666665,0.058506622390019476,4.354564323600021,11.659534033439595,0.07522280021573932,,1.7000000000000028,1.4000000000000057,20.599999999999994,848.3293084774567,28.52,58.50662239001948,1.6716177825719851,0.8358088912859926,2.351923558491112,0.0,6.25,0.0,0.0,0.0,0.0,74.2699780796733,252.8572638807513,96.7,85.3,,10.847457627118654,6.6,1.5,0.0,64.9,13.372942260575881,,4.715003612442257,18.815388467928894,2.351923558491112,0.0,,0.09027596195053975,,,3.637189422148762,,0.005899339164489378,0.0975593928788576,0.2744199749613281,,100.53857278212736,,,,,,0.0432979106133662,47.8,79.4,0.0,5.399999999999999,6.800000000000004,36.199999999999996,15.600000000000009,5.400000000000002,10.899999999999991,10.906848331953215
362,Khordha,Odisha,2251673.0,False,,direct,direct,6.416173999384431,533.606504560928,22.2,103.52838920344959,23.55,22.65,39.3,69.0,32.400000000000006,10.5,68.1,57.76968422621589,61.19136539754496,3.1462897263101035,65.07522859011063,0.20251627154598745,1.0148826789975052,111.09,9.9,2.1,56.1,15.733333333333334,0.4100187391717056,5.7061260829349525,1.300246516175942,0.14536679340138112,41.07159975533808,26.799999999999997,5.400000000000006,36.7,2423.767284697987,34.83,10.586077830812979,0.613685671351477,0.07671070891893463,5.446460333244358,5.024551434190219,,35.478702875007265,20.328337863517678,2.3780319764869735,2.302585092994046,102.9077995682954,687.7444910630841,97.8,87.9,73.8,17.49408983451537,37.3,0.06666666666666667,0.07671070891893463,43.2,,0.1017104423339612,5.916891009845064,30.108953250681843,1.6109248872976272,0.728751734729879,0.0876083578359159,0.0636026602573473,0.12988882343078872,0.3518241769564231,3.7060346607143506,1.1190050194628902,0.0166747904386798,0.1180309717306871,0.1456115186450071,5.065804733202439,54.71705299155906,118.16102959888048,0.8649252048410133,51.126153280291554,28.92033666739757,9.916714768697947,0.14816174019304565,43.2,63.3,11.877394636015326,9.099999999999998,5.200000000000003,14.700000000000003,12.700000000000003,2.400000000000002,24.900000000000006,8.188066063106596
541,Kodagu,Karnataka,554519.0,False,,direct,direct,5.786994226991444,136.4545110190506,21.2,71.74582492652141,18.35,32.4,34.7,54.7,15.45,15.1,39.9,54.69326981116993,73.45401997063725,13.538180607763241,40.37121384855429,0.14207740806699662,3.1714290398403153,131.82,5.5,2.5,54.4,24.899999999999995,0.07675446182929702,3.140400640377408,3.447418487694596,0.30865092097313057,14.842931084100758,6.099999999999994,10.799999999999997,21.700000000000003,1910.160529293564,27.17,36.74415725870602,1.143151559159743,0.326614731188498,5.062528333421718,4.572606236638972,0.0,24.496104839137345,9.798441935654939,0.0,1.0986122886681098,80.55135807936331,409.4964853748912,98.4,90.6,,14.110429447852752,33.3,0.5,0.0,45.6,7.838753548523952,-0.1200397559723098,5.250542979387745,26.292485860674088,2.612917849507984,0.653229462376996,0.09294153684345441,0.1261690142676063,0.1358273233250098,0.5030269476789795,3.451939869365103,0.08976668855490158,0.0323301765400318,0.1425760972547731,0.1437763372645022,8.123167381004205,71.43109006665375,45.23740394828672,0.8671317520430536,20.833120628858342,30.33870675602246,40.1406129847303,0.13149918131388805,58.9,78.3,-4.918032786885246,8.500000000000004,11.899999999999999,22.39999999999999,1.5,3.6000000000000014,8.700000000000003,-0.5407601921987032
363,Koraput,Odisha,1379647.0,False,,direct,direct,6.189039432325686,187.69945913913384,29.7,29.59502743332883,10.399999999999999,22.8,9.2,56.1,45.35,24.4,58.2,13.109919009079109,25.955827803167878,1.5536483485093258,14.538680172556239,0.14494678470057848,0.6794380532839617,111.09,8.3,0.4,69.7,30.833333333333332,4.382051901751418,3.714908441812594,8.438620621786804,0.1268284366130062,31.98115653446034,60.6,10.5,68.5,1156.7775811605393,31.08,23.16560219768174,1.0353341764327035,0.06470838602704397,1.2941677205408795,0.4529587021893078,,8.088548253380495,0.0,0.0,0.6931471805599453,98.74434999340882,708.3018759551849,82.1,98.0,53.9,3.767123287671237,5.0,0.06666666666666667,0.0,54.6,,-0.3376691395695088,4.826485673099026,9.900383062137728,0.2588335441081759,0.0,0.0299294776074138,0.017961779790746,0.0458816981430001,0.5025966787156425,3.186391215695493,0.2580142998189607,0.0081796473852478,0.1164135225180489,0.172533875673853,9.839078303191684,53.423233001253415,77.51548040911914,0.8119576600837821,13.740825772842786,8.826233527428746,-24.12277567355106,0.07617142106963276,17.6,31.5,0.8086253369272237,-1.0,12.399999999999999,30.900000000000006,13.699999999999989,1.3000000000000007,20.9,4.777087266158614
383,Korba,Chhattisgarh,1206640.0,False,,direct,direct,6.169671604103838,4438.609333594096,25.4,64.4862118147504,9.899999999999999,28.3,16.2,52.4,30.6,18.55,66.4,41.354126034302375,9.816031486815644,0.5717222640170402,8.466902262614486,0.03991906932189985,0.1549401165205943,94.16,5.3,0.3,63.6,25.76666666666667,4.743603305353218,1.5176012286274807,3.6996181534262433,0.19485918584249418,51.40024851509652,26.700000000000003,17.799999999999997,64.5,746.1584480378132,29.4,22.462933923509745,0.47361607670050665,0.06765943952864381,2.638718141617108,0.9472321534010133,22.727272727272727,8.457429941080477,0.0,0.0,0.6931471805599453,33.44947371417092,148.74183526537527,75.4,68.4,50.6,7.761194029850745,18.1,0.7333333333333334,0.0,60.6,4.465523008890491,-0.2917659162690052,4.9482216893430975,8.389770501551832,0.6089349557577943,0.0,,0.042036898312846745,,0.4319316448982297,3.288696260590256,0.6030964396000209,0.006713041118212051,0.0863428782011073,0.1985565336807224,1.19704119955637,74.95498290503332,215.48266260027845,0.1949886542825276,20.28903613145442,15.18973255684558,-3.560172380523573,0.07281439296946611,37.1,35.5,12.251655629139073,1.3999999999999986,-1.6999999999999957,-12.399999999999991,8.300000000000011,3.400000000000002,38.199999999999996,11.85715649889966
384,Korea,Chhattisgarh,247427.0,False,,direct,direct,5.4811649871106205,259.1413079427402,26.9,42.93297641339056,14.0,28.299999999999997,17.3,51.9,30.95,22.1,64.4,6.347994172905068,7.142888539936156,0.33110264586162397,13.823225443518808,0.3769857840521861,0.9585855627379599,94.16,1.2,0.4,56.3,27.333333333333332,4.869813072279389,6.003250594067871,3.5540830825446226,0.1847726375782096,41.0392063039583,26.700000000000003,12.400000000000006,69.8,660.857319528298,35.15,28.025916840721724,0.7440508895766831,0.12400848159611381,1.9841357055378213,0.12400848159611381,0.0,0.0,0.0,0.0,0.0,62.794174825824165,136.7863155397774,80.8,87.1,,8.695652173913045,10.9,0.6333333333333333,0.0,62.8,5.614148994870128,-0.3757987757560272,4.8833657245544195,10.567809872696712,1.320976234087089,0.0,0.06613272041193499,0.0440428789323165,0.0864252091340018,0.4660237935885703,3.1300119496719043,0.2369745751355556,0.0164353234929682,0.0817891247006277,0.1584500132496957,6.224266601514161,36.02467637806078,65.04916400699936,0.8600158648686482,33.09705954505201,13.738785729188399,-28.36823672360803,0.05883598553202085,37.0,30.2,7.407407407407414,6.200000000000001,-0.6000000000000014,12.5,10.200000000000003,2.200000000000003,48.0,9.406481818030867
677,Kra Daadi,Arunachal Pradesh,46704.0,True,Kurung Kumey,direct,direct,4.819126456829116,,33.5,9.372671902602713,4.9,22.75,29.8,80.9,17.45,23.15,22.6,0.0,0.0,0.0,0.5763113062525159,0.0,0.0,59.99,6.0,1.8,62.0,17.566666666666666,0.0,1.637937396717677,2.396241747049934,0.015166087006645155,,10.700000000000003,0.20000000000000284,21.700000000000003,113.88214733289847,47.19,24.265739210632248,1.5166087006645155,0.0,0.0,0.0,0.0,0.0,0.0,0.0,0.0,11.495893951037027,16.62203135928309,73.5,63.6,,6.808510638297876,18.9,0.3,0.0,24.0,1.5166087006645155,,,1.5166087006645155,3.033217401329031,0.0,,0.08742099695973751,,,4.303239268651996,,0.0034582333033213596,,,,,,,1.759266092770838,,,0.039186787102030836,27.4,78.3,,,,,,,,20.735427151736037
577,Krishnagiri,Tamil Nadu,1879809.0,False,,direct,direct,6.286022342901541,463.8849771997977,24.2,63.51537226630856,14.5,24.4,34.5,51.2,14.25,11.45,44.0,112.16946414633891,127.45412513917078,14.889747297476815,27.42916289035678,0.11231490418355355,2.46575209000207,120.98,1.1,0.4,46.5,19.566666666666666,0.09575233766800649,5.504465465401346,23.07372547697151,0.6469752545135574,27.70977140448216,24.099999999999994,0.20000000000000284,14.0,2957.2245129823777,28.52,16.614324535908153,0.5175802036108459,0.36230614252759213,3.571303404914836,1.6562566515547068,56.92307692307692,15.527406108325378,1.4492245701103685,0.0,1.3862943611198906,98.88007483842682,1781.9774005919849,99.6,87.3,,9.866666666666664,31.9,0.6333333333333333,0.0,73.6,3.364271323470498,0.063373946207388,4.990950410368432,15.21685798615887,0.621096244333015,1.24219248866603,0.1143980318423668,0.0534766311255338,0.36084008949748253,0.4669511636554564,3.3184807251745174,0.6839075299294484,0.0148903318093667,0.1298517423317993,0.2359854066903939,12.739077740859027,209.63077014073704,118.00720179550156,0.6498325301693632,24.460322842444967,12.634019124891335,-4.737043681590034,0.11256544060361941,53.9,86.0,19.06474820143885,10.100000000000001,0.3999999999999915,5.700000000000003,4.5,0.10000000000000142,32.00000000000001,3.6865673341236618
68,Kurukshetra,Haryana,964655.0,False,,direct,direct,6.050935079853319,580.3064394039898,24.7,100.54188227293646,12.3,32.4,37.3,69.6,12.8,9.75,57.1,12.062037710346805,18.029469180996887,4.424436895154122,50.0321549442373,0.14318278193363088,0.7879499676596083,101.02,7.7,7.7,73.7,20.066666666666666,0.024901353379761893,0.9809354563527631,1.432717153385586,0.09071207302627546,73.30229890483383,17.400000000000006,0.09999999999999432,22.400000000000006,1260.2832852371785,37.13,12.094943070170062,0.44466702463860525,0.08893340492772105,4.090936626675168,5.869604725229589,77.5,13.340010739158156,4.446670246386052,0.0,1.0986122886681098,40.2414763957445,706.8373663612311,98.4,69.8,73.85,14.45221445221445,21.9,0.6999999999999998,0.0,19.2,7.114672394217684,0.4909355146113208,5.301096089093125,22.411218041785702,0.8004006443494894,0.0,0.0961088247958366,0.1772928953151975,0.3434584312670394,0.349119633444081,3.2208922492195193,0.9923011739350647,0.1106004929580299,0.1112713418706852,0.1298276315980238,3.5141565533025165,61.061031534887626,111.39733894501144,0.8052949934859482,18.269589374301734,32.92315959161741,-27.340572277437836,0.13127501639274836,48.4,77.6,-1.3986013986013985,17.699999999999996,11.1,-18.400000000000006,6.700000000000003,-0.6999999999999993,-4.5,9.306030570068542
21,Lahaul And Spiti,Himachal Pradesh,31564.0,False,,direct,direct,4.525887000596865,26.27630465696876,17.8,61.22444058510006,7.6,17.1,26.9,61.9,17.6,24.849999999999998,82.1,9.682697416135047,83.65850567540681,0.5064795571516794,49.962718667256844,0.029792915126569376,2.7409481916443825,119.01,6.5,1.3,91.0,21.066666666666666,0.0,2.234468634492703,7.0907138001235115,0.029792915126569376,19.80034454951983,38.3,10.799999999999997,28.299999999999997,3307.9371594181243,40.76,157.9024501708177,8.937874537970812,2.9792915126569377,23.8343321012555,2.9792915126569377,0.0,0.0,0.0,0.0,0.0,34.41081697118763,548.8152895465345,86.4,77.9,,13.824884792626737,17.7,0.6,0.0,31.2,17.875749075941624,-0.2001562052676776,5.50610603704609,56.60653874048181,2.9792915126569377,5.958583025313875,0.3843709584959206,0.2805339510271615,0.0712282205384451,0.6112976809022937,3.5482665451707454,0.00367578735973547,0.114903283695209,0.1764107034366089,0.1302185519005487,12.65559486711525,20.919748215560745,293.4038778355088,0.945362271892884,18.65036486923243,78.57142857142857,18.11320754716981,0.0837970573714143,55.9,71.7,1.8181818181818181,3.5,9.899999999999999,19.000000000000007,13.100000000000009,1.1999999999999993,7.0,3.5621723938749676
295,Lakhimpur,Assam,1042137.0,False,,direct,direct,6.069049870651331,506.7865889208962,28.1,20.1248798888246,9.350000000000001,22.9,12.4,58.7,41.5,27.7,65.4,1.2684142073785523,6.387280151210894,2.039528157257645,15.412042971698508,0.14245136020996518,0.6602236694761261,109.67,3.7,3.9,69.3,30.366666666666664,0.1125962847168587,1.4782527379872434,4.108911390008397,0.09638924373488662,23.00605632878151,25.799999999999997,18.799999999999997,63.9,950.020063270455,30.57,15.524639256415366,0.6824017255567194,0.17060043138917985,1.194203019724259,0.4265010784729496,57.14285714285714,8.530021569458993,0.0,0.0,0.6931471805599453,54.57763700786948,310.34180374652794,96.2,69.0,48.0,13.953488372093032,22.7,0.0,0.0,67.0,1.194203019724259,-0.3305057965834722,4.565109495805335,7.847619843902272,0.08530021569458993,0.0,0.1063719614804758,0.0853602664120539,0.13057702080513178,0.4126088988300003,3.7074850119674734,0.15183101929071136,0.0120320835495828,0.0894355222377691,0.1442558302281174,14.373896396683003,97.87346498932251,100.2996726917862,0.8347779499837361,23.414056206007988,17.306784534180146,32.010772856249694,0.07494619470101745,42.1,36.1,0.5291005291005291,-3.0999999999999996,57.5,15.0,13.5,1.6999999999999993,24.900000000000006,7.416307407373321
724,Leparada,Arunachal Pradesh,20152.0,True,West Siang,inherited,inherited,4.416056097915853,,23.7,115.65041102533696,10.149999999999999,36.900000000000006,27.4,72.7,30.599999999999998,38.349999999999994,30.5,25.86856631198439,39.683514099675286,1.8532247032268272,72.59739746524926,0.06126362655295296,0.3982135725941943,59.99,3.1,2.2,45.6,18.599999999999998,1.8685406098650656,1.13337709122963,17.015972275082685,0.16847497302062067,,12.299999999999997,0.9000000000000057,42.9,1229.7294598907865,53.95,,,,3.8365768514205367,0.0,0.0,0.0,0.0,0.0,0.0,27.231682002787597,303.11710827737306,84.6,55.4,19.5,3.588516746411487,17.8,0.3,0.0,26.6,3.8365768514205367,,5.3711084216948555,23.01946110852322,3.8365768514205367,0.0,,0.13910570800012287,,,4.1529912100386195,,0.002949669582244689,0.1643828557524997,0.2247326378742722,,28.239031061749017,,,8.593932147182,,,0.0884387746793254,46.3,57.1,,,,,,,,13.677349965111349
666,Longding,Arunachal Pradesh,60594.0,True,Tirap,direct,direct,4.832798156425161,,29.9,30.363114624743137,12.5,25.8,13.7,62.0,36.05,38.5,34.1,0.8670693910892914,0.8523732997148967,0.0,0.9699420307100548,0.0,0.0,59.99,0.5,0.8,38.4,16.733333333333334,0.5584514722270013,0.9846381220844497,8.332683809281834,0.01469609137439477,,16.5,37.5,77.6,391.09238365539363,36.11,13.226482236955293,4.4088274123184314,0.0,1.469609137439477,0.0,0.0,0.0,0.0,0.0,0.0,7.759536245680438,36.769620618735715,64.5,52.7,,3.2258064516129146,4.2,0.0,0.0,23.8,1.469609137439477,,4.771899211738625,7.348045687197385,1.469609137439477,0.0,,0.09352471521593539,,,3.5773768919170146,,0.00396679702439803,0.2279408844771859,0.126212403530608,,40.60478140654131,,,5.026063250043011,58.82352941176471,,0.044078330315989574,27.7,22.4,,,,,,,,14.186812297299213
236,Lower Subansiri,Arunachal Pradesh,40976.0,False,,direct,direct,4.972914971248619,13.824866679798976,22.0,39.88255016487689,11.649999999999999,31.15,23.2,68.8,32.35,32.45,40.5,4.480476363459271,12.2582046986192,0.6547174967730977,14.774528571759179,0.015776325223448136,0.7651517733372346,59.99,6.4,4.2,52.4,16.76666666666667,0.039440813058620336,3.746877240568932,3.0606070933489384,0.08676978872896475,13.875837256641194,17.200000000000003,1.9000000000000057,39.2,421.9299299385086,30.72,32.994892868576656,2.128702765714623,1.0643513828573115,2.128702765714623,0.0,0.0,0.0,0.0,0.0,0.0,39.92199097793551,64.35951874905666,89.8,66.5,40.9,4.597701149425276,19.6,1.7,0.0,24.5,1.0643513828573115,-0.3163720542397117,4.993069418466446,10.643513828573115,1.0643513828573115,0.0,0.25245706649061234,0.219140881687284,0.5491290337693917,0.3637480428760689,4.011443562022075,0.045088803750593626,0.004756471937977,0.1502661896841488,0.1723660365413348,5.56476737957492,38.78378820293937,76.50246898711309,0.951668765743073,4.949233930286499,43.27628361858191,-68.97931954636425,0.09101742673012886,49.9,60.8,,4.5,-41.5,26.4,29.799999999999997,6.100000000000001,9.0,17.493178093643525
36,Ludhiana,Punjab,3498739.0,False,,direct,direct,6.618716604835721,9692.06641399575,21.3,79.88561233770848,15.4,29.25,45.1,80.8,7.0,10.55,64.3,7.436496017739738,10.612086005709159,3.433746519304459,17.29793115880274,0.1823696651928798,0.24853280230111452,126.06,5.6,0.0,77.9,13.466666666666667,0.1284767826028995,0.3575215336103158,0.858677223051963,0.03320186516704144,76.78399845346961,15.400000000000006,0.09999999999999432,16.799999999999997,543.0107305695424,36.62,7.12155948510454,0.264652548432939,0.1202966129240632,12.366491808593695,9.21472054998324,80.85106382978722,4.811864516962527,5.2208730009043425,0.8420762904684422,1.6094379124341003,21.290335148526548,435.96430837261306,90.1,73.2,,12.500000000000004,37.0,0.5000000000000001,0.024059322584812637,25.2,2.261576322972388,0.5045526721777553,5.466001707556931,23.048831036250505,1.8285085164457604,0.6977203549595665,0.0715699015516236,0.1410043489814233,0.538227671748577,0.3672243056712718,3.499412125672275,1.2604298376176275,0.1408043630561823,0.0910403176892384,0.1300879055548573,4.777154459924371,90.19704659052456,179.28859511955594,0.5626319179191562,29.38701897799355,26.11387913112051,-9.985039758867444,0.0902149315377618,61.6,83.2,0.0,9.600000000000001,1.1999999999999993,0.9000000000000057,7.599999999999994,1.6999999999999993,0.19999999999998863,10.56377879096494
512,Mahabubnagar,Telangana,925974.0,False,,direct,direct,6.013079160548749,239.66407374063368,27.8,18.12628773227891,12.5,25.35,24.0,40.3,16.4,25.45,54.7,18.107385694151684,18.77012319102246,2.6373653242968906,15.871738266933129,0.8121687919192412,1.1430523738122653,125.53,4.0,2.4,82.6,31.133333333333336,0.29109992541908286,11.339312428158006,2.418070047147848,0.6297461719899492,30.200242416708104,26.299999999999997,0.4000000000000057,14.099999999999994,1599.3815872323044,37.11,14.263896345535061,0.19406661694605526,0.0,4.560565498232298,7.180464827004044,33.92857142857143,31.535825253733975,14.263896345535061,0.0,1.6094379124341003,74.81365116578901,725.746075727739,98.1,89.4,81.2,16.571428571428566,43.4,1.2,0.19406661694605526,70.3,5.433865274489547,-0.2079587934979434,4.848113251101229,13.196529952331755,0.776266467784221,1.3584663186223866,0.0315188259234407,0.0377154350434695,0.2053385751589136,0.5138136228025072,3.374748346010104,0.5841992166374687,0.0337461258991792,0.1403708217784223,0.1609330557716157,6.936503944769901,175.3605220535598,81.22322372310282,0.7570321992709599,,,,0.0612644763434231,40.4,85.9,-27.34556217476618,,,,,,,1.8455757114462097
385,Mahasamund,Chhattisgarh,1032754.0,False,,direct,direct,6.0712569788064,268.05556170502587,24.0,38.15062889312446,8.05,19.65,12.6,63.1,33.45,17.0,63.0,8.889054946868633,9.52386620333777,0.8461321159087288,13.883525861736103,0.38529988026335293,0.2333864913489473,94.16,5.1,2.4,75.8,25.53333333333333,0.46931901714897395,3.3658575443269996,3.753703459041432,0.13748586035828894,67.37740112194017,15.799999999999997,1.2000000000000028,69.6,646.631645747348,34.56,21.980764094319035,0.42433907517990416,0.08486781503598083,1.1032815954677508,0.42433907517990416,42.857142857142854,10.608476879497603,0.0,0.0,0.6931471805599453,35.69794903858462,184.3379863270525,92.9,82.1,61.1,9.411764705882348,10.2,0.3666666666666667,0.0,76.2,5.346672347266792,-0.2332617934830709,4.6289950908203465,10.09926998928172,0.6789425202878466,0.0,0.038475659450347505,0.0249933481373586,0.1021320938535374,0.4834258690840219,3.3176455432211585,0.5193516563940882,0.0229575034537174,0.121086152144088,0.1747661605207551,8.406967014368716,94.05758427338792,45.029116323926125,0.8114570789609495,17.059279500382505,16.535064935064938,-36.99536108324975,0.0627992863715552,31.2,30.4,4.3478260869565215,4.8,3.1000000000000085,7.299999999999997,15.0,4.0,60.0,10.306870879825661
599,Mahe,Puducherry,41816.0,False,,direct,direct,5.065825818588102,4646.222222222223,16.8,77.51410179511517,27.85,35.5,28.8,65.6,6.8,11.9,38.4,147.5947559125391,163.64756546390004,1.5726253468410283,190.32204129228555,0.1804652037358557,8.593581130278842,94.91,0.0,0.0,36.9,29.366666666666664,0.09452939243306727,3.26556082950596,9.014666605662507,3.0421277201187107,20.93809581938244,0.20000000000000284,2.0,9.099999999999994,3551.6841132385944,30.77,4.296790565139421,0.8593581130278842,1.7187162260557685,4.296790565139421,2.578074339083653,33.33333333333333,0.0,0.0,0.0,0.0,72.04858419625783,647.285717894863,100.0,95.3,,11.75496688741722,27.5,2.6666666666666665,0.0,23.6,2.578074339083653,1.0026935123042506,5.258689783377739,,2.578074339083653,2.578074339083653,,,,0.2822364645111919,3.918502139636174,1.0862213843807083,,0.1341512209352653,0.09642071616481,6.955899094135809,37.64000971237372,167.28046680696386,0.9132237312365976,9.556062216870075,36.446886446886445,8.171206225680933,0.12678602015959003,88.2,90.9,,-12.8,-20.199999999999996,4.700000000000003,0.0,5.399999999999999,1.5999999999999943,-7.439682156758097
416,Mandsaur,Madhya Pradesh,1340411.0,False,,direct,direct,6.1805248503125885,269.25784510080865,22.9,47.206942522899546,10.899999999999999,32.900000000000006,19.2,30.1,18.799999999999997,5.800000000000001,56.7,8.538387537970522,9.99213726717286,0.6044642541758248,24.736181842555453,0.2606587122264747,1.396338822965115,92.55,2.9,1.4,65.4,22.3,0.16893324134171525,1.3917195546471774,3.5680548278697435,0.1168014988964203,54.96586964905515,34.599999999999994,22.400000000000006,54.4,647.4452260832855,30.96,14.517700427803653,0.4619268317937526,0.19796864219732252,2.507602801166086,0.19796864219732252,52.17391304347826,6.598954739910751,0.0,0.0,0.6931471805599453,56.16766316422435,408.9999153022984,99.4,75.1,,6.28140703517588,18.5,0.4000000000000001,0.0,48.4,1.517759590179473,-0.2519263040271315,4.661626924910986,9.832442562467019,0.4619268317937526,0.0,0.031787195141814995,0.0301994988059014,0.20837256211992838,0.5071004341205795,3.258397804095509,0.4801721296015905,0.1061364786407777,0.1126123921916144,0.1447358756838068,10.545080898590498,130.56974153691877,61.24240997723832,0.7965160190035327,17.619209155561705,23.1755114838912,-16.804287539338798,0.06703579270196555,24.1,45.6,4.6082949308755765,5.1,37.9,31.599999999999994,11.200000000000003,5.200000000000003,34.300000000000004,9.805175684093165
544,Mandya,Karnataka,1805769.0,False,,direct,direct,6.223404961231065,384.17296560358136,18.1,43.70012801629913,17.15,29.950000000000003,38.7,47.0,12.700000000000001,9.9,47.0,83.70551916768646,56.172555277753844,10.706366954181338,51.40706214665158,0.3318088932080993,7.555079249496849,131.82,3.1,2.3,58.2,17.599999999999998,0.2349565676230325,6.84722027731957,4.514992363076695,0.3342003086546442,28.24910994577625,13.299999999999997,1.5999999999999943,9.5,2322.2132642066063,29.73,31.387327735901287,0.597853861636215,0.358712316981729,4.304547803780748,2.6903423773629673,5.769230769230769,23.9141544654486,12.973428797505864,0.11957077232724299,1.6094379124341003,127.96284698303053,369.7170130128668,99.5,93.9,,15.36796536796537,39.5,0.13333333333333333,0.0,39.9,9.326520241524953,0.139199831616341,4.865112892904021,16.680122739650397,2.271844674217617,1.434849267926916,0.0618578533241302,0.067684802189649,0.2366726088904741,0.4825689221600326,3.6138418218760693,0.6914407210209047,0.0086387707312411,0.106419462416363,0.2171579522434521,8.017377188867968,143.36136310654408,86.91089502588648,0.7359835861884403,18.838973034018768,14.090214339032453,-6.125063306223375,0.0886134326437872,52.5,90.5,5.7312252964426875,12.100000000000001,9.299999999999997,32.900000000000006,1.7000000000000028,3.0,28.400000000000006,2.8339256108714435
766,MAUGANJ,Madhya Pradesh,617634.0,True,Rewa,inherited,inherited,5.872963761513673,,28.6,18.111442539278233,13.4,18.85,18.2,57.5,31.45,9.100000000000001,61.7,5.42381111260294,4.650230518488303,0.17528895416166126,10.885409065623962,0.12385686581482651,0.7655333966181932,92.55,12.0,2.8,78.0,29.066666666666666,0.41425573199083215,0.8488043967987828,1.191684985777681,0.012945491624713505,,53.9,17.900000000000006,78.6,421.98873890676236,34.77,12.350698766280724,0.3148903368173555,0.13995126080771358,1.784378575298348,0.17493907600964198,39.28571428571429,0.0,0.0,0.0,0.0,21.1081489113234,99.53858485872618,80.4,70.3,69.0,5.000000000000005,9.7,0.16666666666666666,0.0,29.4,0.979658825653995,,4.532758620353235,4.957217367333997,0.10496344560578519,0.0,,0.10789798723859494,,,3.3653007486379876,,0.031225812474107568,0.0466109405130121,0.05939362554362,,20.76666789384786,,,,,,0.10148996413973957,23.1,21.4,11.728395061728387,2.799999999999999,9.299999999999997,17.5,-1.1999999999999886,4.799999999999997,18.6,9.931113969256147
761,Mohla-Manpur-Ambagarh Chouki,Chhattisgarh,283947.0,True,Rajnandgaon,inherited,inherited,5.530365923954273,,24.0,35.70856196179155,9.25,28.0,12.8,50.9,33.15,18.400000000000002,58.3,16.489254800588103,14.001595357066504,0.1563298139458505,15.195584737447357,0.02832456559297639,0.12528173243047253,94.16,2.9,0.0,80.5,26.0,2.545942684260994,2.099286072987135,3.438711203624231,0.07462433627380322,,20.799999999999997,1.2000000000000028,72.6,890.4535308291955,32.35,21.025542920940172,0.5447031844803154,0.10894063689606305,1.1438766874086623,0.16341095534409458,22.22222222222222,0.0,0.0,0.0,0.0,74.34871646245617,136.63770442051816,95.5,91.0,,4.73684210526315,10.8,0.0,0.0,80.8,5.307702606914689,,4.395531252234793,9.141043378575297,0.8846171011524481,0.0,,0.028254308702077322,,,2.910624404889201,,0.03387034382370626,0.1293369505219108,0.2549657836334709,,46.80891214482912,,,,,,0.07472938874029242,38.9,27.4,9.695290858725764,5.800000000000001,4.200000000000003,3.9000000000000057,12.0,6.100000000000001,32.300000000000004,10.109966877481517
297,Nagaon,Assam,1892550.0,False,,direct,direct,6.348687209230311,917.3689864008132,31.1,15.157999325587113,18.65,16.7,13.2,60.7,33.6,8.65,61.0,4.0739431615174695,8.76226589909927,0.26635126293697914,9.087472683496957,0.08528044946347468,0.4636373731394541,109.67,8.7,2.8,68.6,30.23333333333333,0.22521245456903535,0.5173880789632639,1.576787465256006,0.0894844152820967,34.13545623009066,33.900000000000006,3.9000000000000057,61.4,701.3085806952485,33.01,12.882152401348819,0.5405098909656848,0.03002832727587138,0.5824466384067666,1.7473399152202995,56.666666666666664,4.480358756975128,0.0,0.0,0.6931471805599453,27.50594778469818,153.2486674025913,83.7,58.2,49.8,18.57585139318885,17.9,0.26666666666666666,0.0,59.4,1.3441076270925383,-0.0786240714949945,4.672277476553264,8.467878050682991,0.3136251129882589,0.04480358756975127,0.0759837676042306,0.0625118998444791,0.0885116744436545,0.3470532989962348,3.753659647285999,0.3844257467036508,0.0078511562309641,0.1452573169934077,0.1913299624059603,13.292773788411427,76.1289317677172,117.712219984078,0.8094478808154227,17.707273879317096,14.019037057573236,4.4422716101582935,0.0605805886406436,22.1,38.6,1.1312217194569918,,,,,,,7.756139153594212
298,Nalbari,Assam,771639.0,False,,direct,direct,6.004481228115356,809.0320206165776,24.5,16.27618620574553,19.15,23.7,21.8,75.0,26.85,8.95,66.4,6.667842290550785,13.470288492562888,0.21081347897986005,26.91484388440523,0.06928142501685541,1.317336809963351,109.67,3.6,2.2,71.0,23.2,0.027712570006742165,1.421258947488634,5.410879293816408,0.0,36.96370081018519,31.900000000000006,0.5,48.9,801.8434184522226,27.64,16.33062161111592,1.0887081074077278,0.09897346430979344,1.3856285003371083,2.1774162148154557,75.0,9.897346430979344,0.0,0.0,0.6931471805599453,25.88354038629718,369.9469738357183,91.8,65.5,64.1,17.293233082706763,38.7,0.9,0.09897346430979344,52.5,0.7917877144783475,-0.0914592422183106,4.6350508733431255,8.214797537712856,0.09897346430979344,0.19794692861958688,0.1611063143952608,0.1480459007049981,0.116916229883565,0.3468240977970268,3.811507979945327,0.2560908234978338,0.0062736953045162,0.0874767928011599,0.1280160764449038,12.142910274801457,70.42818444517697,126.853360185268,0.8520100117484803,18.792091668500483,2.734375,13.32816043929808,0.11337461050968135,41.6,51.1,1.7341040462427744,4.100000000000001,42.5,16.700000000000003,9.0,3.8000000000000007,13.899999999999991,7.171734703231528
580,Namakkal,Tamil Nadu,1726601.0,False,,direct,direct,6.275297342448379,578.6059099362201,17.3,90.90797279872245,21.85,28.55,43.2,58.3,13.2,13.600000000000001,51.9,160.2661787081378,211.33042568983342,17.48809738402558,24.607690482363864,0.13422183709982013,1.2026913229458194,120.98,4.0,0.0,67.9,17.066666666666666,0.29974441881975644,2.4027300404153573,21.221904852438758,0.40744020115676627,29.46437265726858,24.799999999999997,0.5,10.299999999999997,2994.125778746737,25.9,17.029727157724217,0.7957816428843092,0.47746898573058555,6.472357362125715,1.5385111762429977,54.09836065573771,13.263027381405152,0.21220843810248244,0.0,1.3862943611198906,79.58506106266924,1585.2649393257368,100.0,83.9,,13.24503311258279,53.7,0.9,0.0,68.8,3.2361786810628574,0.2252079101603447,5.053088552993412,16.60531028151925,0.8488337524099298,0.15915632857686182,0.0935435399583808,0.0741990434799595,0.5192141080609051,0.5202388971163575,3.5360531551592045,0.7626938745373905,0.0144684344148593,0.1040119745488414,0.1749299806972446,8.35087018439169,163.86513191538293,220.9068568823949,0.8326009784540845,22.330163420428974,15.356137240588176,-15.954154270082466,0.1172917589781689,55.7,89.7,15.068493150684931,18.500000000000004,11.399999999999999,26.60000000000001,0.0,3.3999999999999986,23.900000000000006,2.364567764573047
678,Namsai,Arunachal Pradesh,85469.0,True,Lohit,direct,direct,5.088540933325115,,30.3,88.53067729808384,10.6,27.6,18.0,52.9,47.05,45.0,58.6,2.5445656529684286,4.493768188415398,0.13864620545020287,1.4843299642315835,0.0,0.4485612529271269,59.99,1.7,0.2,59.2,19.599999999999998,0.13049054630607326,0.17942450117085074,2.984971246751426,0.016311318288259158,,24.900000000000006,6.5,71.3,467.54762741466055,30.3,15.495752373846202,1.631131828825916,0.815565914412958,1.631131828825916,2.446697743238874,0.0,0.0,0.0,0.0,0.0,8.73471094336278,61.23268885412488,63.6,67.2,50.1,6.887052341597801,10.5,0.19999999999999998,0.0,30.9,2.446697743238874,,5.0651335204001535,11.417922801781412,0.815565914412958,0.815565914412958,,0.09194956211756174,,,3.6216954623292787,,0.009866136188887408,0.2518718888189641,0.2582737120372644,,27.790268082650027,,,19.059775419830828,48.39760999456817,,0.05841980063971938,22.2,28.7,,,,,,,,13.266359584682826
755,Nandyal,Andhra Pradesh,1749943.0,True,Kurnool,inherited,inherited,6.289655437954839,,25.9,18.371276230026005,17.85,29.4,29.0,42.1,11.0,10.2,58.6,41.93989699181143,40.62464788573386,5.492599977205946,44.551187966214385,0.5657201537942771,3.9821517339723504,137.81,4.5,4.2,70.8,37.833333333333336,0.05203821391001446,6.585625809290112,2.861878425076932,0.16281484094592505,,26.5,2.0999999999999943,21.900000000000006,1432.2803690815115,28.05,14.628768288008356,0.40201195295290126,0.04466799477254459,6.8342032001993225,3.327765610554571,12.0,7.699026617543273,4.157474373473368,0.0,1.0986122886681098,68.80054896833339,840.8216233393987,88.5,67.0,73.1,11.63895486935867,32.9,1.8,0.022333997386272297,73.3,1.283171102923879,,4.772471548289355,12.31844258806924,0.6159221294034619,0.22333997386272297,,0.06389214755278112,,,3.3211840273023143,,0.01830829395876014,0.1239048437281777,0.1750725909244721,,187.47693444112903,,,14.260137101013651,13.35690194644236,-6.749681143854468,0.047075188137006944,33.4,78.1,-1.3196480938416417,4.100000000000001,-2.1000000000000085,0.9000000000000057,13.0,3.5,21.0,2.67949304193571
773,Neem Ka Thana,Rajasthan,1555955.0,True,Jhunjhunu,inherited,inherited,6.120294935722723,,24.8,37.475559538159814,7.449999999999999,23.15,19.0,58.9,22.9,6.55,55.4,20.930261414073023,23.480722389722764,4.810985154452985,16.01078621960055,0.024192900910268805,1.0104316270804454,88.3,3.7,3.1,77.2,18.133333333333333,0.22491837565015527,1.7415108514626307,1.391091802340456,0.007560281534459,,21.0,1.5999999999999943,44.5,1589.1201466429243,30.63,26.725595224312563,0.9828365994796702,0.037801407672295,4.422764697658516,1.2096450455134402,59.09090909090909,0.0,0.0,0.0,0.0,49.85249643822265,463.278553854502,97.1,88.7,,14.963503649635037,13.7,0.36666666666666664,0.037801407672295,86.1,3.3265238751619606,,4.8240933813889235,10.546592740570306,0.15120563068918008,0.07560281534459,,0.22111211618420096,,,3.3866772839608377,,0.0963219687719214,0.0296651825477849,0.0435297930827358,,84.94120634651021,,,2.9647827848397554,20.71917808219178,143.3727442439328,0.08428124919779142,45.2,55.5,38.041431261770235,1.6999999999999993,62.49999999999999,23.60000000000001,0.19999999999998863,2.1999999999999993,12.200000000000003,10.404257507333801
79,New Delhi,Delhi,989188.0,False,,direct,direct,6.13815192996183,3984.640640959298,25.3,20.822500141448263,12.35,29.799999999999997,41.8,58.3,15.7,14.1,56.0,34.418491988112784,374.46743083069777,110.83337895421728,146.95500754940636,0.41105176548402467,1.1072934284366116,120.33,6.3,5.2,72.9,18.299999999999997,3.7976817979232007,3.4666578097900485,9.946725199464751,0.0014550504972885828,119.93400390625,30.599999999999994,0.9000000000000057,1.7000000000000028,7278.865376827682,34.04,5.747449464289902,0.0,0.7275252486442914,3.0556060443060233,4.947171690781182,,32.01111094034882,49.25345933321852,10.330858530748937,2.6390573296152584,251.64370825357395,6697.4897652825475,91.8,82.2,82.3,15.873015873015872,23.4,1.1333333333333335,0.29101009945771655,25.2,,1.101038404968132,5.940901887483262,27.427701873889788,0.29101009945771655,2.4008333205261616,,,,0.4192910058871581,3.402777069610347,3.8813086605360403,,0.1051901900135539,0.1008597839585176,-1.48481275184148,88.64997763894385,1890.277738655249,0.7373066047752276,19.295424644543896,61.83347160419338,20.308459968246765,0.1822686080763614,57.9,98.3,,,,,,,,20.816842979064624
368,Nuapada,Odisha,610382.0,False,,direct,direct,5.856251005770013,235.5946188024187,27.2,27.092382174569437,11.399999999999999,22.5,11.9,54.0,36.15,17.75,64.0,17.409967453531515,20.656931953022518,5.978758816815765,14.8188006724197,0.10721109196432554,0.6084577556936398,111.09,7.0,0.8,73.5,33.06666666666667,0.6571900702228787,4.7743744720217185,11.159700027195706,0.2589774429268124,51.55432733352305,41.6,2.5,76.8,795.7708492255972,32.33,15.594340649356445,0.6961759218462698,0.2784703687385079,1.9492925811695556,0.9746462905847778,,0.0,0.0,0.0,0.0,72.16698841042803,373.82558475379153,89.8,97.0,,5.937500000000001,14.0,0.43333333333333335,0.0,45.3,,-0.259920941543213,4.661684215963306,10.721109196432554,0.2784703687385079,0.0,0.0420949496002498,0.0321571134228262,0.0520732938778719,0.500404664619861,3.5338991007965945,0.253772516147607,0.0142090487849291,0.152682162666647,0.1930878555999224,12.417358735304829,54.98943008836476,65.46064595613895,0.7455701271398538,9.053071687688893,10.912286307716888,-32.68454291334507,0.04624902169924803,27.3,23.2,-0.847457627118644,6.1000000000000005,-9.800000000000004,13.200000000000003,5.099999999999994,3.6999999999999993,38.5,5.044869449247311
454,Panch Mahals,Gujarat,1642268.0,False,,direct,direct,6.302742821695465,466.60011050836414,26.3,17.827393318486045,14.5,25.05,16.1,50.5,25.0,4.05,69.8,7.892809863259322,7.381331081736903,5.0605023359779135,8.769844073834768,0.4058960145479776,0.755514422170898,98.87,13.7,0.9,91.0,44.900000000000006,2.33477363951033,1.8820626245114198,2.6545101319518043,0.16883282077517103,45.95705500101338,41.1,9.0,56.4,366.3906285823466,37.03,17.630329957053256,0.647441495598001,0.049803191969076996,3.7352393976807754,0.7968510715052319,28.57142857142857,4.9803191969077,0.0,0.0,0.6931471805599453,29.22849730281191,407.39309849856795,88.4,95.4,70.94999999999999,4.683195592286505,9.9,0.06666666666666667,0.0,34.0,2.191340446639388,-0.210444548890966,4.738250250756328,8.46654263474309,0.298819151814462,0.0,0.06958566921417711,0.0559594256467889,0.1272131259408455,0.459058899704531,3.4282968139828798,0.470718573136663,0.0136737347899725,0.0998083236458857,0.2287757742076204,6.497944742400685,76.36920768856075,48.43281010015159,0.6868091059831422,18.05216299303134,20.258557367415893,-17.659753299561572,0.0761410775380947,28.4,43.6,22.50936812311693,,,,,,,10.882572507329913
211,Pashchim Champaran,Bihar,3935042.0,False,,direct,direct,6.692478484195231,923.6176056245076,36.5,8.836296366238704,11.350000000000001,20.35,20.6,59.4,27.0,5.8500000000000005,50.6,0.38470756821261654,0.33720278142541216,0.10739330004457738,0.9602463312114385,0.008323488283228115,0.001015059546735136,82.08,22.1,6.6,61.6,29.0,0.0004060238186940544,0.07511440645840006,0.70952662316786,0.005481321552369734,83.32011679920477,56.7,0.29999999999999716,68.6,313.41222179285273,36.03,7.8362597007952495,0.040602381869405436,0.06090357280410815,0.28421667308583803,0.08120476373881087,20.833333333333336,2.436142912164326,0.36542143682464895,0.0,1.0986122886681098,27.00565924088829,4.480066815470196,79.5,62.1,59.95,8.029197080291981,6.4,0.09999999999999999,0.0,20.0,0.4872285824328652,-0.1051520813024843,4.315685227261192,4.791081060589842,0.20301190934702718,0.020301190934702718,0.0257854735937085,0.0571980492853804,0.15979559480354139,0.3758402070422628,3.274850320016665,0.49968307600520745,0.028185328788729,0.1086556895081727,0.1576452064611089,27.217750330034217,74.27501052406967,27.16489430100111,0.8017680901819543,10.498354868062817,5.617817263020621,-3.5025191267027433,0.052607440620748104,21.6,31.4,-8.274231678486997,7.000000000000002,10.0,32.7,15.299999999999997,4.899999999999999,21.699999999999996,14.786099493410882
455,Patan,Gujarat,1343734.0,False,,direct,direct,6.177383813436823,234.01558798212565,25.1,46.26144416998401,18.450000000000003,16.3,18.3,30.3,22.9,1.1500000000000001,59.8,15.437984774092282,8.101186533481302,0.09770876439298913,17.87671577108464,0.17414759368002145,1.492883570249344,98.87,6.8,0.5,76.2,37.9,0.7989519374175029,2.150922187589883,4.279909754601748,0.06513917626199275,51.16328563666003,26.900000000000006,0.5999999999999943,37.4,718.8440443246931,30.94,25.324516485529834,0.9970282080917258,0.06646854720611504,4.918672493252514,1.3958394913284162,27.55102040816326,13.293709441223012,0.0,0.0,0.6931471805599453,51.491189464161145,508.95963623930385,98.6,81.0,84.4,14.244186046511633,18.9,0.0,0.0,50.2,6.58038617340539,-0.2802954768288082,4.798302483565892,9.239128061649991,0.7311540192672655,0.0,0.0734701868178554,0.0810461210928775,0.1644098541744658,0.4129016605965169,2.8943160626844384,0.39001440544196864,0.0123267521058768,0.1025097520257469,0.1644037696983606,10.054760879487825,74.26657034205269,69.66631788731996,0.7991197803723842,19.662725634512956,26.786320274499452,21.267524801180617,0.0870959695766749,22.6,62.6,53.48837209302325,1.3000000000000007,24.900000000000002,50.3,6.599999999999994,3.6999999999999993,17.599999999999994,8.080967043833203
581,Perambalur,Tamil Nadu,565223.0,False,,direct,direct,5.737749916274341,346.2612416932401,22.6,71.45952848628644,22.1,22.950000000000003,32.9,46.4,12.9,14.65,66.1,210.05446726853037,274.3674941602249,5.267961247101261,50.77363482536,0.3530265696842165,6.09656765159323,120.98,4.3,0.0,69.2,22.433333333333334,0.02012068531878954,3.453441261988605,45.81114216446218,0.3292475779438288,25.422441195168467,42.6,0.0,24.900000000000006,4186.382953555783,27.02,21.949838529588586,0.7316612843196196,0.7316612843196196,11.340749906954104,5.304544311317242,54.54545454545454,73.16612843196197,17.011124860431156,1.6462378897191439,1.3862943611198906,171.21788629684497,4637.084475543458,100.0,92.5,,16.17647058823529,50.3,10.266666666666667,0.0,75.5,4.024137063757908,-0.0104915888003571,4.88290798554334,15.547802291791918,1.0974919264794294,0.0,0.0522147635078329,0.040840318888531,0.2433201907635124,0.5302791995371738,3.5691397254724593,0.5932378223634378,0.0025414788229284,0.1169062640577902,0.2074624872254582,11.505987689227616,239.479666746428,57.82673387317926,0.6859721584824843,20.44261628389017,15.886335462954134,-81.33787529639649,0.1368505438239131,49.0,75.1,7.82608695652174,5.099999999999998,-5.700000000000003,22.099999999999994,0.0,1.5999999999999979,19.6,3.2804359491660677
613,Peren,Nagaland,95219.0,False,,direct,direct,4.9993497473123005,85.82187358940757,28.5,51.43695698179754,11.3,23.75,16.4,65.9,31.3,13.75,29.7,1.1216781896342145,4.7270723706013325,0.0701048868521384,6.008990301611862,0.1101648221962175,0.20029967672039542,92.52,3.4,0.5,51.0,21.566666666666666,0.010014983836019772,0.9814684159299377,1.7726521389754997,0.0,30.285990139259507,10.599999999999994,7.5,68.6,269.48318505962004,45.65,24.035961206447453,1.0014983836019773,1.0014983836019773,2.0029967672039546,3.0044951508059317,0.0,0.0,0.0,0.0,0.0,13.470153259446594,78.34721854918268,43.5,63.3,32.4,6.115107913669078,2.4,0.2333333333333333,0.0,5.4,6.008990301611863,-0.2912437691532904,4.292591978394471,5.007491918009886,1.0014983836019773,0.0,0.1244060383742085,0.0969939265280266,0.0413580455790383,0.6447242672155767,3.6942541120252783,0.0524381801467775,0.0194242404093888,0.0743796935156113,0.1376510395427261,6.7142575526357495,135.33113911692834,67.96962791039604,0.8260197775030902,,,,0.04172332027671565,35.5,31.4,0.0,-2.6000000000000014,-0.8999999999999995,14.199999999999996,2.200000000000003,9.799999999999997,14.400000000000006,-5.014903020509409
248,Phek,Nagaland,163418.0,False,,direct,direct,5.178656814560159,87.39071769294169,24.3,39.60534258236706,11.2,29.849999999999998,14.1,59.8,27.7,12.5,30.0,0.7886606036314725,10.769525049589435,3.366719215502421,5.12960762361983,0.09941100045774864,0.43740840201409403,92.52,1.9,1.1,44.9,18.833333333333332,0.03313700015258288,0.3578796016478951,1.3851266063779644,0.21870420100704702,23.150133607485348,9.900000000000006,1.9000000000000057,75.8,371.81039651204094,44.52,44.40358020446106,1.9882200091549727,0.6627400030516576,3.9764400183099453,2.6509600122066304,16.666666666666664,0.0,0.0,0.0,0.0,37.76292537388345,99.05974825613126,32.2,54.6,,2.292263610315178,1.7,0.0,0.0,24.9,7.952880036619891,-0.3559827084899037,4.183579582406414,3.9764400183099453,1.3254800061033152,0.0,0.2170900858813531,0.1439423010799315,0.0248075244196485,0.49123719541299,3.769894035812169,0.06478173815395247,0.0019333033704676,-0.0791406883299185,0.0955311664680682,5.368185727418107,144.72275014071394,84.72138932063787,0.9291440953412784,0.9874826045469698,,,0.06096947450022415,39.4,24.2,1.4492753623188406,-0.09999999999999964,20.599999999999998,19.9,13.500000000000004,10.900000000000002,5.299999999999997,-6.961891127219672
715,Pherzawl,Manipur,47259.0,True,Churachandpur,inherited,inherited,4.787856368783951,,34.1,13.286797372048166,14.35,20.75,28.0,54.7,67.95,19.650000000000002,32.0,3.9419278310390307,3.587912929605732,5.003972535338925,25.837468520481057,0.01685785244920469,0.4635909423531291,58.18,4.0,1.3,41.1,15.666666666666666,0.01685785244920469,2.98383988350923,13.697005114978811,0.03652534697327684,,18.799999999999997,37.5,37.7,394.31078807104734,31.82,37.4862042544254,1.6298349675837134,0.0,3.2596699351674268,0.0,0.0,0.0,0.0,0.0,0.0,40.55999299278649,115.02112726092362,72.9,64.9,41.5,9.73154362416108,9.6,0.5,0.0,18.2,1.6298349675837134,,4.666507694127553,3.2596699351674268,1.6298349675837134,0.0,,0.14511097918767238,,,4.027227254067255,,0.0025428186053833525,0.1797839320014667,0.1501307083723615,,77.53650701606631,,,,,,0.052186796852438204,36.6,62.3,90.71331488066201,5.5,16.2,12.700000000000003,9.700000000000003,0.5,13.400000000000006,13.253423946902911
517,Prakasam,Andhra Pradesh,2288026.0,False,,direct,direct,6.346274350281653,254.6869461355017,23.1,27.61437787525261,26.7,30.4,39.5,50.5,15.2,9.65,60.4,76.88552127443917,74.05555564848123,1.9409126910123218,31.023478222747528,0.2423480621590221,1.6905839023277556,137.81,7.9,2.9,62.6,18.666666666666668,0.06810219968464286,2.2072029327479763,1.324268554805282,0.1372684962393583,27.44102964246029,21.599999999999994,1.4000000000000057,9.200000000000003,1291.6787259897878,30.29,16.998947499408906,0.37243390452539066,0.07980726525544087,10.42814932671094,1.9419767878823944,32.71604938271605,5.406384082313383,4.46026686790854,0.0,1.0986122886681098,52.48072558354286,704.820523345601,97.4,51.9,64.9,18.62745098039216,54.2,4.766666666666667,0.0,67.6,7.298618511123068,-0.2359762328198834,4.906092480669435,15.633460638022866,0.2703192041156691,0.34583148277357706,0.0326723622830581,0.0464513509562555,0.1458468295783875,0.5005424659921212,,0.36006658291770555,0.0213362574573497,0.1143131281064009,0.1673574221983116,7.714543626919035,208.1766742162316,142.68857095090198,0.5928416570918175,16.74357150292455,15.598592608185728,-32.793229411551955,0.08379895157303865,34.5,90.8,-0.15290519877674552,7.0,-7.700000000000003,-12.100000000000001,6.0,1.8999999999999986,24.700000000000003,2.2389848355042394
629,Pratapgarh,Rajasthan,867848.0,False,,direct,direct,6.03800083456795,212.27433554182795,30.7,31.12853133326813,7.65,17.6,5.9,67.2,20.25,9.2,53.1,15.558310244892601,16.97936549427888,1.0701434760046262,11.80089723539348,0.24921149441203627,1.940551268987841,88.3,5.0,0.8,65.8,28.566666666666666,0.584547549392938,1.3999822186087918,3.922332380801203,0.09253809167505757,49.10628693853428,53.7,11.400000000000006,77.0,1006.9143052661371,36.04,21.439518269270764,0.7329749835648125,0.09162187294560156,1.0078406024016173,0.09162187294560156,8.333333333333332,0.0,0.0,0.0,0.0,78.56575605085334,369.79595761447194,96.4,75.8,,6.849315068493147,3.6,0.13333333333333333,0.0,84.5,1.0994624753472186,-0.2623723193256929,4.447232026046789,6.688396725028914,0.09162187294560156,0.0,0.0423898241215128,0.0431974456576385,0.1511590991223962,0.5545832910832311,3.0842186867392387,0.25863268814623674,0.0416431944680577,0.0812695502965421,0.1165954603117795,5.945221549408664,116.58008584075174,51.64268397230851,0.8024900709536347,14.227960649722466,13.710800238679308,-14.061981184283342,0.07154992395738205,23.5,23.0,19.21182266009852,-1.8999999999999995,74.0,9.5,6.900000000000006,2.0000000000000036,29.999999999999996,11.003768346806348
582,Pudukkottai,Tamil Nadu,1618345.0,False,,direct,direct,6.234820215385804,355.69469386804,23.7,40.767008560354014,20.75,26.6,32.0,59.8,17.95,16.25,62.5,167.08679184551582,230.66305962009662,30.78737530988924,26.736588772558726,0.044258162282507035,0.6167025507523021,120.98,5.1,3.3,71.1,21.1,0.060563801018167523,2.062080955820492,26.121633254528103,0.6399963203746741,26.06993900128265,44.8,4.299999999999997,58.0,3810.584096705814,27.11,18.40207800167398,0.757047512727094,0.757047512727094,5.474035861257449,2.2711425381812824,27.27272727272727,8.735163608389547,0.0,0.0,0.6931471805599453,140.3170094512452,1405.9321532454248,100.0,83.3,63.8,20.72289156626506,41.2,7.833333333333333,0.0,72.9,2.562314658460934,0.0639367352871224,4.774839716957806,13.743324077199553,1.4558606013982578,0.058234424055930316,0.0661109351945892,0.0353435015054763,0.2880869217388193,0.4706616945088964,3.4168068718229443,0.5494843972464394,0.013187691448689,0.0937485736929211,0.2206370103113319,14.892369845926456,213.6901077450452,70.92986971257675,0.7466307747258013,20.132222740375667,11.751730898841984,-11.90081802196682,0.11036487838619295,52.2,42.0,11.14864864864865,7.300000000000001,-4.199999999999989,29.0,0.29999999999999716,1.6999999999999993,19.900000000000006,3.24537528833811
317,Purba Medinipur,West Bengal,5064835.0,False,,direct,direct,6.760797217124343,1312.6732276514872,23.9,12.878292811527565,22.65,19.700000000000003,27.4,66.2,26.5,8.4,70.4,11.453654544471062,17.130871863659213,1.7845706187114692,38.69524299283616,0.041283807081388964,2.4673145879230107,110.07,8.9,3.8,67.5,23.96666666666667,0.07406800682249197,3.654310772200089,2.6640197863696287,0.8506545795257624,61.5752,30.200000000000003,12.200000000000003,83.0,1097.7768467943422,31.11,13.269795133303596,0.41630729829972063,0.15611523686239523,0.641807084878736,0.5203841228746507,,4.336534357288756,0.8673068714577512,0.0,1.3862943611198906,46.25607737545625,221.81598737318566,91.5,88.4,72.5,13.451776649746192,36.1,0.2333333333333333,0.0,21.5,,0.2267346916832838,4.784460572530933,6.9037626968037,0.1387690994332402,0.08673068714577513,0.0643657110825057,0.0556743982905751,0.0767355334115989,0.3745628436069487,3.642563437104388,0.9566689560789017,0.0147182207845617,0.1114900705512234,0.1757318556816105,4.797900669384481,51.9798059446309,101.50064118574446,0.7139591973296193,9.268908535268988,5.861279144887532,-13.249236963439184,0.07101302439184615,30.9,17.0,0.6377551020408163,6.5,-12.299999999999997,-4.199999999999989,17.400000000000006,0.8000000000000007,-1.4000000000000057,4.7737960912277115
214,Purnia,Bihar,3264619.0,False,,direct,direct,6.615794779651827,1046.084669411067,40.2,19.848257247126956,18.95,20.6,14.4,48.6,26.75,7.05,66.0,0.599972337219729,0.9439209520166669,0.8162724168068174,4.911683106234019,0.01525969206493457,0.6295228520121419,82.08,12.4,2.7,68.0,38.800000000000004,0.014290822727478404,1.1960691970896333,0.516649574198499,0.07872063366831325,81.1252363614419,64.4,0.4000000000000057,80.7,448.60248958627153,30.65,8.647158836796255,0.04844346687280815,0.0968869337456163,0.314882534673253,0.2906608012368489,40.74074074074074,2.4221733436404076,0.0,0.0,0.6931471805599453,36.169345671244756,46.36887540398015,68.9,62.7,62.8,30.113636363636367,7.1,1.4000000000000001,0.024221733436404075,10.2,0.65398680278291,-0.2114303680254968,4.448391067001472,5.982768158791807,0.07266520030921222,0.0,0.0199409344822557,0.0363676536913332,0.0904011358579161,0.3502148336452125,3.6110857334148725,0.7605984342151839,0.0215480411820207,0.1225850861116422,0.172334317837242,20.63997917385548,98.48245224068812,31.600624758968813,0.7846535613198402,13.76424224257098,12.28148358215002,-9.678137169196535,0.05587839226780465,19.2,19.3,-5.526315789473684,5.700000000000001,-6.800000000000001,-3.0999999999999943,7.400000000000006,1.6999999999999957,20.700000000000003,14.31101084226556
321,Purulia,West Bengal,2930115.0,False,,direct,direct,6.523031842280347,487.7066788730704,25.4,18.50497549701068,18.0,18.95,9.6,51.6,38.95,9.450000000000001,76.7,4.717636650894984,10.092641526236081,0.3865637049776641,13.001016088589367,0.043784562394677234,0.8603966404817055,110.07,9.0,4.0,77.9,37.53333333333333,0.11156066582753378,4.222211328456582,7.635607829663542,0.08726923052637724,74.91304092693753,70.8,12.400000000000006,76.8,1407.8035352047423,31.29,16.194290200771032,0.5997885259544827,0.11995770519089655,0.7497356574431033,0.17993655778634482,,2.9989426297724133,0.0,0.0,0.6931471805599453,82.83859268515147,180.23735173211097,89.8,84.7,71.35,13.414634146341472,11.9,0.26666666666666666,0.0,35.6,,-0.1211832452854019,4.709136994183111,5.967895833247103,0.05997885259544827,0.0,0.0657671208416236,0.0519298637704109,0.07005419109501279,0.4264822370453037,3.3942765267678214,0.3417357524384241,0.0049374100614371,0.0790963492270451,0.1492211280309605,0.2251793732304108,28.16848647431483,80.31527772800726,0.5939073568092873,6.219207225622031,7.066625220184437,-18.36718626987876,0.0600781898372551,26.9,23.2,0.5385996409335727,4.8999999999999995,8.5,-2.700000000000003,16.89999999999999,3.400000000000002,17.1,5.332856308309157
388,Rajnandgaon,Chhattisgarh,884742.0,False,,direct,direct,6.023945283741291,242.49849666572263,24.0,35.70856196179156,9.25,28.0,12.8,50.9,33.15,18.400000000000002,58.3,16.48925480058811,14.00159535706651,0.15632981394585055,15.195584737447362,0.028324565592976404,0.12528173243047255,94.16,2.9,0.0,80.5,26.0,2.545942684260995,2.099286072987136,3.4387112036242318,0.07462433627380322,62.12319825141777,20.799999999999997,1.2000000000000028,72.6,890.4535308291958,32.35,21.02554292094018,0.5447031844803155,0.10894063689606309,1.1438766874086626,0.16341095534409464,46.875,11.82945480249865,1.4195345762998381,0.0,1.0986122886681098,74.34871646245618,136.63770442051816,95.5,91.0,,4.73684210526315,10.8,0.0,0.0,80.8,6.056680858879309,-0.2603102561711598,4.842486546098081,11.072369695138736,0.6624494689399244,0.0,0.0500207325685491,0.0293874172782363,0.1083466284248117,0.5205092857937472,2.910624404889201,0.3478494005072292,0.0345942670889144,0.0964886043788142,0.1959372755073296,4.717733609074348,73.98873319257905,61.9978882764211,0.7431452586071208,26.12795341137482,21.557055661101902,-26.202822623757083,0.06262162960359664,38.9,27.4,9.695290858725755,5.800000000000001,4.200000000000003,3.9000000000000057,12.0,6.100000000000001,32.300000000000004,10.109966877481492
112,Rajsamand,Rajasthan,1156597.0,False,,direct,direct,6.148905487784579,256.6689507341403,27.6,37.10338020238271,7.35,15.25,8.3,56.6,24.7,5.85,58.4,27.060669504503764,32.93015483817577,3.11856330787845,20.299050789401807,0.2533743971125641,2.245592695978019,88.3,8.2,3.2,84.3,23.533333333333335,0.3626731566513172,2.167522153450338,2.1107435770665703,0.23917975301662212,49.8496700310559,27.900000000000006,5.200000000000003,62.9,1845.788479568332,34.55,21.71780546679121,0.851678645756518,0.14194644095941966,2.200169834871005,1.206544748155067,33.33333333333333,10.645983071956474,7.239268488930402,0.0,1.0986122886681098,54.19302196169203,700.3467061208614,95.1,71.7,70.8,21.004566210045667,9.0,0.0,0.0,93.2,1.9162769529521655,-0.1334272212656508,4.846447867855117,10.007224087639086,0.2838928819188393,0.0,0.0867203327025659,0.0626647447478901,0.21668780312034158,0.4762514514562981,3.150449409460881,0.6016184572238171,0.0151172352173643,0.1233709340752222,0.1563244124519029,5.1813882076032325,62.97348853454511,91.34642403533816,0.6629468722491978,13.788677274798026,17.333406702250592,-8.758747006058329,0.07135359973601205,33.9,37.1,20.454545454545457,-4.199999999999999,84.4,11.700000000000003,10.399999999999991,3.0,39.99999999999999,10.582343800018222
583,Ramanathapuram,Tamil Nadu,1353445.0,False,,direct,direct,6.139379708063958,328.6787452935408,24.4,17.601386939057004,18.7,25.75,34.1,66.9,11.950000000000001,15.25,53.6,148.1811593948186,192.057669248671,23.432725996683754,31.812646058222274,0.14727069279649543,9.20405556408442,120.98,3.3,0.0,57.2,21.899999999999995,0.8756439714550246,4.717014997846371,30.600383360375258,0.42512623634850405,27.084667810302868,21.400000000000006,6.099999999999994,17.299999999999997,2946.5020630195377,27.17,22.27197176774586,0.7980185323948028,0.7254713930861844,9.286033831503161,5.876318283998094,26.31578947368421,7.254713930861844,0.0,0.0,0.6931471805599453,129.20282775168403,2183.2604527951075,99.6,90.4,,11.604938271604937,47.5,6.166666666666667,0.0,69.7,2.7567912937275008,-0.0871266684007594,4.756730133503106,12.260466543156516,0.6529242537775659,0.0,0.0568886442086391,0.0463337299264932,0.13360034078044591,0.4455127471009165,3.571708831808688,0.40337074054418376,0.0099785383128845,0.1047107752677467,0.2236315832668056,17.868142568955125,214.41389592476585,71.42070789725479,0.7047194405362907,21.98468509608373,10.705819918627277,1.3816867953564618,0.10581106693012175,53.7,82.7,7.4324324324324325,1.3999999999999986,10.400000000000006,31.400000000000006,0.7999999999999972,1.3000000000000007,31.599999999999994,2.6992727795184996
339,Ranchi,Jharkhand,2914253.0,False,,direct,direct,6.577309834005004,589.5520853458338,25.4,51.26777257375398,10.85,21.35,14.9,71.9,27.049999999999997,21.05,58.9,7.778655335604086,7.308881826002602,0.10083589135671318,6.381773880011615,0.003440594718208061,0.025936790952645384,86.87,4.8,1.9,62.8,33.86666666666667,0.19161465969097205,0.4599810477112008,0.2961558068980631,0.00899847849377493,62.428450671000206,22.799999999999997,13.700000000000003,42.3,529.9129879867048,32.5,9.263139625944781,0.3440594718208061,0.05293222643397018,4.816832605491285,1.9849584912738814,78.15126050420169,4.763900379057316,5.875477134170689,0.0,1.6094379124341003,10.406211055786367,58.16616498376114,87.3,73.8,,10.921501706484646,19.8,0.3,0.02646611321698509,43.9,3.1494674728212253,-0.1343936775819877,5.43599559668077,14.900421741162603,0.3969916982547763,0.4234578114717614,0.054461749387372194,0.0663321236140109,0.17450430981130832,0.3921646473384431,3.379305517750582,0.9237214160707056,0.0250293179031349,0.0793622520579011,0.2143856935547701,6.010732894300341,53.10740425821098,58.10030906719492,0.8429945841872442,28.616749576997293,21.99574362576966,0.6197654941373534,0.11428401911036415,49.5,57.7,-10.591133004926109,-1.0999999999999996,37.4,6.099999999999994,10.399999999999991,2.200000000000003,37.900000000000006,15.452811424234818
492,Ratnagiri,Maharashtra,1615069.0,False,,direct,direct,6.240698253098414,195.39153167291343,16.3,51.259421560684295,16.7,33.15,17.7,53.2,24.85,6.75,43.4,5.684830830321794,8.062750467178985,1.8959011359334939,12.085507968332417,0.406756970982095,1.874644062591209,92.93,2.7,2.4,69.4,28.3,0.2395729617225051,2.119387663775351,0.9726547342834561,1.1455838985004203,32.71587516960651,14.400000000000006,9.099999999999994,41.9,845.4926234879264,32.88,25.68084265946278,0.4596123965899379,0.22980619829496896,5.170639461636801,1.8959011359334936,57.89473684210527,14.362887393435557,2.3555135325234318,0.0,1.3862943611198906,66.97127133811134,262.566795408404,97.8,77.2,,14.604462474645027,30.8,0.6666666666666666,0.0,16.6,1.0915794419011025,-0.2327351798499997,5.033423854562067,15.339563736189177,0.05745154957374224,0.1723546487212267,0.1300028969771826,0.0760150663868252,0.103623851895955,0.4421334320700849,3.490941205356787,0.14950378980946272,0.0035099317621219,0.1157997618787189,0.1304185371521198,6.154811665282245,54.03455022701333,93.691353124851,0.7379293937271177,13.970493309846898,15.269446710494746,12.66737710234907,0.08149555217390984,41.2,58.1,0.44150110375275936,1.0999999999999979,6.800000000000001,4.1000000000000085,0.0,6.699999999999999,18.599999999999994,5.105751531840642
370,Rayagada,Odisha,967911.0,False,,direct,direct,6.043672960367248,149.86927769133752,30.9,24.81843831376621,14.4,22.3,14.8,57.3,38.05,18.7,69.1,23.326293465430904,33.07859046206605,1.4270330731352239,18.102882166046204,0.25773411016700815,0.6077099018674718,111.09,5.1,1.1,70.5,33.166666666666664,5.598708336996307,3.4635847085601443,5.679193725785302,0.21884791108917884,33.71125887836638,49.5,8.700000000000003,69.8,1262.938739008051,32.29,24.778647784477272,0.9947632322235401,0.18086604222246186,1.175629274446002,0.6330311477786165,,0.0,0.0,0.0,0.0,69.53394993242546,416.7325435545632,68.9,92.7,65.1,11.145510835913315,8.5,0.20000000000000004,0.0,45.5,,-0.4009422884966698,4.804383986498818,10.76152951223648,0.27129906333369275,0.0,0.032061189170293096,0.0162399050492501,0.040935972485229004,0.4826084216420724,3.295127085252191,0.1674609388883084,0.0034300744951924,0.1381966913450318,0.1658328107891107,10.878084521099996,47.04361432414077,74.63496127226574,0.5927464008859358,11.378282716215075,7.376556462000859,-12.124598407598826,0.06871508808937431,19.1,30.2,1.0638297872340425,4.800000000000001,-8.799999999999997,21.5,-2.5999999999999943,-1.1999999999999993,27.1,4.574345425242567
216,Saharsa,Bihar,1900661.0,False,,direct,direct,6.3780975862439995,1161.114367446577,38.8,23.030145786018554,14.1,15.2,12.8,51.7,32.8,4.8999999999999995,65.3,0.756171247355638,0.4425653424445788,0.109699261797994,8.997014265325552,0.02972766254831135,1.800407731799138,82.08,8.8,2.0,69.3,37.0,0.020097574680548517,2.2948918088351338,3.921120560069518,0.023447170460639936,88.93839907631738,59.5,0.0,74.8,306.18487546026665,31.86,12.728463964347393,0.04186994725114274,0.08373989450228549,0.46056941976257015,0.2093497362557137,37.5,6.28049208767141,1.967887520803709,0.0,1.0986122886681098,49.38937107797547,34.90153193013506,70.4,72.2,73.4,23.684210526315784,6.1,0.13333333333333333,0.0,12.8,0.6699191560182839,-0.1450722544394266,4.435909098067828,4.563824250374559,0.2512196835068565,0.0,0.0411392038243055,0.0461753608342682,0.0904947959586199,0.3419326223876851,3.356790460351716,0.796571631940232,0.0118780851061412,0.1021783430837506,0.1615507809193423,26.612551607047696,65.06868308985247,22.50743294043493,0.817901306715912,7.496395355844596,5.482470351889054,2.7489239598278337,0.06412772147175315,20.9,25.2,57.21649484536082,5.1000000000000005,3.5,-5.799999999999997,10.800000000000004,2.0,23.7,15.348325573926585
340,Sahebganj,Jharkhand,1150567.0,False,,direct,direct,6.266416873897872,676.0418673387024,39.4,17.474129480771087,14.950000000000001,15.8,14.3,66.4,25.950000000000003,20.55,71.5,0.41260843061409835,0.5869652739969589,0.03844514248504066,1.3363748120152164,0.0075807323209939334,0.029239967523833746,86.87,3.4,2.2,72.6,37.86666666666667,0.5387734756706404,1.2778948769675489,0.8436272111506107,0.0460258748060346,68.80102195536148,56.8,11.799999999999997,82.6,221.3362660187001,28.49,7.905620849036531,0.32488852804259716,0.10829617601419905,0.9746655841277916,0.6497770560851943,30.0,0.0,0.0,0.0,0.0,23.45424432027516,96.82815245517546,64.7,66.0,58.9,6.834532374100728,4.9,0.43333333333333335,0.0,34.8,0.5414808800709953,-0.2237192457931811,4.415206598634679,4.548439392596361,0.054148088007099526,0.0,0.054461749387372194,0.0663321236140109,0.17450430981130832,0.4260525462663191,3.1894903136993675,0.49278428322788304,0.0250293179031349,0.1116856779235997,0.1190220722751345,14.645290145249646,36.16636932676148,25.180628333682435,0.7798218970040038,6.167467224008637,2.093114241001565,-89.55927107395593,0.05053976068136175,18.6,17.4,-11.11111111111111,6.6000000000000005,28.099999999999998,3.799999999999997,16.5,-1.2999999999999972,16.1,10.375942686123546
762,Sakti,Chhattisgarh,176477.0,True,Janjgir-Champa,inherited,inherited,5.556014986110887,,25.3,31.801919858164837,10.1,24.950000000000003,12.8,52.7,27.6,16.3,66.3,2.2052065975510935,2.2000572534820897,0.1866637225014061,5.069100123928988,0.02102648828176758,0.19696241063941466,94.16,6.2,2.1,74.1,29.099999999999998,0.2291458110706916,1.0702053423413946,1.6409243099893718,0.09311730524782785,,21.200000000000003,2.799999999999997,75.2,271.94243874019213,35.23,13.817406585161553,0.47202320632539463,0.08582240115007174,1.029868813800861,0.2145560028751794,18.75,0.0,0.0,0.0,0.0,19.18302310506404,45.606882195159635,86.2,85.5,87.8,7.18954248366014,22.8,0.06666666666666667,0.0,74.0,8.89477552133386,,4.901709019085223,12.786239811917422,1.3898086752084158,0.0,,0.02815586163342897,,,3.414639146737009,,0.015053486143869447,0.1177630610605695,0.2029039199980953,,48.23912880411338,,,,,,0.06648062630607962,37.3,24.8,4.062500000000011,-1.0999999999999996,3.9000000000000057,15.0,23.800000000000004,3.8999999999999986,47.199999999999996,10.090782506478604
178,Sant Kabir Nagar,Uttar Pradesh,1715183.0,False,,direct,direct,6.324156033656238,1044.2385856046242,34.6,20.8430332774906,9.45,25.35,15.9,58.5,30.9,7.3500000000000005,43.5,8.197646623171712,6.725180140892545,0.11282904790162314,16.215146027004696,0.04645901972419776,0.23703581491937634,86.91,3.5,4.9,71.6,31.833333333333332,0.0061629311879037845,2.1864183568163273,1.2117270858678517,0.26026532478147524,99.7805818570556,34.900000000000006,0.09999999999999432,41.9,533.2115915895073,33.76,9.860689900646056,0.18962865193550107,0.04740716298387527,0.23703581491937634,0.04740716298387527,58.46153846153847,0.0,0.0,0.0,0.0,19.212700942475127,480.21227966005404,90.6,80.2,60.3,15.064102564102564,8.3,0.43333333333333335,0.0,20.4,3.0814655939518922,-0.0399384751988343,4.545809835046951,6.257745513871535,0.09481432596775054,0.0,0.0676114268802945,0.0704343555352259,0.1688007900438932,0.3145256220473267,3.329397879361043,0.5460231971937004,0.0353428676285918,0.1086038877333415,0.1547727200630526,10.87398608087764,45.37440283957944,51.20211662545629,0.8699969255645005,11.087113207038907,8.438976470037892,0.004276062601556487,0.0655087456825567,34.8,58.1,-1.8518518518518516,2.4000000000000004,6.599999999999998,36.900000000000006,21.799999999999997,3.1999999999999957,48.39999999999999,9.841364954121255
341,Saraikela Kharsawan,Jharkhand,1065056.0,False,,direct,direct,6.04557450740199,397.27176634662135,26.2,67.18270041322519,13.3,16.4,6.4,63.9,26.9,24.299999999999997,70.2,1.9475203842849533,2.658820016085745,0.10534437584897806,1.3550708175445467,0.1593671326946078,0.009904172088365458,86.87,9.2,3.2,76.1,40.53333333333334,3.642034190676207,0.16206827053688933,0.08553603167224715,0.027011378422814886,66.80903183411215,39.1,14.299999999999997,68.5,481.5516514876977,36.99,18.187661471362023,0.5402275684562977,0.18007585615209926,0.9003792807604962,0.8103413526844466,68.0,0.0,0.0,0.0,0.0,16.649813659823096,180.39729155533075,81.8,80.9,75.3,5.617977528089888,12.4,0.06666666666666667,0.0,63.1,2.250948201901241,-0.1750021831691627,4.873379681624324,11.7949685779625,0.09003792807604963,0.0,0.093226980950332,0.0983668833957477,0.2654277271790302,0.4037825241114082,3.248218561190075,0.8373382455251179,0.0611895414416611,0.1060363060193583,0.1504834434522217,4.307794953955302,61.99665435025759,64.50834510110266,0.7139218397496543,7.932341463499972,6.86748481467708,-91.92424742419243,0.0661919421587425,36.0,31.5,-2.803738317757009,-6.0,52.6,15.800000000000011,17.700000000000003,3.900000000000002,33.2,12.4830547906022
113,Sawai Madhopur,Rajasthan,817289.0,False,,direct,direct,6.217657071317538,274.7958914998128,28.9,30.960382768865053,6.85,17.6,11.1,59.6,30.5,3.9499999999999997,57.5,15.787038735424215,13.214731030960833,1.5448385884082945,12.810649721757567,0.28958150794477044,2.9442806037899256,88.3,8.7,7.0,73.3,24.366666666666664,0.492530891127821,3.196907149423753,2.4941570464615483,0.023021124062554976,71.20507610939113,28.799999999999997,7.5,70.9,1514.6439609240365,30.49,18.477481155471757,0.8481466759888675,0.1211638108555525,3.1502590822443652,1.45396573026663,45.714285714285715,6.058190542777625,0.0,0.0,0.6931471805599453,89.71998448137379,445.2860921799696,97.4,54.9,73.75,12.440191387559809,10.4,0.20000000000000004,0.0,80.5,2.120366689972169,-0.2156180705978664,4.560932587232965,9.6931048684442,0.18174571628332875,0.1211638108555525,0.07045215829776841,0.0851776144059669,0.1507678404885213,0.432831093683431,3.3188977146274867,0.44070305005875277,0.0784425024605788,0.1670282705785339,0.1720531875235242,2.7946807554215525,82.08248177239764,59.21076769063854,0.8229871394428356,15.378110873786724,21.093818693396642,6.351600469247528,0.0825045377855565,28.3,29.1,25.590551181102363,-0.09999999999999964,48.9,8.899999999999999,10.0,3.6000000000000014,34.400000000000006,10.151651434682504
653,Sepahijala,Tripura,479975.0,True,UNRESOLVED,direct,direct,5.718764309769584,,23.4,,20.2,19.6,24.2,72.7,49.0,18.8,69.4,4.4676608460338105,21.946571777886366,0.22357413130280407,26.26900498307391,0.011465340066810464,1.4541872984737938,64.37,9.9,0.4,72.1,23.46666666666667,0.09554450055675387,8.157589457535645,3.5695425408003243,0.16624743096875175,,24.599999999999994,2.5999999999999943,62.9,961.0572895302424,35.3,30.765329179274747,0.764356004454031,0.3821780022270155,0.764356004454031,0.19108900111350774,0.0,0.0,0.0,0.0,0.0,78.1401143353356,220.10777682260502,87.7,70.3,61.6,16.00000000000001,21.8,0.5,0.0,31.6,3.630691021156647,,4.637071799956723,11.08316206458345,0.5732670033405232,0.0,,,,,3.9237619608287004,,,0.1303420677316784,0.1125875962869282,,50.73743824307575,,,11.665983517979647,7.993132392216711,-16.882232811436353,,21.7,37.1,50.0,,,,,,,6.9830965530398625
268,Serchhip,Mizoram,64937.0,False,,direct,direct,4.891833976373602,77.65309130686856,29.0,39.29280386763822,14.0,14.649999999999999,24.0,47.4,68.45,11.399999999999999,32.1,7.2222816119752915,14.226483672612074,0.1282820890226517,43.52611280538573,0.1282820890226517,4.09219863982259,138.78,3.2,0.3,43.2,18.2,0.20525134243624274,5.413504156755902,12.37922159068589,0.33353343145889447,35.43171392108168,1.7999999999999972,2.299999999999997,18.200000000000003,747.666499450721,32.89,41.050268487248545,1.282820890226517,1.282820890226517,2.565641780453034,0.0,0.0,0.0,0.0,0.0,0.0,56.66219872130526,404.1527214658642,96.2,84.7,43.6,10.85271317829457,13.9,3.4333333333333336,0.0,58.8,8.97974623158562,-0.4100774772949077,4.87104713235588,21.807955133850793,2.565641780453034,0.0,0.1948684182476143,0.13181362782011,0.1136902995408959,0.4988989328118022,3.8095597146352675,0.0389671124046545,0.0115695068308958,0.0764534527112612,0.2625952116834873,7.781810488710605,108.92985785541369,98.4492662118669,0.8740810261223213,9.197825782924127,20.962199312714777,-40.743801652892564,0.0315842369936864,43.1,81.8,3.125,5.100000000000001,-11.5,23.1,7.799999999999997,2.0,6.1000000000000085,12.776891474936416
429,Shahdol,Madhya Pradesh,1066063.0,False,,direct,direct,6.063808825418281,198.3450308244424,24.7,33.52680105269596,14.05,21.5,14.5,52.0,27.5,14.25,56.4,8.271837892665515,8.64480876936226,0.6656494118823831,13.439038580234989,0.3116724224248253,2.09623446439744,92.55,3.2,1.1,57.3,34.53333333333334,0.34188997030534857,5.255263255678426,9.02468651414598,0.23138008091372073,45.57694155418073,38.6,20.799999999999997,73.5,650.2695433697077,32.96,22.706328835936027,0.6043509576104645,0.17267170217441843,3.108090639139532,0.08633585108720922,33.33333333333333,8.633585108720924,0.5180151065232553,0.0,1.0986122886681098,74.03730909983628,257.64344681444976,85.6,86.1,,6.070287539936103,9.3,0.0,0.0,58.4,1.2950377663081383,-0.3396981608149375,4.822332006650092,7.252211491325575,0.25900755326162767,0.0,0.0533823575190816,0.0395599909858769,0.0810868247181766,0.4625026851133563,3.1055101847699738,0.34008570003791627,0.0194125262195951,0.111806866887594,0.1824287190682421,11.782638587618344,43.245753129603166,36.85617078915599,0.8087093736479092,18.07872721766161,15.45947589842364,-27.15254826926422,0.08126531403015384,30.7,26.5,17.903930131004365,2.1999999999999993,37.2,45.8,13.699999999999989,4.699999999999999,43.8,11.226500381785357
220,Sheohar,Bihar,656246.0,False,,direct,direct,5.934432876014088,1515.3287774271096,36.2,14.320766816963719,10.7,18.15,7.6,69.1,30.55,7.6000000000000005,61.6,0.11164476323116104,0.2826008069288764,0.015118561687553059,3.740099568243895,0.0,0.25236368355377026,82.08,8.7,5.2,73.1,37.333333333333336,0.0,1.5351154944284644,2.161954321320087,0.04884458391363296,96.61459434460888,42.1,0.0,68.7,337.0671698577118,48.21,12.560035863505616,0.0,0.11629662836579274,0.11629662836579274,0.0,20.0,0.0,0.0,0.0,0.0,17.133982257132246,6.512611188484395,74.3,62.9,65.15,8.260869565217385,5.3,0.09999999999999999,0.0,18.1,0.5814831418289638,-0.1013721434067194,4.2525826095550086,5.233348276460673,0.6977797701947566,0.0,0.0301774535439291,0.0489160882345793,0.1084892206258872,0.3297117239571746,3.3203540328176717,0.9303090607415102,0.0184733345359379,0.1216695515509176,0.1554835817608102,62.72694039476843,67.04418728405099,22.61194734901241,0.838398813936249,4.290182620414094,4.032258064516129,11.147936125338957,0.01908284263163265,21.0,31.3,157.14285714285714,-2.0,10.600000000000001,3.6000000000000014,21.599999999999994,7.299999999999997,34.0,14.834890783977112
181,Shrawasti,Uttar Pradesh,1117361.0,False,,direct,direct,6.13102530117678,716.8590287697128,40.2,16.93967192314927,8.899999999999999,18.549999999999997,13.7,56.8,44.2,4.15,44.4,2.2682372315345476,3.2281889519557545,0.3653437210231713,18.959416259412993,0.10871564168098416,1.855561530459791,86.91,9.8,6.7,61.2,37.333333333333336,0.701104954514102,2.1144082963668964,8.708344767303323,0.03475942285038269,69.89664183775663,41.9,0.7000000000000028,63.1,613.8758130899724,33.09,10.132001979792403,0.44373731298360886,0.07395621883060147,0.07395621883060147,0.0,17.391304347826086,0.0,0.0,0.0,0.0,28.057510299953588,191.343966731662,80.4,59.6,63.5,17.358490566037727,3.2,0.7333333333333334,0.0,13.5,1.7009930331038339,-0.2911940558364916,4.3914269680247076,5.990453725278719,0.22186865649180443,0.0,0.0235182162536478,0.06478968576052,0.1309966719603716,0.3613469594875783,3.294466226161593,0.415203345834573,0.0583012825460959,0.1449166430966268,0.1047130912255356,16.02427439845058,55.28443811851218,26.36390566701361,0.7892592844049154,10.52766775053612,7.803719825880491,-6.606744521716309,0.03413318375784835,15.9,36.9,-11.728395061728394,4.299999999999999,5.1,42.3,32.00000000000001,3.0,47.5,9.980824141296281
342,Simdega,Jharkhand,599578.0,False,,direct,direct,5.854814174381749,159.837797002069,30.0,25.869015758628095,8.649999999999999,23.799999999999997,7.9,64.6,37.05,34.9,70.6,1.265651165207747,1.8831101221854774,0.1857964734797244,14.708654656150514,0.041908978980388964,0.2626296016104375,86.87,7.3,0.6,75.4,33.43333333333334,2.2672757628390428,0.523862237254862,0.4204867557699026,0.019557523524181518,56.06763626094324,28.700000000000003,33.3,84.1,507.26209068073,35.58,22.63084864941004,0.8381795796077792,0.13969659660129655,0.8381795796077792,0.5587863864051862,12.5,0.0,0.0,0.0,0.0,21.393136803522555,205.43083013203665,75.7,79.3,59.75,6.206896551724134,4.5,0.06666666666666667,0.0,60.6,1.1175727728103724,-0.4598298331923355,4.5306451083239345,6.5657400402609385,0.2793931932025931,0.0,0.028444416147899,0.0701833661486421,0.1378627372017465,0.4814135942279403,2.8260748027008264,0.0837881905335742,0.0150242952181308,0.0867605168195424,0.1619047703037666,15.96651486970644,30.640641839399272,30.65322610235866,0.876108602209043,6.477731184402121,0.5070014485755674,0.7167680278019114,0.060793839715125406,29.7,15.9,-4.545454545454546,3.5,50.0,22.4,26.5,4.0,62.4,11.704486965496493
222,Siwan,Bihar,3330464.0,False,,direct,direct,6.570474469272415,1530.4973045156996,31.5,17.455171109799142,12.35,24.6,23.3,63.5,24.35,5.9,53.1,0.2180451268432929,0.4213029762804439,0.06183770551659355,5.700361010273115,0.0013442979460129032,0.025810520563447743,82.08,15.8,7.4,63.9,28.566666666666666,0.0048394726056464514,0.4336705173837626,1.2714369973390038,0.029843414401486454,105.62073275862068,52.3,0.20000000000000284,52.0,552.9729271985697,34.09,7.124779113868388,0.24197363028232258,0.05377191784051613,0.34951746596335487,0.1613157535215484,22.22222222222222,0.0,0.0,0.0,0.0,37.338413169686795,24.268073100192534,86.4,76.1,60.349999999999994,9.440559440559438,11.3,0.06666666666666667,0.0,8.2,0.7259208908469678,0.1522817193270134,4.719707773585362,7.124779113868388,0.18820171244180645,0.05377191784051613,0.0753381855648862,0.1264534240750166,0.134847999795817,0.2799657945559538,3.616580530085886,0.8761900546722363,0.0204137279783294,0.1134710277901438,0.0950349070350542,46.32584914931744,38.40042379425323,24.378585086042065,0.859592078037245,10.086536348524016,8.382445499799736,-10.19509275882705,0.076006314703349,38.9,48.0,-36.42691415313225,6.300000000000001,-3.8000000000000007,12.799999999999997,11.600000000000009,4.5,22.200000000000003,14.205536040591532
25,Solan,Himachal Pradesh,580320.0,False,,direct,direct,5.830605123502781,346.8655645696605,22.3,115.23640186383345,12.100000000000001,22.0,29.7,61.8,15.95,13.95,47.5,27.88816047054576,41.04866625904016,2.6764126250002076,99.32415395592659,0.30722617328920704,6.00568086823998,119.01,3.0,4.0,50.4,26.63333333333333,2.227389756346751,4.515338518005318,3.386873150731499,0.2821163418184546,32.81408435314685,18.200000000000003,3.5,37.5,1704.6015880767743,44.01,31.90425645695612,0.8862293460265588,1.0339342370309852,5.612785858168206,1.6247538010486913,75.75757575757575,22.155733650663972,13.588849972407234,0.0,1.0986122886681098,57.776245165291456,933.31914232768,90.2,92.6,79.1,16.000000000000007,25.2,0.7666666666666666,0.0,41.9,4.874261403146074,0.0437099477286199,5.435293568065335,34.71064938604022,0.5908195640177059,0.0,0.3634000735461759,0.2031568126428025,0.1860833879110114,0.514779776674938,3.732554579851432,0.6826427604091372,0.0584178983556123,0.0938541342743315,0.1710557257541096,3.223095832911027,84.09252356436957,296.3744141163496,0.4609167868272943,24.86759544950524,39.426397012190826,-23.175906913073238,0.12834248769718484,62.3,62.5,3.255813953488372,-3.0000000000000036,12.599999999999998,12.799999999999997,14.799999999999997,3.3999999999999986,10.799999999999997,5.386821070664649
670,South East,Delhi,1500636.0,True,South,direct,direct,6.3125500385074975,,22.8,119.4454938994825,14.8,23.0,42.9,61.5,14.6,11.8,56.4,20.714672584112222,40.08157435486331,14.016232165250557,100.91433965041475,0.5200213976407835,3.823228477785985,120.33,6.9,9.2,70.1,18.166666666666668,1.5698024213425898,2.121959972770163,4.465951553521785,0.002921468526071817,,13.799999999999997,0.29999999999999716,0.7000000000000028,2373.309978145015,39.22,2.9701596681730145,0.0,0.0973822842023939,4.430893931208923,3.116233094476605,,7.3036713151795425,2.385865962958651,0.0,1.0986122886681098,83.07341827311517,2795.601923740223,92.5,77.3,72.7,14.330218068535824,29.4,0.7000000000000001,0.3895291368095756,37.7,,,5.9475002930991945,16.068076893394995,0.2921468526071817,3.2623065207801965,,0.2394232709527946,,,3.3811150807098507,,0.014443209678577441,0.1051901900135539,0.1008597839585176,,88.64997763894384,,,11.163418149541426,8.020276998280076,-33.22751630941286,0.1944317030218891,68.4,99.3,,,,,,,,19.559386528857615
84,South West,Delhi,2292958.0,False,,direct,direct,6.204359965030128,5770.127999184708,22.9,298.88042406471254,14.0,26.35,40.0,75.6,16.0,12.9,46.2,105.40861223025762,107.09455535463592,52.05060493703993,102.96996015260927,0.3729188756034999,3.0476904423274305,120.33,9.5,0.9,65.4,20.566666666666666,2.090094736632011,4.827331776656361,14.561326481060613,0.008745166262058623,111.15626717032968,10.5,0.0,2.299999999999997,3072.4261450996632,33.21,4.872306917432662,0.0,0.24986189320167498,4.185186711128056,2.8109462985188434,,0.0,0.0,0.0,0.0,80.13570638764119,2036.674888520226,82.0,86.2,,9.88372093023256,24.5,0.3333333333333333,0.8745166262058623,28.7,,0.9496970512811406,6.239810865459125,25.360982159970007,2.0613606189138185,1.9988951456133999,0.5263690019654279,0.3173126747975484,0.4010323241185277,0.3468672343758586,3.385069776331935,3.103913628518351,0.0338316883721939,0.1051901900135539,0.1008597839585176,2.074335839761709,88.64997763894384,44.75223706670597,0.7969400185158115,48.633118892774014,44.54374165859786,26.38345535120043,0.13524006614428555,61.6,97.7,290.0,,,,,,,21.127551729887863
648,Surajpur,Chhattisgarh,789043.0,True,Surguja,direct,direct,5.816828715973342,,28.5,31.166796055833554,10.7,27.95,14.7,41.0,34.05,25.4,60.7,8.46030478367334,8.780482113745679,0.2576665180105955,11.44100326125153,0.32475129193051383,0.9483347585952095,94.16,2.5,0.0,51.1,26.400000000000002,8.330709197691679,11.459299108684236,4.9840937714593885,0.18753243618522633,,24.599999999999994,16.599999999999994,76.0,880.2757307994996,35.99,38.7262103992256,1.2197231621803337,0.15246539527254171,1.2197231621803337,0.0,9.615384615384617,0.0,0.0,0.0,0.0,70.10663805422014,130.23746529575786,85.9,78.7,,4.871060171919769,9.8,0.39999999999999997,0.0,75.7,7.92820055417217,,4.910537892613458,12.959558598166048,1.2197231621803337,0.0,,0.031404614898824616,,,3.0737183503461227,,0.01637575181866879,0.1102125706156786,0.1775127980231601,,41.16357275675686,,,14.779995417720196,17.08677464335514,22.337203432609794,0.09184820361390865,30.7,24.0,5.64516129032258,,,,,,,10.46336722215981
389,Surguja,Chhattisgarh,840352.0,False,,direct,direct,6.074254091616517,217.7935521735121,27.5,18.349631628922676,10.75,33.0,15.3,51.5,36.65,26.35,58.3,5.478469712680084,6.886015008091736,0.3059514624158262,10.908054618693175,0.11041223574786015,0.787213955637415,94.16,2.6,0.3,51.4,25.833333333333332,3.318266962895614,2.9288741925481983,1.9537065836911436,0.10451234528805083,43.4248118991222,24.200000000000003,3.5999999999999943,75.5,581.725827971222,29.53,19.806775115074146,0.589989045980932,0.1685682988516949,2.7813769310529652,0.3371365977033898,41.66666666666667,10.53551867823093,3.3713659770338977,0.0,1.0986122886681098,64.11832383421918,237.2463951698524,85.3,84.6,,6.666666666666667,10.2,0.06666666666666667,0.0,65.1,5.057048965550846,-0.355563518200395,4.849404938347621,8.344130793158897,0.4214207471292372,0.0,0.0503100587258767,0.0306811288264594,0.0742045680589376,0.4897723873102345,3.1631613749770184,0.32149169579066783,0.01600342819695,0.1170058099980417,0.151778291277733,12.799507023375533,56.74775945821246,35.27416154848158,0.8030945544970748,21.412388161636542,14.070608251807743,-29.626038781163434,0.0791662827665315,37.7,24.5,6.140350877192982,,,,,,,9.759555534464905
258,Tamenglong,Manipur,103980.0,False,,direct,direct,5.1021838359242135,35.0194037413961,33.2,1.904762152079827,12.2,25.45,24.4,64.5,34.7,18.05,27.3,2.477359363441247,4.820333667073182,0.1343850598093129,1.8580195225809353,0.011685657374722864,0.1343850598093129,58.18,3.2,1.4,37.0,18.666666666666668,0.0,1.273736653844792,3.4238976107937993,0.029214143436807158,29.81542718477704,22.099999999999994,48.4,69.5,198.66201819897603,30.28,11.685657374722863,0.5842828687361432,0.5842828687361432,2.3710320187711273,2.3710320187711273,0.0,0.0,0.0,0.0,0.0,11.124745820736164,52.094660576514535,57.7,67.4,19.8,5.120481927710841,10.3,1.0666666666666667,0.0,16.8,0.7903440062570425,-0.3088510817703576,4.139550746870203,3.951720031285212,0.0,0.0,0.103475084896841,0.0974417030199213,0.0332273860294987,0.5024848739077575,3.9417598138146954,0.04846055357627323,0.0024410370716534,0.0718423187117813,0.2500657309902883,11.2653705250358,76.97413031653149,69.39161470590327,0.8485655737704918,0.031613760250281696,,,0.0372695989840846,33.1,30.5,-41.66666666666666,11.999999999999998,14.200000000000001,23.400000000000006,24.400000000000006,2.6999999999999957,13.800000000000011,13.274902872968259
609,Tarn Taran,Punjab,1119627.0,False,,direct,direct,6.097205254589356,471.3408445195674,25.8,27.095173927156523,11.25,33.6,39.0,81.8,3.4499999999999997,11.95,61.7,10.606387126507304,16.26653794098471,11.247551102949519,26.047086678882525,0.1415037703619351,0.4301075053939044,126.06,0.9,0.3,70.5,16.5,0.10073149754578431,0.32617818252920633,1.5789262512136826,0.04476955446479303,82.71541411042945,18.0,4.400000000000006,33.8,696.1401898686504,39.26,13.590757605383597,0.8794019627012915,0.23983689891853407,6.555541903773265,2.318423356212496,53.84615384615385,0.0,0.0,0.0,0.0,21.20238132072814,639.3771915452713,96.0,81.8,,7.85219399538106,36.7,0.3333333333333333,0.0,25.0,2.078586457293962,0.2442101038524848,4.9970676111075285,13.590757605383597,0.15989126594568936,0.0,0.0871085579943272,0.1396071559225271,0.4444682430507424,0.3400257407154347,3.492061604512599,1.0035413914119784,0.0889331034615304,0.1284088434095183,0.070762553662155,1.3876601607697214,55.70250924049309,91.50636774568676,0.4908006598147443,13.920133613231716,26.942196531791907,-46.825469537333944,0.05388207515314175,40.4,66.2,-0.5494505494505495,8.8,8.600000000000001,-14.700000000000003,5.5,-0.3000000000000007,2.0,5.152649254785779
238,Tawang,Arunachal Pradesh,49977.0,False,,direct,direct,4.789675175955462,53.51648954912607,27.3,102.73739132505558,6.5,33.35,35.4,68.3,14.55,33.3,59.1,5.940266228273355,50.23257917078152,0.5193675390840092,63.42776071063464,0.1298418847710023,1.1685769629390208,59.99,14.8,6.2,89.6,15.5,0.17853259156012818,0.38952565431300695,9.445997117090418,0.1460721203673776,13.329783887987013,18.299999999999997,0.20000000000000284,11.900000000000006,972.8565518823312,32.59,29.21442407347552,3.246047119275058,1.623023559637529,1.623023559637529,0.0,0.0,0.0,0.0,0.0,0.0,27.169414388332235,111.89124420141125,84.2,67.5,54.5,5.459770114942538,17.3,0.8333333333333334,0.0,33.5,1.623023559637529,-0.1825624126960685,5.631320866367206,16.23023559637529,1.623023559637529,0.0,0.2255093009034032,0.1670583473127743,0.0339936874219054,0.5714828821257778,3.7280289544205183,0.028696117336750183,0.0023549370141858,0.1179512780730935,0.2415208483832416,13.98537643319855,12.060230447112795,60.70792564579706,0.8793671720500988,6.930310599652248,89.63414634146342,,0.0750906602449382,39.2,88.1,,6.699999999999999,-10.700000000000003,39.7,54.0,0.5999999999999979,25.400000000000006,15.110000953496172
733,Tenkasi,Tamil Nadu,1384937.0,True,Tirunelveli,inherited,inherited,6.175870748063645,,22.1,29.549684373158392,21.65,23.8,40.2,58.8,8.5,8.65,51.0,97.5461389971182,125.6927266906051,7.289258360244546,25.808993802900282,1.6864777805721876,2.8863445817375553,120.98,2.7,0.0,49.9,21.366666666666664,1.7693307295643421,2.0866335088567602,12.683405608215645,0.3596298293210183,,20.200000000000003,1.9000000000000057,12.099999999999994,3336.3534697760265,29.48,16.15032121658663,0.5703645039314982,0.5103261350966036,7.870661944080947,3.801929922140796,0.0,0.0,0.0,0.0,0.0,232.18548321965514,2305.3547874815017,100.0,93.3,,12.529002320185612,60.2,8.2,0.0,61.3,0.13340104989967705,,4.844364799895424,14.140511289365769,0.5336041995987082,0.2001015748495156,,0.05444122896253924,,,3.5161385767170743,,0.01566376260916145,0.1138360340849189,0.2115968519269246,,172.48657044328849,,,16.514382972330523,11.692799447108117,-20.933128951906497,0.09558444636568089,54.2,87.9,22.958057395143488,10.700000000000003,7.0,43.5,1.4000000000000057,-0.10000000000000142,33.099999999999994,2.791106083853345
586,Thanjavur,Tamil Nadu,2405890.0,False,,direct,direct,6.3848789089832465,696.1953607498901,19.6,56.67426355536221,26.15,31.700000000000003,42.8,54.8,15.0,15.25,59.0,152.58414351353804,191.14496815677904,5.344334247318101,29.46329615590502,0.06471735262853388,3.6674540530959616,120.98,4.8,2.6,64.8,16.599999999999998,0.008656461179612813,3.9011785049455074,11.533291778304138,0.2498007368973983,26.831367831115337,20.400000000000006,0.29999999999999716,30.599999999999994,3371.9995521497226,27.52,17.10681614066342,0.5770974119741875,0.5770974119741875,11.129735802359331,7.584708843089322,47.5,6.183186556866295,5.770974119741876,0.8244248742488393,1.0986122886681098,227.41801377397945,1545.4742890907426,100.0,78.5,69.4,14.203454894433785,51.4,5.233333333333333,0.0,70.6,3.297699496995357,0.0940413985595275,5.065082881556197,17.39536484665051,1.6076285047852368,0.9480886053861652,0.0717808649876607,0.0599178343378357,0.2596055050176001,0.4048726250992356,3.5347873586294916,0.7942394197576099,0.0291461749686942,0.0962913766484563,0.1845515330404443,10.539486179953572,143.43406244876002,100.20449812751204,0.786129972913668,22.11560946416224,13.336491768328793,-15.709347996857817,0.121607982242326,54.3,69.4,15.013404825737265,9.5,1.0999999999999943,3.9000000000000057,1.5999999999999943,4.0,32.8,2.393782598368168
587,The Nilgiris,Tamil Nadu,735394.0,False,,direct,direct,5.855298746527501,323.0623775426125,19.7,52.48688194720771,14.3,33.55,39.5,62.2,14.15,13.5,44.2,96.98644767529974,194.69432136130578,5.394647886635429,13.568948797114048,0.07256122351397887,2.0219464013799113,120.98,1.3,0.0,45.9,22.400000000000002,0.3935050967488854,1.3786632467655984,22.22606092558953,0.1507040796059561,12.71452698124458,16.400000000000006,3.5999999999999943,18.5,2385.3357995542065,28.34,33.62933628244021,0.5581632577998374,0.8372448866997563,9.349234568147278,3.488520361248984,38.88888888888889,20.931122167493903,0.0,0.0,0.6931471805599453,78.69962394163258,1997.4081491588859,100.0,90.1,,10.46025104602511,42.3,12.233333333333334,0.0,74.5,5.023469320198537,0.0381850459490108,5.08830544523763,15.907652847295367,1.2558673300496344,0.13954081444995936,0.1186486651839875,0.0656008955072183,0.0500787727280779,0.4758999937448497,3.5364321758220134,0.2725194945905434,0.0331775807678487,0.107456349107424,0.1255912864932551,1.6126794759155016,82.218409739697,96.39186612890504,0.7909178116976554,10.219969250315023,37.66586248492159,9.444112372982666,0.1038175985294281,63.4,81.5,9.375,16.3,2.700000000000003,11.399999999999991,0.20000000000000284,1.5,19.799999999999997,-0.8649708308093496
302,Tinsukia,Assam,1327929.0,False,,direct,direct,6.1450486363718015,608.6617444081306,25.4,28.524378139396873,16.7,18.200000000000003,16.9,66.5,37.1,29.700000000000003,72.8,3.597501588360233,9.000914603043018,3.1241838037451624,18.001113142871795,0.5800112035373783,2.2405617973684655,109.67,4.9,2.0,66.4,28.833333333333332,0.00716063214243677,1.56961056562214,2.314316308435564,0.04869229856857003,18.46987274178213,33.3,3.200000000000003,59.1,1404.095417902571,35.61,13.461988427781126,0.5728505713949416,0.0716063214243677,1.3605201070629862,1.6469453927604571,33.33333333333333,7.160632142436769,0.0,0.0,0.6931471805599453,77.88118337078504,340.45941584429863,82.6,75.0,50.1,9.999999999999998,26.5,0.13333333333333333,0.2148189642731031,60.0,0.6444568928193092,-0.1658763911606255,4.872527801422,10.88416085650389,0.1432126428487354,0.2148189642731031,0.2395402026070314,0.0732858387963915,0.11644661865884011,0.4195977345174327,3.712986233594383,0.5856745214655842,0.0115605831803557,0.0700860643701259,0.1222950056963585,-6.469668858505495,57.90958576853998,111.38773232605055,0.7282020079099483,19.467610605642843,18.330239622004722,2.794162129461585,0.06459451407832259,25.6,40.9,2.083333333333333,4.299999999999999,42.8,11.0,6.299999999999997,4.200000000000003,15.100000000000001,7.24394670433194
239,Tirap,Arunachal Pradesh,51381.0,False,,direct,direct,4.921933750808892,54.254542353112754,26.8,20.969286555324153,9.65,28.4,28.3,57.8,28.75,32.7,32.0,0.4907384715322014,2.7529231329855204,0.07181538607788314,5.278430876724411,0.059846155064902616,0.09575384810384419,59.99,7.6,3.3,48.4,22.8,0.3590769303894157,0.2633230822855715,4.620123171010482,0.023938462025961046,21.844504682109413,13.299999999999997,6.200000000000003,49.6,364.3553612661401,30.45,15.56000031687468,1.1969231012980523,1.1969231012980523,1.1969231012980523,0.0,0.0,0.0,0.0,0.0,0.0,16.44572341183524,62.407570501680446,70.2,66.3,,3.571428571428572,22.2,0.20000000000000004,0.0,30.8,1.1969231012980523,-0.3991144167944844,4.865732808646753,4.787692405192209,1.1969231012980523,0.0,0.1127689798725451,0.0906013284000457,0.6689561703349077,0.4480375083724046,4.082964793777752,0.040463490416974994,0.0038980036906428,,,12.506099119754133,38.16074351367543,16.610850636302747,0.910752688172043,4.2730154716340465,70.625,,0.041666832873255004,40.2,50.4,,,,,,,,12.411618247536893
732,Tirupathur,Tamil Nadu,1224467.0,True,Vellore,inherited,inherited,6.058326298049325,,22.4,38.634609712591,20.9,25.75,45.4,51.5,9.35,11.65,50.6,137.32241376935838,161.86436067630345,15.129431962182949,42.809155825835155,0.05031539715617756,0.3696141877580828,120.98,2.8,0.3,60.9,20.866666666666664,0.06744982970125425,0.5102253246756168,27.12271881837734,0.43244044042336394,,23.799999999999997,2.299999999999997,14.700000000000003,3854.2051139833216,26.9,18.031950440294988,0.5439502395262439,0.3535676556920585,7.606641606368257,5.508257714956324,100.0,0.0,0.0,0.0,0.0,84.94898088193328,2073.352826042363,99.5,92.7,,12.742980561555074,42.4,0.8333333333333334,0.0,71.4,0.2622979864264916,,4.714115628054472,11.366246078481304,0.2622979864264916,0.08743266214216387,,0.05335831120740735,,,3.356599435724971,,0.03987139573241097,0.0893800220634359,0.2077409253654349,,201.4387527833626,,,17.60281786908185,9.779245975564994,-11.871306631648062,0.1002040949267924,52.5,85.3,28.38345864661654,11.100000000000001,-0.3999999999999915,18.700000000000003,-0.5,3.3000000000000007,21.700000000000003,2.2555779798422066
116,Tonk,Rajasthan,1274456.0,False,,direct,direct,6.2389537917619675,200.1621547144865,25.9,33.437555863107804,6.15,18.4,10.0,60.0,28.1,6.3,52.8,13.943082395857054,22.082123129165968,6.916742553728361,29.79431126554727,0.1695873831036726,6.725812540778308,88.3,8.6,5.7,64.6,26.46666666666667,0.30398826835250153,7.524719090433365,5.686945612309891,0.12920943474565533,66.78267604607086,33.8,9.099999999999994,75.9,1466.1954083588184,30.78,20.592753662588816,0.5191450503173651,0.05768278336859613,2.4226769014810374,1.384386800846307,51.515151515151516,0.0,0.0,0.0,0.0,97.52543549695284,426.6397474569812,97.4,75.3,76.0,10.666666666666664,12.9,0.13333333333333333,0.0,84.5,1.9035318511636723,-0.256573002988135,4.736170181859651,10.728997706558879,0.11536556673719225,0.0,0.0554229148858321,0.0741014632357539,0.2159065495560909,0.4567291388464011,3.3624824747511743,0.2973691670149348,0.1104850133296075,0.1130221716928334,0.1272483127210761,4.9817582402363,108.89780441141198,70.94290824202189,0.8090803605962333,14.244763352874813,19.381908414166478,3.2442827877419624,0.06491133338911305,27.3,24.1,21.192052980132452,-0.5,60.7,-0.6000000000000085,4.0,2.8000000000000007,30.6,10.442327569637644
549,Udupi,Karnataka,1177361.0,False,,direct,direct,6.031895734045298,330.9393554057044,19.5,74.03967303377644,17.2,31.85,22.9,51.9,12.2,8.3,47.3,97.31679771901445,137.33605775128922,41.475299886243384,47.91737028034961,1.3129446800623243,16.195771955758183,131.82,3.5,1.9,58.3,20.566666666666666,2.5617752886990997,4.520506630221661,8.467703375377184,0.4720282360025907,23.2438140926041,5.5,18.5,32.2,2747.4849487462448,32.66,36.98173974980927,0.5575136645699891,0.27875683228499454,5.668055589794889,3.5309198756099303,14.736842105263156,23.229736023749545,26.853574843454474,5.5751366456998905,1.0986122886681098,183.27425452241536,900.2842158209097,98.9,89.9,49.4,17.536534446764094,51.9,0.5333333333333333,0.18583788818999633,50.9,8.827299689024827,0.0324580370277678,5.610915690655712,35.7737934765743,5.1105419252249,1.1150273291399782,0.1795552949840409,0.1238982652224707,0.21912708970380468,0.4359249202241284,3.4604467838807205,0.2919248276302046,0.0079734852397602,0.1052907892819468,0.1355767846666569,8.393800821085184,45.65449997423124,150.27081753175108,0.5846780802948175,31.92137405439567,22.08075663877774,26.422315448590567,0.137196604172754,55.4,67.8,6.036745406824147,2.1999999999999993,5.5,25.30000000000001,1.0,0.3000000000000007,4.700000000000003,2.26048883441202
260,Ukhrul,Manipur,138382.0,False,,direct,direct,5.256710956361694,40.614951978938734,30.9,15.379239207090228,9.8,23.65,14.5,48.0,51.0,18.65,21.9,4.02700360499763,2.6902216430490893,0.04164429788001686,9.544873074099865,0.008328859576003373,0.10827517448804383,58.18,2.1,1.9,34.6,18.233333333333334,0.0,0.3206610936761299,0.3914564000721585,0.008328859576003373,24.590898428336853,18.599999999999994,49.1,77.1,219.97351026182508,35.26,16.05783686595749,0.5537185126192238,0.5537185126192238,1.6611555378576712,0.0,50.0,0.0,0.0,0.0,0.0,9.723943554983938,60.234312453656386,44.6,39.4,27.9,6.622516556291399,6.4,0.7666666666666666,0.0,17.0,1.1074370252384476,-0.3549536231134997,4.403140959297791,5.537185126192238,0.5537185126192238,0.0,0.17771741077289288,0.1334635252077089,0.023497091257619,0.4778801943499386,4.120277720339368,0.06391121460007405,0.0020944603222676,0.1929466979981446,0.208245703800499,57.67071980329281,70.29937561595248,83.99004337003663,0.8867607092015012,0.2048758496691128,,,0.0710003643329747,49.7,22.9,-18.59357666842951,2.5,15.9,-3.0,10.899999999999999,3.200000000000003,19.000000000000007,13.787857468877277
26,Una,Himachal Pradesh,521173.0,False,,direct,direct,5.764050738671683,364.33805409296366,21.8,64.51087825150377,20.25,27.15,41.2,58.2,15.9,12.049999999999999,60.8,22.781103309951906,31.936930652932876,0.8505037057977813,50.3949270696495,0.08091836877023426,2.1210942622325235,119.01,9.2,0.4,58.7,21.2,0.2616934479377788,1.2757555586966718,0.32711680992222353,0.17733174432625803,41.9044009448575,18.599999999999994,1.2000000000000028,53.8,1129.6944597315578,39.54,27.374511988228182,1.5495006785789538,1.0330004523859693,5.509335746058502,0.8608337103216409,68.75,0.0,0.0,0.0,0.0,49.083016495119324,531.5751461281371,89.7,75.3,85.2,22.245762711864405,39.1,1.0333333333333332,0.0,22.6,5.509335746058502,-0.0033816996256238,5.336713797596952,21.69300950010535,0.6886669682573128,0.0,0.3359456214154813,0.2395888456197105,0.330508145333713,0.4131948508460722,3.690550461510359,0.4637121717848083,0.0453928950607767,0.1115484380696052,0.1650952439460791,4.827787811052886,34.50681494927541,129.80718494626544,0.6231153550523266,22.775938307689977,27.895595432300162,-1.024988777495137,0.09677743641625663,66.8,46.2,6.329113924050633,3.700000000000003,11.900000000000002,16.199999999999996,9.100000000000009,3.8999999999999986,10.400000000000006,5.26227972626639
381,Uttar Bastar Kanker,Chhattisgarh,748941.0,False,,direct,direct,5.966728562149022,156.0548098502584,21.8,31.707397494286027,8.100000000000001,28.6,6.8,63.8,27.95,18.55,65.2,8.809709678687527,15.62319960297637,0.8151140695354268,12.78487524693844,0.3497972960655341,1.201618489262159,94.16,3.2,2.8,62.3,28.46666666666667,9.950869376037124,5.507148170463856,3.1924401372400752,0.2299593335245641,47.96580615942029,19.5,1.2999999999999972,74.1,897.7720342927398,34.75,18.893372472675452,0.6477727704917299,0.10796212841528831,1.727394054644613,0.21592425683057662,20.0,13.495266051911038,0.0,0.0,0.6931471805599453,76.50844192277822,207.39740792833717,94.1,89.5,,3.488372093023264,11.0,0.20000000000000004,0.0,84.8,4.858295778687974,-0.3958708348777652,4.646791966410629,9.716591557375947,0.5398106420764416,0.43184851366115323,0.0605911870533581,0.0353721185717467,0.0964727515966455,0.5198794030504406,3.1789769472931693,0.17038913013398754,0.0172794075359192,0.1021148137046419,0.175331682060871,12.632744721848365,67.08403744858703,220.2590057160711,0.1971981256175702,16.508489055981734,18.205128205128204,-19.576079524535846,0.06886484276677396,40.3,25.9,-35.815602836879435,-2.500000000000001,5.8999999999999915,7.5,16.599999999999994,4.800000000000001,41.1,9.855866116965442
437,Vidisha,Madhya Pradesh,1458875.0,False,,direct,direct,6.243931441964967,204.8228755168807,29.0,30.263965208161533,13.149999999999999,17.65,19.8,31.7,31.4,7.0,38.5,5.952884490738788,8.882280757519625,1.6064063234420125,13.920477373639676,0.4761623287447924,1.2363112918786947,92.55,8.4,1.1,52.3,29.166666666666668,0.8080503231513424,4.524967758790333,6.82651405677115,0.24634985151826386,52.08460610932476,34.8,4.299999999999997,68.2,654.9113859384439,35.03,12.944772290427291,0.399178000145335,0.17107628577657213,2.566144286648582,0.05702542859219071,47.61904761904761,10.264577146594329,2.9082968582017266,0.0,1.0986122886681098,65.05460893797115,185.95707136770432,90.6,78.0,58.1,11.9047619047619,7.5,0.13333333333333333,0.0,48.2,1.1975340004360049,-0.347216897353697,4.624899154283296,8.09761086009108,0.11405085718438142,0.0,0.0253892529553293,0.0571532936251114,0.13742249787190028,0.3772783823151401,3.222456336679247,0.4530379092472526,0.1118010247846307,0.1188969083892992,0.1355471496786531,11.81251391963114,114.33751526614456,41.21052180618627,0.8262503950366761,14.365845970944685,20.512294240794713,-2.834882554865584,0.07365330621059565,21.7,31.8,34.48275862068966,8.5,37.6,32.3,17.299999999999997,6.299999999999997,39.900000000000006,10.068014583230909
738,Vijayanagar,Karnataka,1454352.0,True,Ballari,inherited,inherited,6.149687038535511,,23.6,53.117432798016665,10.399999999999999,21.049999999999997,27.3,45.1,17.2,7.65,58.1,27.642325792956942,28.500759883088826,5.021558893255126,20.2377239418673,0.07705334316652185,0.9250141633534394,131.82,5.1,1.6,67.5,31.833333333333332,0.6710373671880592,8.146707835761386,5.140131270846325,0.1413891442570158,,35.900000000000006,5.299999999999997,23.799999999999997,1339.4444474385116,29.09,16.94425458953126,0.4114498906950195,0.26183174862410336,4.4137351910920275,1.945035846921911,0.0,0.0,0.0,0.0,0.0,110.10212052321134,901.8424276455613,95.7,71.5,67.0,15.789473684210524,29.1,0.5666666666666667,0.0,25.7,0.9918385797887413,,4.851633472021592,12.114599795991055,0.4959192898943707,0.11221360655318713,,0.0757057957905835,,,4.091631790626808,,0.02552989879804886,0.0636273199816894,0.169473531078784,,92.41781835079688,,,20.56577295191955,16.895012315270936,5.58687665951333,0.052652227121701124,39.9,76.2,30.70422535211267,8.400000000000002,4.199999999999999,0.4000000000000057,9.700000000000003,5.5,24.39999999999999,3.382756299273594
530,Vijayapura,Karnataka,2177331.0,False,,direct,direct,6.376992409351668,211.5785254996712,28.0,36.336232014457956,12.95,20.6,27.4,32.0,22.700000000000003,8.05,52.9,19.85284813515924,16.22228922785419,5.079592246190125,12.343648425044774,0.08143466620617174,1.6807443478840804,131.82,8.2,1.6,65.2,33.300000000000004,0.3509246440637091,2.379235505446296,2.0677688955237215,0.15279494071673458,33.61453052529393,55.2,7.5,39.4,1125.526151820967,29.4,15.867166920583976,0.3777896885853328,0.2098831603251849,5.792775224975102,2.2667381315119965,51.28205128205128,14.691821222762941,9.528695478763394,0.1679065282601479,1.6094379124341003,110.17942431166776,298.2830090899082,91.8,71.1,74.5,15.408805031446544,20.9,0.4333333333333333,0.0,21.2,11.459620553755096,-0.2309877052585126,4.84154320162325,11.627527082015243,1.3012755940161462,0.0,0.0829564448598238,0.0740646966536946,0.1609341500357075,0.4260822079876693,3.505014240084107,0.4044038685886872,0.1064027718253171,0.0865187957634674,0.1303339573945705,13.266844161125356,99.84468038840066,52.93545170669962,0.7899755331517118,16.807863245161457,21.18136439267887,2.6587016716234233,0.08425573388793295,37.1,60.6,0.5194805194805194,9.399999999999999,-15.2,12.999999999999993,1.0999999999999943,1.8000000000000007,22.199999999999996,3.3568951461806105
698,Vikarabad,Telangana,946109.0,True,Ranga Reddy,direct,direct,6.066259107084185,,24.9,117.06187738648978,12.55,28.65,25.7,38.2,20.4,30.85,61.0,8.963610747846651,11.750305555576775,1.5418681068032358,3.7499331238956204,0.04979306803707554,2.8253273605175107,125.53,13.0,2.5,70.0,29.733333333333334,0.3597119915092181,11.775202089595313,1.6217087158971673,0.39061803373912707,,33.3,0.29999999999999716,24.0,721.0139271909305,46.32,15.367170997649177,0.34340046922121065,0.08585011730530266,2.9189039883802903,4.378355982570436,16.129032258064516,21.462529326325665,3.3481545749068036,0.0,1.3862943611198906,77.73899822229767,273.1561862396659,95.0,86.2,77.4,16.137566137566143,48.0,1.1666666666666667,0.0,59.6,2.6613536364643826,,4.527015103322055,9.01426231705678,0.34340046922121065,0.0,,0.0901775148818914,,,3.505421327583281,,0.0265470262402022,0.130688371138407,0.1927311151156687,,177.43470577978107,,,,,,0.14001633756063456,38.3,76.0,147.39782333414234,,,,,,,3.8808035557469456
499,Washim,Maharashtra,1197160.0,False,,direct,direct,6.135087368766644,242.3175364519652,22.0,52.83481267285866,8.6,21.45,14.2,18.0,26.700000000000003,5.8500000000000005,56.4,6.285637035728511,14.88067236223873,1.0491936397206234,8.80165027511442,0.06740629528931379,0.5231314656148919,92.93,19.2,5.1,70.4,35.43333333333333,0.006594094104389393,4.318398961252343,0.26083305568473597,0.35461572739160735,44.382000531349625,38.5,26.299999999999997,38.6,764.05255513574,47.12,6.30102325530542,0.43960627362595955,0.1465354245419865,4.689133585343568,0.5128739858969528,66.66666666666666,7.326771227099326,0.0,0.0,0.6931471805599453,62.28048613883511,130.38282469472335,92.9,71.6,79.45,12.99999999999999,18.0,1.0999999999999999,0.0,24.1,1.9782282313168178,-0.2520535073004536,4.5906618123818665,7.4733066516413125,0.6594094104389393,0.0,0.050331712548583596,0.099188890652646,0.10252556097686971,0.4759530889772461,3.4874212113594742,0.3643614898349004,0.0179567964631201,0.1191029613010554,0.2074777498430311,8.695274882650095,105.894671552855,47.77640415650373,0.8511434366039583,14.01464800319559,17.632719393282773,34.514767932489455,0.06788058997472465,42.0,61.4,-50.27027027027027,2.799999999999999,6.5,3.6999999999999886,8.900000000000006,4.300000000000001,17.299999999999997,6.490105062162366
710,West Karbi Anglong,Assam,295358.0,True,Karbi Anglong,direct,inherited,5.53096022811666,,31.7,22.68582349246513,10.649999999999999,19.6,9.4,54.4,39.2,38.6,57.9,1.8644138133239865,4.301793822937783,0.1291447617034176,3.544205185621257,0.1373299930789863,0.3592407103721827,109.67,6.8,2.9,79.0,31.73333333333333,0.30649144150740654,1.7871088503325037,1.9262577837171722,0.012732582139773567,,23.299999999999997,55.3,82.3,448.23873111874144,34.89,17.734667980398896,0.7275761222727752,0.1818940305681938,0.29446912908192957,0.0,0.0,0.0,0.0,0.0,0.0,26.604730381056864,228.2215306837599,72.5,47.9,50.7,9.57854406130268,6.4,0.06666666666666667,0.0,63.1,0.8834073872457888,,4.122472908550905,6.183851710720521,0.1818940305681938,0.0,,0.059363582394956885,,,3.5560611590095323,,0.01932542140091348,0.0691278191214532,0.141425515185954,,105.89769270939884,,,,,,0.04355572645168743,21.7,17.7,-0.4901960784313782,,,,,,,10.942855950961128
250,Wokha,Nagaland,166343.0,False,,direct,direct,5.114345536311171,93.4992031113346,21.4,41.06195643318344,15.5,30.0,18.3,44.0,31.65,14.15,30.9,1.8060190458166026,12.188707262404817,0.1152778114351023,2.912686035593585,0.14601856115112957,0.6609261188945865,92.52,3.6,1.6,45.4,25.933333333333334,0.2766667474442455,1.114352177205989,2.1902784172669434,0.09222224914808183,29.841951037134866,11.5,16.599999999999994,58.8,341.70648865593023,30.13,37.657418402133416,1.5370374858013638,0.7685187429006819,2.305556228702046,1.5370374858013638,25.0,0.0,0.0,0.0,0.0,16.784449344950893,111.21234728515769,43.6,42.8,,2.4657534246575303,10.1,0.0,0.0,20.6,6.148149943205455,-0.3204126297762118,4.492776413026608,12.29629988641091,0.7685187429006819,0.0,0.2310756724959247,0.1620064806629669,0.039749254388076,0.4713874343976001,,0.13073744000789772,0.0040562268757355,0.033737737654121,0.162187417352829,13.984346891796504,102.25278710278458,75.81924096595588,0.8779733587059942,1.4525004240822887,,,0.07638065521990794,45.3,41.2,0.0,5.9,16.900000000000002,20.199999999999996,10.5,7.600000000000001,13.0,-6.433287840003593
501,Adilabad,Telangana,708972.0,False,,direct,direct,5.898962816371623,192.8529716147232,24.8,21.561761146999146,11.8,24.75,15.7,48.3,20.35,15.200000000000001,61.1,41.141623614736105,51.370873385334555,6.11407786066488,35.38341158620899,1.096622014637313,2.959238923273301,125.53,10.3,1.7,76.3,42.4,0.9918813619159124,19.479237535030563,4.198459657880713,0.21957679004245387,37.68885415215271,49.2,4.299999999999997,18.400000000000006,1979.3585686752263,29.06,19.307614296836462,0.2523871149913263,0.0,6.81445210476581,8.32877479471377,11.428571428571429,15.14322689947958,8.707355467200758,0.0,1.0986122886681098,114.70237215010806,768.1502799607013,94.1,69.3,76.25,15.339233038348087,40.7,2.033333333333333,0.12619355749566316,63.6,4.41677451234821,-0.28910991207132,4.784019941828756,12.619355749566315,0.8833549024696421,0.7571613449739789,0.034444087179566,0.0423503231879813,0.1204618239265524,0.4828717962935738,3.613418945034573,0.3813257991198127,0.0180064155039803,0.0724551882120219,0.0929201224881746,8.789142735973599,155.58701623839636,71.15869867603664,0.5603522964375612,,,,0.07441082055921065,41.0,81.6,8.373820857235044,,,,,,,2.5454928623653594
438,Ahmedabad,Gujarat,7045313.0,False,,direct,direct,6.9734447264531525,905.8429077663584,22.1,69.14392066180908,20.200000000000003,17.35,30.1,38.0,19.8,1.95,63.7,13.180273428352969,8.346142252154857,2.9805904454906686,8.8936149960837,0.5407755045370936,0.20761442114427833,98.87,1.8,1.0,72.0,29.0,1.496460935201232,1.6783494526502132,1.83004724014273,0.014244921880867024,51.96616694352159,13.599999999999994,1.2999999999999972,10.299999999999997,541.9856850646443,30.67,3.5399693927826257,0.17008861947303908,0.021261077434129885,8.51506151236902,1.467014342954962,59.798994974874375,15.414281139744165,12.831060231497386,1.0205317168382346,2.70805020110221,29.03550931408099,275.95730411319147,94.5,65.2,,22.16494845360825,32.4,0.0,0.010630538717064942,36.2,2.211152053149508,-0.1187661454467314,5.642201987405121,17.306517031381727,0.6484628617409615,0.08504430973651954,0.0665069533537068,0.0675268008276332,0.2277711291540662,0.3596993440043802,3.1072099696478683,1.1909756415642891,0.0155572050002869,0.1094548261594621,0.1621689073961696,6.936149798432734,104.708274563069,127.3040416676774,0.6986389372822299,34.8385077889524,28.43901179306189,11.51069100213684,0.09552248281501309,42.7,89.7,13.879456106111036,,,,,,,14.995872818531122
261,Aizawl,Mizoram,368276.0,False,,direct,direct,5.702521892916613,276.2385207750505,25.1,76.20899954362196,16.25,28.5,29.7,46.0,61.7,13.4,31.7,2.374288378702846,4.885449646262505,0.1861471288452654,24.195476806181656,0.2481961717936872,1.6187500322132393,138.78,7.1,0.8,44.0,14.066666666666668,0.30294532733641233,1.7373732025558104,8.836513704595834,0.04014938073133176,34.59512292839275,3.9000000000000057,1.7000000000000028,4.599999999999994,1313.9797330254028,34.72,21.169673476520376,0.3649943702848341,0.5474915554272511,4.364161240802735,0.5951128964731003,17.391304347826086,19.837096549103343,0.0,0.0,0.6931471805599453,86.53286530712847,1650.7308389375964,97.4,66.4,57.3,21.243523316062173,18.2,5.7,0.0,37.5,4.197435258275594,-0.2471643545942661,5.462542530669337,22.614290065977812,0.9918548274551672,0.0,0.13568468390719968,0.0843989194409057,0.1122571420461288,0.4362529945617011,3.991801798844644,0.10323075505278652,0.0125880584522071,0.1147744990630055,0.1296875553381684,3.170604104928354,40.21720553774661,119.95483489004744,0.872592098960828,41.43175985245724,17.90062691052277,-3.7866224433388616,0.0205635171695192,60.7,95.4,11.320754716981137,2.8999999999999986,-0.6000000000000014,11.100000000000009,1.2000000000000028,2.5,3.799999999999997,17.863753428023337
467,Akola,Maharashtra,1813906.0,False,,direct,direct,6.318869450913193,350.28148870323594,23.5,58.46877621038719,9.7,19.25,19.6,25.2,27.2,6.55,52.6,0.6655903399004197,1.4449116895747396,0.6420763336602463,3.9815450974432465,0.04846764551545955,0.2874467293441611,92.93,12.0,6.5,77.5,30.666666666666668,0.008157920532305072,2.5702248453544687,0.19962911420228885,0.3728649560941789,50.67473441754181,30.5,4.900000000000006,24.5,644.6815895761218,37.77,10.365357852811151,0.23993883918544331,0.047987767837088656,6.910238568540767,1.7275596421351918,82.75862068965517,9.597553567417732,3.503107052107472,0.0,1.0986122886681098,54.21322095859418,194.95750500334825,97.7,69.5,76.55,15.517241379310343,29.1,0.8333333333333334,0.09597553567417731,40.1,1.3916452672755713,-0.156727331510739,4.842039414780902,8.829749282024313,0.47987767837088663,0.047987767837088656,0.0582592715238303,0.0914097529886963,0.10210424153012149,0.4234805993254336,3.244029589030022,0.5666661555215617,0.0237911800119039,0.0763886480994859,0.1830751159357435,8.523381276787202,82.73491092042211,85.71502602670701,0.8284848757710045,14.240849983334432,17.36623451042189,15.994371482176359,0.0852831671307861,52.7,75.5,3.755868544600939,-1.0,24.0,18.700000000000003,5.700000000000003,1.1999999999999993,19.700000000000003,6.144104892676934
119,Aligarh,Uttar Pradesh,3673889.0,False,,direct,direct,6.638194400632879,899.0398521338288,32.1,39.07778651424038,14.0,20.1,29.4,42.9,21.05,8.5,56.5,1.6631977800942939,0.5332354708518081,0.02208395392656324,1.9716830115059742,0.009201647469401348,0.7549951748643807,86.91,5.6,3.2,62.6,24.066666666666666,0.38232845235362606,1.3445907364662721,1.5327644272155296,0.0011502059336751685,97.9720194647202,30.599999999999994,0.0,48.6,544.9553791923979,51.92,8.879589807972302,0.29905354275554386,0.06901235602051012,4.416790785312648,0.7131276788786045,67.03296703296702,3.450617801025506,5.290947294905775,0.0,1.0986122886681098,13.147543945467383,585.4435482225108,82.6,70.1,76.44999999999999,7.98722044728434,18.7,0.20000000000000004,0.0,17.6,2.093374799288807,-0.0727590836617956,4.921217690758038,7.7063797556236295,0.4140741361230607,0.11502059336751685,0.0545427388533938,0.0725626191210095,0.23509039972884718,0.3196506481279102,3.4214393902200495,0.9127503829925891,0.1213154624392398,0.1091818229485028,0.1441495505220078,7.949550415673068,51.63455003450828,58.68277457484425,0.6859560099075114,15.980501160109323,16.96416588377399,14.612859051987263,0.06845518865279725,37.5,51.4,-5.450236966824645,10.7,13.100000000000001,2.1999999999999886,17.19999999999999,1.7999999999999972,28.300000000000004,9.986609700457135
639,Alirajpur,Madhya Pradesh,728999.0,False,,direct,direct,5.965459755702451,228.26618784217592,34.8,17.198878271112477,7.65,24.85,10.9,52.9,28.45,22.2,60.5,0.4363603590568074,0.7947605547089247,0.1266852655326215,6.892977781031354,0.06821514297910389,1.0416344054904436,92.55,2.4,0.7,76.4,27.2,0.26744667167997876,2.906181646919283,4.208766043805982,0.09528464416128797,41.75544967125861,15.299999999999997,10.400000000000006,82.6,479.2980018319878,33.12,21.763878950476002,0.649668028372418,0.10827800472873633,1.1910580520160996,0.21655600945747266,0.0,0.0,0.0,0.0,0.0,61.340572458876416,261.4177523766827,83.2,84.1,,5.11945392491467,4.2,0.0,0.0,42.5,0.7579460331011543,-0.3919232955258279,4.329282359286487,4.6559542033356625,0.10827800472873633,0.0,0.0243289115508317,0.018995944036921,0.09382114324545811,0.5031515818265868,2.780317312140151,0.2789431717844651,0.0113001968291447,0.1144708459067922,0.1071358047242894,12.95756188676831,59.83998758091367,26.37863700773252,0.8291211648465938,11.32587929462582,9.449667058362712,26.13047148197275,0.06088035238094565,17.3,17.4,20.348837209302324,3.7,39.2,61.49999999999999,32.800000000000004,5.200000000000003,69.4,10.89825284606746
87,Alwar,Rajasthan,2084447.0,False,,direct,direct,6.3460845586444945,460.569388432499,29.4,46.619726549981046,6.1,23.05,17.3,53.0,26.1,6.800000000000001,53.2,23.39523363508001,27.6167040672412,3.005522612516604,20.593362955299522,0.040862914919936204,1.299440694453971,88.3,6.1,4.0,63.2,24.5,0.054115752191266846,2.190031359087391,1.9819618139275,0.007068179878043016,79.10775888480393,34.0,2.4000000000000057,65.1,1240.462255387232,38.33,18.04594675112858,0.8172582983987239,0.02208806211888443,4.417612423776887,0.9276986089931462,49.10714285714286,9.014578750147308,0.0,0.0,1.0986122886681098,57.85923695917539,349.6259715030495,91.3,59.4,79.0,8.695652173913052,8.8,0.7666666666666667,0.02208806211888443,80.8,2.473862957315056,-0.0056459989962742,4.975283783150152,10.501984243921614,0.13252837271330656,0.0,0.107543691521242,0.1258480720569323,0.2614020851518344,0.4650132723528167,3.2624510897304293,0.8397017935195144,0.1206787211720266,0.136199006166102,0.2561163402819637,2.5819676847237183,80.33962286693061,89.18754366621768,0.6457668962528724,33.761851063989205,19.560392658984206,7.626765521502364,0.10855779891922945,35.1,34.9,27.083333333333332,4.300000000000001,70.2,12.0,9.399999999999991,4.100000000000001,26.700000000000003,11.157031007808072
640,Amethi,Uttar Pradesh,2050133.0,True,Sultanpur,direct,direct,6.408903672372265,,32.1,14.658387393200215,12.45,20.2,23.5,39.9,30.4,4.75,46.1,2.8448677798007607,3.0843452704502896,1.544512806143544,4.557092835096254,0.04056296258558803,0.71141195919339,86.91,4.4,3.7,52.4,29.599999999999998,0.25975897194232334,0.9976928682109054,0.3596062644606938,0.03198233588479056,,39.1,1.2999999999999972,73.6,307.033934750367,38.48,9.51669506815719,0.5070370323198503,0.0,0.27301994047991945,0.0,32.20338983050847,0.0,0.0,0.0,0.0,12.954406147285775,98.37961532404776,90.8,75.9,57.3,6.230529595015576,11.1,0.7000000000000001,0.0,20.9,2.3011680697593206,,4.6464971680067455,7.878575425277674,0.35102563775989637,0.0,,0.10297563380617729,,,3.433609843323718,,0.05065294661923639,0.0864057442791905,0.1241512338591595,,45.806048773713705,,,9.666856035421146,8.103384841795439,11.408279768058614,0.11118250105795723,34.6,26.4,-21.40221402214022,,,,,,,9.609836276826174
123,Azamgarh,Uttar Pradesh,4613913.0,False,,direct,direct,6.746693259901449,1003.7793797677596,29.3,13.748667786134002,15.65,24.049999999999997,21.5,45.2,26.75,7.5,54.3,1.5410090574594986,1.0324760684978642,0.16198513813295196,13.390831148023931,0.07830476257090709,0.2585669848737275,86.91,2.7,1.8,58.9,25.266666666666666,0.20516922916175884,0.39904967104212835,0.5916758032245657,0.0528601944128549,104.5323046588408,27.200000000000003,0.0,62.4,370.23047223533956,31.28,10.213664683161793,0.34045548943872644,0.035837419940918575,2.5265381058347596,0.1433496797636743,38.095238095238095,1.7918709970459288,0.4300490392910229,0.0,1.0986122886681098,15.539822034781112,172.12909903432865,93.2,64.5,77.5,7.440476190476192,16.8,2.233333333333333,0.0,9.0,1.5051716375185802,-0.000774256061108,4.681082507426983,6.253629779690291,0.4300490392910229,0.0,0.1255975130966824,0.1025353811119331,0.3833924118234236,0.2973684159194159,3.63002085111341,0.881278983110915,0.0748195374326631,0.0860218683791791,0.1756088324190567,15.211200477927056,35.56068010422472,41.95137619630019,0.859475098160777,10.734561582003044,10.720520840910744,-7.443800695249131,0.04057343019445925,52.6,37.6,-1.9966722129783694,5.199999999999999,4.7,29.299999999999997,8.900000000000006,4.400000000000002,47.3,10.104392965676084
524,Bagalkote,Karnataka,1889752.0,False,,direct,direct,6.287243095574395,289.4924505275832,26.5,62.82096103627299,12.3,20.05,28.6,40.5,22.200000000000003,7.7,48.0,33.19112000329163,33.1813135829386,4.540888750839082,13.756343245750632,0.43509538724225355,4.458824496305846,131.82,4.3,3.1,63.8,35.83333333333333,0.06503205076218736,3.633536804490469,0.6270947752068068,0.20438644525258884,32.34179985585891,48.7,0.7999999999999972,43.4,1164.3818366931937,46.83,14.554792313441933,0.4129019096011896,0.3096764322008922,5.1612738700148695,1.1354802514032714,41.911764705882355,18.064458545052045,5.264499347415168,0.0,1.3862943611198906,89.8252620515778,378.31260050651093,95.2,78.6,79.1,16.828478964401302,31.0,0.3333333333333333,0.0,22.3,7.019332463220223,-0.0732996893249549,4.88289591871746,14.761243268242527,1.2387057288035688,0.0,0.07490510455991481,0.0873106592727551,0.2104163699721493,0.4329038942676076,3.6605809124272994,0.5046696703757106,0.097035640202336,0.0827900063804236,0.1191506294190183,9.298847183844885,102.77679306479334,87.12095555395628,0.8036711067378536,16.178012945561612,18.937803324957837,-9.65296593070848,0.0684324528672533,37.7,56.6,-0.3436426116838488,12.0,-14.900000000000002,2.6999999999999886,3.6000000000000085,1.6999999999999993,28.299999999999997,2.522246266220032
46,Bageshwar,Uttarakhand,259898.0,False,,direct,direct,5.464625561762992,249.6892701301946,24.6,29.609805515603533,9.95,27.549999999999997,17.6,53.5,25.700000000000003,20.0,27.8,0.14408664484478603,0.03430634401066334,0.0,0.0,0.04802888161492868,1.142401255555089,100.85,4.0,1.8,43.7,14.4,0.006861268802132668,1.2144445779774824,0.0,0.03430634401066334,25.3967865945135,11.5,8.0,65.4,1048.515083901107,42.08,33.27715369034344,1.0291903203199002,0.3430634401066334,2.401444080746434,1.715317200533167,0.0,0.0,0.0,0.0,0.0,37.72325587412541,48.234719678992654,82.0,86.9,,6.049822064056937,12.4,0.0,0.0,71.9,1.3722537604265337,-0.1660243821187815,4.973332675576158,17.153172005331673,1.3722537604265337,0.3430634401066334,0.2761731950771932,0.1234054928749533,0.029677011664041998,0.4757173968249082,3.405346360175709,0.0681543824866863,0.0083300450406465,0.0842147877283931,0.1183576685274421,-0.3064576926310014,23.028288887087623,57.334031042947615,0.8387356553251459,6.528497265229234,15.521472392638035,5.898720089037284,0.12583604544172947,52.2,34.6,8.333333333333332,7.400000000000002,37.7,26.700000000000003,26.1,4.899999999999999,19.799999999999997,7.961489861520646
528,Ballari,Karnataka,1300246.0,False,,direct,direct,6.101043032456393,308.3632984759888,23.6,53.117432798016665,10.399999999999999,21.049999999999997,27.3,45.1,17.2,7.65,58.1,27.642325792956946,28.50075988308883,5.021558893255125,20.2377239418673,0.07705334316652182,0.9250141633534392,131.82,5.1,1.6,67.5,31.833333333333332,0.6710373671880592,8.146707835761386,5.140131270846326,0.1413891442570158,30.945824400375184,35.900000000000006,5.299999999999997,23.799999999999997,1339.4444474385114,29.09,16.94425458953126,0.4114498906950195,0.26183174862410336,4.413735191092028,1.9450358469219102,7.627118644067797,15.84845617338033,8.954377737959886,0.7131805278021148,1.0986122886681098,110.10212052321134,901.8424276455613,95.7,71.5,67.0,15.789473684210524,29.1,0.5666666666666667,0.0,25.7,9.350589142294394,-0.1340592474292296,5.194928946727473,16.482394420315543,1.109391932136623,0.11221360655318716,0.06958759113913231,0.0638815950637027,0.1889739205680107,0.4553870492274509,4.091631790626808,0.6231070177394614,0.0258712347864602,0.115654291754458,0.0993123056035361,3.28649861760828,86.27336833459896,88.99227145125876,0.6874536107980317,20.087918199759567,16.560364464692483,28.179198058350607,0.0610941367887673,39.9,76.2,30.704225352112662,8.400000000000002,4.199999999999999,0.4000000000000057,9.700000000000003,5.5,24.39999999999999,3.3827562992735967
750,Bapatla,Andhra Pradesh,1586918.0,True,Prakasam,inherited,inherited,6.187367881282715,,23.1,27.614377875252615,26.7,30.4,39.5,50.5,15.2,9.65,60.4,76.88552127443918,74.05555564848125,1.940912691012322,31.02347822274753,0.24234806215902208,1.6905839023277558,137.81,7.9,2.9,62.6,18.666666666666668,0.06810219968464287,2.2072029327479763,1.3242685548052822,0.1372684962393583,,21.599999999999994,1.4000000000000057,9.200000000000003,1291.6787259897878,30.29,16.998947499408906,0.37243390452539077,0.07980726525544087,10.42814932671094,1.9419767878823944,50.0,0.0,0.0,0.0,0.0,52.48072558354288,704.8205233456011,97.4,51.9,64.9,18.62745098039216,54.2,4.766666666666667,0.0,67.6,0.2598316851977473,,4.868306367042155,15.849732797062584,0.19487376389831046,0.3458314827735771,,0.04863285191228641,,,,,0.020444261587282152,0.0964726426603959,0.1684658873129088,,199.3180488904196,,,15.538584354038283,12.780624126688403,54.329032258064515,0.08256346006944865,34.5,90.8,-0.15290519877675574,7.0,-7.700000000000003,-12.100000000000001,6.0,1.8999999999999986,24.700000000000003,2.2389848355042328
90,Barmer,Rajasthan,1655057.0,False,,direct,direct,6.31609509191385,92.3320054974986,31.4,15.255356793601573,9.2,9.7,4.5,50.6,26.5,5.9,49.4,8.31102898686311,10.567375274804743,0.579282373516444,9.979804282271372,0.20199671530144153,2.2345502897860072,88.3,9.4,1.3,67.1,27.433333333333334,0.23545817725867116,1.5033099009592084,4.294425608437486,0.21059232020788585,64.19692673644148,16.400000000000006,0.09999999999999432,73.2,954.0645618024446,30.24,25.357034474010746,0.7060675458864977,0.061397177903173714,1.995408281853146,0.4911774232253897,28.260869565217394,4.829530444044116,0.0,0.0,0.6931471805599453,44.068131425892446,404.8032593794259,93.3,92.9,89.7,6.586826347305387,4.9,0.06666666666666667,0.0,97.8,1.4121350917729953,-0.3402161996107029,4.546280852756794,4.926121052924999,0.061397177903173714,0.0,0.0886056307359544,0.0834959075504568,0.0682773958204275,0.4618268029469792,3.0484418035504044,0.1988211975620964,0.0724636895279196,0.1986819588929247,0.2471807599987561,6.875081179630627,109.62747987384824,41.485149693653504,0.7603803105066795,12.838823732446878,21.01991627552962,40.82000211886852,0.0477855549167482,25.6,26.8,36.27608346709469,-7.199999999999999,88.89999999999999,56.900000000000006,33.0,7.100000000000001,63.099999999999994,11.44867718895316
605,Barnala,Punjab,595527.0,False,,direct,direct,5.834502067000163,454.1288157821246,21.7,93.93993934631344,14.15,36.4,37.7,78.7,7.15,14.4,55.2,24.152136557038403,31.841764615352403,16.282454386565135,163.2871219098979,0.06733731023842454,1.4448244609853267,126.06,11.0,6.0,60.6,19.9,0.35571666060732965,1.2662342033964615,1.2120715842916416,0.005855418281602134,77.56702498300476,9.299999999999997,0.20000000000000284,26.5,801.7180156986826,36.8,11.85722202024432,0.5855418281602134,0.2927709140801067,13.906618418805069,4.3915637112016,53.84615384615385,0.0,0.0,0.0,0.0,59.09580900706954,999.5316115060475,96.7,68.5,58.5,11.62790697674418,37.9,0.5666666666666667,0.0,20.7,1.9030109415206935,0.3866617919221977,5.098431776253047,19.469265786327096,1.0246981992803734,0.43915637112016004,0.0632005587133539,0.19811658123687,0.39181251098134795,0.3515054733034774,3.6057358938767465,0.7843399522547373,0.1781424920364668,0.1184654077920623,0.1434637590607232,5.264920247035909,71.37995501391195,106.67526409381944,0.6531922931620703,9.395018632830624,32.91817751852435,-37.63482654746866,0.06602242231920019,53.1,73.5,-1.1627906976744187,5.300000000000004,-5.0,-22.400000000000006,0.4000000000000057,-0.1999999999999993,4.1000000000000085,4.438720095425156
280,Barpeta,Assam,1439806.0,False,,direct,direct,6.211521363465642,755.0469413191285,30.1,21.126863904874018,15.5,17.299999999999997,16.6,75.0,30.35,4.35,64.8,4.758828552328097,7.249763471777819,1.149000567185738,9.529945880775827,0.038709644776845714,0.03256525671702894,109.67,1.7,1.5,63.5,25.166666666666668,0.03195081791104726,0.2095236328397522,1.6282628358514468,0.016589847761505308,36.52394840840191,36.3,1.9000000000000057,61.3,929.6993696263993,34.07,19.170490746628353,0.6758826865798458,0.12288776119633561,0.3656488139854579,0.7312976279709158,47.05882352941176,7.680485074770975,3.195081791104726,0.0,1.0986122886681098,40.78890569628771,203.61273152620848,87.6,54.6,64.9,18.808777429467085,12.7,0.3,0.0,58.9,1.0445459701688526,-0.1171215257773182,4.503546049140525,6.14438805981678,0.36866328358900685,0.0,0.076781270528674,0.0735350769661022,0.0788612241246061,0.3317292760722286,3.683947130751512,0.22725065988334253,0.0061819773370758,0.0839798591903293,0.1503938004334415,15.683863984068624,79.9633815623854,142.18521015905554,0.7901190990332547,16.15974059731813,5.763397371081901,16.826581378820187,0.06949897731010395,31.7,38.7,0.9375,4.600000000000001,33.2,20.5,35.699999999999996,3.1999999999999957,27.400000000000006,7.610557909244194
374,Bastar,Chhattisgarh,834375.0,False,,direct,direct,5.990269101991647,177.26775573487782,26.5,26.828382913108776,10.2,23.9,8.7,59.9,46.099999999999994,29.95,77.2,6.3312826453875894,8.307060075671682,1.0564068765442385,20.436819962110416,0.112492503794643,0.38145185377638036,94.16,18.5,5.3,80.7,37.9,14.029860541442796,3.5384005739042257,9.497435297644087,0.17180673306818203,42.77401768565941,39.0,5.900000000000006,68.4,779.7683791898286,29.59,30.066178286931862,0.8181273003246764,0.10226591254058455,0.7158613877840919,1.12492503794643,6.122448979591836,12.783239067573067,2.045318250811691,0.0,1.0986122886681098,72.77446868213077,25.62067906879265,63.5,57.3,58.349999999999994,14.678899082568805,6.6,0.7000000000000001,0.10226591254058455,69.3,5.011029714488643,-0.3822619913995074,4.828097689026754,11.2492503794643,0.8181273003246764,0.0,0.0502989469045433,0.0226634907596496,0.07655960395519329,0.5141038169429784,3.515873843711679,0.2140520155024402,0.0092058763977984,0.1108724713117386,0.1694652849556841,11.471938530618452,71.21750434322212,47.08466394329461,0.843116922152089,16.54662464906658,17.63295977197642,-9.08580097769287,0.0622740365725753,25.3,31.6,5.2264808362369335,,,,,,,10.264992404486955
394,Betul,Madhya Pradesh,1575362.0,False,,direct,direct,6.274066823846066,208.34259013960693,24.3,22.49407582623276,14.149999999999999,19.700000000000003,17.7,36.6,28.8,11.8,56.2,6.405065725449767,3.4650878868555806,0.4213649019483525,16.72690974401036,0.3942315559895571,0.3995518199030464,92.55,5.3,0.3,57.8,27.96666666666667,0.3176197556353112,4.31579808662252,3.122994917218219,0.5474551566980489,43.24308610296514,40.2,12.900000000000006,64.0,736.9587010854069,33.3,19.046544810291692,0.478823752214037,0.106405278269786,0.957647504428074,0.0,40.0,0.0,0.0,0.0,0.0,54.068778100009055,368.60331269188777,87.6,80.9,67.8,11.46496815286624,10.8,0.26666666666666666,0.0,51.3,1.0640527826978599,-0.3831374956541572,4.7628378032988365,8.512422261582879,0.15960791740467897,0.0,0.0492750332646876,0.0330592491735708,0.12134911232630591,0.4995550229090202,2.6580113966571126,0.19252852161757383,0.0480140976240491,0.1009253719170943,0.1649794165050631,10.880353241061114,58.541105931988575,63.98656308835683,0.5904743953492986,12.496235880003667,17.072521623419824,-18.143165818638042,0.094661024600111,38.7,36.0,19.934640522875817,5.5,32.099999999999994,11.800000000000011,11.599999999999994,2.599999999999998,27.699999999999996,9.748372019080396
348,Bhadrak,Odisha,1506337.0,False,,direct,direct,6.198802975011331,647.9503637355674,26.8,20.363411545117845,15.6,23.9,18.3,58.8,46.95,9.15,64.0,15.034822076949986,21.689548273362895,2.107519771843639,40.81097203339246,0.11958007711751663,1.9803473088773915,111.09,13.8,7.9,68.7,25.666666666666668,0.12653976414552023,14.641916109278148,4.158729348642523,1.3065230648024964,45.18020633780332,38.0,0.0,77.1,1181.370176472011,31.74,14.678612640880347,0.44288917450932086,0.06326988207276012,2.2777157546193645,1.075587995236922,,0.0,0.0,0.0,0.0,95.47741554189867,270.9754144353207,96.1,83.7,67.2,15.5367231638418,28.7,0.6333333333333333,0.0,44.9,,-0.0770769129018214,4.836254585615337,10.75587995236922,0.8225084669458815,0.0,0.08438328643828091,0.0644510994232592,0.0798556341593553,0.3110851024704299,3.74795530690673,0.5747532666062447,0.0207397583471275,0.1363790236003892,0.1535056572600146,8.377187326615765,57.25404208816827,65.89096596578322,0.8152820037479598,24.6031263428135,7.944636678200692,44.12898443291327,0.08080503051585895,37.0,22.9,1.702127659574468,4.4,10.600000000000001,-4.700000000000003,8.699999999999989,2.0,36.8,4.975390978962341
443,Bhavnagar,Gujarat,2393272.0,False,,direct,direct,6.458877878240765,361.41464028794775,24.1,49.541654847372925,16.75,19.05,29.4,26.6,30.299999999999997,2.4,49.4,19.736914722088805,18.823680464494313,0.7550608326970829,5.340351985217582,0.12167186530569937,0.2961840835441596,98.87,11.1,1.8,71.5,33.9,0.031982318880355264,2.232504911409147,3.255591481679642,0.039282630798697225,42.84880820399113,27.099999999999994,4.900000000000006,40.2,568.8416952128091,31.53,12.653873991792734,0.45192407113545485,0.06952678017468536,4.623530881616576,1.4600623836683924,38.31775700934579,6.952678017468535,4.5192407113545485,0.0,1.0986122886681098,33.49070237624506,278.05775668481743,94.2,74.3,54.35,20.27397260273972,23.7,0.06666666666666667,0.0,32.2,3.7892095195203517,-0.1262797231477247,4.9884680434456605,9.038481422709097,0.7647945819215389,0.0,0.0324834253110749,0.1508231730633157,0.48819854470680807,0.3994743721715824,3.286456469746983,0.5126479174572691,0.0674771795555786,0.0849374166241987,0.1891755796074572,4.905295807807364,76.37039669602149,129.0534359360706,0.6030974844036253,16.753868218693928,22.003780718336486,11.302540415704387,0.05514854028515445,26.3,59.8,-11.294117647058824,,,,,,,9.097762357275704
92,Bhilwara,Rajasthan,1685315.0,False,,direct,direct,6.308169386530355,231.45288634586527,29.2,35.887670195879494,8.7,15.55,12.4,70.4,23.05,5.95,50.4,26.278711740732042,27.321517762189668,1.89322637757042,12.101368094552102,0.09361162964900094,3.2419909974029006,88.3,3.9,2.0,62.7,21.166666666666668,0.12837183036425498,3.0933137032544873,2.337537458000053,0.12424190552679906,55.25281113259388,37.7,6.900000000000006,73.5,1138.2737081606551,37.0,21.337944993522278,0.8604010078033176,0.0344160403121327,2.787699265282749,1.6863859752945023,40.0,7.377714966700481,1.082064861782737,0.0,1.0986122886681098,63.71785703388248,615.0229002274863,95.0,83.2,,7.239819004524893,5.9,0.0,0.0,89.1,1.7208020156066353,-0.152848247779666,4.980324699453239,9.602075247085024,0.1720802015606635,0.447408524057725,0.0609570134548963,0.0551618821207598,0.24323293453785608,0.4767091698937482,3.0965624383741357,0.474302134731954,0.0520924273303602,0.1194449713953786,0.1882682572245979,6.232753394801849,154.5319971968142,94.09667252502882,0.773626199069866,26.532722258577163,25.143845897264843,-14.85818904970091,0.07398329546227479,25.3,26.5,30.303030303030294,-1.6999999999999993,66.5,16.700000000000003,13.200000000000003,0.3000000000000007,27.599999999999994,10.671929113264515
59,Bhiwani,Haryana,1132169.0,False,,direct,direct,6.120363039705397,358.29184754461727,24.8,42.184507152309266,10.75,21.75,28.1,56.6,18.2,7.1499999999999995,66.4,22.235794983555923,23.650875913245358,0.5161596749429588,62.636469217747596,5.0630640655197725,14.641956828998646,101.02,5.8,0.3,69.2,18.533333333333335,0.08867941551883435,3.6040223999321137,0.3933727919168805,0.016674761892430386,79.24545979424732,10.299999999999997,2.5,63.4,1117.6198522903678,29.02,12.506071419322792,0.45476623342991973,0.3031774889532798,6.405274397099779,1.4700629763835558,59.78260869565217,0.0,0.0,0.0,0.0,37.581123586926175,737.1275559916672,97.7,72.5,,9.688581314878888,13.1,0.46666666666666673,0.0,28.2,6.9730822459254345,0.0295781975802908,4.994163433536457,13.11242639722935,1.136915583574799,0.0,0.14778178221249288,0.1727552814147358,0.1806329200960646,0.3811728140133195,3.03342375548695,0.6233166875235545,0.1133414408972075,0.1040859791518673,0.1513577462538415,3.929852064095618,86.24057964799815,67.5476996778723,0.7960290934123166,19.45641535357673,38.393890303170565,-6.925308194343726,0.098382737426746,47.0,36.6,-6.844331210836474,,,,,,,9.317802623402867
529,Bidar,Karnataka,1703300.0,False,,direct,direct,6.248506539032892,315.70989418915104,27.3,24.93151454079682,10.75,22.65,20.8,39.6,19.85,8.450000000000001,55.9,28.788357713201275,31.538086576277635,13.62788872812584,26.471430417532996,0.6111135560664273,3.967441747648246,131.82,9.0,2.4,69.3,31.666666666666668,4.873672930513141,9.639568678008104,6.9349820905414505,0.9254166499990218,30.96088061286408,43.5,1.0999999999999943,34.8,1463.3664271494592,30.45,26.35180338716727,0.45142275609708377,0.22571137804854188,4.006376960361618,1.297840423779116,14.285714285714285,8.46417667682032,2.9342479146310447,0.0,1.0986122886681098,86.34363055868923,501.4810255206894,99.0,74.8,66.8,16.225165562913908,21.8,0.3666666666666667,0.0,21.4,5.529928762189277,-0.1033595070540684,4.716590637247214,9.987728478647979,1.1285568902427097,0.0,0.056350169428978095,0.1426102971069353,0.11927284770270499,0.4124980919391769,3.6119356250401227,0.5293444547289584,0.0463665500631673,0.1060120661005639,0.1432366635468835,4.803551000148221,88.59435045396845,61.14190101567545,0.8015805190939381,12.694572179895118,13.253901826596426,0.7704367301231803,0.054067208973730255,45.0,65.2,40.117994100294986,4.9,-3.700000000000003,15.199999999999996,1.0,-1.1999999999999993,28.5,2.749828095365082
132,Bijnor,Uttar Pradesh,3682713.0,False,,direct,direct,6.6389610365773555,1027.2092681697825,30.7,13.145022980206718,12.3,22.0,28.0,51.9,20.05,7.6499999999999995,46.0,1.725021620587895,1.4742596917164916,0.19748650075953006,11.032835963943745,0.38165414449109175,0.30633371164327106,86.91,3.2,1.7,60.9,22.5,0.192893791439541,0.3956619079170584,0.5662810591546524,0.006889063979983606,51.02618907232704,21.799999999999997,0.29999999999999716,54.2,428.8267804585635,36.59,9.346163466177758,0.16074482619961747,0.0459270931998907,0.5511251183986885,0.3444531989991803,72.07207207207207,2.2963546599945355,0.0,0.0,0.6931471805599453,18.23259672942461,118.59661422821378,83.7,90.6,74.8,8.387096774193552,22.4,0.06666666666666667,0.0,18.8,2.5489536725939343,-0.1325641782314913,4.679108283941099,7.1875900857828965,0.39038029219907106,0.0459270931998907,0.042651797309418496,0.0722681511228331,0.2479685897371578,0.2954441467472485,3.350441856535061,0.5845682835770948,0.1508339538285464,0.0827581317057686,0.0900557531509116,8.286251778581267,59.17000598542744,63.25336782964081,0.7381044371179339,11.92221412375963,14.3114537721816,-0.19991542039906196,0.05197472009033205,39.7,45.8,-1.4285714285714286,7.899999999999999,13.200000000000001,20.5,10.600000000000009,1.6999999999999993,14.400000000000006,9.914013167433163
15,Bilaspur,Himachal Pradesh,381956.0,False,,direct,direct,5.684419024129562,374.1553913782271,22.1,38.25861360625827,18.9,21.200000000000003,29.1,53.2,17.549999999999997,13.25,53.0,19.3350872266019,36.49862224570225,3.6585484334002314,96.73334419187621,0.16751974172154818,2.8478356092663186,119.01,6.3,0.0,44.8,30.3,6.295433256794971,2.6554981280304673,1.2657047152294751,0.14270200220724474,34.98488683179261,19.200000000000003,7.099999999999994,64.2,1931.3268297278908,61.27,32.67669036049952,1.4477014716677004,0.8272579838101144,3.9294754230980433,0.6204434878575859,33.33333333333333,10.34072479762643,0.0,0.0,0.6931471805599453,50.15251526848819,964.9178486060366,91.7,100.0,,17.249999999999996,19.2,0.20000000000000004,0.0,35.4,3.102217439287929,0.0203966035676185,5.228905852761436,19.854191611442747,1.2408869757151717,0.2068144959525286,0.3508530623754575,0.2853202819202904,0.1169131343584434,0.5389914021510331,3.5264685124694775,0.39296762789444245,0.0721720206277715,0.0944142389469424,0.144604740693955,2.1707268734024066,27.57985239986832,125.26050120956342,0.836301312599281,15.082981189817913,40.52409920449228,2.0,0.13347723983780996,64.2,35.8,7.142857142857142,0.7000000000000028,17.0,41.7,8.799999999999997,3.6999999999999993,8.899999999999991,4.245301890237489
322,Bokaro,Jharkhand,2062330.0,False,,direct,direct,6.395500568711333,740.1526099568042,27.3,48.2285411840012,12.100000000000001,24.5,15.1,55.4,27.0,14.95,68.8,6.879333016354078,6.769115658940851,0.05631543809434984,3.9992006109573297,0.022526175237739938,0.09251821972643189,86.87,15.6,2.2,66.5,29.400000000000002,0.14601788591606424,0.20152881775192336,0.124296216936815,0.042236578570762386,73.63570298372514,35.599999999999994,13.599999999999994,53.0,262.5514219647024,46.01,5.430417244812307,0.3218025033962848,0.1609012516981424,2.0112656462267804,0.40225312924535606,52.94117647058824,0.0,0.0,0.0,0.0,6.664529845337059,57.86290588255673,80.9,71.0,61.2,7.443365695792877,21.0,0.3333333333333333,0.0,44.7,1.3676606394342103,-0.0208937691533128,5.0428433246493825,9.573624476039473,0.5229290680189628,0.0,0.0793410764414915,0.0689472887929561,0.1680735122140258,0.3323270281671701,3.5280163411892014,0.9849600277262045,0.0096471114381595,0.0660585320035691,0.1111464046751649,0.982855783254566,35.46930847456735,44.07926956403679,0.7207005038171298,12.357216130417337,11.7023854862722,-16.378582900073496,0.0959586025820208,45.0,47.0,2.142857142857143,3.0,29.1,4.799999999999997,18.400000000000006,2.099999999999998,28.700000000000003,11.590266948521363
281,Bongaigaon,Assam,738804.0,False,,direct,direct,5.876396487925792,785.3770386763413,28.9,47.558890040388164,13.8,14.75,16.9,66.4,32.25,7.1,70.6,2.1214675788719504,5.586797139096997,1.115232643279177,11.500587401253206,0.006646201688195333,0.04519417147972827,109.67,4.4,1.6,77.2,33.9,0.03721872945389387,0.12627783207571133,0.7005096579357882,0.014621643714029733,34.7385726686508,27.5,4.700000000000003,50.2,935.8981831266022,34.64,18.210592625655213,0.5316961350556266,0.13292403376390666,0.6646201688195333,1.5950884051668799,33.33333333333333,0.0,0.0,0.0,0.0,25.970697716792085,403.40849158940506,84.5,67.9,46.6,10.30534351145038,15.2,0.7333333333333334,0.0,57.6,1.1963163038751599,-0.0919124443578329,4.781158433589821,8.640062194653934,0.39877210129171997,0.0,0.07623166322005791,0.0761144040337478,0.0833515915015739,0.3462433879621658,3.6793370305207937,0.4880207537490724,0.0058843848748692,0.0751437304424873,0.1284308192927605,6.072819684179409,68.38313119566331,109.74899973470636,0.8240568306550078,26.84135013794567,10.186489379683362,27.819977212305353,0.06835603482621645,28.6,49.8,51.61290322580645,3.4999999999999982,48.400000000000006,25.500000000000007,17.5,3.200000000000003,25.799999999999997,8.620166744424635
2,Budgam,Jammu And Kashmir,753745.0,False,,direct,direct,5.945349130322358,1004.0148862663066,22.3,10.654857705063348,7.1,19.25,25.3,86.4,24.15,0.1,73.9,2.8511242438030076,17.52069150457942,11.633584921611478,68.84546428801177,0.0,3.71984388212962,87.34,6.3,5.1,85.0,22.100000000000005,0.0,1.8508491511083964,0.07371641839586138,0.0,34.506955810147296,23.0,4.200000000000003,28.900000000000006,1954.8278604038758,34.5,23.022204514399785,1.0206888700965422,0.11340987445517137,1.0206888700965422,0.34022962336551404,28.57142857142857,0.0,0.0,0.0,0.0,59.432444708232545,581.8085333374528,96.5,92.5,62.1,22.42647058823529,42.2,0.13333333333333333,0.0,5.2,1.587738242372399,0.2296472443607489,4.878541650593606,10.88734794769645,1.7011481168275702,0.22681974891034273,0.18401163876933618,0.1534689552085993,0.0438828292626236,0.2850645775428029,3.7424108805804925,0.7133232869530416,0.0035605565291581,0.1612089145694595,0.1004960918964512,6.688302066842677,91.50503934504744,121.4362947681245,0.5090460166936154,7.178845053012346,38.436809322885274,42.599684613651725,0.08378017079084996,48.2,71.1,26.190476190476193,-6.099999999999998,2.1,5.0,-0.5999999999999943,2.8999999999999986,25.0,13.867954621914144
194,Buxar,Bihar,1706352.0,False,,direct,direct,6.300416301699862,1171.9511806761273,32.7,24.00089128999378,12.2,12.2,16.6,57.7,22.0,5.75,66.2,1.7765085804835385,0.7395442991471778,0.9989105462414486,8.074902445732251,0.0005007070407225306,1.1085653881596829,82.08,10.4,3.7,68.3,39.36666666666667,0.011516261936618205,0.5382600687767205,0.06609332937537404,0.002503535203612653,93.76804682824655,47.6,0.20000000000000284,55.3,313.4120643628201,32.96,10.014140814450613,0.05007070407225306,0.10014140814450612,0.4506363366502776,0.0,14.285714285714285,0.0,0.0,0.0,0.0,17.28140280349742,18.41250000848962,89.5,75.0,84.4,10.447761194029852,7.7,0.19999999999999998,0.0,11.4,0.7009898570115428,-0.1451643940375424,4.664997677331419,7.610747018982465,0.20028281628901223,0.0,0.0813060247337225,0.1076488974365068,0.1432144583055234,0.3154812137237803,3.2271150825891253,0.8731286783718216,0.037293204405605,0.0864498112236333,0.1112715085846411,24.648887274538424,40.90175025366532,32.85605783566345,0.8133383276255708,8.047864265533235,7.5302051137960095,8.126471577531113,0.0661608631867715,33.3,44.7,10.43956043956044,-0.5999999999999979,0.5,11.100000000000001,7.900000000000006,4.299999999999997,23.0,14.11632481178103
77,Central,Delhi,894389.0,False,,direct,direct,6.300688688041357,29297.43781227817,23.9,17.205015935575354,13.75,34.0,44.8,66.9,15.6,10.05,44.6,27.985985261462304,31.727924858537385,5.359710487332333,344.33450268201136,0.8696832067018575,3.1544780984168637,120.33,11.0,3.1,70.3,24.166666666666668,2.9593247896632824,3.873542982208906,10.26556443353775,0.040531841048820745,117.42972709037164,23.0,0.29999999999999716,1.2000000000000028,4727.589905341707,36.04,4.153262724755706,0.0,0.6004717192417888,3.05239790614576,2.251768947156708,,12.509827484203935,12.709984723951196,0.40031447949452587,1.0986122886681098,190.43710379203648,7169.182474350627,92.2,82.1,76.3,13.87434554973822,25.3,1.7,0.20015723974726293,22.6,,1.25197187141217,5.734613041958345,21.867178442388475,0.6004717192417888,0.750589649052236,,,,0.3561169116636901,3.3643633546157306,3.8235212966242926,,0.1051901900135539,0.1008597839585176,-1.5148455247171344,88.64997763894385,1026.4287676878691,0.6320757558013084,4.1582666557493875,98.8667872212176,-40.54092730394962,0.1822686080763614,57.1,98.8,,,,,,,,17.73846598901596
16,Chamba,Himachal Pradesh,519080.0,False,,direct,direct,5.754612374522674,196.88654558936472,25.1,22.06756537810813,11.05,20.5,23.2,61.1,21.4,20.55,43.7,32.86557596058697,46.04594051547519,3.6826195452384245,48.801307074406566,0.09149365329784906,3.3799866920224626,119.01,2.0,1.6,46.5,28.0,0.005278479997952831,2.8275057855700663,1.3970377061248491,0.12844301328351887,26.23162211421628,13.5,14.5,65.0,1706.2017985916116,39.0,39.412650651381135,0.8797466663254718,1.2316453328556605,4.04683466509717,0.17594933326509432,38.46153846153847,21.113919991811322,0.0,0.0,0.6931471805599453,93.65431111034442,359.51199418056933,72.0,100.0,,11.267605633802816,10.5,0.06666666666666667,0.0,26.8,2.2873413324462266,-0.1976394323253467,5.0616426923557,17.243034659979244,0.7037973330603773,0.0,0.2634107105967089,0.1830665907628272,0.058366865759634796,0.5664541111196733,3.628695382714023,0.06878003502862451,0.0485458560358165,0.0933407862333339,0.1389340364592164,3.738539696718113,36.45891022844848,80.77367650458503,0.8351698149208167,9.863719622841188,34.90188225871045,-4.497444633730835,0.1003142004173244,50.9,35.0,1.7777777777777777,2.3999999999999986,-9.900000000000002,35.400000000000006,15.100000000000001,2.3999999999999986,9.0,5.279353139919843
262,Champhai,Mizoram,65177.0,False,,direct,direct,4.936126935111461,39.06721893083444,27.2,44.17840956621129,13.65,17.85,22.9,52.1,70.6,11.450000000000001,25.7,2.3074929945840585,9.640690796142458,1.7100838050477327,34.044856188701374,0.05227330408442851,2.1282702377231613,138.78,0.8,0.0,38.3,17.466666666666665,0.05227330408442851,3.890627346855322,10.417322742539682,0.06720853382283665,31.44805471690715,1.7000000000000028,1.4000000000000057,20.599999999999994,757.947973994475,28.52,52.27330408442852,1.4935229738408147,0.7467614869204073,3.4753161584400263,1.1584387194800088,6.249999999999998,0.0,0.0,0.0,0.0,66.35722572774739,225.9177526380308,96.7,85.3,,10.847457627118654,6.6,1.5,0.0,64.9,11.948183790726514,-0.3987739483879162,4.842970286778906,18.53501951168014,1.1584387194800088,0.0,0.1443311904934149,0.0909006730846567,0.1388881248684759,0.479875939401169,3.637189422148762,0.032651548979142825,0.0059392955264149,0.1045867428098004,0.0306811003583558,14.718220355175273,54.58800328688007,74.5397431309396,0.9085671609943454,13.600070566695305,25.906735751295333,-19.42347288949897,0.03928565893404455,47.8,79.4,0.0,5.399999999999999,6.800000000000004,36.199999999999996,15.600000000000009,5.400000000000002,10.899999999999991,11.832354558857572
44,Chandigarh,Chandigarh,1055450.0,False,,secondary,direct,5.973492191018438,9258.333306709488,23.3,272.83378477438396,17.8,27.8,44.0,60.7,6.35,9.450000000000001,60.3,52.25933180522203,46.2388526972229,158.49463979409452,308.39436538139506,1.617791172735644,1.7729800762963563,115.65,4.3,0.3,54.6,18.1,7.570242268215018,2.9252045383498637,24.552797831156795,0.16475534282130408,49.4587385270979,15.0,0.9000000000000057,4.200000000000003,7572.393654110955,31.95,5.314688478106583,0.21258753912426334,0.21258753912426334,7.121682560662822,10.20420187796464,78.78787878787878,15.94406543431975,17.432178208189594,0.7440563869349217,1.0986122886681098,253.2736052995605,18654.936026911448,96.9,80.9,0.0,,31.3,0.6,0.0,32.2,3.6139881651124766,1.0317683900798655,6.150002459747966,44.005620598722516,0.956643926059185,0.318881308686395,0.5707904399754462,0.2062536447699103,0.3159152971676306,0.3829039746079871,3.7440581658788354,3.0364906373317235,0.0052437366691003,0.0997228775861871,0.1183672636992922,2.4935544636132123,79.5602866335534,231.44061774598512,0.8840359596191162,56.57167003635772,55.0811835489986,15.288969759986138,0.1285245078505213,59.6,95.8,188.88888888888889,2.5,10.900000000000002,1.4000000000000057,5.300000000000011,-0.40000000000000213,1.2999999999999972,14.454372816119013
730,Chengalpattu,Tamil Nadu,2556244.0,True,Kancheepuram,inherited,inherited,6.547704431629826,,19.2,115.20640706632044,23.6,28.15,46.4,48.9,11.0,14.85,57.0,76.94067398973607,86.50008786814865,17.159376155165404,19.263381919543523,0.0038040569136410262,0.13821406786229062,120.98,3.1,2.3,68.8,18.7,0.09636944181223933,0.2872968697635556,17.83396224785108,0.36138540679589753,,24.099999999999994,0.5999999999999943,11.900000000000006,1703.8662560561538,26.45,9.220309376396584,0.23548923751111117,0.18114556731623938,2.7199868312287756,2.4366548696424446,84.21052631578947,11.333278463453231,11.58827722888093,1.048328257869424,2.0794415416798357,79.70767253049165,991.1642376780645,100.0,69.1,,18.220338983050848,40.2,5.1,0.0,59.7,0.5383307270140285,,5.304560371555551,16.121588614262222,0.5949971193312947,0.33999835390359695,,0.10425544569860587,,,3.548020694905531,,0.01139182735211742,0.1260995455909614,0.1682962037349393,,86.62586612189897,,,22.902572450907876,21.434177763343076,8.278300939011158,0.16325584628543272,56.8,88.1,23.990498812351554,7.199999999999996,6.5,12.299999999999997,0.0,2.3000000000000007,9.0,7.9297153202157356
469,Chhatrapati Sambhajinagar,Maharashtra,3701282.0,False,,direct,direct,6.639799651622259,354.6391057268816,27.4,70.27522488893736,13.6,20.85,24.4,24.7,20.849999999999998,6.949999999999999,52.4,0.7123302022849619,0.8486997229926686,0.022002477290655197,8.478975493414469,0.015355895609103106,0.1258266670059344,92.93,12.6,4.1,64.5,34.5,0.0,0.8894959829690918,0.9511487578772818,0.16387261732102568,44.962198130178805,30.900000000000006,8.299999999999997,21.599999999999994,647.4313743989849,37.03,7.861301781973679,0.27503096613318995,0.09167698871106332,6.9674511420408125,1.1230431117105255,94.11764705882352,10.313661229994622,7.930059523506977,0.7334159096885066,1.791759469228055,40.5313134790482,153.8426963710918,94.8,56.7,59.95,15.339233038348086,17.5,1.0333333333333334,0.0,12.4,1.1688816060660572,-0.1574821902690687,5.112205938937039,9.030183388039736,0.3208694604887216,0.06875774153329749,0.0387444392182529,0.0845652446547383,0.24769805701230752,0.4255495798482795,3.606381365110605,0.6189023838291162,0.0157531622791416,0.1189870184986585,0.1778187556140034,8.334179184357794,89.63383615521117,79.67563671182039,0.8121409824280609,19.84119228179188,19.299734218439998,9.605864553131687,0.09757321478843956,48.4,78.4,4.71976401179941,1.1999999999999993,2.9000000000000004,-2.5999999999999943,1.2999999999999972,1.2000000000000028,20.799999999999997,6.964064873161602
399,Chhindwara,Madhya Pradesh,1716612.0,False,,direct,direct,6.311509645797818,217.2168548767472,22.5,23.411985892142095,12.6,22.15,18.6,21.9,35.05,12.05,41.7,11.45174567942097,14.811656366357001,0.9176142484297569,15.600243633129825,0.11380019500176895,0.5133029922438945,92.55,4.0,0.9,50.5,24.933333333333334,0.5253241396032364,1.9606491343086467,3.823526270094646,0.1702995875906754,42.79047292904903,22.900000000000006,10.900000000000006,56.4,645.1224864324048,37.99,14.986363707979436,0.4407754031758657,0.20035245598902987,1.8833130862968808,0.4407754031758657,42.10526315789474,4.88079260754899,0.0,0.0,0.6931471805599453,49.457805170715986,172.51067729497032,92.2,65.3,,16.15853658536585,17.1,0.13333333333333333,0.0,48.5,0.7613393327583134,-0.3763400113847249,4.780242547694776,8.443771211059753,0.20035245598902987,0.0,0.049832483647816,0.0512590515158234,0.13158334336868152,0.4581634322083751,2.8567288903828825,0.20866273846069683,0.0468963304306051,0.1223117841384717,0.1702348123650801,9.40065434527888,74.66359486237097,71.44981974459114,0.7769685935366408,17.92812740604895,16.237003275886625,-13.800952760894564,0.0781787022563261,40.2,43.6,-8.551068883610439,4.600000000000001,33.7,1.0,6.1000000000000085,3.3999999999999986,43.199999999999996,9.861845986884603
136,Chitrakoot,Uttar Pradesh,991730.0,False,,direct,direct,6.0957187757191,335.2514047040429,31.3,20.30040619953039,7.1,15.75,14.5,62.4,36.15,7.05,46.6,3.600261717517284,1.5987793233092573,9.384906825587056,6.6646556036393925,0.20616471956371255,3.6179100592698195,86.91,3.2,1.9,55.3,38.03333333333333,0.9899115328467754,5.133260857930726,2.679339156975875,0.03529668350507141,75.30756067205974,43.3,3.0,68.8,730.076601618897,40.12,12.995597108685383,0.4813184114327919,0.08021973523879866,1.6043947047759732,0.24065920571639596,9.67741935483871,0.0,0.0,0.0,0.0,44.39681027056073,621.4237834220586,81.1,63.7,43.1,28.71287128712871,5.3,1.0333333333333332,0.0,17.4,2.4868117924027584,-0.3578223612883002,4.58707824216251,6.979116965775483,0.32087894095519465,0.16043947047759732,0.0429706161908662,0.073553380757039,0.1067686867450928,0.3974841942867514,3.3677285460869766,0.37455245239979656,0.0629898355247895,0.1166995748864372,0.0809054374294195,8.642158540084788,46.05551060344111,29.327538745424665,0.8602028537046588,10.403697463119798,14.757630161579893,15.887766955589314,0.07108881939365119,30.2,31.2,-2.8901734104046244,7.2,14.7,-4.0,7.0,5.099999999999998,40.5,12.172052187322628
254,Churachandpur,Manipur,226884.0,False,,direct,direct,5.449157190598816,57.5685599381673,34.1,13.913578179374152,14.35,20.75,28.0,54.7,67.95,19.650000000000002,32.0,4.127881198067654,3.757166279353097,5.240025954211326,27.056304702373584,0.01765309136735989,0.48546001260239696,58.18,4.0,1.3,41.1,15.666666666666666,0.01765309136735989,3.1245971720227,14.34313673597991,0.03824836462927976,30.983178598774884,18.799999999999997,37.5,37.7,412.9116914463369,31.82,21.330157378758052,0.35550262297930085,0.35550262297930085,1.7775131148965042,4.9770367217102125,50.0,35.55026229793008,0.0,0.0,0.6931471805599453,42.47333782986789,120.44704239949652,72.9,64.9,41.5,9.73154362416108,9.6,0.5,0.0,18.2,1.4220104919172034,-0.3941281734906136,4.686525793184103,8.17656032852392,0.35550262297930085,0.0,0.1499392827879508,0.1287398613870619,0.0866300855543571,0.4474124818069401,4.027227254067255,0.0661123731168266,0.002730109531396,0.1797839320014667,0.1501307083723615,14.812100655913142,77.53650701606631,131.88007718599417,0.7256735077723073,1.4824459378236845,7.901907356948229,-75.96541786743516,0.0400510798000065,36.6,62.3,0.9671890747139409,5.5,16.2,12.700000000000003,9.700000000000003,0.5,13.400000000000006,13.341061671163493
570,Cuddalore,Tamil Nadu,2605914.0,False,,direct,direct,6.444623695195848,707.0390782351171,22.9,31.23459661242497,20.6,23.55,35.1,55.2,15.95,16.6,58.6,142.69096609952294,160.08970117945094,11.753387449571239,36.42443671524163,0.07795357529668558,1.6909100411128988,120.98,3.4,1.6,64.8,17.366666666666667,0.012932390371800374,1.7074347621435326,19.189871146422337,0.6807466598489363,25.77084601339014,38.7,0.5,24.400000000000006,3990.4162177243275,27.31,14.836325620982095,0.4670029856483468,0.3592330658833437,3.3049442061267618,2.55055476777174,39.6551724137931,5.388495988250155,4.741876469660137,0.0,1.0986122886681098,94.23689170704579,1770.878195443058,99.2,79.0,82.6,12.31527093596059,51.4,4.1,0.07184661317666874,64.4,2.0835517821233935,0.0831146324700585,4.882223070079333,12.968313678388707,0.8621593581200249,1.8320886360050528,0.074313649047149,0.0463832768479442,0.24880201547283332,0.4489326969347415,3.5802405082653763,0.8694315054870363,0.0192735623907678,0.0846479903673569,0.1884775499715865,3.570053819366392,160.01451659379865,85.34587096888079,0.7552112372079639,16.99962714373159,12.813256966925499,-17.098209593216776,0.12543929471100346,50.1,75.6,12.401055408970976,6.100000000000001,-8.799999999999997,14.799999999999997,1.2000000000000028,2.6000000000000014,21.699999999999996,2.878374433473227
350,Cuttack,Odisha,2620015.0,False,,direct,direct,6.470937799156307,706.8942310612067,21.3,47.01836780467884,19.450000000000003,24.9,32.5,63.7,38.4,10.35,64.5,55.63011249215534,41.93787798630342,0.43853289594256084,67.08910892730518,0.04260227053875302,0.7201812400598725,111.09,8.3,8.4,63.8,17.833333333333332,0.16229436395715435,1.6357919433848183,1.5468681564666276,0.165337383281351,46.2322205903171,39.8,7.700000000000003,54.9,1744.891286535691,37.0,13.693586958884898,0.7438491681369575,0.10143397747322147,4.361661031348524,2.096302201113244,,11.833964038542506,9.670039185780448,0.20286795494644294,1.6094379124341003,69.53603457721752,480.9931589128513,98.9,90.4,63.3,17.53086419753086,34.6,1.0999999999999999,0.0,42.3,,0.0229794587720935,5.211125239809493,16.43230435066188,3.3473212566163086,0.0,0.10707999304348251,0.0745937000305999,0.1284452522880726,0.3568380333700379,3.6980135039391815,0.8354940186863886,0.0180150415545564,0.1069194464126088,0.1599422094102514,5.533676034947521,51.180167485096895,95.93036681087705,0.8113424498386641,21.94219800700727,15.37249186550976,-3.8834088687461117,0.11213800066341573,40.9,45.1,4.914004914004914,4.0,8.099999999999994,11.200000000000003,4.900000000000006,2.099999999999998,20.0,6.661033195558354
534,Dakshina Kannada,Karnataka,2089649.0,False,,direct,direct,6.370690667810832,435.579009132908,19.8,67.54289236278868,15.100000000000001,30.0,22.2,53.5,9.75,6.1,38.8,69.57018426158855,76.82882624294281,44.95349424924952,62.97850427887308,0.7087003612611318,5.9749743798872705,131.82,3.9,0.9,51.1,27.333333333333332,4.944718265770276,2.571594219528073,3.338217206469201,0.3722380503258589,20.09577085807601,2.9000000000000057,11.400000000000006,18.0,2900.3464327230154,36.86,21.38026330246924,0.34072132752939027,0.21295082970586893,5.494131406411418,2.3424591267645583,18.11023622047244,74.53279039705413,37.64970669199763,0.6388524891176067,2.8903717578961645,238.48618959755908,2169.4510582849593,100.0,86.8,,12.967032967032967,30.4,0.4000000000000001,0.0,36.3,5.408951074529071,0.0280987839518232,5.529845849068047,25.298558569057228,3.6627542709409457,0.809213152882302,0.1277668271778771,0.1175008616837621,0.16573895467763328,0.4774586545395901,3.568201724066995,0.540734868345845,0.0350463491728963,0.1074038720306258,0.1228998222000572,6.468374891809692,62.01387174397176,198.0064594580238,0.4910069508222078,27.72023540447237,24.718982532059737,11.749051388149649,0.1245111641419279,62.8,82.0,-1.3539651837524178,-3.8000000000000007,1.5999999999999943,9.5,3.4000000000000057,0.5999999999999979,4.099999999999994,2.644406088104649
463,Daman,The Dadra And Nagar Haveli And Daman And Diu,191173.0,False,,direct,missing,5.283655755577463,3269.2110594952983,22.7,498.7385327344027,14.2,19.15,36.9,50.3,19.2,16.6,60.8,,,,,,,39.67,4.8,0.5,82.5,28.166666666666668,,,,,35.221739838088766,32.900000000000006,4.0,7.900000000000006,,34.27,11.969391724290729,0.5204083358387274,0.5204083358387274,7.285716701742183,1.561225007516182,50.0,0.0,0.0,0.0,0.0,,,97.4,78.3,94.8,17.94871794871795,23.6,0.43333333333333335,0.0,32.9,3.122450015032364,0.6969280198857627,5.480874747729056,17.69388341851673,6.765308365903456,0.0,0.622006773657287,0.2232461176491918,0.4216131472052108,0.5519660203062148,3.079543007402906,2.181237727174145,0.070985568656365,0.0955002003377609,0.0981066734851427,-1.277978386142442,40.03640413856308,381.1050723690061,0.2622946319502587,27.810621467221587,33.14102564102564,2.2579410639112134,0.105079568625308,42.9,92.1,4.3478260869565215,5.099999999999998,20.0,15.5,5.300000000000011,-2.0,2.1999999999999886,36.04865206453364
195,Darbhanga,Bihar,3937385.0,False,,direct,direct,6.689337647905782,1611.7615813679763,37.1,15.974605652004357,16.4,20.5,13.4,59.8,30.35,5.45,60.8,0.18076511304734771,0.13680074731750635,0.016358833759940968,0.7917675539811428,0.0,0.00020448542199926213,82.08,14.3,3.8,68.9,34.63333333333333,0.003476252173987456,0.17279018158937648,0.07116092685574321,0.0014313979539948348,93.6040404040404,51.3,0.20000000000000284,58.4,643.6679646710674,32.87,10.244719642163032,0.1635883375994097,0.02044854219992621,0.7156989769974175,0.24538250639911452,60.78431372549019,2.453825063991145,3.1695240409885623,0.0,1.0986122886681098,32.61358444008431,5.87241234897481,69.9,66.3,61.650000000000006,19.35483870967742,10.6,0.39999999999999997,0.0,25.3,1.0428756521962366,0.0330321370862214,4.601506586961691,5.480209309580225,0.1840368797993359,0.0,0.0515203501488445,0.0511958912338399,0.060319165407319596,0.3107747908827813,3.509336958017644,0.8725171349497662,0.0121482797089445,0.1074131881108118,0.1803706972897611,29.7114113131902,46.17171436502177,37.38902850495951,0.7808647216655912,10.215887197661136,7.005693114043014,1.0906515580736544,0.07253493277351974,22.7,41.6,61.07594936708861,1.5,10.100000000000001,13.399999999999999,22.700000000000003,4.199999999999996,20.500000000000004,13.88542732551136
97,Dausa,Rajasthan,1634409.0,False,,direct,direct,6.354663565513109,479.88711486607593,29.2,27.718971023652966,7.95,14.15,9.1,45.6,31.65,3.7,60.3,19.810502224301935,15.501411966005561,8.58989810693928,21.93345059891539,0.06761263557782231,1.830402199760392,88.3,7.3,4.4,74.4,30.633333333333336,0.07291558738784758,2.560883811591374,4.077528029258604,0.021211807240101115,73.94408700980392,40.6,0.5999999999999943,77.4,1249.6162888366612,32.3,16.041429225326468,0.6628689762531599,0.04419126508354399,2.6072846399290954,1.1931641572556877,26.82926829268293,4.4191265083544,0.0,0.0,0.6931471805599453,68.52518520179748,326.53677021737076,98.2,92.1,70.65,9.183673469387749,8.8,0.5,0.0,91.2,1.8118418684253037,0.0118411632348412,4.635488137710201,7.291558738784758,0.08838253016708798,0.0,0.107543691521242,0.1258480720569323,0.2614020851518344,0.4188027598966966,3.2794387882870204,0.8162589715008204,0.1206787211720266,0.11318320558739,0.1517818729823385,1.949670812604576,77.90359449582843,66.88105608816399,0.7257641042530029,12.013837325612268,17.7929107735289,-3.595744680851064,0.101518110830076,34.6,22.6,37.45454545454546,-1.0999999999999996,57.2,35.099999999999994,8.600000000000009,3.099999999999998,22.4,12.598409483551967
767,Deeg,Rajasthan,1072755.0,True,Bharatpur,inherited,inherited,6.101779546142321,,31.7,36.02482332859275,7.2,21.35,12.4,48.7,29.0,6.1499999999999995,60.8,15.534400120895635,19.048204838488147,1.900424897962516,26.6079465650599,0.13419856910441455,5.386257705369493,88.3,15.3,3.8,75.7,27.2,0.10256367068029698,6.1947791093037825,2.3253315336380322,0.00399598716936222,,37.3,6.099999999999994,75.7,1148.6128789411614,42.59,15.6509497466687,0.5660981823263146,0.0332998930780185,2.064593370837147,1.198796150808666,48.38709677419355,0.0,0.0,0.0,0.0,77.21878905968633,228.69267669511532,92.1,64.1,73.95,12.790697674418606,12.2,0.7666666666666666,0.0,84.8,2.064593370837147,,4.427289594223716,4.9838045622194915,0.0998996792340555,0.0,,0.12049921202558413,,,3.443106456737266,,0.1849137689834774,0.0566926784084595,0.0653084669341581,,85.99363004539228,,,,,,0.08536653615030253,30.3,24.3,4.059829059829059,-2.0,71.6,13.599999999999994,12.699999999999989,4.599999999999998,27.800000000000004,11.099928109316656
137,Deoria,Uttar Pradesh,3100946.0,False,,direct,direct,6.550335332515532,1229.0923915837836,30.3,17.80434612184411,11.1,19.3,19.3,67.4,19.599999999999998,6.5,33.8,1.2684199068788196,1.4317599481731615,0.8473968694046111,3.435491661637372,0.01633400412943418,0.15770762607729555,86.91,5.0,1.6,54.9,34.23333333333333,0.2430387166155465,0.12306827249246097,0.1565811430338863,0.0028162076085231345,103.51742836965296,30.900000000000006,0.20000000000000284,32.8,460.84618440405166,50.16,11.180344205836844,0.45059321736370156,0.056324152170462695,0.3942690651932388,0.056324152170462695,47.16981132075472,2.8162076085231345,0.11264830434092539,0.0,1.0986122886681098,33.270958307853164,46.93716896973338,93.4,64.2,89.1,9.191176470588228,12.7,2.6999999999999997,0.0,10.5,1.4925900325172614,0.09263068237385,4.731060473585454,7.4066260104158435,0.7040519021307836,0.0,0.23317575568800342,0.1267764742211687,0.1700610761521988,0.2825737694239112,3.29269900304393,0.8676291265407259,0.0326047230995639,0.1168701553093047,0.1691188912127945,10.626062796503222,40.58315349845781,41.13776892599872,0.822578116426007,13.507939794281214,11.601642710472278,-5.258063878957868,0.1002844686576749,50.4,67.2,-7.8125,2.0,4.9,0.4000000000000057,11.400000000000006,3.9999999999999964,44.099999999999994,8.845365101869383
402,Dewas,Madhya Pradesh,1563715.0,False,,direct,direct,6.274088510678562,252.773715699299,25.0,53.71283031725507,8.600000000000001,26.5,19.2,29.6,24.7,7.95,51.3,5.142842306930239,4.549130502385485,2.0854393134546956,14.236847313102322,0.05160398301150649,0.3489918851087449,92.55,8.5,4.7,79.4,29.299999999999997,0.06490397863302878,0.9693036808965446,1.4816195122375833,0.012235995971800508,50.49724152412951,30.400000000000006,6.400000000000006,49.0,574.5300188595708,34.18,12.395595919258774,0.3723998774026242,0.1595999474582675,1.595999474582675,0.5319998248608917,41.17647058823529,13.29999562152229,3.138798966679261,0.0,1.0986122886681098,46.952708542747715,255.59878385459055,92.2,87.1,66.80000000000001,10.8359133126935,13.5,0.3333333333333333,0.0,35.1,0.9043997022635158,-0.243769198914584,4.728851778891422,9.948396724898673,0.5319998248608917,0.0,0.030495959434788802,0.0500532428378255,0.2283516745670236,0.4749433240712022,3.4496326504700745,0.5002618460540875,0.1368303201717338,0.1074041881799023,0.1629473577478393,10.544717319470177,125.8372391734538,85.49767700635985,0.6336185617903571,15.649306848107988,16.0687432867884,-7.740559528290052,0.05931178217855035,27.7,51.0,15.384615384615385,4.6,18.8,26.799999999999997,-0.20000000000000284,4.699999999999999,19.199999999999996,10.161825168103155
403,Dhar,Madhya Pradesh,2185793.0,False,,direct,direct,6.433200263458503,262.80682258888254,26.9,44.96906648925632,10.1,19.85,10.1,49.4,25.75,14.799999999999999,50.2,6.173099826107981,5.020576408938221,0.6494699960435032,8.496587035122218,0.07339269120537031,0.5266571007098935,92.55,5.5,2.9,65.0,31.399999999999995,0.24931386560216245,2.050569663828437,1.6884007052170116,0.06601654133548385,49.50605134882478,38.1,10.799999999999997,55.2,643.8228157031181,34.49,19.325512659102536,0.5532112402414848,0.07376149869886464,1.991560464869345,0.11064224804829696,31.818181818181817,0.0,0.0,0.0,0.0,53.21744608125686,252.918590043576,95.5,75.4,,9.797297297297296,13.2,0.7999999999999999,0.0,30.3,0.811376485687511,-0.2380355958970872,4.680501304745772,9.588994830852402,0.29504599479545857,0.0,0.0385982114220195,0.0463988712946092,0.1758335110185804,0.4702979650863554,3.09725730969342,0.5111612905137787,0.0718114213888471,0.1079265126283115,0.1498139179570869,11.03497968318088,109.88685820690893,57.72184282775176,0.6018324773318116,13.357469799377396,11.346597462514417,-0.04691596522699048,0.0646905722297762,23.8,44.8,17.17391304347826,-2.0,22.4,9.800000000000011,17.5,4.100000000000001,26.1,9.705927901362413
488,Dharashiv,Maharashtra,1657576.0,False,,direct,direct,6.289382663772392,212.89867736280087,24.7,49.50605586742852,10.35,24.85,25.1,44.5,26.1,6.3500000000000005,49.1,4.492893359700647,6.92628713407898,4.30491908333457,37.81672655023755,0.09912304737336818,1.321983025590931,92.93,9.2,4.1,67.4,28.600000000000005,0.0030815455141979743,3.8647716657232927,1.5905910762451878,0.4139542807405946,35.95269134477825,28.799999999999997,3.5999999999999943,30.299999999999997,876.2390077349511,32.31,13.045209343438092,0.3081545514197974,0.2054363676131983,4.725036455103561,0.6163091028395948,60.0,5.135909190329957,0.0,0.0,0.6931471805599453,71.23711483355264,432.17545936604716,98.1,89.3,71.15,11.818181818181824,18.5,1.4333333333333333,0.0,14.8,1.5407727570989873,-0.2369509857836042,4.808256830691025,7.036195590752041,0.8217454704527932,0.0,0.0677671162650093,0.0976512742829884,0.1272194984933073,0.466896238845157,3.4240645254174877,0.41553241059177787,0.0088403450729007,0.1363881927363373,0.2031414111362288,11.195021556309223,75.74741336211781,90.4585973735141,0.7700777634018487,13.21828948315221,22.6649331040557,15.968999233992701,0.09230744879963565,41.5,69.7,1.9607843137254901,5.700000000000003,8.0,26.599999999999994,9.899999999999991,0.6999999999999993,43.2,6.196221892050462
474,Dhule,Maharashtra,2050862.0,False,,direct,direct,6.378531654005362,308.41894026795256,27.3,65.34974510699908,14.350000000000001,23.25,23.9,30.5,15.6,19.35,61.2,2.3256434757793754,1.4096076462907363,0.1309220158127598,4.092463267450613,0.09955092576177901,0.38189073622060604,92.93,15.7,2.1,72.2,40.833333333333336,0.07821858452711207,1.258608132845349,0.20412122593171494,0.24887731440444752,47.48808043910649,41.1,10.099999999999994,34.900000000000006,490.15696907974814,38.19,11.586389258828902,0.25096872040784624,0.12548436020392312,4.140983886729463,0.25096872040784624,80.48780487804879,10.457030016993594,3.806358926185668,0.0,1.6094379124341003,31.43425051228342,96.98978997001693,77.2,56.6,75.2,19.54022988505747,17.0,0.3,0.0,19.8,1.7149529227869493,-0.1644763544047323,4.79601658601791,6.859811691147797,0.25096872040784624,0.0,0.0548620983098294,0.0817002371791876,0.1101662565733668,0.4565738699142116,3.3560258571931225,0.40540266628336313,0.024180962648036,0.1023261500641379,0.1731163748936701,9.497696091052198,80.94533314568704,66.47302451359477,0.7877969881241427,12.480256184681513,17.505478320221286,11.954523282428427,0.08784631877807335,40.8,65.1,1.4336917562724014,9.899999999999999,-2.8999999999999986,16.6,4.6000000000000085,0.6999999999999993,29.099999999999998,6.743786086034483
747,Dr. B.R. Ambedkar Konaseema,Andhra Pradesh,1719093.0,True,East Godavari,inherited,inherited,6.229739333451679,,20.5,27.486335560826124,24.65,30.6,44.4,49.2,14.35,13.299999999999999,63.0,66.72607041829814,75.4209656561039,6.64967095341767,29.649470722262567,0.18987778982823847,0.9764887093151662,137.81,13.3,2.2,66.8,19.933333333333334,0.9576445052206811,1.961771380541092,0.2072862450393341,0.4687720104266153,,22.299999999999997,2.0999999999999943,19.700000000000003,1415.3115364401112,33.93,17.910967320281856,0.46661838710153125,0.07178744416946635,9.673358101835591,2.36898565759239,75.0,11.783943789434023,5.42061414313965,0.0,1.0986122886681098,58.832143588813196,675.7368271846807,96.6,59.0,66.55000000000001,21.49901380670611,52.2,2.5666666666666664,0.035893722084733175,66.4,0.23567887578868044,,4.8400209551496385,16.20292271047178,0.29459859473585054,0.34099035980496517,,0.028254308702077322,,,3.9116901587538613,,0.0064079028855660485,0.0942892064290759,0.1807301147301638,,213.22220262265483,,,13.453728624396822,12.071150097465887,-42.15139845966761,0.08549043881999735,43.2,80.3,10.702702702702737,8.0,-4.5,-1.2999999999999972,-0.30000000000001137,1.3000000000000007,19.300000000000004,2.2395487663071934
231,East Kameng,Arunachal Pradesh,52277.0,False,,direct,direct,4.909539005495213,13.238760626769976,31.2,33.57052804150373,11.4,24.25,19.6,68.7,36.55,38.599999999999994,26.2,1.3018083969423204,2.0275953793083925,0.1958472809559243,6.935297831498025,0.011520428291524958,0.10368385462372463,59.99,7.3,2.4,51.7,21.900000000000002,0.4953784165355733,2.1658405188066925,6.0827861379251775,0.0,15.861757618159205,24.400000000000006,6.400000000000006,50.5,471.8882632491539,43.08,44.929670336947346,3.4561284874574874,1.1520428291524958,1.2315753687093058,0.0,0.0,0.0,0.0,0.0,0.0,26.969322630459928,4.804018597565907,76.0,60.8,39.5,5.633802816901408,9.0,0.5,0.0,25.1,1.2315753687093058,-0.4173549912409783,4.722713215255339,12.315753687093059,1.2315753687093058,0.0,0.1592310842538464,0.1288401403101177,0.2066302818276319,0.4029736942432329,3.9351544472161684,0.00732399901713854,0.0026627352801435,0.1444185969561775,0.1478331325495299,13.118801427440662,51.211923088418125,64.93836573897572,0.92720156555773,4.3597768052309425,,,0.0441311573732018,31.8,49.5,,2.700000000000003,-20.6,48.9,42.5,9.3,35.699999999999996,14.994207387239456
139,Etawah,Uttar Pradesh,1581810.0,False,,direct,direct,6.290774147343766,686.6296394776979,29.4,38.023913975055855,9.55,18.2,23.7,45.0,25.35,8.5,57.4,7.736046262801678,6.965052571333256,3.2856822787810978,2.881243356961673,0.0399319441796394,1.2568323456540347,86.91,5.8,4.8,74.0,25.666666666666668,0.08856700439843097,0.3240630854578428,1.87987306445687,0.12081972854352432,104.49266512008734,21.900000000000006,0.5,51.4,864.8726683387498,36.19,10.341349646521998,0.4095584018424554,0.10238960046061385,0.66553240299399,0.10238960046061385,20.833333333333336,10.238960046061383,6.092181227406523,0.051194800230306925,1.0986122886681098,67.5392521518347,848.7759992503367,85.2,77.7,65.8,5.468749999999994,11.2,0.13333333333333333,0.0,17.9,2.457350411054732,-0.1470379817026039,4.760431739179211,6.655324029939899,0.25597400115153457,0.10238960046061385,0.0954800820852846,0.0682478863933324,0.16932619336253552,0.3199322295345206,3.2286569581089353,0.9043428411297932,0.065065617868153,0.0927381792183388,0.1674569923383349,1.6933471313943071,49.82859541994462,50.65905513304379,0.8205608176406723,13.93471267468724,17.506788866259335,3.6401020447016714,0.11067554246175605,45.7,48.6,-5.405405405405405,5.199999999999999,6.999999999999998,23.900000000000006,10.0,2.6000000000000014,47.89999999999999,9.391447059468463
60,Faridabad,Haryana,1809733.0,False,,direct,direct,6.365733171777746,2516.5588934017883,25.0,130.8666138458778,10.8,24.75,37.1,68.1,12.85,7.05,54.2,10.139101801543804,10.253692262081307,2.908271425145404,29.22185981067815,0.06246472472908956,0.18997892141743788,101.02,4.7,1.2,68.4,18.8,0.16671619634591486,0.7301910925228055,3.983095481690772,0.0034463296402256305,106.15628133355617,15.799999999999997,2.0999999999999943,10.700000000000003,935.0547116563779,40.33,5.083336219332805,0.34463296402256305,0.08615824100564076,4.867940616818703,5.298731821846907,63.46153846153846,22.6165382639807,6.80650103944562,0.5169494460338445,1.9459101490553132,25.807408719624608,334.993580018852,92.5,69.5,,11.111111111111116,23.5,0.39999999999999997,0.0,32.8,2.24011426614666,0.6775112480638581,5.605456337646602,17.447043803642252,1.2492944945817912,0.08615824100564076,0.2606682923602196,0.1635370665159522,0.39141944082523267,0.3200632358474979,3.20194306340165,2.2637143186050523,0.0228586432872551,0.1157110036868516,0.2113844796090576,3.49796895980381,64.69385472482332,124.60954184954356,0.4742716509245709,45.70220815023711,39.358562418183986,12.611455502717392,0.10976504832553424,55.6,89.3,63.63636363636363,13.400000000000002,13.999999999999996,23.200000000000003,20.5,6.100000000000001,3.700000000000003,10.742164609296978
143,Firozabad,Uttar Pradesh,2498156.0,False,,direct,direct,6.475794913794003,1037.5204318465974,31.9,31.472972236622528,8.45,19.3,24.3,49.1,25.400000000000002,9.0,57.1,6.252733465033601,5.327579008173113,3.5738980807306646,11.421829201594184,0.23371267269442741,0.2494272586982015,86.91,7.0,3.9,73.9,27.333333333333332,0.040122347243678524,1.9934119522234282,1.0919965508154506,0.0444689348617437,107.6081929516329,31.0,0.5999999999999943,46.5,596.5226755272212,36.96,9.52905747037365,0.30091760432758896,0.10030586810919631,0.46809405117624947,0.20061173621839262,21.818181818181817,3.34352893697321,0.8693175236130348,0.0,1.0986122886681098,34.546678388382,204.54874154167857,80.1,67.1,71.35,6.640625000000011,10.7,0.13333333333333333,0.0,13.4,1.8389409153352658,-0.0128141483302122,4.66301240927958,5.784305060963654,0.30091760432758896,0.0,0.053772197141768896,0.0807907780288127,0.29909004552017127,0.3048332450015131,3.2533380053261065,0.9956152797642538,0.0735809787188806,0.1027949582854899,0.1535865561671912,6.802387458123249,67.58468696538492,84.7373022341279,0.4519928006915871,14.090968351979898,14.479638009049776,5.921383331657786,0.05440897302891465,42.4,53.5,-2.0,8.700000000000001,10.8,8.299999999999997,13.099999999999994,2.0,32.3,9.630064461624906
100,Ganganagar,Rajasthan,1270690.0,False,,direct,direct,6.162514324911596,197.21130077692723,24.9,62.976569838855845,8.95,17.25,19.5,69.9,15.55,8.05,59.0,50.31378969343724,41.042516544097836,21.989091492312486,63.21580845564509,0.40879177377161946,1.0847851195416265,88.3,3.0,4.2,72.3,25.166666666666668,0.08566429135496478,2.2676625105311663,3.6480560137122042,0.01020869793349321,60.75655185323848,16.599999999999994,5.599999999999994,54.5,1612.4025864076518,37.38,21.21633744439024,0.7545559342147157,0.044385643189100925,4.749263821233798,2.88506680729156,65.75342465753425,17.195930602152274,2.2698628394841,0.0,1.3862943611198906,52.99379482919515,638.9681737909547,97.7,89.7,61.0,16.731517509727627,14.3,0.06666666666666667,0.0,85.3,3.240151952804367,-0.017320933895172,5.034673490637702,15.934445904887228,0.13315692956730277,0.044385643189100925,0.0494715409427872,0.1276419099918802,0.1533330461927893,0.4634810234576227,3.2794387882870204,0.3541071552420071,0.1512072686820289,0.1157045443530515,0.181097897619513,6.664443868715919,131.99529982920134,92.78030112209828,0.7512151067323481,25.352992242589224,28.9653170802496,-6.475349521707138,0.0874586775509087,39.3,45.5,23.13432835820896,-1.0,72.39999999999999,9.799999999999997,8.900000000000006,0.9000000000000021,7.5,10.70442906229696
288,Golaghat,Assam,1066888.0,False,,direct,direct,6.091746057252122,447.2064704827379,24.3,22.44773300156123,13.0,21.25,16.0,51.2,36.8,24.3,77.2,2.685340823938928,8.233318112589355,1.9591573089937309,13.35222375918744,0.26230040004709454,2.6084317560238848,109.67,8.0,4.1,75.1,23.666666666666668,0.040478456797391135,2.423849993027781,0.9941508989439263,0.2072496988026426,29.209696471291867,26.900000000000006,6.299999999999997,66.9,1008.6381386317124,32.29,14.977029015034718,0.3238276543791291,0.16191382718956454,0.9714829631373872,2.3477504942486855,44.44444444444444,0.0,0.0,0.0,0.0,53.14740420583861,226.8615111209786,90.4,72.4,54.4,10.59190031152647,22.6,0.20000000000000004,0.0,69.3,0.7286122223530404,-0.1924944111688262,4.63524436384021,9.95770037215822,0.16191382718956454,0.0,0.1056057817620129,0.0723623359411107,0.1096186106610465,0.4498391583746373,3.714916247993585,0.5680912434151428,0.0114057781724231,0.0757437631986404,0.1260680797703213,9.135107578844458,83.2696087635806,112.13641919301745,0.7815809490375051,19.611002749200054,14.28096346619792,42.14294096936979,0.09148207565948191,27.9,33.1,0.5319148936170213,3.1999999999999993,59.8,4.5,2.0,0.8999999999999986,10.299999999999997,6.8612661383908975
148,Gorakhpur,Uttar Pradesh,4440895.0,False,,direct,direct,6.72706035786854,1267.8877026155951,30.5,18.096994206563497,12.75,18.75,21.1,63.9,25.0,9.5,52.9,6.323665056630443,5.026349169408521,1.3040649294097821,10.969818182789533,0.22328081238169212,0.38225825058460977,86.91,3.4,3.9,67.4,28.86666666666667,0.10442268051771832,0.7296464498652777,0.6047891693898731,0.03936941276251499,101.22698119671132,30.400000000000006,0.20000000000000284,33.2,511.41317114652816,31.08,11.623350434647282,0.1687260546964928,0.03749467882144285,2.268428068697292,0.4874308246787569,67.61565836298932,7.030252279020534,2.3059227475187347,0.0,1.6094379124341003,27.63189103085641,243.10949832962396,91.6,67.7,73.1,8.82352941176471,15.2,1.3333333333333333,0.0,17.9,5.26800237441272,0.0834738053809747,5.016790134042404,9.467406402414317,0.5999148611430856,0.03749467882144285,0.07984263200185951,0.1071501756771369,0.1684473601629783,0.3043595941809027,3.4038066105474227,1.1009027892849679,0.0270018223717826,0.1195232885508046,0.2023793746434838,9.636281989449348,53.63939784305733,52.20299061337861,0.8358653829563297,16.523530009821645,15.897962407202654,3.4119441511204975,0.12173489835300719,42.8,66.8,15.625,1.1000000000000014,10.099999999999998,2.299999999999997,14.899999999999991,2.3999999999999986,31.89999999999999,9.31311618713131
406,Guna,Madhya Pradesh,1241519.0,False,,direct,direct,6.165673714545404,209.3034598877414,28.6,35.8012227531595,9.0,17.6,12.0,42.4,24.05,6.6000000000000005,49.8,2.336035076742998,3.888156599524885,2.9355787181871236,17.094505147963815,0.4199536896220239,0.8303474578542782,92.55,3.8,1.1,75.1,22.366666666666664,1.0119859642599014,3.078977539033668,2.616687054685521,0.027314061113627573,52.777613484367166,44.4,18.599999999999994,65.5,556.918000521726,34.85,12.15475719556427,0.3414257639203447,0.13657030556813785,1.775413972385792,0.20485545835220678,33.33333333333333,0.0,0.0,0.0,0.0,60.36544076417261,291.57896809103,98.0,78.8,,7.874015748031493,6.7,0.26666666666666666,0.0,43.1,0.6145663750566204,-0.408836002319108,4.627916816917894,7.579651959031651,0.06828515278406892,0.0,0.0277853833541909,0.046744523819829,0.1444688871367966,0.4147314700781865,3.1889284837608534,0.4864977383331962,0.0898726079814616,0.1039412988016181,0.1554425614484895,10.875350362095348,116.31076276615384,47.40161044655781,0.8043840271877655,17.04943694712633,17.838287258366243,0.7058443915621344,0.0619872805247263,17.7,34.5,31.654676258992804,1.0999999999999996,26.6,13.700000000000003,7.900000000000006,3.6000000000000014,27.700000000000003,10.222923019278515
228,Gyalshing,Sikkim,71675.0,False,,direct,direct,4.866028470057723,176.09207816685384,19.2,39.220297394304026,10.5,38.900000000000006,24.5,83.4,26.9,35.7,42.7,3.590187689996466,24.552020597127225,2.495967139061288,57.52882425962465,0.20024951258944435,2.639002505196605,74.41,3.3,2.1,67.1,21.866666666666664,0.15733890274884912,1.022702867867519,9.147111664353547,0.15733890274884912,34.08549616887019,11.099999999999994,10.099999999999994,30.200000000000003,1237.8638173765705,38.0,46.48649399397815,0.0,0.7151768306765869,3.5758841533829346,0.0,0.0,0.0,0.0,0.0,0.0,41.42304203278792,716.2996583007491,99.3,96.9,,2.4937655860349235,28.0,0.5666666666666667,0.0,19.9,2.7227108725039453,0.0535198724445653,4.935358118690957,20.42033154377959,0.0,0.0,0.2088001602482263,0.1121428369558162,0.0263179753995883,0.515615494557848,3.7293268096468606,0.04358294097851797,0.007206806865004,0.0314014938260203,0.1099103547712414,-7.765722338688352,49.22562399313582,89.1340198629384,0.914234026807006,10.455209750415149,47.368421052631575,14.97005988023952,0.06748982485244955,43.9,69.8,35.41666666666666,1.6999999999999993,-16.4,18.5,4.700000000000003,4.900000000000002,-5.099999999999994,5.098602814083165
149,Hamirpur,Uttar Pradesh,1104285.0,False,,direct,direct,6.164507672887688,314.3403005967327,28.2,22.82199995967672,6.0,17.75,9.3,55.6,40.75,6.75,46.1,13.89230706773793,6.890009168193533,4.885244501148848,10.449698889493163,0.4368305524503104,0.31837963462287516,86.91,8.4,2.7,68.5,34.96666666666666,0.5539120955051743,1.8555028168343908,0.39574930927316526,0.08558592328571914,85.39136087127159,22.299999999999997,0.5999999999999943,71.0,602.7309908347347,32.14,17.39105961165813,0.2738749545143012,0.1369374772571506,0.20540621588572588,0.0684687386285753,8.108108108108109,0.0,0.0,0.0,0.0,57.17345081701924,189.12571921462327,96.3,77.1,66.35,8.181818181818176,10.7,1.1666666666666667,0.0,21.9,2.5333433292572862,-0.2779935110614437,4.577348129707314,7.531561249143284,0.1369374772571506,0.0,0.0418842513721304,0.0518358072107413,0.1238884318432374,0.4017576984202448,2.9849771264154934,0.4211484285404395,0.1313479796028298,0.092779181499472,0.0785203561158258,10.483242103526448,52.1816263678981,38.6657429920718,0.7979764860180805,9.814308995019983,20.843471208434714,1.8763326226012793,0.07165375066561555,37.6,29.0,2.380952380952381,2.6000000000000005,18.5,24.599999999999994,13.299999999999997,0.6999999999999993,28.800000000000004,3.126602670986398
556,Idukki,Kerala,1108974.0,False,,direct,direct,5.931712577133957,238.12186253579944,19.0,74.64707441033585,23.35,33.3,36.3,72.1,14.25,12.25,32.0,131.69440354652,132.06772083772648,15.526020383813464,90.68099355397256,0.08542997573063865,5.721467826672498,164.0,3.3,5.3,32.0,20.8,0.4564067196568366,0.8660024937078438,4.573429385689532,0.09362189121165879,14.027907373234916,2.5,17.700000000000003,45.7,5619.704341746345,33.12,40.84255004108615,1.5213557321894553,0.7021641840874409,27.852512635468486,10.649490125326187,62.5,29.256841003643373,1.6383830962040289,0.0,1.3862943611198906,231.3350120894483,2130.489013253511,100.0,89.6,69.6,19.27083333333333,40.3,2.233333333333333,1.9894651882477492,58.1,1.8724378242331758,0.1013093768229452,5.277270187781929,25.511965355177022,2.8086567363497634,4.798121924597512,,0.09529676245160575,,0.4656222778892923,3.693990610460777,0.14169382005780734,0.008849008746734065,0.194797114061838,0.1205262544844267,23.64170074981995,94.39413956159702,154.14067417270377,0.8312195064877324,19.022798020568917,33.079071034529726,-29.421214884286396,0.14541821970926638,73.2,54.3,10.443037974683545,7.399999999999999,3.8999999999999986,,0.0,-1.1999999999999993,2.700000000000003,-16.005832307006553
255,Imphal East,Manipur,412275.0,False,,direct,direct,5.677766665113405,930.0441239155508,26.0,29.170036729463295,17.2,28.95,40.1,59.1,46.55,18.45,35.9,1.4882090711198817,2.29305683407247,0.0398627429764254,1.1769000307325592,0.007592903424081028,0.0892166152329521,58.18,11.7,1.9,50.3,14.833333333333334,0.003796451712040514,0.8902679264735007,1.364824390478565,0.005694677568060771,33.100639430732485,40.5,9.799999999999997,21.0,200.160323613912,32.61,14.91048202790727,0.420013578250909,0.2100067891254545,3.1501018368818174,4.830156149885454,87.5,31.501018368818176,18.900611021290906,0.0,1.0986122886681098,9.563261862630055,80.1848566100077,91.7,76.2,50.900000000000006,16.666666666666664,35.8,2.5,0.0,7.0,3.360108626007272,0.0591419028482798,4.59720500457581,7.770251197641817,0.840027156501818,0.420013578250909,0.2195308880115255,0.1718142990033165,0.2028321474375,0.4271923843433535,4.269022334729233,0.7346476114018055,0.0206317510232542,0.0252989071397711,0.145820907869246,15.589767778304807,100.23336076130624,159.69069068410678,0.826406908576685,21.947809531501253,6.607434640522876,23.286540049545827,0.15001850266677924,49.9,79.0,22.367017454883573,9.3,0.9000000000000004,3.5,10.900000000000006,2.6000000000000014,12.399999999999999,6.434041182617924
410,Indore,Madhya Pradesh,3276697.0,False,,direct,direct,6.653363065869038,952.602688189101,23.8,89.32680646784796,10.2,21.0,19.0,34.2,20.45,7.3,48.1,2.9680820203847618,2.490914130272759,0.20837219782358407,4.076142279173714,0.01221798601310994,0.04176329764481216,92.55,5.2,3.9,78.8,24.933333333333334,0.33543925235992744,0.4216315900524121,0.6850957975351102,0.0017771616019069004,48.17658823926546,10.0,1.0999999999999943,13.099999999999994,301.6567431788787,33.02,3.4432506036946195,0.13328712014301752,0.08885808009534502,8.597019249224632,19.904209941357287,79.54545454545455,19.99306802145263,15.394662376518525,1.0662969611441402,2.0794415416798357,20.13968385360995,126.7307267031825,96.5,84.6,78.8,14.379084967320267,21.9,1.7333333333333334,2.5990988427888415,40.3,1.9770922821214265,0.0693207234020115,5.438465866919289,18.86012750023698,1.577230921692374,15.216946216327834,0.0739649580099625,0.0918988573168664,0.3721118178790946,0.3870345656006643,3.2638726768652235,1.30758916845636,0.1256171515847197,0.1128477909183263,0.1696875003946973,7.4266784736300995,95.23365843472985,113.35439315872053,0.7617169411029863,42.2713437177573,28.455577272571407,14.304335812198902,0.10062633989694479,47.7,86.9,15.0,-4.600000000000001,24.599999999999998,26.799999999999997,1.7999999999999972,3.8000000000000007,14.799999999999997,21.09694915301031
783,Jaipur (Gramin),Rajasthan,1922210.0,True,Jaipur,inherited,inherited,6.442183240269096,,25.6,53.81138234991685,8.2,15.6,18.1,60.6,19.7,3.95,54.1,30.379743757454325,37.319580513079984,18.9367245507961,36.70829241508069,2.1928510673110138,0.4019365664094553,88.3,4.3,0.6,71.3,20.133333333333336,0.6150777856254408,1.0917745533870546,1.4907253053031828,0.051447880500410284,,20.400000000000006,0.09999999999999432,39.9,2006.6219128355406,30.45,9.474219065365734,0.3674848607172162,0.01148390189741301,6.316146043577156,4.777303189323812,80.21390374331551,0.0,0.0,0.0,0.0,80.61216808104241,1526.5011048841934,97.3,89.3,79.4,14.601769911504428,18.0,0.6000000000000001,0.04593560758965204,81.5,4.294979309632465,,4.5905094656497285,16.215269479147167,0.2870975474353252,0.44787217399910734,,0.11754579996613353,,,3.5122840632818537,,0.09713567072564407,0.0339645690328878,0.0421347582398758,,104.68204560550186,,,4.150125085573589,18.2958107722998,-5.230160039597426,0.12206581158984708,47.9,60.1,35.8161648177496,0.7000000000000028,52.6,31.099999999999994,3.3999999999999915,3.3999999999999986,20.199999999999996,16.636091818849465
103,Jaisalmer,Rajasthan,669919.0,False,,direct,direct,5.919990770275556,19.362450002603865,32.9,50.408412229785526,6.8500000000000005,12.75,11.2,62.3,24.95,5.3,44.4,10.999751079025634,10.697976292618876,0.6504388822552047,19.60454050656815,0.35227096580549905,1.9777670264506686,88.3,7.7,3.1,58.6,27.400000000000002,0.31379768626360155,1.732499869371072,4.105820301111875,0.8199617702366906,63.3834250730173,24.299999999999997,4.799999999999997,69.1,1461.1971226514822,35.14,22.603051730864784,0.9618319885474377,0.12022899856842971,2.5248089699370238,0.9618319885474377,11.76470588235294,0.0,0.0,0.0,0.0,66.73791481534964,316.5100524713053,90.0,72.0,70.94999999999999,10.27397260273972,9.3,0.0,0.0,93.7,2.0438929756633053,-0.3889896798972447,4.6801455127226514,9.498090886905947,0.12022899856842971,1.0820609871158673,0.0645478580684691,0.0960497057336527,0.0644481344555085,0.431250643734541,3.3244882333076564,0.08760552897099598,0.0683910719160273,0.1123075356619598,0.1424152381819812,7.672353886602701,133.70200876994292,45.78613235331436,0.7711994262054576,20.08906337079892,30.2240247199691,57.06899793194209,0.04046992008688665,18.7,30.9,24.050632911392405,-1.6000000000000014,62.7,33.4,40.2,6.899999999999999,38.300000000000004,11.717863402232672
689,Jangoan,Telangana,561422.0,True,Warangal,direct,direct,5.828322790949777,,19.1,21.89298906749482,16.35,27.55,24.1,41.1,15.600000000000001,35.95,57.5,36.4615253972832,45.569482588476184,2.521244100203081,17.124563137598432,0.05196910689464537,0.7750821085429968,125.53,10.8,2.7,69.5,29.066666666666663,0.7587489606618225,4.081802138668004,0.5152365740697699,0.40090453890155003,,15.700000000000003,0.5999999999999943,8.900000000000006,1332.2488428869922,41.58,19.154327969740724,0.0,0.14848316255612964,4.899944364352278,7.424158127806482,18.181818181818183,14.848316255612964,0.0,0.0,0.6931471805599453,47.93333453636977,385.5201984291094,99.6,84.2,81.0,18.51851851851852,79.1,1.1666666666666667,0.0,71.7,3.266629576234852,,4.5194226498662795,9.205956078480037,1.1878653004490372,0.2969663251122593,,0.03819746263556098,,,3.675961549642169,,0.009866136188887408,0.1235650131929231,0.1899026377015444,,281.5456192957358,,,,,,0.12827462885264435,44.0,91.1,27.73005421946413,,,,,,,1.8439736987361466
152,Jaunpur,Uttar Pradesh,4494204.0,False,,direct,direct,6.710827079056309,1066.0731206040955,29.3,16.93954661762855,8.8,17.85,15.7,75.8,24.799999999999997,7.1,34.0,0.421143572994051,1.3829233963473782,0.0036976561399662514,1.1392673180717072,0.016736759370373562,0.1778767216804818,86.91,5.1,4.8,65.3,28.53333333333333,0.13739711762190387,0.4121913528657116,0.9193540844842407,0.04787491633851042,107.23488572522984,37.4,0.9000000000000057,44.8,323.1743681791262,44.86,11.482195382000466,0.31138156968136854,0.03892269621017107,0.5254563988373095,0.15569078484068427,23.809523809523807,1.9461348105085534,0.11676808863051322,0.0,1.0986122886681098,29.31793707986821,168.75071171356404,88.8,75.1,70.15,12.916666666666664,7.3,1.4333333333333333,0.0,12.0,2.8608181714475736,0.0352815896037507,4.717693401977309,7.200698798881648,0.291920221576283,0.0,0.1287814431558938,0.1139572296916521,0.2764378426529815,0.3198286059110801,3.307709923404807,0.944504223103514,0.0748945430158398,0.0931582456638033,0.1534269271092148,21.23929047057629,39.10023522387844,39.24521450294646,0.7716412663854493,10.93922376986858,10.067862429590328,-9.541511771995044,0.07650955942483655,52.7,55.2,0.0,1.0,8.6,21.999999999999993,15.5,3.400000000000002,37.7,9.839762991516695
64,Jhajjar,Haryana,958405.0,False,,direct,direct,6.03886214290203,513.0647743747911,23.0,77.04489168810366,11.0,23.9,43.5,55.1,18.35,7.3999999999999995,60.1,14.542672506825554,20.549388785581655,1.0460775495352386,36.044869689798574,0.030175313928901108,0.5239531782200102,101.02,3.7,0.3,76.9,11.1,0.34015808428943073,1.4164109477535702,5.441614945178499,0.06492264511975693,97.24252093462994,8.299999999999997,3.4000000000000057,44.1,1524.9689256214228,37.84,14.904776273972367,0.5486420714345657,0.27432103571728284,3.3832927738464877,2.286008630977357,68.25396825396825,13.71605178586414,5.120659333389279,0.0,1.0986122886681098,34.07433024989609,386.76888587160664,97.2,90.9,,8.974358974358971,21.3,0.39999999999999997,0.0,27.0,5.760741750062939,0.3609692367423377,5.236508936523355,17.5565462859061,0.6400824166736598,0.0,0.2375577374916626,0.2078429802349422,0.25037564861035383,0.3407056515773603,3.5207454715194824,1.147132849634884,0.0866549564380347,0.1110867040733412,0.2024656766122501,5.593144352761592,69.64622501107029,114.05094923336168,0.575772823332449,31.045826015577287,41.80470052039046,2.4069493877058576,0.1032723203591334,62.7,55.9,6.289308176100629,21.9,13.6,40.900000000000006,10.299999999999997,4.199999999999999,4.0,9.552937789938364
448,Junagadh,Gujarat,1525605.0,False,,direct,direct,6.243680899931863,323.78803150001687,21.6,33.42269845004183,18.9,22.05,33.4,37.7,34.1,1.55,58.8,67.3973061652733,48.21657602599269,0.3948436832574427,13.048100214929478,0.061623002589311866,0.6401945269000733,98.87,7.5,1.5,74.7,27.0,0.6419062769719985,2.9710275415050638,3.656298153632504,0.21853342584913374,36.780145773504806,18.299999999999997,3.0,32.8,874.8246798422355,31.81,16.14750901182894,0.5705833573084431,0.0,9.015217045473403,3.937025165428258,35.13513513513514,11.411667146168863,0.0,0.0,0.6931471805599453,95.25489741914343,610.9167536698624,97.4,93.5,,16.02870813397131,23.0,0.3333333333333333,0.0,47.3,4.450550187005857,-0.088080692489938,5.1089268131728485,12.666950532247439,1.0841083788860422,0.0,0.0405082900884904,0.1338829381904177,0.38815022428241996,0.4096519899879041,3.1048284036536553,0.5492724934445279,0.038033147796201,0.1147067046106373,0.1564876817245559,5.533163355568438,60.33928248417057,72.63909719067823,0.7681413264409926,17.035907299158186,26.071867543923073,3.951674674465566,0.08279436179751301,35.0,67.2,13.539329902924868,,,,,,,8.609621030438264
66,Kaithal,Haryana,1074304.0,False,,direct,direct,6.1040346033669,477.69561409450336,24.4,57.253806241579724,16.35,18.65,32.7,72.9,12.15,6.9,61.5,16.837503052034997,13.46291959388468,1.2599599152282324,38.097064045148976,0.13929600561861158,0.6248645675772745,101.02,4.5,1.6,61.4,26.833333333333332,0.09837288532387824,0.37853886272628345,1.034882753607199,0.02046156014736667,77.67610412205568,10.299999999999997,1.5,44.1,1108.4090090475133,36.98,12.906522554492824,0.47218984955461557,0.0786983082591026,3.226630638623206,2.360949247773078,64.86486486486487,0.0,0.0,0.0,0.0,33.42395850072346,697.6156446812367,98.2,74.3,,11.31498470948012,24.9,0.13333333333333333,0.0786983082591026,29.1,2.9118374055867955,0.3422791931685076,4.982844651988772,14.716583644452184,0.6295864660728208,0.23609492477730779,0.0658244707936695,0.1408964988019546,0.2773282697876825,0.3480383578577385,3.016615547557177,0.7019813428967804,0.125276663673875,0.1269336372120582,0.1434761302788905,-0.3617540659481499,109.61585972955314,91.79990021446444,0.7108120988430456,13.83909750736319,35.81166372128251,-27.454620462046204,0.07365373374545664,45.9,55.9,-0.5847953216374269,7.400000000000002,15.200000000000001,-16.200000000000003,14.600000000000009,2.700000000000003,10.5,9.33121190599168
718,Kamle,Arunachal Pradesh,14313.0,True,Lower Subansiri,inherited,inherited,4.320795339541932,,22.0,62.53219334020081,11.649999999999999,31.15,23.2,68.8,32.35,32.45,40.5,7.02497741638332,19.219744551161405,1.0265371928869993,23.165110388883722,0.0247358359731807,1.1996880446992635,59.99,6.4,4.2,52.4,16.76666666666667,0.06183958993295175,5.874761043630416,4.798752178797056,0.13604709785249386,,17.200000000000003,1.9000000000000057,39.2,661.5475651847312,30.72,114.66104675088557,9.555087229240463,0.0,0.0,0.0,0.0,0.0,0.0,0.0,0.0,62.59403293013376,100.90984285259067,89.8,66.5,40.9,4.597701149425276,19.6,1.7,0.0,24.5,4.777543614620232,,5.188388561971813,4.777543614620232,4.777543614620232,0.0,,0.2333195526965967,,,4.011443562022075,,0.0044753607454747005,0.1502661896841488,0.1723660365413348,,38.78378820293937,,,2.2932209350177115,,,0.10021704652596967,49.9,60.8,,4.5,-41.5,26.4,29.799999999999997,6.100000000000001,9.0,14.044311765878565
575,Kanniyakumari,Tamil Nadu,1870374.0,False,,direct,direct,6.284530110207958,1214.4694909098148,20.8,18.8237441583913,27.1,27.299999999999997,53.0,66.3,6.0,7.5,45.6,156.42290411810967,202.48664820375694,10.146249472418399,27.37607268328451,0.012464679941545945,1.2376388458626661,120.98,0.9,0.0,39.1,14.4,0.47261911445028376,0.1838540291378027,9.750495884274315,0.06907510134273377,21.731115070863545,3.799999999999997,1.7999999999999972,25.599999999999994,1893.0779403772683,26.56,17.294743418894996,0.4674254978079729,0.4674254978079729,9.244637623313242,0.8829148291928377,67.81609195402298,20.77446656924324,6.2842761371960805,0.0,1.791759469228055,68.19426396019786,1662.1754574384365,100.0,96.0,,11.79775280898876,68.3,5.933333333333334,0.10387233284621619,64.1,4.518446478810405,0.3528204829349857,5.106856799583645,18.229594414510945,0.9867871620390539,1.1425956613083783,0.1293399170644507,0.1056219493582528,0.26679782268095736,0.3633604829836172,3.501196242027089,0.8211871761114715,0.0074613433197899,0.0984597656802823,0.2162436235851079,6.440884804646818,179.63787977155712,130.89788459420416,0.6210768376166125,21.511960132451378,16.96203845455253,-17.335249271544324,0.14513409153782014,77.1,74.4,12.871287128712872,10.5,9.199999999999996,40.9,0.7000000000000028,3.3999999999999986,10.400000000000006,2.422919749899335
598,Karaikal,Puducherry,200222.0,False,,direct,direct,5.246112013085719,1251.7747593328309,21.9,118.80184419717229,22.6,22.45,39.3,61.8,12.3,16.2,54.4,78.6016786542854,53.85176727841065,53.27869505260521,269.38366400559505,1.8100003963558107,8.187556651854026,94.91,1.6,4.1,65.5,20.166666666666668,1.696520747681465,18.21348361223245,16.352417373973182,1.2312541881166486,24.76086956521739,15.700000000000003,0.09999999999999432,18.799999999999997,6660.466693625793,33.44,15.887150814408368,0.5673982433717275,1.7021947301151823,3.971787703602092,1.7021947301151823,50.0,0.0,0.0,0.0,0.0,261.57059019436633,2422.35360254988,99.6,88.9,,14.918414918414916,45.9,1.8666666666666665,0.0,26.9,2.26959297348691,0.3496483035770349,5.352671298146465,30.63950514207328,1.134796486743455,3.4043894602303646,0.3209360152333009,0.1503873564662609,0.41727070446350323,0.3411263497517755,3.44544851426605,1.3112108706959327,0.0059498918821226,0.1051256590292972,0.1917155683267553,2.077406093332024,96.84844512854502,161.5606676588986,0.7552862619018177,42.61728205965044,11.44211238997969,-6.996037642397226,0.12482755497494497,59.0,81.2,,0.6999999999999957,-9.100000000000001,-0.6999999999999886,0.0,2.0,14.899999999999991,15.55882439814733
293,Karimganj,Assam,1228686.0,False,,direct,direct,6.149717072879774,918.30387219016,32.3,13.42644044242738,13.35,16.85,6.6,75.8,48.6,4.2,52.0,5.707636292124592,9.78947820787759,1.7455151823004835,16.292655713363967,0.05029690663284673,0.5405146445191837,109.67,7.6,2.3,64.1,43.333333333333336,0.05525575658256401,0.6503177505486379,5.126742440871996,0.04037920673341216,45.22444756417736,38.5,37.7,60.4,640.0323873457886,43.2,17.851859818982216,0.4958849949717282,0.07084071356738975,0.850088562808677,1.7710178391847438,16.666666666666664,0.0,0.0,0.0,0.0,31.010522364124864,244.68878351171392,76.4,75.1,52.7,20.71428571428572,7.0,0.16666666666666666,0.0,64.4,0.850088562808677,-0.1794735416928013,4.61581761673887,6.659027075334636,0.9209292763760667,0.0,0.0659853003800604,0.0627989810292746,0.035496305951394705,0.3248763313002671,3.6322547766847135,0.3936744935168916,0.0077931919788708,0.0839291042448715,0.127791916371236,18.941969435918505,37.73077846922736,149.28875237448784,0.882461333813083,7.740764771508678,15.679932498945295,81.33089943577829,0.0596213739760932,19.6,39.6,3.5999999999999996,-3.9000000000000004,59.400000000000006,21.199999999999996,28.400000000000006,2.1000000000000014,21.6,7.598959219800851
158,Kaushambi,Uttar Pradesh,1599596.0,False,,direct,direct,6.294382148970703,930.6682557257816,34.9,9.853684087956758,13.6,9.7,17.3,44.4,34.25,6.6,54.4,4.02768321670244,2.4979454715966227,0.18429963540438493,22.28705535908068,0.3005657965823578,2.3826947354071035,86.91,3.9,1.8,65.5,31.766666666666666,0.35032162101659947,2.8538519300497183,1.8303035416881757,0.01320052484990085,97.57718593489147,40.4,1.7000000000000028,63.0,373.6855345759355,39.18,10.712733628188767,0.2538562471134779,0.05077124942269557,1.3708237344127805,0.0,20.588235294117645,5.077124942269558,0.0,0.0,0.6931471805599453,25.97710976712219,107.21110884343511,88.6,65.7,67.8,7.109004739336492,8.9,0.4333333333333333,0.0,20.2,1.7262224803716497,-0.156655882219675,4.515184646415817,7.107974919177381,0.2538562471134779,0.05077124942269557,0.0612752264682266,0.0528066798347589,0.1457376919451055,0.399529631231886,3.2119210843085093,0.7323103718053582,0.0276747336197978,0.1071843148700928,0.1568231712853776,10.801070795825108,47.43218050762335,42.08125051575523,0.6551037689599335,11.300156984009353,8.765735339269266,-1.9212973163530604,0.03317536252635565,31.9,37.0,1.8867924528301887,8.9,14.1,28.6,16.099999999999994,3.8999999999999986,39.900000000000006,10.335641815036336
781,Kekri,Rajasthan,630832.0,True,Ajmer,inherited,inherited,5.958313780565979,,26.7,40.01977587323336,7.7,13.8,18.9,59.9,21.35,6.3,52.7,30.36012888809118,44.69115765386348,3.5165391507382666,33.405356117594735,0.1396598676683234,1.7250401585790842,88.3,4.2,2.9,76.3,21.8,0.04109531738286297,1.877542312929552,3.991382700810565,0.19167112873100933,,22.5,1.9000000000000057,47.1,1614.465822845649,32.78,14.800735401171744,0.7063257675179573,0.1284228668214468,3.756368854527318,0.8668543510447657,41.42857142857143,0.0,0.0,0.0,0.0,73.62001369122964,591.5173298654191,95.1,78.9,57.8,23.63636363636364,11.6,0.26666666666666666,0.0321057167053617,88.7,2.247400169375319,,4.5320291178938135,10.948049396528337,0.09631715011608509,0.0321057167053617,,0.07580424285923185,,,3.298197867109815,,0.06845267685691984,0.0263551534055999,0.0423349392453102,,121.79502306358744,,,7.889030296586306,30.706730032193775,-0.5550159567087554,0.08953749100499458,40.2,52.9,40.81632653061224,2.099999999999998,74.0,11.800000000000011,7.8999999999999915,2.5,7.599999999999994,10.594214914444052
361,Kendujhar,Odisha,1801733.0,False,,direct,direct,6.3199972634573625,133.11743873092215,27.2,33.00414597861197,13.55,24.6,17.0,58.4,49.55,28.400000000000002,69.2,6.759256754549464,21.84050736204834,3.2413034089936956,15.290891908907502,0.5413340454181733,1.1544630570721788,111.09,15.3,2.4,64.6,32.36666666666667,1.0003431962192593,3.750090403051625,3.358089887403983,0.3383936075248882,50.83445493996346,52.4,7.099999999999994,72.1,926.0239189705754,31.15,20.006863924385186,0.813676284006096,0.14358993247166402,1.4358993247166403,0.813676284006096,,4.786331082388801,0.0,0.0,0.6931471805599453,69.9062799907214,310.2643397536892,80.4,86.0,54.5,14.40677966101695,15.3,0.06666666666666667,0.0,43.3,,-0.2700833300140573,5.142977753373229,10.482065070431473,0.5743597298866561,0.0,0.0591544736416693,0.0416203200126138,0.07465884340526499,0.4254315151024042,3.540079088804173,0.4671712163609988,0.0151477333020761,0.1338645143027992,0.1149625281604125,4.615181067399843,27.186162052591484,103.89164210235369,0.6309105964687342,12.19269979927723,7.014172471775162,-12.502576080236313,0.07445260736728425,29.5,27.9,1.6355140186915886,3.0999999999999996,-4.5,8.400000000000006,8.200000000000003,1.6000000000000014,26.3,4.91930150407117
759,Khairagarh-Chhuikhadan-Gandai,Chhattisgarh,368444.0,True,Rajnandgaon,inherited,inherited,5.643500127945676,,24.0,35.708561961791546,9.25,28.0,12.8,50.9,33.15,18.400000000000002,58.3,16.489254800588103,14.001595357066504,0.15632981394585052,15.195584737447358,0.0283245655929764,0.12528173243047253,94.16,2.9,0.0,80.5,26.0,2.5459426842609942,2.099286072987135,3.4387112036242304,0.07462433627380322,,20.799999999999997,1.2000000000000028,72.6,890.4535308291955,32.35,21.025542920940172,0.5447031844803154,0.10894063689606304,1.1438766874086623,0.1634109553440946,11.11111111111111,0.0,0.0,0.0,0.0,74.34871646245615,136.63770442051813,95.5,91.0,,4.73684210526315,10.8,0.0,0.0,80.8,4.090462138413449,,4.481863685005193,7.499180587091324,0.4544957931570499,0.0,,0.028254308702077322,,,2.910624404889201,,0.03387034382370626,0.1361943542519454,0.1949192839762081,,60.1479924621327,,,,,,0.07472938874029242,38.9,27.4,9.695290858725777,5.800000000000001,4.200000000000003,3.9000000000000057,12.0,6.100000000000001,32.300000000000004,10.109966877481522
245,Kohima,Nagaland,211149.0,False,,direct,direct,5.317512368520065,191.3063191711172,18.7,110.22290864121645,8.25,28.4,11.6,60.3,31.15,14.299999999999999,14.9,0.6902917784212997,4.631023414573666,0.16309091468195547,7.437704271891038,0.4665158722297796,1.657458830604989,92.52,0.5,0.9,38.4,25.76666666666667,0.6978774023599953,1.718143822114554,1.3502410610878173,0.015171247877391204,25.751602929118075,12.599999999999994,10.099999999999994,38.3,866.0848203886011,38.31,24.653277800760705,1.1378435908043405,0.37928119693478013,3.4135307724130213,2.654968378543461,47.61904761904761,48.13795443225298,0.0,0.0,0.6931471805599453,39.244225446841696,557.8088563319811,66.9,82.8,,2.786377708978324,4.3,0.3,0.37928119693478013,26.7,7.964905135630383,-0.168151090732977,5.508181202594397,26.475874937739142,0.7585623938695603,0.7585623938695603,0.3232286530598309,0.2360351090326501,0.049703225919282,0.4284706777915429,3.696443763138999,0.21109932122625308,0.0024638837115682,0.0901319427617939,0.1184631961904003,6.65457861178238,26.74659922536032,94.60498231264086,0.8887705596970773,62.820030534090144,79.89384951607867,-19.449416702672675,0.10815479700752531,70.9,61.7,21.428571428571423,-8.700000000000001,21.4,22.299999999999997,12.000000000000007,10.100000000000001,16.60000000000001,-6.411492430283819
294,Kokrajhar,Assam,887142.0,False,,direct,direct,6.072486969553885,449.95736798020187,29.5,19.596412439575722,11.649999999999999,18.6,13.7,77.3,40.6,21.8,59.5,0.48745610490566665,2.9958239780660763,0.06516340291273669,6.521417959033103,0.1438672531839641,0.1413284193042471,109.67,3.4,3.8,74.7,30.100000000000005,0.0939368535495295,0.363053244799533,1.1907130895872793,0.018618115117924768,41.94517499185137,27.799999999999997,12.700000000000003,56.7,477.8728532876948,32.71,17.602581566037962,0.16925559198113427,0.16925559198113427,0.5923945719339699,1.946439307783044,20.0,8.462779599056713,0.0,0.0,0.6931471805599453,25.891027905354107,184.50890593047407,81.9,51.1,36.6,8.960573476702503,12.0,0.3333333333333333,0.0,50.2,0.4231389799528356,-0.2530236735641293,4.614898906361152,5.077667759434028,0.08462779599056713,0.0,0.07044504347087571,0.0643125135390242,0.12493912043205589,0.384528068787184,3.5776066773625357,0.2867594737461121,0.0134574271247124,0.0865284315445087,0.1634955167014224,8.185816805064604,53.325254089865375,85.2851065556585,0.8679222839016654,14.946961327853966,10.935262642248851,94.60114587924195,0.0717229181743199,27.5,43.3,0.9615384615384616,1.799999999999999,43.1,9.0,15.200000000000003,0.3999999999999986,31.200000000000003,7.465591077917923
480,Kolhapur,Maharashtra,3876001.0,False,,direct,direct,6.617607484904438,501.1440546454408,20.7,67.73905099096015,15.35,32.1,23.7,46.0,17.7,5.0,50.1,5.07719663111298,7.539452472739723,5.683835878927563,18.049869404856068,0.08056362177736402,0.5661162284774652,92.93,3.9,3.2,66.4,29.066666666666666,0.5728700650336513,1.9214665002349756,0.4122252383757938,0.5542970145041394,33.93312261955142,18.0,2.700000000000003,15.299999999999997,679.7053873892345,34.22,12.15690580113517,0.43417520718339897,0.09648337937408866,6.199057124785195,0.6271419659315762,78.64077669902912,7.23625345305665,3.8110934852765017,0.16884591390465514,1.6094379124341003,51.51826525058838,438.9902102310628,99.2,67.2,79.8,19.026548672566367,38.1,8.733333333333333,0.0,16.5,2.4844470188827827,-0.0052434774335982,5.041750046952208,12.012180732074036,0.3376918278093103,0.07236253453056649,0.1930055717567682,0.1363647244966357,0.3158516179007488,0.4396423014338748,3.471144965160633,0.44038133045236116,0.014508261866149,0.1361298577476162,0.1227954899375507,6.818694372832157,136.33137207505465,139.3464552769723,0.7259617075875706,19.150503555065985,18.63315720301478,9.258800539454489,0.12893681921193725,53.8,84.7,3.9840637450199203,-3.5,6.4,20.300000000000004,3.799999999999997,1.3000000000000007,13.700000000000003,5.819620594228515
643,Kondagaon,Chhattisgarh,578824.0,True,Bastar,direct,direct,5.83651732974257,,25.7,26.517435160552807,8.399999999999999,21.4,6.1,59.1,38.45,29.85,79.7,8.161091421978083,5.85162348699589,0.3919538640442964,9.160646629169115,0.2637310386320359,0.48812098310349183,94.16,10.9,4.4,76.6,34.2,11.184527362096725,3.9180815628814614,10.938281254202726,0.22730409959446185,,20.5,1.2000000000000028,87.6,642.7037986809024,34.35,28.26730469315744,0.8742465369017764,0.14570775615029607,1.6027853176532567,0.14570775615029607,19.444444444444446,0.0,0.0,0.0,0.0,50.73398361397159,119.27345502950935,78.7,70.1,65.9,9.374999999999998,3.6,0.16666666666666666,0.0,80.6,5.245479221410659,,4.534187649069791,7.5768033198153955,0.8742465369017764,0.0,,0.02195369630858273,,,3.330007700872759,,0.009357572467810738,0.098259855082468,0.1362288692646223,,64.27529311933728,,,13.76064049083396,21.279172170849847,-15.918803418803417,0.07112436418064873,24.7,12.4,4.166666666666666,,,,,,,9.843130759295905
20,Kullu,Himachal Pradesh,437903.0,False,,direct,direct,5.658456369617391,610.7598166365057,21.8,55.57160424491374,9.25,19.0,29.8,65.2,17.5,17.35,52.8,8.531913164068383,19.050800443803745,0.0900176118699958,81.59108517836057,0.5379101197109505,7.895203226451338,119.01,8.5,0.5,75.3,25.866666666666664,0.004391103018048575,4.3581697454132104,3.7192642562871434,0.16905746619487017,24.30666658973412,18.799999999999997,5.700000000000003,35.0,1598.6513113688725,38.69,28.761724768218166,1.0977757545121438,1.0977757545121438,5.488878772560719,3.951992716243718,59.09090909090909,0.0,0.0,0.0,0.0,142.99187867973382,424.1849426465104,87.0,80.2,,20.149253731343283,13.6,0.8999999999999999,0.21955515090242878,26.8,4.830213319853433,-0.062737911638183,5.341348937988114,24.151066599267164,0.43911030180485755,1.5368860563170013,0.1680402011798,0.1617816996661811,0.0431943039068963,0.6144831161238905,3.4653828514484184,0.08406266138381664,0.0505595630492582,0.0819289426238476,0.1296841632780616,-0.0367573736755777,46.24297050489609,145.18283729501738,0.871885617214043,16.77620908045458,46.84813753581662,5.407642433439095,0.113421232083683,54.4,65.0,11.475409836065573,3.1000000000000014,7.0,14.5,16.5,1.5,12.700000000000003,5.657058246258329
233,Kurung Kumey,Arunachal Pradesh,28793.0,False,,direct,direct,4.8485660055615085,15.463840123343212,31.0,5.399539285899387,8.600000000000001,22.6,23.3,78.8,27.9,38.85,34.8,0.1133767442203558,1.6723069772502481,0.29761395357843395,2.8769348845915284,0.08503255816526685,1.1904558143137358,59.99,4.7,5.6,62.4,19.4,0.15589302330298924,4.705134885144766,6.46247442056028,0.14172093027544475,12.285838470048995,21.700000000000003,0.20000000000000284,42.7,294.6661582287047,31.77,26.9269767523345,2.834418605508895,1.4172093027544475,0.0,0.0,0.0,0.0,0.0,0.0,0.0,25.509767449580053,34.39566977785044,69.2,71.4,,10.727969348658998,17.1,0.6999999999999998,0.0,13.4,1.4172093027544475,-0.4240563580328292,,1.4172093027544475,1.4172093027544475,0.0,0.13300432047970628,0.1251867479305375,0.4147571952431029,0.4131804161779399,3.9929509605704463,0.0011166679961595305,0.0013755265195868,,,-1.1146297146438,,20.25500673356792,0.9613941018766756,2.125813954131671,,,0.04136885123685375,34.7,57.3,,,,,,,,17.2355195446714
9,Leh Ladakh,Ladakh,133487.0,False,,direct,direct,5.21930629955231,25.331889388870984,21.0,12.148914491146945,6.25,13.75,30.2,84.6,21.95,23.35,93.5,2.5347958699859494,59.80911207514467,2.432196989534137,75.87488970824609,0.054317054356841775,3.096072098339981,88.76,10.9,7.8,95.5,20.166666666666668,0.006035228261871309,4.647125761640908,15.456219578652421,0.0,5.22599085848042,57.6,12.900000000000006,6.5,2298.3175210010463,34.08,84.49319566619832,1.8105684785613925,0.6035228261871308,7.845796740432701,3.0176141309356543,0.0,0.0,0.0,0.0,0.0,106.03292533281703,1173.5682412056617,96.4,88.9,67.45,22.222222222222232,43.1,0.13333333333333333,0.0,16.2,3.0176141309356543,-0.2203680556563865,5.639464305825399,39.832506528350635,0.6035228261871308,2.4140913047485233,0.43112307943612277,0.3539218785966923,0.4352318736859959,0.5624442829638842,3.6068111469189637,0.00907625900036332,0.0148407790846972,0.1148525491408949,0.1256864095924246,24.830304957797257,46.0995241771413,138.6502056380022,0.9098227793386644,25.347958699859497,71.57217531162043,191.86935371785964,0.0864628578168383,49.8,93.5,175.0,11.0,13.6,6.900000000000006,-0.5,2.3000000000000007,24.599999999999998,11.684464433808703
162,Lucknow,Uttar Pradesh,4589838.0,False,,direct,direct,6.801797481302342,1824.932686982899,23.5,57.23086611694935,15.6,22.0,34.8,50.4,23.450000000000003,7.199999999999999,55.8,27.51074791795474,26.36739327330173,8.806387686142276,28.267091851855515,0.416999305794209,5.196550016642141,86.91,4.9,1.4,52.9,23.03333333333333,0.7034693058004503,3.5951590414006405,8.038521818356951,0.028410247934503263,103.42124146928944,19.599999999999994,0.20000000000000284,21.700000000000003,1149.8992609341435,28.51,6.0924198348434775,0.2683190082703086,0.15783471074724034,4.245753719100765,1.1837603306043025,84.04907975460122,21.307685950877445,16.840963636730546,2.809457851300878,2.833213344056216,37.650523240489704,1593.2389702661162,91.3,68.9,,8.913649025069637,36.7,0.5,0.09470082644834421,15.8,5.145411570360035,0.1847865466674822,5.719075778996672,18.356176859904053,1.5783471074724034,0.3630198347186528,0.0804774083384048,0.074500002985791,0.248616130467163,0.3361351751412577,3.5428254269591797,1.9761658013343377,0.0341031103780233,0.1175977043203033,0.1466989172807951,4.250990187512227,39.39000337808076,105.08039717305928,0.7822132191033834,34.33836183545886,33.92523265202057,10.087894627649616,0.14486141081328818,51.9,78.3,4.947916666666666,12.299999999999997,9.9,10.100000000000009,3.200000000000003,1.8000000000000007,14.200000000000003,18.061310611340613
205,Madhepura,Bihar,2001762.0,False,,direct,direct,6.4533896775423045,1144.4364514313988,38.3,23.84044982767855,16.15,12.45,12.9,64.9,30.55,7.15,65.7,1.0741193246145375,1.1353768672179232,0.0,6.386978953509321,0.0,0.0,82.08,13.6,1.6,67.7,36.800000000000004,0.02288356476563256,0.20102331509501833,0.38726032680301253,0.041894526263235,84.13371792218543,65.4,0.7000000000000028,86.6,699.7463173778442,38.54,4.224658110578319,0.03520548425481932,0.07041096850963864,0.3872603268030126,0.03520548425481932,27.27272727272727,3.520548425481932,0.0,0.0,0.6931471805599453,26.81390502784059,36.0666103996922,75.0,72.0,53.400000000000006,13.565891472868223,3.0,0.4666666666666666,0.0,9.5,0.7745206536060252,-0.1728433605987062,4.279605938742517,4.647123921636151,0.10561645276445797,0.03520548425481932,0.0459024986797545,0.0608239784291669,0.0773030889913883,0.3884307924718323,2.9925535178321354,0.8047029491805406,0.029288537448519,0.0995443809609182,0.1567850773605061,34.30151517594191,66.02984100139284,30.85231910686685,0.7385644197606827,10.488417869195773,3.968430413517119,2.90846286701209,0.08964684884912534,23.2,13.4,-60.71428571428571,4.6,0.1999999999999993,9.799999999999997,14.100000000000001,6.100000000000001,20.400000000000002,14.882933745131998
737,Malerkotla,Punjab,429754.0,True,Sangrur,inherited,inherited,5.683843462443035,,21.2,60.39901836901213,11.899999999999999,37.349999999999994,37.6,70.3,6.6499999999999995,11.15,52.6,11.780308852903826,12.462640859583042,1.909346694813158,33.02669727837472,0.0505431116058679,0.6070550319470728,126.06,6.4,6.6,66.9,17.3,1.0323699391836845,0.8108405564005188,0.4769334041957959,0.014517702269770564,,7.599999999999994,0.29999999999999716,30.200000000000003,601.876513778178,49.24,11.829238886479718,0.43015414132653523,0.26884633832908456,12.205623760140437,8.226697952869987,57.14285714285714,0.0,0.0,0.0,0.0,38.029927634678984,734.316672351205,94.7,89.6,52.0,11.79138321995464,36.2,1.2666666666666666,0.0,18.7,1.4496213530348465,,5.160348338941338,16.152923648102576,0.6212662941577913,0.21507707066326762,,0.18153639458756302,,,3.7554174628109362,,0.15633248785896853,0.0946373567358351,0.1375602633512298,,47.57865668228042,,,13.852167472071555,24.321455648218347,47.79054352629253,0.06410731292095029,54.4,69.8,-0.4366812227074195,7.300000000000001,3.3999999999999986,10.599999999999994,6.700000000000003,0.5,3.700000000000003,4.874285749143228
226,Mangan,Sikkim,43709.0,False,,direct,direct,4.6702916825097995,26.14484462090429,21.0,121.05560085975809,13.8,43.35,44.1,73.0,22.65,33.1,36.7,9.422082594273439,61.211488962796835,0.5982274663030756,39.718030709193485,0.5768621996493942,4.7003586638098795,74.41,7.2,0.7,53.5,17.2,0.0,1.9228739988313144,10.319423793728053,0.02136526665368127,26.328362548649963,16.200000000000003,5.299999999999997,34.099999999999994,1235.0406041826996,42.77,51.27663996883504,0.0,2.1365266653681267,4.2730533307362535,0.0,0.0,0.0,0.0,0.0,0.0,33.009336979937565,73.5819783552783,97.3,90.8,,7.905138339920952,27.3,0.5333333333333333,0.0,24.5,4.2730533307362535,-0.0484207588303727,5.095203030644246,32.047899980521905,0.0,0.0,0.2836448925202152,0.1338961554829773,0.0425424308481619,0.5344208286622892,3.8687032022785366,0.0048099539055557515,0.0039845730810396,0.1695771790393976,0.1496496079633249,-8.653653348604884,60.71847512363538,89.43238234688508,0.9639293937068304,8.311088728282014,52.25225225225225,,0.056423641640484204,37.7,65.9,0.0,18.8,-7.799999999999997,0.8999999999999915,2.3999999999999915,2.3999999999999986,-6.6000000000000085,5.677742193621222
37,Mansa,Punjab,769751.0,False,,direct,direct,5.885760124541957,362.0324817960465,23.0,75.59459609019322,11.25,36.2,32.9,65.1,8.649999999999999,14.35,60.4,10.688095017673852,10.479952953064819,5.74992453482454,27.235389154091987,0.06504439519032286,0.14439855732251675,126.06,2.9,5.8,78.2,23.8,1.6599329652570394,0.318717536432582,1.8160395137138143,0.02861953388374206,78.43225680499776,14.599999999999994,0.7000000000000028,47.7,741.3591048365505,52.94,15.090299684154905,0.5203551615225829,0.3902663711419372,13.13896782844522,8.455771374741973,64.70588235294117,0.0,0.0,0.0,0.0,37.75046608055958,650.4803767645352,88.8,79.1,49.9,9.80861244019138,30.3,1.2333333333333332,0.0,18.4,2.211509436470977,0.2780698142901269,4.918974576502973,17.431897911006526,1.0407103230451658,0.0,0.059277813526311,0.1116234272703721,0.2714358943207021,0.4267769707346921,3.462996612028056,0.6049788839008023,0.1221244174403673,0.0976204268844274,0.1505803105075693,1.6464676642841347,120.28761463104745,67.09572316242524,0.721222917110384,11.70278758264289,28.789420142421157,-34.04208519686194,0.07531344624099305,37.5,52.3,-0.8264462809917356,8.5,-4.200000000000003,-12.800000000000011,-2.5,0.1999999999999993,9.400000000000006,4.437705578488741
296,Marigaon,Assam,957423.0,False,,direct,direct,6.064773678598344,713.0366649714199,32.1,17.998980720544168,12.25,20.3,14.2,74.1,43.4,8.75,64.2,2.3474309592937135,4.021213841461671,2.867742261830742,5.814737238617456,0.3842033790256867,1.312838452096741,109.67,5.4,5.9,53.3,29.933333333333337,0.8976231411317613,3.985894696753032,2.822947249029541,0.002584327661607758,39.93021720201239,37.7,5.400000000000006,62.4,872.1623450096016,34.0,13.524648095747269,0.43072127693462636,0.08614425538692526,0.6891540430954021,1.3783080861908041,0.0,0.0,0.0,0.0,0.0,35.12359724891104,288.5315689929675,88.3,73.4,51.6,9.539473684210527,12.3,0.20000000000000004,0.0,62.5,0.5168655323215516,-0.1024811628375075,4.345281939792016,5.943953621697844,0.2584327661607758,0.0,0.0609420164958646,0.0577193405847732,0.08889614854615209,0.3667636979684006,3.6414741105040997,0.31997355332716976,0.0084088543033552,0.0621048404572095,0.1108761555585549,9.921305380097769,77.04295274166365,81.06239352929687,0.7999510378683434,13.461762789314811,6.189124932893627,30.90132350477467,0.07189502627723605,24.5,37.6,2.5316455696202533,3.1999999999999993,36.6,29.000000000000007,16.099999999999994,1.2999999999999972,20.299999999999997,7.459760323578717
167,Mathura,Uttar Pradesh,2547184.0,False,,direct,direct,6.4946377157700885,821.4203041650409,32.7,40.93424591495258,9.05,23.25,25.4,52.8,26.1,6.55,63.0,3.059415237048318,2.42934730208483,0.4671082912153093,6.98869560585263,0.033296272985875376,0.30799052511934716,86.91,9.3,6.4,77.2,21.3,0.33744492045300617,0.42516779351194706,2.0137842027034236,0.0003201564710180324,104.84892768659029,28.799999999999997,1.5999999999999943,52.7,397.9416872165736,35.17,7.747786598636384,0.22410952971262268,0.09604694130540974,2.113032708719014,0.6082972949342615,56.043956043956044,17.608605905991784,6.243051184851633,0.0,1.791759469228055,26.55825989682986,198.69326794791414,79.5,73.6,59.8,10.689655172413804,15.7,0.4666666666666666,0.0,10.8,2.913423886264095,-0.0328180325648478,4.967821576930881,9.796788013151792,0.6082972949342615,0.0,0.0790692001639388,0.1205155899099951,0.4167373688854936,0.330144583194618,3.4234097277330933,1.06557695181521,0.1265473105016682,0.1136891987511938,0.1849523808131914,5.290818712769441,62.10812018649609,45.396798974867934,0.7619558261411004,21.13480927778439,18.24666318424987,25.76730362552154,0.0913200773594673,34.7,47.3,-20.447284345047922,3.099999999999998,5.200000000000001,22.099999999999994,8.900000000000006,-0.0,26.300000000000004,11.204764543380703
169,Meerut,Uttar Pradesh,3443689.0,False,,direct,direct,6.610616844092136,1402.9412100879133,30.3,41.10581560926248,15.2,23.1,38.5,53.1,13.5,6.949999999999999,45.5,4.879163121753002,3.3770525158699374,4.906861962886289,14.269315388425394,0.1289344286381351,0.5946671556580145,86.91,2.8,2.0,55.2,22.0,0.11005999706943469,0.9123458999831535,1.942350594160803,0.009559777028302791,72.7763506876228,17.299999999999997,0.29999999999999716,31.5,496.58335310265215,35.32,8.260627842405231,0.2941469854862397,0.049024497581039946,3.848423060111636,1.9364676544510782,70.58823529411765,12.256124395259988,8.407701335148353,0.17158574153363984,1.9459101490553132,14.322752090788729,223.7931546201288,80.6,82.5,69.3,7.848837209302324,19.9,0.06666666666666667,0.17158574153363984,18.4,3.7503740649495567,0.0241782559411906,5.163498875669892,12.280636644050507,2.132565644775238,0.5147572246009195,0.0764307036978205,0.1113391593670943,0.31928994235336366,0.3166775513119796,3.237292337567459,1.2426296696548822,0.1657772163955936,0.1004202148824517,0.1621534919635037,7.758920170245331,56.9150144410316,93.6336004790212,0.693063933383988,20.482680211846397,24.00181670028453,9.113107518738085,0.0959745893901702,47.3,68.5,2.6470588235294117,8.600000000000001,10.399999999999999,19.700000000000003,15.399999999999991,0.8000000000000007,13.200000000000003,9.671495055484963
38,Moga,Punjab,995746.0,False,,direct,direct,6.027503065822864,451.6164969252124,22.8,60.137432116790144,13.850000000000001,33.25,33.1,73.2,8.6,15.45,54.4,10.80932538758144,12.99259135245765,2.8046426066423535,23.32602858690399,0.07133629119973858,0.18491117587300657,126.06,7.4,6.0,70.3,16.933333333333334,0.21025433195712423,0.3238292166303922,2.5268065251275824,0.032852239368300666,80.05549641416405,12.200000000000003,0.7999999999999972,28.5,515.3446312518378,46.15,13.422486370477126,0.5631812463137256,0.0938635410522876,3.6606781010392164,0.5631812463137256,76.66666666666667,0.0,0.0,0.0,0.0,27.215733728110788,869.3509763305404,93.0,80.6,73.1,9.544468546637743,27.3,0.16666666666666666,0.0,23.7,2.8159062315686283,0.3520082967307472,5.220687728511449,20.931569654660137,0.7509083284183008,0.0,0.0714291017378566,0.1780441830781545,0.36362858824265754,0.3607064452179572,3.3960248966085933,0.82280286121395,0.0874163535495252,0.089355329431785,0.1108740011074469,4.510145706859614,51.711131549958445,85.7226642135645,0.7261182314487219,11.797708474862029,28.74212820926853,-38.27530324608358,0.08068610966415546,45.2,71.5,0.0,4.0,5.199999999999999,-13.400000000000006,-0.09999999999999432,0.5,0.7000000000000028,4.355884262781299
647,Mungeli,Chhattisgarh,524088.0,True,Bilaspur,direct,direct,5.909214612050617,,29.3,39.30504191769285,11.65,27.7,17.5,52.3,25.65,13.65,54.5,9.765062873213362,9.026797991091083,0.32784383746999296,9.63072084958844,0.027114903850901675,0.29703144673033194,94.16,1.2,0.0,62.0,26.133333333333336,0.8356320368596061,0.9970889643354298,7.907691959426597,0.3044264205078506,,19.299999999999997,2.0,77.1,430.08181493544726,30.77,19.103682258589814,0.3697486888759319,0.12324956295864396,1.8487434443796595,0.12324956295864396,17.5,0.0,0.0,0.0,0.0,29.858439122361087,50.686382766742334,69.8,79.7,,4.787234042553188,10.8,0.4000000000000001,0.0,68.0,4.929982518345758,,4.466520281831508,5.669479896097623,0.24649912591728793,0.0,,0.02973101473180262,,,2.8363241157067516,,0.015460337120730784,0.1230744015739455,0.1709765733708488,,67.7060880549968,,,14.364736562829954,11.718200983836963,-18.42805151175812,0.09697139058942067,32.2,22.9,11.267605633802818,,,,,,,11.410742611531772
172,Muzaffarnagar,Uttar Pradesh,2869934.0,False,,direct,direct,6.538150375387132,1087.9072125179412,30.4,26.871330252111115,12.9,22.9,28.1,67.7,17.7,7.0,46.0,4.069937740845815,2.9308070025347854,1.9608225523431662,10.979158122846734,0.008399387594970725,0.5752132332279951,86.91,6.4,0.5,65.4,26.8,0.09413106787467193,1.2630941138505978,1.3314477508303595,0.022881090344920252,73.46357285429141,19.900000000000006,0.09999999999999432,40.2,628.6851828278539,33.35,9.702740842466183,0.11585362199959622,0.05792681099979811,1.0137191924964668,0.23170724399919243,37.11340206185567,5.792681099979811,2.9253039554898046,0.11585362199959622,1.0986122886681098,31.346514504430747,189.34594638315008,87.0,69.5,77.2,7.5528700906344515,22.4,0.20000000000000004,0.0,8.2,2.8094503334902083,-0.0168274232369023,4.790209504176241,8.86280208296911,0.9847557869965677,0.0,0.0456569601375704,0.1407192180119048,0.5125113855527567,0.3117268635881832,3.2425414282983844,0.8441897475672225,0.1339837604600806,0.0794213838139827,0.1615594917355227,6.276466093803723,86.2718042427347,56.321304246252936,0.7181018820061019,13.43641344545817,17.02112406805582,4.460707047962171,0.0365494918670144,41.8,59.8,-2.3080757779449383,,,,,,,9.905761382320234
208,Muzaffarpur,Bihar,4801062.0,False,,direct,direct,6.780368838662155,1537.9194461662912,34.9,19.666820736189297,14.399999999999999,21.05,16.5,57.3,29.35,5.85,58.9,1.9526704691148362,1.107662935944897,0.33030906712608304,0.11988627285750905,0.0,0.0,82.08,14.6,4.3,64.6,32.4,0.01707923389256353,0.035650828028166597,0.12088117968620207,0.0,101.40551995457496,44.8,0.09999999999999432,58.5,478.5715750981601,35.15,3.1007929494265825,0.1492360243039532,0.01658178047821702,0.4974534143465106,1.1275610725187575,71.01449275362319,4.477080729118596,0.2984720486079064,0.0,1.3862943611198906,21.962899879008006,22.468146730179278,72.5,74.9,70.95,12.786885245901642,10.5,0.5333333333333333,0.01658178047821702,13.2,1.1441428529969744,0.0345745684175214,4.682821276511383,6.9477660203729315,0.6301076581722468,0.0,0.057171967296342,0.0718412730958303,0.1076378004332537,0.3223424317369782,3.563955464995813,1.0314280110986676,0.0290652233047198,0.1007319989949944,0.1282509803580516,20.06894971856741,65.73071700513144,27.85529534923732,0.8141174711182563,16.02910973487805,10.951149459533543,-10.773590304507149,0.06655059843121736,33.8,41.5,-65.91304347826087,6.0,3.0,19.900000000000006,10.200000000000003,2.5,26.000000000000004,14.707093368904644
110,Nagaur,Rajasthan,1681906.0,False,,direct,direct,6.3021459704291924,189.1674087782065,27.6,23.96228469965825,7.4,16.55,13.0,52.3,24.95,3.9,45.3,21.515694198861347,23.18682100237001,3.4639745274549893,19.511609960905506,0.12349601719403949,1.1867789742671557,88.3,4.6,1.3,65.1,24.633333333333336,0.3742918303457953,2.0081416019704283,4.254906925048847,0.0854582295572717,61.16442094873482,21.0,3.0999999999999943,54.3,1192.3771222662845,33.57,23.583428334796043,0.7861142778265348,0.10143410036471416,2.764079234938461,0.608604602188285,45.00000000000001,4.987168359032561,0.0,0.0,0.6931471805599453,45.95725502274287,335.6038501256897,97.0,80.6,67.1,11.11111111111111,8.9,0.10000000000000002,0.02535852509117854,90.0,2.0286820072942833,-0.1068849107070407,4.602041405623918,7.829854323681121,0.6593216523706422,0.05071705018235708,0.0926795048598937,0.1086758110813917,0.1452598423033012,0.4310739981915161,3.389343311252078,0.33843219435301586,0.0643091584023424,0.1649322444973482,0.2123914309722319,3.40190813547796,121.6661496077133,56.122256172864695,0.8002510261907584,18.36774106631692,24.841979725700654,2.368113847351159,0.048693156824526296,32.3,45.7,22.420382165605094,-1.0999999999999996,60.8,36.199999999999996,10.0,1.8999999999999986,24.200000000000003,10.868722603651635
227,Namchi,Sikkim,146850.0,False,,direct,direct,5.187141210072831,252.6729565009952,19.9,83.64448986912498,15.05,45.3,34.8,84.8,31.6,26.55,39.8,16.70290124037694,36.42142356072855,24.38493597427793,78.7246080640801,0.7799020034417249,7.656038000452932,74.41,4.5,0.0,56.5,13.333333333333334,0.006499183362014373,5.127855672629341,12.575919805497811,0.15598040068834496,40.70772775817236,8.299999999999997,6.700000000000003,33.5,1801.963578952105,34.78,40.294936844489115,0.6499183362014374,0.6499183362014374,3.8995100172086237,0.6499183362014374,20.0,0.0,0.0,0.0,0.0,76.98932610642227,778.3681961682895,97.4,86.4,,14.018691588785035,27.8,0.5333333333333333,0.0,20.8,3.2495916810071863,0.1412680917390336,5.1453252026708,24.69689677565462,0.0,1.2998366724028747,0.220052738330975,0.1193190709227373,0.028674653091073997,0.509043241402792,4.042654253167793,0.2409416149530893,0.0281778712184415,0.1434510893484828,0.1595667072715509,-2.785870610400698,50.46129453989376,124.72591079332652,0.8573378466914173,15.994490253917373,29.390354868061873,12.580054894784995,0.0799186118428903,45.7,66.5,36.95652173913043,12.499999999999996,-11.7,-5.8999999999999915,-1.0999999999999943,2.400000000000002,-3.0,3.201570546170417
637,Narayanpur,Chhattisgarh,139820.0,False,,direct,direct,5.142489774587535,38.84872128918958,28.8,43.03760893999922,7.9,19.950000000000003,5.7,56.8,42.0,37.2,72.0,5.387804432990697,5.070874760461833,0.43217682617572434,14.355473576136978,0.2953208312200783,1.743113198908755,94.16,4.6,1.6,86.8,34.9,49.60669669787023,5.5894869518727015,14.27624115800476,0.28811788411714956,38.504792853751184,47.2,9.5,80.5,1723.2906884814952,31.29,47.53945087932968,0.720294710292874,0.720294710292874,1.440589420585748,0.720294710292874,12.5,0.0,0.0,0.0,0.0,104.93253339546588,705.4566392608407,74.2,81.7,,7.751937984496124,5.8,0.0,0.0,83.1,5.762357682342992,-0.4638825449373506,4.855289081469895,15.126188916150351,1.440589420585748,0.0,0.0457719478306049,0.0145152726042592,0.031354939043109,0.5084322700615077,2.9020028913507296,0.036036782561176164,0.0043910625521214,0.1471882361775742,0.2051802195590697,14.880489343650094,44.36703626389709,43.87784294092405,0.91279543602282,19.548798437348598,13.436029097133076,1.0048381094157053,0.0410589507946681,26.5,19.5,4.6875,1.7000000000000002,1.6999999999999886,19.300000000000004,12.900000000000006,3.8000000000000007,38.099999999999994,11.996161278866783
452,Narmada,Gujarat,590297.0,False,,direct,direct,5.861699403042547,233.29166217670723,26.0,37.55381830622137,11.95,20.0,11.1,56.0,31.7,6.55,75.9,43.57766416150681,42.47491949683233,7.943336568359728,18.759034239593518,0.2213739289433817,1.3681183807370485,98.87,7.5,1.0,93.2,41.0,0.3437483368686051,1.7627414714622072,6.608218027962065,0.7452463943311359,41.231453395410085,45.4,3.200000000000003,68.7,724.709493693258,31.69,27.774865618983295,0.5499973389897682,0.2749986694948841,3.5749827034334936,1.2374940127269785,4.3478260869565215,13.749933474744205,0.0,0.0,0.6931471805599453,63.4669429327243,691.994276976799,81.7,82.8,,6.999999999999992,7.3,0.0,0.0,51.1,3.1624846991911673,-0.3286423700525147,4.636474185433666,8.66245808908885,0.41249800424232613,0.0,0.0408991089992401,0.0454058514152483,0.0943470550352684,0.4994011489131742,2.877371345869774,0.2942924823670859,0.0049596150238564,0.0519549624496602,0.1282752897879442,10.194900935203034,60.69479068154493,48.85337381013287,0.8413898328594216,18.082537512636105,21.09785202863962,23.63448340697565,0.08639868368351131,22.6,31.3,44.05594405594406,-0.3000000000000007,-0.19999999999999574,13.5,4.400000000000006,0.3000000000000007,20.6,8.285307265132783
367,Nayagarh,Odisha,962789.0,False,,direct,direct,6.027372953965679,426.0585157584461,23.1,25.294414869819473,22.35,20.4,30.3,68.5,35.599999999999994,10.6,62.5,9.70652045004431,30.45094517661415,0.7145155796559993,17.723929825448486,0.16994391579203139,1.0525255779163933,111.09,10.6,1.9,55.2,16.900000000000002,0.7530111627912108,6.357404717280908,3.7951011471347558,0.059151749695568925,39.7669173246788,32.900000000000006,17.099999999999994,57.7,1501.948366186722,36.23,19.15389990142232,1.126699994201313,0.1877833323668855,2.0656166560357403,0.6572416632840992,,0.0,0.0,0.0,0.0,72.10316612891302,173.6460641896445,98.3,96.1,62.5,15.92505854800936,28.1,0.39999999999999997,0.0,49.3,,-0.2887542144591296,4.803807933843538,12.769266600948212,0.6572416632840992,0.0,0.0562267992784376,0.0375540869660492,0.0753710595861074,0.3569141317568023,3.5418287667813124,0.2080694285323882,0.0204522713712304,0.1325701961551904,0.1796533482934614,7.172351852218695,64.93397472915262,103.34247690823224,0.7035991034905575,12.614345351745532,2.586407766990291,-18.074272821513507,0.10797113644579676,27.1,42.3,0.46511627906976744,7.5,-4.100000000000001,10.199999999999989,5.799999999999997,2.6999999999999993,33.599999999999994,4.785616025651204
764,Niuland,Nagaland,11876.0,True,Dimapur,inherited,inherited,4.22882882734038,,24.5,122.70998460236625,13.05,19.700000000000003,21.1,59.9,30.2,13.7,34.7,11.717163496846956,7.356083370690332,2.510027441030722,28.47289240260661,0.6052942280361698,1.0143768714489938,92.52,2.2,0.6,48.9,27.7,3.5095958909987086,1.6252242575405413,2.4878148088092114,0.1388289513844426,,18.900000000000006,7.599999999999994,15.799999999999997,974.2127302871322,46.08,11.661631916293176,0.37021053702517975,0.1851052685125896,3.1467895647140316,3.331894833226622,75.67567567567568,0.0,0.0,0.0,0.0,116.9754233838462,1033.181715677188,73.7,55.9,36.7,9.477124183006543,14.6,0.3,0.0,5.7,6.848894934965835,,5.350107802003918,17.713012429401175,0.5553158055377699,0.1851052685125896,,0.2550763548678827,,,3.865163219506086,,0.0023393931169526845,0.0681316773481446,0.1119718303936081,,57.95373564088062,,,,,,0.09440272770297868,52.5,84.2,,-1.5,1.1000000000000005,22.199999999999996,17.400000000000006,6.199999999999999,12.799999999999997,-4.500187909117162
303,North 24 Parganas,West Bengal,10007260.0,False,,direct,direct,7.031625070128126,2526.829217326677,20.6,58.33341038094172,21.0,18.05,26.4,82.6,28.4,9.0,65.3,16.527475738497028,19.805096420057442,17.255763574610235,26.9467429130603,0.04871988077662703,2.2810015936889134,110.07,2.0,2.0,57.9,23.100000000000005,1.5563398555724421,4.1089268915295385,2.8338420728832348,0.17079851333332793,66.41979744911445,19.599999999999994,0.5,41.1,1328.1493226842479,30.99,8.284239269460816,0.32541905098892093,0.1301676203955684,1.1529132092178913,0.7438149736889622,,2.091979613500206,0.3998005483578172,0.0,1.3862943611198906,47.6018338943008,369.3316555905962,97.5,92.8,,9.523809523809518,47.5,0.20000000000000004,0.03719074868444811,30.7,,0.2630507986308519,5.292000575185221,10.906187051714408,0.3719074868444811,0.5671589174378336,0.042720631732241804,0.0423748511719878,0.0621595818399785,0.3568205482819473,3.44870631990508,1.37825472702702,0.0086805456956628,0.081190700604022,0.1916500189752874,3.564390312973331,31.980881484238253,139.95059586740027,0.7485616077433985,11.471114524231176,18.391640880442502,-7.7079593058049065,0.10052498769029874,40.7,58.9,13.480392156862745,-2.5,-5.199999999999999,4.099999999999994,10.599999999999994,0.6999999999999993,10.100000000000009,6.938599007215745
632,North And Middle Andaman,Andaman And Nicobar Islands,105597.0,False,,direct,direct,4.950906625380895,53.83766193013683,19.8,116.31221212166162,17.5,29.8,35.9,79.3,58.65,25.2,62.1,115.8195535412464,169.16104165711047,16.62722708901304,78.06399142397234,0.21273893245201872,2.0490118230904963,109.88,4.5,7.0,30.4,32.266666666666666,4.198794719447738,0.9629235889933478,5.464031528241322,0.1679517887779095,26.874942009352733,13.599999999999994,7.799999999999997,38.7,4845.599451603304,48.43,58.223286776341965,2.23935718370546,1.11967859185273,7.83775014296911,0.0,0.0,0.0,0.0,0.0,0.0,114.89022031000863,1696.8281188091382,97.7,,,18.36734693877551,12.9,5.933333333333334,0.0,2.1,3.35903577555819,-0.4916807462515476,5.102476113907274,11.1967859185273,3.35903577555819,3.35903577555819,0.2680639571772905,0.2435893280738344,0.1635665732832225,0.3653418184228719,3.279894980011638,0.03188451791901203,0.0172296867863696,0.1387251065554895,0.1063004617540741,10.338819685310474,34.24405617664431,141.6328115382066,0.7947980743514309,,,,0.0539574443753662,41.0,61.3,5.88235294117647,5.899999999999999,-1.1,,2.700000000000003,2.8000000000000007,36.50000000000001,-4.587480099499714
656,North Garo Hills,Meghalaya,155991.0,True,East Garo Hills,direct,direct,5.224577190190503,,29.2,14.589753978476116,15.45,22.7,11.1,65.9,28.95,21.200000000000003,58.4,0.1550230073866354,4.203508469522229,0.029812116805122194,5.461579798698386,0.03577454016614663,1.4727185701730363,77.51,6.6,0.9,30.2,21.03333333333333,10.976821407645993,5.139608937203066,10.189781523990765,0.029812116805122194,,15.099999999999994,48.5,75.6,729.6694460754488,38.19,36.37078250224908,0.5962423361024439,0.0,1.1924846722048879,0.0,0.0,0.0,0.0,0.0,0.0,53.351764234446684,55.867906892799,61.5,47.5,56.6,20.496894409937887,3.3,0.06666666666666667,0.0,60.8,7.154908033229327,,4.41254680918796,6.558665697126883,0.5962423361024439,0.0,,0.04754993415715452,,,3.6536947953150816,,0.01037469990996408,0.0544626115535884,0.1833423356358701,,75.7527537493263,,,9.963209436271837,15.047479912344777,-16.07232546459066,0.019937746425712662,38.4,24.4,46.92897458455043,,,,,,,22.08953995916692
604,Nuh,Haryana,1089263.0,False,,direct,direct,6.097922438060908,745.4425381411535,40.6,37.50207337909189,6.95,17.35,14.9,82.6,20.6,2.9,60.6,1.6760881540871508,3.3689371897151736,0.04389754689275872,15.240430143949595,0.08380440770435756,0.1915529318956744,101.02,4.1,0.7,76.4,31.966666666666665,0.7406713366632743,0.2617890069240883,4.944460054557095,0.008779509378551742,99.2333548804137,28.299999999999997,2.9000000000000057,78.0,514.0035598022579,67.64,8.85932310017494,0.23944116486959302,0.07981372162319766,0.8779509378551742,0.5586960513623836,20.0,9.57764659478372,2.154970483826337,0.0,1.0986122886681098,67.23507909538172,185.7616482546952,74.6,53.8,67.2,11.16279069767442,4.2,0.8666666666666667,0.0,11.5,2.39441164869593,0.0855813614967139,4.553525013868109,6.784166337971801,0.15962744324639533,0.0,0.1375192656876438,0.1235739099953772,0.28620919951511026,0.2662020099828966,3.0136796972911926,1.139587539573776,0.0414350460179602,0.1174643481280548,0.0698140269415508,10.8345118600921,45.79634087464164,37.47304370018995,0.7627272281836445,18.263773919036325,19.171858166658858,3.5570439426166445,0.042630718977262755,13.9,22.0,14.000000000000002,2.700000000000001,3.5999999999999996,40.699999999999996,36.99999999999999,3.299999999999997,21.1,11.040644066583278
741,Pakyong,Sikkim,64133.0,True,Gangtok,inherited,inherited,4.867694373289684,,19.3,104.73334646692048,15.2,32.900000000000006,38.2,68.3,24.549999999999997,25.2,43.3,11.767895118263313,28.559457738146456,22.370348447384053,36.567269610386624,0.1962849329082231,1.2697181597500682,74.41,6.5,0.5,49.8,15.033333333333333,0.9568890479275877,1.1317053162989739,7.510965635816224,0.1594815079879313,,15.0,6.400000000000006,12.400000000000006,1871.7240489795884,30.76,16.86823642180042,0.3066952076690985,0.3066952076690985,2.14686645368369,5.213818530374676,0.0,0.0,0.0,0.0,0.0,67.5342847287355,135.45193846705737,91.8,,63.4,14.93506493506494,36.9,0.43333333333333335,0.0,29.9,2.712286874976252,,5.344967119163989,35.259729374691275,1.2267808306763943,2.4535616613527886,,0.17395597030163984,,,3.9279859470994287,,0.004780498978120702,0.1790655576315105,0.2295477560442365,,49.11320955216666,,,12.652818271764215,52.330226364846865,17.21105527638191,0.10378888959300542,53.2,87.6,1.8181818181818206,7.400000000000002,3.299999999999997,,-1.5,3.6999999999999993,-0.20000000000000284,4.177347865987096
111,Pali,Rajasthan,1605543.0,False,,direct,direct,6.1756775330883755,165.95272639826814,27.3,31.188964164001586,11.65,14.75,8.1,65.9,22.35,4.55,58.8,16.556373182528556,23.80521084111346,3.5748537757908054,15.785955379967728,0.2727106263202513,1.123337436622332,88.3,6.3,1.3,72.6,30.03333333333333,0.29985829047882834,1.8098442772384702,3.3206529204877655,0.10283206120673126,56.28933314708158,18.200000000000003,3.799999999999997,46.9,1434.7499374983488,34.28,23.32231148168665,0.8637893141365425,0.082265648965385,3.61968855447694,0.6992580162057727,38.297872340425535,10.009530931497926,2.4690176297694886,0.0,1.0986122886681098,63.05785391670207,499.6601627470175,98.8,90.2,88.1,13.777777777777777,10.2,0.0,0.0411328244826925,96.2,1.9332427506865477,-0.1979185811370409,4.983226890399309,14.947566191036904,0.082265648965385,0.082265648965385,0.10480660381380691,0.0960774174878496,0.2283962565525708,0.4133972132532184,3.3560258571931225,0.34761095737590747,0.0622469074358956,0.1212247087952056,0.1375635542022601,8.19659078451953,70.05091327784596,81.63143111927769,0.7658750676366259,20.690367737468314,17.723718505647263,-21.47397745979486,0.0464426772651592,36.6,53.1,14.174757281553399,-6.4,63.400000000000006,32.6,15.700000000000003,2.8000000000000007,30.4,10.435038694743024
751,Palnadu,Andhra Pradesh,2041723.0,True,Guntur,inherited,inherited,6.415647494068624,,22.4,35.352914528874884,24.299999999999997,28.55,46.4,53.4,13.5,12.35,59.5,71.31690596681949,65.28259263345079,5.9041678010427665,25.700517453541384,0.34111030192715186,1.5145069745742232,137.81,10.0,1.0,59.3,22.833333333333332,0.11819339160212214,1.889197100439699,1.1758629873996034,0.30108011632835935,,16.599999999999994,0.7000000000000028,8.299999999999997,1137.7722737788984,30.44,15.386009725412691,0.32251808302344726,0.05691495582766716,8.442385114437297,2.8078044874982466,80.0,0.0,0.0,0.0,0.0,52.16843822815914,750.5193097135821,98.6,76.2,,14.639175257731956,53.8,7.1000000000000005,0.03794330388511145,71.1,0.38401881746392824,,4.715685205303535,11.55896640566424,0.34561693571753543,0.8157810335298961,,0.03534249764475875,,,3.59250984790068,,0.01067983814261008,0.1388493486120237,0.1647277992080855,,225.08152753708256,,,11.28016874418543,16.054781908159743,-32.20550221565731,0.06382393721904862,32.6,91.7,6.290115532734276,1.2999999999999972,-3.4000000000000057,14.5,1.0999999999999943,0.6000000000000014,18.400000000000006,1.741970656558132
619,Palwal,Haryana,1042708.0,False,,direct,direct,6.118023196126265,780.4408522624198,31.3,50.748703137512784,9.85,22.549999999999997,27.4,59.9,18.95,6.7,57.2,2.6854229962249243,1.8951892711723572,2.2518231991613655,25.420835905524193,0.0022861149230064626,0.8870125901265073,101.02,5.6,2.1,71.6,20.633333333333333,0.1425011635340695,0.5501916581368886,0.8092846827442877,0.0365778387681034,104.20778952205882,19.700000000000003,3.299999999999997,65.4,729.0641480576833,37.44,8.534829045890792,0.5334268153681745,0.07620383076688207,3.124357061442165,2.3623187537733443,42.857142857142854,0.0,0.0,0.0,0.0,27.799157463758583,279.2702749178541,78.3,69.0,72.35,8.852459016393441,11.7,0.4000000000000001,0.0,23.5,3.2005608922090474,0.2718199307324209,4.860113388035372,9.14445969202585,0.4572229846012925,0.0,0.1669248105566036,0.128077536880666,0.325145002308805,0.2968836913114697,3.2000292665537704,1.219671743409438,0.0618491240201287,0.1109135394061431,0.1986832129398927,8.811527958060395,67.05868018393029,62.03462522585422,0.7283563168635211,23.175871051131846,31.256347018714635,6.0536318303867205,0.07775670110954015,39.4,34.6,11.214953271028037,8.399999999999999,13.0,43.7,22.099999999999994,2.1999999999999993,11.899999999999991,9.88660807870199
420,Panna,Madhya Pradesh,1016520.0,False,,direct,direct,6.086238069290737,244.0978805973428,27.5,24.174809630255886,10.55,15.25,15.7,56.3,34.55,7.2,59.0,4.038017209734111,3.974064855955581,0.36649618126926853,8.501563542686903,0.0549334320918143,0.17791872781975673,92.55,7.8,2.1,74.5,35.833333333333336,0.4320883389908379,1.6939174731595275,2.276867774909975,0.0500140202626966,54.61118692829744,56.2,14.5,77.9,505.4228310294668,32.42,14.102313910137402,0.4919411829117698,0.08199019715196164,0.8199019715196164,0.0,11.11111111111111,0.0,0.0,0.0,0.0,35.70099154587866,80.15935604955833,84.0,64.5,61.5,8.09716599190284,9.9,0.16666666666666666,0.0,12.6,0.7379117743676548,-0.3909763946734606,4.600704748859612,5.821303997789276,0.16398039430392328,0.0,0.0374906203710261,0.0295974335561376,0.0711583633994846,0.4249773737850706,3.280805928393667,0.3005528298403356,0.0338561479387688,0.1569562069402774,0.1322309076079406,17.85037188972951,38.815461413037305,37.88415377956164,0.7829394962347442,11.686882702040613,11.65922619047619,-10.767497182922249,0.0704726889936907,24.0,22.1,11.25,4.199999999999999,-2.9000000000000004,38.3,9.799999999999997,4.5,22.499999999999996,9.669714781390478
52,Pauri Garhwal,Uttarakhand,687271.0,False,,direct,direct,5.892649666742888,222.40837776627785,23.0,50.518724970933505,11.35,28.2,21.0,71.2,24.65,17.150000000000002,40.3,9.29196266921973,10.73370856498126,1.0000031479482718,32.24722059036777,0.16389296150752727,1.8911711261454516,100.85,6.1,1.6,57.2,20.266666666666666,1.1741394195500197,1.450708792093972,1.265048796636226,0.049936136709324716,30.75756822057988,16.700000000000003,16.5,51.9,952.2117042899247,41.5,34.18704743946077,0.6402068808887784,0.6402068808887784,3.7131999091549153,2.048662018844091,30.76923076923077,22.407240831107245,3.072993028266137,0.0,1.0986122886681098,57.05651763856971,669.4937848619164,76.0,76.0,,11.314984709480123,9.4,0.03333333333333333,0.0,62.7,1.664537890310824,-0.1269904967383758,5.20130547359015,22.27919945492949,0.3841241285332671,0.0,0.2195272051721578,0.1587021187734167,0.0988586626021186,0.398899415223398,3.377124042346456,0.17398586032311184,0.0072772870998496,0.0861628571504431,0.1047296178470857,3.842976531107656,25.05664424448733,73.15163887316648,0.8569467926404774,9.532680456433912,18.896063960639605,3.259361997226075,0.1285469247728972,56.2,48.1,-9.375,3.5,46.800000000000004,14.799999999999997,1.5,4.300000000000001,14.599999999999994,6.037316554895405
772,Phalodi,Rajasthan,564560.0,True,Jodhpur,inherited,inherited,5.870292062388684,,30.3,28.652250419664625,6.9,14.8,13.3,52.8,25.25,3.85,43.4,21.392279494463544,22.694710806493195,0.4388223406299582,10.819881042249486,0.0710041792929001,0.61179182390743,88.3,5.3,2.4,64.4,23.76666666666667,0.10836393642085046,0.8118006894156281,2.0099962149833175,0.08503988915312453,,24.599999999999994,3.5,43.9,1285.7915651753585,31.93,15.81081434254694,0.5160187448611926,0.0,2.600734474100411,0.9907559901334897,55.371900826446286,0.0,0.0,0.0,0.0,49.280822171733625,245.70665992311373,90.0,81.2,70.0,14.43298969072165,13.6,0.16666666666666666,0.0412814995888954,87.5,2.4975307251281724,,4.499060609803946,7.009891262618549,0.22704824773892476,0.12384449876668621,,0.12177902391801271,,,3.3592661646067485,,0.05573858383000309,0.0881714507996516,0.1372843261865715,,161.66270575205803,,,14.770649723944508,30.051603764039257,23.990041869412696,0.0788041207803608,34.6,56.1,19.848484848484848,-5.0,69.9,39.1,17.299999999999997,1.5999999999999979,23.200000000000003,15.656408354775728
173,Pilibhit,Uttar Pradesh,2031007.0,False,,direct,direct,6.4070956154162095,651.1387131488175,29.6,19.114753494510314,12.05,18.5,21.4,50.9,21.55,7.85,52.0,0.7190797544497681,0.972872608961451,0.020757748902961715,23.063425653749178,0.01605788122681944,0.11671338062419984,86.91,8.6,3.7,57.3,32.800000000000004,0.19112795216311917,0.5056274308249731,1.7542256101201044,0.025065960939425466,64.3703311752988,23.200000000000003,0.0,51.9,527.6094952575698,38.53,8.89058302070247,0.23499338380711374,0.07833112793570458,0.4308212036463752,0.15666225587140917,40.816326530612244,3.916556396785229,0.0,0.0,0.6931471805599453,18.414081555125435,293.2760512033144,76.2,92.3,70.95,9.9009900990099,19.0,0.5,0.0,21.4,1.9191126344247624,-0.2827133491177274,4.508816254785971,6.188159106920662,0.3916556396785229,0.0,0.0314937528681793,0.0468973499291026,0.1450039468004469,0.3045804371919939,3.1640552918934515,0.3468189542380959,0.0916022114297244,0.0988879190872487,0.1066127669070551,14.074455078580892,79.5501099733118,63.67334036761074,0.6674863324595387,10.673007836879428,15.011612076559622,-13.036124585141689,0.06632348795868791,28.5,48.1,-0.851063829787234,6.199999999999999,18.0,21.299999999999997,12.600000000000001,2.299999999999997,36.9,9.954812450363065
306,Purba Bardhaman,West Bengal,4835532.0,False,,direct,direct,6.699782244276586,1123.932138921523,22.2,36.344990882257434,19.200000000000003,19.799999999999997,23.9,73.0,30.0,12.049999999999999,77.9,10.225258300199904,12.79684428714253,18.261214976521547,33.761997487009666,0.20062443074657188,2.6907628875950667,110.07,3.3,5.0,71.5,28.46666666666667,0.08623856127613835,7.0130715189630015,4.116893169439355,0.8258539999985749,76.09868922420362,35.8,0.9000000000000057,67.9,1761.7907249609434,33.06,13.454812569471585,0.4791031182007686,0.05988788977509608,0.9382436064765053,0.678729417451089,,10.979446458767615,3.8527875755311807,0.0798505197001281,1.9459101490553132,76.66328620629749,367.9991050900104,96.0,97.2,56.6,11.640211640211646,37.9,0.10000000000000002,0.03992525985006405,37.2,,0.0586990982814508,4.876870542766063,9.76172603334066,0.25951418902541634,0.39925259850064054,0.0653860699797796,0.0664762411565962,0.0925163278881946,0.3772241315036884,3.277150613963797,1.073925521574605,0.0166469772732854,0.0961079794277426,0.1338268097182879,1.9797731303211608,53.3103270912402,134.48817975311636,0.7181538864711283,8.493699780502627,11.581962397179788,-30.965554167410314,0.08041530883992283,27.3,32.1,23.231834558178644,,,,,,,4.879908765376409
457,Rajkot,Gujarat,3015229.0,False,,direct,direct,6.561395715100373,342.00532098644766,22.0,68.42901788809273,16.0,16.15,28.0,44.2,30.3,0.65,60.5,39.81888379240193,40.46295263855348,3.4446427163953626,14.964030915744452,0.029924767361687615,0.1880593178234497,98.87,4.3,1.2,77.0,31.166666666666668,0.6904659625196731,2.1205403954282125,3.532769783579782,0.03486647206361768,43.87391441420006,14.599999999999994,0.5,16.400000000000006,922.7642444522509,31.41,11.69536779456782,0.3569008951393936,0.13726957505361292,6.424216112509085,1.0981566004289034,45.18518518518518,6.863478752680646,4.420080316726336,0.0,1.3862943611198906,77.34316936820767,778.0370879251254,99.3,84.9,,21.220930232558143,24.7,0.19999999999999998,0.027453915010722585,45.1,3.8160941864904396,-0.1087706777323761,5.398503599589468,16.170355941315602,1.6197809856326326,0.0,0.0386838728402317,0.1304521888573389,0.525183327632795,0.3887573799637172,2.8254261177678233,0.7776284377093406,0.0791426523081551,0.1439974404595321,0.1839101087786023,9.373219936054731,94.00764415028266,138.71046255570295,0.5232409632161779,30.32120189444245,27.725293600703043,16.331539198854,0.0840549165846606,42.6,83.6,46.53629847313779,,,,,,,10.211165081259708
631,Ramanagara,Karnataka,1082636.0,False,,direct,direct,6.048980878707109,342.67330790142984,18.1,51.38698047223549,18.9,29.049999999999997,36.5,45.4,14.75,9.2,45.5,85.21616194232718,92.17621139921648,26.70118318790457,36.21887885132373,0.20904268680684096,11.885059424265863,131.82,7.2,2.5,60.2,18.46666666666667,0.06432082670979722,10.997074677744497,3.0766795442853003,0.1992158938372886,29.18978544038584,10.400000000000006,1.7000000000000028,8.0,1797.984189328978,31.3,27.872358240912128,0.4466724077069252,0.3573379261655401,2.412031001617396,0.2680034446241551,3.5294117647058822,13.400172231207755,0.0,0.0,0.6931471805599453,91.20782561930787,640.7086883044443,100.0,100.0,,14.6551724137931,39.9,0.4333333333333333,0.0,35.7,7.5934309310177275,0.2463069854509661,5.2726607416953915,16.973551492863155,0.9826792969552354,0.08933448154138503,0.09205695290371539,0.0545996532715949,0.2194127632076458,0.4908935228460904,3.688241795977712,0.8336416073338563,0.0108276636637019,0.2206378806258608,0.1220687323941531,6.8871186876023005,69.66062364297464,98.60839654325184,0.63039425986118,128.3173692515992,23.88012251386035,28.12491637453504,0.0595406696990953,54.5,92.0,8.19112627986348,13.7,0.9000000000000057,41.2,0.7000000000000028,2.599999999999998,25.299999999999997,2.573289406483804
607,Ramgarh,Jharkhand,949443.0,False,,direct,direct,6.032468851688837,729.2616303898272,27.9,52.06899040784328,10.4,24.25,14.1,49.3,28.55,21.45,62.3,0.4073762148071359,0.4751175899345184,0.0528939504419288,14.556043976001671,0.03619059767079339,0.0,86.87,9.1,2.6,59.7,31.366666666666664,0.2162156219819195,0.023199101071021404,1.5496999515442298,0.015775388728294554,72.05190156357982,35.8,23.299999999999997,66.8,241.3820068237635,38.92,5.474987852761052,0.3711856171363425,0.09279640428408563,2.505502915670312,0.46398202142042816,61.111111111111114,0.0,0.0,0.0,0.0,11.215373421774588,42.81718890071995,79.0,81.8,61.45,11.1888111888112,20.0,0.6333333333333333,0.0,49.7,1.6703352771135414,0.0480689827580982,5.025990619094796,11.042772109806188,0.3711856171363425,0.0,0.0834980496039746,0.0898190487771393,0.1931989445236475,0.3287453801860669,3.3267453795653217,1.0865565095529721,0.0139594100095698,0.1086831194903432,0.1264006176966392,0.4770238128608994,39.670275609778926,44.7399159296556,0.7906681105513442,12.920971332516082,6.001818732949379,-6.725616291532691,0.0726500193584881,44.3,33.2,0.0,1.299999999999999,28.000000000000004,15.700000000000003,7.5,2.8000000000000007,24.200000000000003,9.98100957242963
176,Rampur,Uttar Pradesh,2335819.0,False,,direct,direct,6.475219784737857,1018.6204818312718,31.1,20.20928883888295,13.4,19.35,20.6,60.1,20.5,7.35,55.4,0.47273190266392867,0.564465997090215,0.0160702063228531,4.060740260205943,0.16672839059960093,1.5631623608625234,86.91,5.0,5.3,69.6,30.03333333333333,0.12454409900211152,0.3943896468400198,0.8259416458016374,0.004687143510832154,63.06757844970906,21.0,0.0,53.8,534.9276186849509,40.04,8.235980740462214,0.16739798252971977,0.06695919301188791,0.5691531406010473,0.16739798252971977,34.285714285714285,3.347959650594396,0.4687143510832154,0.0,1.0986122886681098,34.91319282832848,221.8726340045412,81.0,79.4,85.3,7.3089700996677776,16.7,0.3333333333333333,0.0,13.1,1.1717858777080383,-0.1021473715272654,4.520393172069752,6.963756073236342,0.803510316142655,0.033479596505943954,0.0284597229635506,0.0280069848043071,0.2997134058183712,0.315632760928822,3.351409751925439,0.8223313638339462,0.0784470468950415,0.0886897548516081,0.1349901957198103,3.31170786145858,76.8201905399494,69.95319414732049,0.6007723472747525,11.08275083136263,12.643640096698347,-12.051329737771992,0.0331573262241566,26.9,46.2,-0.3968253968253968,4.600000000000001,8.8,11.100000000000009,19.1,5.100000000000001,22.6,8.911052765030124
731,Ranipet,Tamil Nadu,1199301.0,True,Vellore,inherited,inherited,6.057169351276958,,22.4,37.941507883537916,20.9,25.75,45.4,51.5,9.35,11.65,50.6,134.85886057543263,158.96052690451586,14.858011154685938,42.04116297114262,0.049412742928325634,0.3629833385924029,120.98,2.8,0.3,60.9,20.866666666666664,0.06623978511472843,0.501071922883994,26.636139397444726,0.4246824932758798,,23.799999999999997,2.299999999999997,14.700000000000003,3785.0609804222413,26.9,17.708458681881027,0.5341918154413583,0.34722468003688284,3.594301510871415,1.5779860291630603,50.0,0.0,0.0,0.0,0.0,83.42500291338465,2036.157041053392,99.5,92.7,,12.742980561555074,42.4,0.8333333333333334,0.0,71.4,0.1753317810181178,,4.872760115388426,14.552537824503778,0.8766589050905891,0.3506635620362356,,0.05335831120740735,,,3.356599435724971,,0.03987139573241097,0.1037158002733045,0.1854357535038153,,155.53929812040565,,,18.957748822583987,12.869993467008392,-7.212734918046855,0.1002040949267924,52.5,85.3,28.38345864661655,11.100000000000001,-0.3999999999999915,18.700000000000003,-0.5,3.3000000000000007,21.700000000000003,2.7785437233322474
424,Rewa,Madhya Pradesh,1747472.0,False,,direct,direct,6.324642791854595,386.7090455724508,28.6,18.111442539278237,13.4,18.85,18.2,57.5,31.45,9.100000000000001,61.7,5.423811112602939,4.6502305184883035,0.1752889541616613,10.885409065623964,0.12385686581482651,0.7655333966181931,92.55,12.0,2.8,78.0,29.066666666666666,0.41425573199083215,0.8488043967987827,1.191684985777681,0.012945491624713508,63.49040399798421,53.9,17.900000000000006,78.6,421.98873890676236,34.77,12.350698766280718,0.3148903368173555,0.13995126080771356,1.784378575298348,0.17493907600964193,39.285714285714285,7.103108804688034,6.25073574812547,0.0,1.0986122886681098,21.108148911323397,99.53858485872617,80.4,70.3,69.0,5.000000000000005,9.7,0.16666666666666666,0.0,29.4,0.9796588256539948,-0.2441732647340037,4.914105255818079,7.766065626458917,0.10496344560578516,0.0,0.1022470019015371,0.1090577890853869,0.14434228462043988,0.4194086861223133,3.3653007486379876,0.6913166666962978,0.0312032603321284,0.1304012913868835,0.1974513619676361,10.438331403266954,45.94398373127368,37.06810603837629,0.7168244553439033,19.090788764066538,15.91870394509324,-0.9800068772412438,0.09528391424024346,23.1,21.4,11.728395061728392,2.799999999999999,9.299999999999997,17.5,-1.1999999999999886,4.799999999999997,18.6,9.931113969256122
215,Rohtas,Bihar,2959918.0,False,,direct,direct,6.578971636889982,841.3427144500276,32.7,17.232450959225087,11.9,15.6,19.8,52.5,20.8,9.299999999999999,64.9,3.43404589501242,0.13762548615711964,0.28368778372616993,7.138597055919868,0.011864266048027554,0.00026365035662283455,82.08,3.6,3.1,70.3,40.0,0.027946937802020462,0.10097808658654563,0.0,0.0005273007132456691,71.66340952123343,31.0,0.4000000000000057,52.6,495.17834474581275,43.58,9.596872981071177,0.1581902139737007,0.07909510698685035,0.3691104992719683,0.1581902139737007,34.48275862068966,10.546014264913381,3.0583441368248803,0.0,1.3862943611198906,22.65995720066276,24.251087102881566,89.1,86.8,83.1,4.705882352941181,14.1,0.6,0.0,17.2,0.7645860342062201,-0.1625524551534747,4.5874831037485215,6.512163808584012,0.3427454636096849,0.0,0.067936413801525,0.1035926599820678,0.1069703456698793,0.3124677778235748,3.2100508498751372,0.7679827812620458,0.0505609019745651,0.0967043259972746,0.1443861595552715,24.50116798874513,47.75539167755465,33.204298227180615,0.8028733644003988,7.89316437657442,8.624735977470078,4.164782018718903,0.07732664341814885,42.6,47.4,54.811715481171554,4.300000000000001,11.6,11.200000000000003,8.399999999999991,3.8999999999999986,41.8,13.904432475266251
42,Rupnagar,Punjab,684627.0,False,,direct,direct,5.86039559068355,514.0222065213499,21.5,79.34671991618133,20.1,29.549999999999997,45.3,76.7,6.0,10.15,64.5,21.376475800410375,30.207028997186352,13.097573592032086,38.36043060570417,0.11170932515053163,0.42752951600820754,126.06,3.2,0.9,65.5,13.166666666666666,1.3212041172124604,1.5804800817593736,1.2977589502055589,0.3613313974004851,49.23469518442623,16.0,1.5,36.1,1086.9841405585707,41.16,13.377536468643912,0.6895637354971089,0.27582549419884356,2.6203421948890138,1.3791274709942178,71.42857142857143,0.0,0.0,0.0,0.0,35.00915085118822,1033.8642877582865,97.8,76.5,,16.274089935760166,39.5,0.13333333333333333,0.0,37.8,3.86155691878381,0.2115138346190536,5.359655852495221,22.341865030106327,1.1033019767953742,0.13791274709942178,0.2109572959358223,0.1685021940284706,0.5180912088669538,0.3413187034691883,3.750970984437319,0.8737108880138673,0.041280047068726,0.096723437486756,0.0999823438831093,6.341587906698387,35.515707011713175,102.51713706879804,0.6995269711908357,22.900411655858985,23.937967656287714,-18.9208984375,0.09941829831009676,64.0,63.9,0.0,1.6999999999999957,-4.0,-16.599999999999994,6.5,1.8000000000000007,1.7000000000000028,4.402395232622746
779,Sanchore,Rajasthan,845430.0,True,Jalore,inherited,inherited,6.024809824860554,,31.1,21.292490829920563,9.95,10.95,4.3,55.7,25.35,5.2,59.9,7.22062792688191,9.580201810710285,0.6510223280510932,7.658135889797534,0.7986048544637487,1.130883856238988,88.3,5.2,1.7,66.3,30.96666666666667,0.048466450981670926,1.2937485969251434,4.513056192311267,0.05326943261048516,,22.599999999999994,1.7000000000000028,63.5,797.5329162911361,38.66,20.914801820018347,0.4366346935285668,0.043663469352856685,1.7028753047614111,0.2183173467642834,61.764705882352935,0.0,0.0,0.0,0.0,27.843757771623178,234.3785173310382,95.5,78.0,,6.66666666666667,4.1,0.10000000000000002,0.0,96.6,1.4845579579971273,,4.22390804209578,7.335462851279924,0.26198081611714014,0.0,,0.09431229176512221,,,3.1646502159342966,,0.12063131463938624,0.0329872257206895,0.0439943318529645,,99.29645896056668,,,,,,0.040626971044422165,22.2,36.5,7.4725274725274655,-5.000000000000001,87.3,42.3,11.599999999999994,3.5,37.50000000000001,11.61347588577881
494,Satara,Maharashtra,3003741.0,False,,direct,direct,6.524409719910091,270.92993473574325,20.6,66.10734717990984,12.45,28.5,26.6,47.2,35.05,6.1,49.6,12.109037899163537,14.714337491599478,4.368772030276401,13.013643357191206,0.058294138901320534,0.5763646143679282,92.93,10.4,5.9,68.9,22.900000000000002,0.015545103707018811,2.186478625252607,1.018204292809732,0.38922548127958634,36.733787619149616,21.299999999999997,4.400000000000006,17.900000000000006,662.1768752179946,33.51,14.229748777963371,0.448416453087081,0.0896832906174162,7.025191098364269,1.405038219672854,60.86956521739131,10.463050572031891,5.1119475651927235,0.448416453087081,1.3862943611198906,42.075214737462865,343.73721944552665,97.1,82.8,75.0,16.326530612244902,36.2,0.5666666666666667,0.029894430205805404,11.4,1.3751437894670484,-0.0741924742040048,4.91975844827004,10.463050572031891,0.47831088329288646,0.0896832906174162,0.1391490767853943,0.1253242407884154,0.27175427173114297,0.4510864951405597,3.4163075870598827,0.44638760701559194,0.0169688315919456,0.1007197823439507,0.1764671409457305,9.338376228051914,75.79083653566646,116.90222292800875,0.7316941197913107,18.602407084166526,19.592577722694504,9.479406745368497,0.13375315873384494,48.3,82.1,1.02880658436214,7.300000000000001,2.5,23.599999999999994,0.7999999999999972,2.099999999999998,14.400000000000006,5.873351713975988
428,Seoni,Madhya Pradesh,1379131.0,False,,direct,direct,6.214824820142167,224.9127544848328,24.2,24.955361647264887,14.149999999999999,23.4,15.7,36.7,43.900000000000006,12.55,59.9,4.427023226857497,4.009321999530034,0.4902653821478551,10.313256726699843,0.026220660985519614,0.3231848912168696,92.55,6.7,1.6,71.8,25.233333333333334,0.47258168055296973,4.958144057517674,2.619017184483878,0.06585654387060741,46.3036963619403,43.8,20.900000000000006,71.0,580.942525663918,41.12,19.20815862892716,0.30489140680836757,0.24391312544669405,1.3415221899568175,0.0,22.22222222222222,6.097828136167352,0.0,0.0,0.6931471805599453,59.92030818004848,256.2222013223615,94.8,88.8,,12.111801242236035,15.9,0.0,0.0,44.6,0.5488045322550617,-0.3289738138634874,4.5929673256475665,6.219784698890699,0.12195656272334703,0.0,0.0413194146582693,0.0379641215207542,0.1116502845358301,0.4962791787002105,2.845098040014257,0.2426380369768253,0.0273985173044925,0.1014823077850055,0.1804265788210457,11.060406094044616,76.6611350141462,58.01551846778877,0.7997650323080576,12.095042108087942,17.900424951471592,-18.438258152062172,0.09983659876500206,33.0,29.0,6.666666666666667,7.0,23.0,31.699999999999996,9.0,3.8000000000000007,32.5,9.533108362307752
180,Shahjahanpur,Uttar Pradesh,3006538.0,False,,direct,direct,6.561694610268388,727.4236306445729,34.4,23.620735076059784,7.9,15.3,17.2,54.0,27.8,10.299999999999999,60.3,4.505654461295165,3.8782153969961914,0.500963590472202,10.200068636454544,0.24828699308726326,2.761061103237809,86.91,5.8,7.3,75.4,32.06666666666667,0.32757422071402464,1.6965820610515316,3.98877855524389,0.08422553246164621,88.98493045937211,30.799999999999997,0.0,59.6,544.7745848656882,39.79,9.465084266862522,0.43896042976753724,0.054870053720942155,0.43896042976753724,0.08230508058141324,29.230769230769234,9.602259401164877,2.853242793488992,0.0,1.6094379124341003,22.75131907485146,183.25198756424797,63.3,76.5,66.5,4.36507936507937,8.6,0.20000000000000004,0.0,14.2,1.78327674593062,-0.3273740029944193,4.5827881180527,6.556971419652587,0.2743502686047108,0.10974010744188431,0.024330650431315,0.0463449415456792,0.17945116490815738,0.2967579322130637,3.144574207609616,0.6399881162137953,0.0731506946649633,0.0962412177661,0.1456511418426547,13.251738216772456,79.18461255207274,49.76022255497851,0.6678274935497239,11.401448462674571,15.230438852486097,-12.684105473264,0.05752384989076195,27.7,40.4,-3.9893617021276597,0.1999999999999993,11.1,11.200000000000003,11.099999999999994,2.6000000000000014,34.400000000000006,9.693587568965626
430,Shajapur,Madhya Pradesh,941403.0,False,,direct,direct,6.057919675878366,253.96966661565085,25.0,43.513914210719825,7.25,24.700000000000003,16.0,32.6,25.95,5.95,45.8,8.118725927664201,7.064175454145244,0.10764291140483956,27.54258298970009,0.19078174541670753,1.0808048421542835,92.55,4.0,1.8,76.1,26.26666666666667,0.03850640733181253,2.729579192452802,1.6268957097690793,0.021003494908261377,51.93693201121114,25.5,8.200000000000003,62.3,687.29211300931,31.77,11.72695132377927,0.350058248471023,0.350058248471023,2.275378615061649,0.6126019348242902,42.857142857142854,0.0,0.0,0.0,0.0,59.12833874924049,254.98767906002018,98.1,90.0,77.2,9.240924092409244,10.4,0.8666666666666667,0.0,34.3,1.2252038696485803,-0.3150638222847292,4.546625873029663,10.239203767777422,0.350058248471023,0.0,0.0326248415402808,0.055938421831075,0.1773403378036634,0.4745686631880746,3.295567099962479,0.4493287335281145,0.1370601891453713,0.1156314250061318,0.1232750563175331,9.172858359784076,179.44689978299434,43.66684053015804,0.7712629061071244,15.541711086492242,18.140350877192983,-2.013904215404988,0.055706059105366745,19.6,37.7,10.871740370489574,,,,,,,9.211486303889847
431,Sheopur,Madhya Pradesh,687861.0,False,,direct,direct,5.948535880376109,131.15327042922448,31.0,27.522614816232696,9.85,22.45,11.2,33.6,33.65,6.6000000000000005,64.9,5.131430373149614,4.490845932096053,4.183500497284767,11.22317450415281,0.23191633542536652,0.486348819921157,92.55,3.7,0.2,71.6,33.233333333333334,4.875872081200304,1.2901753417352915,2.5274377331550864,0.014635496895775557,61.326735833998406,52.0,8.900000000000006,77.1,660.8287106827792,51.97,13.39710869690224,0.337742236056359,0.11258074535211966,0.45032298140847865,0.11258074535211966,14.285714285714285,0.0,0.0,0.0,0.0,51.80177835887082,277.8222601501468,84.2,65.8,,5.555555555555555,10.5,0.06666666666666667,0.0,27.1,0.7880652174648377,-0.4018415525281168,4.345285331064447,3.715164596619949,0.22516149070423933,0.0,0.0254144988336573,0.051430021529594,0.1058532189130942,0.4033591088897321,3.1492191126553797,0.24422551889048602,0.0646889534636575,0.1280774737771428,0.1440610478626025,13.887122959129927,96.15274626808764,29.41001161571888,0.8602570439940682,12.913011491888126,13.656504785537043,7.628788589659378,0.0468915555409085,15.9,22.9,19.607843137254903,4.799999999999999,4.700000000000003,17.099999999999994,7.0,3.0,31.5,10.083142798200074
432,Shivpuri,Madhya Pradesh,1726050.0,False,,direct,direct,6.321221648900659,268.3319676997976,27.8,25.128133395152577,12.55,14.7,16.4,32.6,25.45,6.199999999999999,51.1,1.2347379025463403,0.6099710241415627,0.13029897464056858,12.978350616946301,0.05584241770310081,0.03818284971152192,92.55,6.8,0.6,70.5,31.233333333333334,1.10777992725553,1.9688031882503492,3.2073593757678416,0.024341566691095225,57.19555728452369,44.5,13.200000000000003,67.3,497.737310270758,29.75,13.268540274753867,0.4295570592546216,0.04772856213940241,0.6204713078122313,0.0,28.57142857142857,4.772856213940241,2.004599609854901,0.0,1.0986122886681098,42.36387175493357,109.95992517048363,94.5,63.1,,8.016877637130795,8.9,0.3,0.0,38.9,0.6681998699516336,-0.355601920383616,4.5353610377108655,5.202413273194861,0.1431856864182072,0.0,0.0234424280133088,0.052945167576984,0.18729083667666419,0.4398951362938501,2.858537197569639,0.3966166358128984,0.0479887594048612,0.1115366764236727,0.1680349430488774,15.141499059735896,70.88907648338257,39.754931780655255,0.786968623850537,14.552915881925188,20.74949358541526,-5.307453416149068,0.06273202082082045,21.2,32.7,6.691449814126393,6.899999999999999,22.0,0.0,7.599999999999994,3.1999999999999993,31.6,10.5454435522627
625,Shopian,Jammu And Kashmir,266215.0,False,,direct,direct,5.586970004878538,857.571799395013,23.0,14.461344314297094,5.25,14.649999999999999,27.6,91.0,26.0,0.4,63.9,5.9584776465924305,10.35097832698659,3.727284018719853,56.62624477606543,0.0,1.5349162660422728,87.34,2.7,3.8,57.1,29.433333333333334,0.0,4.376970330316161,7.369151112010709,0.0,30.39794007490637,13.5,0.7999999999999972,33.900000000000006,1121.2679801064387,39.22,18.11874175766595,0.5176783359333129,0.25883916796665646,1.2941958398332822,0.0,40.0,0.0,0.0,0.0,0.0,34.984701942373285,285.84385836061773,98.3,92.2,,17.073170731707318,31.7,0.13333333333333333,0.0,8.4,1.2941958398332822,0.2654110522567991,4.763232882103276,10.353566718666258,1.5530350077999389,1.0353566718666258,0.1242298126162953,0.1498812432014094,0.0913188633139924,0.3295118607140845,3.762903528499057,0.28120786335685144,0.0071407440316973,0.1053569832281176,0.0940774464897924,6.1362479116929824,123.53925828334738,59.89519749074996,0.7150830981498902,6.714288017055068,47.654320987654316,-33.877134845781285,0.0887444442514036,55.2,66.1,12.5,-3.6999999999999993,7.6000000000000005,22.299999999999997,6.200000000000003,4.800000000000001,26.4,12.863471314093283
433,Sidhi,Madhya Pradesh,1127033.0,False,,direct,direct,6.109538092546479,399.5565040605821,30.7,18.305512375575116,11.25,21.75,14.6,67.1,30.95,11.35,55.7,6.424840867735919,8.226873520406407,0.7459902313771749,9.91001397995116,0.17950389942513273,0.3489058478003662,92.55,9.6,2.8,72.5,29.5,1.2044633944110636,4.130920906251106,13.996641716214246,0.09014048629140863,50.32837385038134,55.3,16.299999999999997,79.1,650.3068822520024,32.8,17.40643873213408,0.46624389461073434,0.07770731576845571,1.7872682626744818,0.0,22.22222222222222,0.0,0.0,0.0,0.0,53.21396983823848,252.08486357234338,83.8,78.2,67.4,6.5384615384615365,7.0,0.0,0.0,26.1,0.6993658419161015,-0.3297617209676252,4.662739095830966,5.750341366865723,0.15541463153691143,0.0,0.0630264098336471,0.0629860102880641,0.1033722302010027,0.4097129365333579,2.7641761323903307,0.46570829974163336,0.0236432590619136,0.1282638143778849,0.1936625891399033,15.996971346021516,33.74103150822201,27.267169639220857,0.821645895024568,13.211797826952843,10.24671460451277,21.148639019524012,0.0766038743645412,27.1,20.9,30.681818181818183,4.299999999999999,5.300000000000001,43.800000000000004,23.0,4.800000000000001,33.2,9.38439693861534
638,Singrauli,Madhya Pradesh,1178273.0,False,,direct,direct,6.192574036497659,345.58913222854426,29.5,33.21708313160047,12.149999999999999,22.4,11.9,50.7,25.9,13.35,54.1,2.369026990488229,1.8343752746722728,0.32412859122095794,4.053853826042713,0.05327261994324655,0.17650566848666027,92.55,3.8,0.0,56.6,32.833333333333336,1.2637805863644875,0.7265615153705434,2.314470692955989,0.20089554267754423,45.16716393027962,47.4,22.099999999999994,68.3,357.85850354936144,39.52,14.184637358382517,0.44928715614786247,0.06418387944969464,1.8613325040411446,0.12836775889938928,21.428571428571427,0.0,0.0,0.0,0.0,22.246132617264163,120.79791215709228,69.9,76.9,,2.372881355932195,4.3,0.3,0.0,58.5,0.8985743122957249,-0.3342441806083323,5.273197088037767,5.840733029922212,0.25673551779877857,0.0,0.0387614808493174,0.0364200514012688,0.11148340357045079,0.4238737542148551,2.6766936096248664,0.6909474093018035,0.0162915419171895,0.3004751983631382,0.1381045479036624,4.422134746644524,9.900119077690158,14.592543493740417,0.8211585436780272,13.2212373278426,13.499556621981117,20.581865012000232,0.06318076543644174,29.9,31.7,41.61490683229814,0.9000000000000004,32.8,34.7,26.400000000000006,6.0,38.7,12.602987448408129
183,Sitapur,Uttar Pradesh,4483992.0,False,,direct,direct,6.734657829681647,817.7239547886202,33.6,12.75868295523513,8.8,20.4,15.4,42.1,36.75,6.95,55.3,4.843572379095861,2.4739210968689456,2.386047065801369,16.428943586177123,0.2790967653404165,0.31667811196051215,86.91,9.5,5.4,66.4,34.63333333333333,0.3717605758791818,0.34928545682206574,2.1541112060234253,0.0976378122973074,93.43928427599784,47.5,0.29999999999999716,68.5,448.66361706800086,31.65,9.91115905961347,0.33160011723613836,0.03684445747068204,0.1842222873534102,0.07368891494136408,21.59090909090909,7.368891494136408,6.429357828634016,1.2342893252678484,1.791759469228055,72.15231684254928,139.7438425170902,84.8,65.9,63.95,4.669260700389116,8.4,1.4666666666666668,0.03684445747068204,23.2,1.6211561287100098,-0.3602574330524132,4.460770430020681,5.766157594161739,0.49740017585420754,0.03684445747068204,0.0244930226361984,0.0411014869696758,0.1415579852091094,0.3172623858383333,3.1981069988734014,0.5634383594324607,0.047052916863511,0.1036581302123751,0.1296545699502813,18.41540584263141,56.16356865414178,47.0203782700772,0.7212185601335617,8.723109528471328,10.19559902200489,-17.264816885658373,0.0555045585556708,23.9,31.5,2.5830258302583027,5.800000000000001,20.4,21.10000000000001,17.0,2.1000000000000014,34.2,10.40554452160871
496,Solapur,Maharashtra,4317756.0,False,,direct,direct,6.698349891681775,275.21508726013707,25.7,45.76209533653875,11.649999999999999,25.95,28.2,52.1,24.700000000000003,6.7,54.5,7.4776694621490964,6.576583754094757,4.866143223580406,15.22432272201257,0.08051488211554671,0.20569349236981713,92.93,11.4,2.4,70.9,30.8,0.2221169260351774,1.2515858167662972,0.3234615288970347,0.1480111887646493,37.952901468054826,32.2,9.599999999999994,26.900000000000006,602.6582989219481,31.67,10.49497468371803,0.3204572422509322,0.06008573292204979,5.748201782876096,0.5407715962984481,90.80459770114942,6.0085732922049795,2.7839722920549734,0.0,1.6094379124341003,38.2447692906611,275.4960897342444,96.2,83.6,77.0,11.413043478260873,21.2,0.7000000000000001,0.0,20.5,1.7424862547394437,-0.1331504712204311,4.89053626826852,9.012859938307468,0.46065728573571507,0.020028577640683262,0.0656055838339342,0.1136919751442575,0.2400617972199939,0.4396716720444601,3.281260687055013,0.6897820074716531,0.0088430505401119,0.1221053554911721,0.1474489356135071,6.757677494455239,90.02892154073741,81.22228305629129,0.7241273118181455,18.032729878789176,19.947246556703984,12.096764152940152,0.0868408647021426,36.0,73.1,3.6468330134357005,5.199999999999999,-1.0,18.69999999999999,9.799999999999997,-0.3999999999999986,14.699999999999996,7.642330494021896
742,Soreng,Sikkim,64760.0,True,Gyalshing,inherited,inherited,4.821967608520538,,19.2,39.22029739430402,10.5,38.900000000000006,24.5,83.4,26.9,35.7,42.7,3.590187689996466,24.55202059712723,2.4959671390612885,57.52882425962465,0.20024951258944435,2.639002505196606,74.41,3.3,2.1,67.1,21.866666666666664,0.15733890274884912,1.0227028678675192,9.147111664353545,0.15733890274884912,,11.099999999999994,10.099999999999994,30.200000000000003,1237.8638173765705,38.0,46.48649399397815,0.0,0.7151768306765869,3.575884153382934,0.0,0.0,0.0,0.0,0.0,0.0,41.42304203278791,716.2996583007491,99.3,96.9,,2.4937655860349235,28.0,0.5666666666666667,0.0,19.9,1.5067194393662775,,4.652425305973888,13.560474954296497,0.0,0.0,,0.10976848154291365,,,3.7293268096468606,,0.00742503032771939,0.1624611307403654,0.3463484959939171,,46.18931779926243,,,9.296458940889933,37.547892720306514,,0.06909204063826073,43.9,69.8,35.41666666666667,1.6999999999999993,-16.4,18.5,4.700000000000003,4.900000000000002,-5.099999999999994,5.098602814083168
83,South,Delhi,1231293.0,False,,direct,direct,6.23561532294609,10291.969422857508,22.1,117.00125918610244,10.100000000000001,25.75,33.0,80.7,11.200000000000001,10.15,47.9,27.507868883064532,21.699147251966252,15.753825042132046,49.19422799574487,0.2795952271148076,2.7279426213093387,120.33,10.6,4.9,72.7,18.933333333333334,1.1358192802127527,1.982161589317035,5.478555125898256,0.012788139285916355,112.63444554765886,16.200000000000003,0.0,0.9000000000000057,3126.04669774485,33.86,2.732011574718494,0.0,0.11625581169014867,2.8482673864086427,3.6039301623946094,,17.55462756521245,21.914220503593025,0.0,1.3862943611198906,144.3019449813386,2818.760498843566,96.1,64.6,79.44999999999999,11.309523809523805,23.8,0.43333333333333335,0.11625581169014867,24.5,,0.9430009467903806,5.93852106848951,25.401894854297485,1.9763487987325274,3.138906915634015,0.5263690019654279,0.3173126747975484,0.4010323241185277,0.3383664070332721,3.5033820634737327,3.148631559168032,0.0338316883721939,0.1051901900135539,0.1008597839585176,-1.1126024212123498,88.64997763894385,52.62947902379601,0.8547642231186535,58.69116525271311,24.61343168710706,7.202845463715028,0.13524006614428555,65.5,99.1,,,,,,,,19.781223694908228
707,South Salmara Mancachar,Assam,555114.0,True,Dhubri,direct,inherited,5.77428176182249,,36.7,17.31063750851697,10.35,16.0,8.5,76.2,37.6,0.55,57.1,3.0076810845784814,6.327646776870097,1.1377229961967394,19.055253232910935,0.10659457450242524,0.29460812048408985,109.67,5.4,3.9,69.6,28.333333333333332,0.046065997021148594,0.6797412816260183,3.7908030339380074,0.0,,41.0,1.7999999999999972,71.5,876.5486121785689,45.49,14.730406024204493,0.3213906768917343,0.1606953384458672,0.33631654577721476,0.5044748186658222,0.0,0.0,0.0,0.0,0.0,41.415473926525195,124.04983781554348,71.7,65.8,60.9,7.0247933884297495,5.0,0.09999999999999999,0.0,68.2,0.6726330915544295,,4.012530874346941,3.3631654577721477,0.16815827288860738,0.0,,0.040461745214473106,,,3.490379920003179,,0.004170222512828697,0.0807758811191723,0.2011246653620879,,60.51790542505656,,,6.018384586683259,2.4235200635677394,,0.048189453827324924,20.9,28.5,-4.745762711864401,,,,,,,5.654183866943563
663,South West Garo Hills,Meghalaya,146705.0,True,West Garo Hills,direct,direct,5.076895343180423,,30.3,28.080209275104906,14.8,16.8,9.0,71.5,31.75,15.9,62.5,0.4104882562901867,8.921836590796916,0.24294202923296765,6.408643184938629,0.11728235894005334,0.6199210401117106,77.51,7.9,7.5,35.5,26.166666666666668,2.647230387504061,2.186478263096709,18.890837100701447,0.008377311352860952,,28.599999999999994,41.4,66.1,1215.6065184795943,36.96,30.15832087029943,0.8377311352860953,0.8377311352860953,0.8377311352860953,0.0,0.0,0.0,0.0,0.0,0.0,63.16492760057159,264.1114950216473,83.7,85.4,78.30000000000001,15.09433962264151,2.4,0.0,0.0,75.1,9.215042488147049,,4.545676371409058,10.052773623433144,0.8377311352860953,0.0,,0.06133252376792395,,,3.4260230156898763,,0.02797100465921688,0.0684174443034546,0.0818574980098647,,67.62503717210153,,,7.673617199220633,13.90644753476612,-22.43861134631668,0.05993939637753021,33.0,33.9,53.058840324537805,,,,,,,20.1103879074149
519,Srikakulam,Andhra Pradesh,2191437.0,False,,direct,direct,6.45206796984098,531.415316160493,20.7,21.9758553925848,17.5,22.5,27.2,54.0,14.2,14.450000000000001,62.6,44.20631600014025,57.56549753627722,3.091987881113776,30.91387563685967,0.14619495006636632,1.689010739534855,137.81,11.9,1.3,59.6,20.2,0.1557294033315641,6.8528000023862425,0.796656539492083,0.7811189119487978,32.25844213789217,28.400000000000006,12.299999999999997,25.299999999999997,1380.283024040358,28.9,19.77516232781766,0.5296918480665446,0.10593836961330891,4.3081603642745625,0.45906626832433867,15.254237288135593,12.35947645488604,6.320989386927431,0.0,1.6094379124341003,70.45643147872336,546.9668648714882,97.9,82.8,79.7,12.151898734177207,57.0,1.6666666666666667,0.0,75.6,4.166909204790151,-0.0994115713783691,4.728045756482613,10.982277649913025,0.10593836961330891,0.4943790581954416,0.047894169546603096,0.0490967225003844,0.1009641887786588,0.4773339193241572,3.5415792439465807,0.4862773628599914,0.0209017453900917,0.0781955480518394,0.1477665243377759,8.99016308063796,153.11361264135095,125.81156399619104,0.6800075275741511,11.175085482609246,13.39529419894275,-32.8181721685596,0.08995846613838372,42.5,74.7,-2.2108843537414966,2.8000000000000007,-6.6000000000000085,23.599999999999994,6.700000000000003,1.5,38.3,1.9957939469405432
642,Sukma,Chhattisgarh,250159.0,True,Dakshin Bastar Dantewada,direct,direct,5.474297425797235,,29.6,40.55293121812274,6.25,16.3,3.8,68.6,53.1,43.2,78.4,3.4188241116463667,2.127119221573892,0.16775388182759404,1.6238575760911105,0.46300071384415953,2.2713875599456235,94.16,4.9,1.8,91.4,33.46666666666667,61.27042779871045,3.1168671243566974,16.644540154933882,0.2717612885607023,,64.5,4.0,85.6,817.0318611307506,43.35,32.87976083820843,1.0065232909655641,0.3355077636551881,1.3420310546207523,0.6710155273103762,0.0,0.0,0.0,0.0,0.0,92.6773095544726,143.13432213057632,81.2,73.3,57.1,8.292682926829274,3.2,0.20000000000000004,0.0,78.1,4.361600927517445,,4.6116111113656775,10.40074067331083,0.3355077636551881,0.0,,0.021559908033989314,,,2.6757783416740852,,0.005797626420274043,0.1004868516793231,0.1952987578652345,,49.33691397026889,,,11.138857753352246,19.531497309275085,18.14946619217082,0.058645905535555515,15.9,14.4,4.123711340206185,,,,,,,9.927741468121006
223,Supaul,Bihar,2229076.0,False,,direct,direct,6.470175488365312,947.2344631804756,39.8,18.556416204086972,14.149999999999999,12.85,9.4,68.3,32.2,4.0,60.7,0.8267844331430713,0.8298327985254095,0.0013548290588169952,1.19258827902366,0.18696641011674534,0.008467681617606219,82.08,39.3,5.0,63.6,37.699999999999996,0.04911255338211607,0.1686762178227159,1.0367829372597055,0.04369323714684809,76.47184483843894,49.3,0.29999999999999716,85.0,452.8512742023159,33.94,14.936990373457371,0.06774145294084975,0.06774145294084975,0.270965811763399,0.0,33.33333333333333,0.0,0.0,0.0,0.0,58.180085565513515,42.7211472971469,80.4,73.6,62.15,13.168724279835384,3.7,0.20000000000000004,0.0,14.2,0.6096730764676478,-0.1270114841111188,4.326408421432248,4.470935894096084,0.23709508529297413,0.0,0.0291653506434156,0.0411041400919318,0.0826014747701254,0.3937425193219073,3.245759355967277,0.7306829264811464,0.0231968231145471,0.1128010845058833,0.1461328082934634,17.992379248166767,63.597208862816814,24.90045202586184,0.80028826231871,12.940649755290528,3.3682201919740953,22.08730108007925,0.0498724024880083,16.2,15.0,109.95260663507109,3.8000000000000007,5.799999999999999,7.699999999999989,19.300000000000004,2.6000000000000014,34.300000000000004,14.48188482344791
756,Tamulpur,Assam,389150.0,True,Baksa,inherited,inherited,5.705395436152921,,26.5,18.575347441980316,14.75,24.75,18.8,66.9,36.25,22.65,73.6,1.2277018841199347,4.296553010631435,0.18080553717479644,5.162643820401777,0.005650173036712387,0.015336183956790766,109.67,5.8,0.8,78.6,30.733333333333334,0.049237222177065096,0.3373960470493969,1.175235991636177,0.009686010920078382,,31.099999999999994,10.200000000000003,64.8,496.39918081067356,30.41,15.578334229792727,0.484300546003919,0.08071675766731982,0.32286703066927935,0.5650173036712387,0.0,0.0,0.0,0.0,0.0,14.446685287296905,149.6577475585544,89.9,70.5,59.0,7.915567282321905,17.6,0.19999999999999998,0.0,69.0,0.24215027300195952,,4.2880687228827465,5.123631792522809,0.08071675766731982,0.0,,0.08407379662569349,,,3.8640955734242475,,0.006814753862427385,0.037146903195776,0.0738858245568001,,73.25034217836401,,,,,,0.01707145735545598,27.8,35.2,-0.49999999999999273,3.6000000000000014,65.3,11.399999999999999,2.1000000000000085,1.8000000000000007,11.300000000000004,7.368043766138603
55,Tehri Garhwal,Uttarakhand,618931.0,False,,direct,direct,5.844683235219893,357.3096628618797,25.7,45.3361380736918,10.4,27.0,20.9,55.5,22.45,17.950000000000003,42.2,2.1849430366377884,3.007156548461563,0.7178281442357131,8.619657476997766,0.004289809626906652,2.6511023494283106,100.85,3.0,2.5,61.7,20.933333333333334,0.008579619253813304,1.850337885739069,0.3217357220179989,0.03717835009985765,29.708785892634207,15.400000000000006,15.900000000000006,65.1,567.1657403291246,38.3,13.870384460331508,0.7149682711511087,0.28598730846044346,1.4299365423022175,0.8579619253813304,0.0,0.0,0.0,0.0,0.0,21.411869784433403,216.6911536839357,82.2,83.0,79.2,8.996539792387546,15.0,0.0,0.0,71.2,1.4299365423022175,-0.0491782681116206,5.016061878808258,16.158282928015055,0.8579619253813304,0.5719746169208869,0.23322508604201458,0.0934846829117128,0.058366702590990596,0.4531070507051674,3.2619761913978125,0.2933697356495765,0.0127444405487819,0.1090093362010822,0.1459275442078575,-2.0756230390057584,27.09791548793317,66.72149237960289,0.8703748547074778,2.5724558396016888,27.266576454668474,-26.691116544417277,0.12156573508493565,50.8,34.9,3.571428571428571,15.599999999999998,33.800000000000004,31.9,11.100000000000009,3.6000000000000014,18.19999999999999,10.057525547563392
497,Thane,Maharashtra,8070032.0,False,,direct,direct,6.979974077281394,1084.0845135700438,22.5,194.93134668999096,14.8,27.1,30.7,62.2,15.55,8.0,58.8,3.06858394040859,2.908468428519543,1.952173559604714,6.601282955174443,0.2985541689965154,0.29384180926138975,92.93,3.0,0.4,67.9,29.799999999999997,0.6769042961744915,1.3344355578823555,0.6139681139342581,0.27802922437241256,35.371523232984295,25.299999999999997,3.299999999999997,9.599999999999994,530.7043825832709,34.81,3.1729888883179287,0.15707865783752123,0.041887642090005665,5.9166294452133,1.7278652362127338,66.66666666666666,7.3303373657509905,5.968988997825807,0.4502921524675609,2.3978952727983707,25.19332233503391,441.12064379374374,93.6,74.9,,14.676616915422882,26.6,4.033333333333333,0.14660674731501983,22.7,1.130966336430153,0.016486739986142,5.599854136042104,13.215551079396787,0.6178427208275836,0.42934833142255807,0.1725297559474385,0.1032241662887653,0.1373186764285243,0.4062121953521779,3.3571722577230334,1.1104648163757085,0.0084354060917945,0.1261354999663302,0.2092609070332074,2.969548742955608,59.57571522438824,129.37060155072066,0.7184053204440972,24.113877798374464,24.227555755662543,3.2281201949155203,0.09461665042090706,55.9,90.4,-25.37231761515855,,,,,,,14.206641845046622
565,Thiruvananthapuram,Kerala,3301427.0,False,,direct,direct,6.5772753611535855,1510.3215667956874,20.3,25.632347891361594,31.150000000000002,31.75,50.6,74.1,7.9,7.6,33.0,49.703865197694384,64.00649404680433,12.21693357862887,51.81470527156325,0.061406256694367,2.2535037478268993,164.0,6.4,4.9,33.0,17.366666666666664,0.8774212971630457,0.33773441181901853,3.1240433093259212,0.05505388531219111,20.26991626026694,4.599999999999994,7.099999999999994,27.799999999999997,3498.6471493292297,33.23,15.060413818575357,0.6352371382175896,0.2646821409239957,13.419384544846583,6.484712452637895,48.4375,18.5277498646797,12.863552048906191,0.6352371382175896,2.302585092994046,351.2231430847872,1515.5627925129945,99.5,72.8,80.8,28.52173913043477,32.8,4.8999999999999995,0.9528557073263845,48.7,1.6939657019135728,0.6366051210010285,5.576797623565277,22.524450192632035,2.0645206992071667,3.334994975642346,,0.11016226981750706,,0.3730717050536026,,0.9900453503462268,0.005085637210766705,0.1078990318710562,0.1123951648235246,10.69882920278422,74.52101160387308,218.05722192252017,0.7933018474788165,25.25199965485381,26.51929824561404,-10.475841942778857,0.15574690932777524,83.1,72.2,18.295218295218298,17.0,-9.199999999999996,-9.100000000000009,-0.5,-0.6000000000000014,-1.6999999999999886,9.318875210934753
591,Tiruchirappalli,Tamil Nadu,2722290.0,False,,direct,direct,6.469989208597115,646.2091201312688,21.5,57.8797473395303,24.6,25.15,33.5,62.5,11.65,13.049999999999999,62.4,118.32969146714998,140.31749626376603,24.410600714195358,22.934558893639338,0.058960348204028255,0.6238275922046898,120.98,5.2,1.4,82.3,25.3,0.09860609958259899,1.0429882285747067,27.453835698220516,0.29242977298894474,27.12335782027364,32.900000000000006,1.9000000000000057,28.799999999999997,2731.4770601077216,26.15,15.858300551428291,0.4743936062393079,0.3388525758852199,6.946477805647008,2.0331154553113193,63.63636363636363,18.636891673687096,7.793609245360057,0.03388525758852198,2.1972245773362196,82.71899656222045,1052.1521576369466,98.6,97.1,62.5,12.471655328798189,41.0,6.266666666666667,0.06777051517704397,67.8,3.354640501263677,0.191351469715571,5.2188331513939685,17.58644868844291,1.7620333946031432,1.0504429852441817,0.0924160439239763,0.0513593483169765,0.3085932212218444,0.4459403663827145,3.4139699717480614,0.8003869107658618,0.0226319020718628,0.0908193159493486,0.1831095788469898,7.367478055370524,115.36037286960484,99.24438616018132,0.8033993159912944,20.647304006414103,15.789566817667044,-8.294202636806936,0.1410075340120058,57.1,71.2,31.33514986376022,2.1999999999999993,4.399999999999999,27.099999999999994,0.29999999999999716,2.0,20.599999999999994,5.205575076395165
634,Tiruppur,Tamil Nadu,2479052.0,False,,direct,direct,6.443282544014659,485.1635839887872,17.8,144.13945510872236,18.450000000000003,27.85,45.0,60.5,14.25,13.15,55.2,108.2873758932445,148.45926058076236,7.75496609641083,26.83662934018849,0.07351020322790806,0.2796270475728267,120.98,1.5,0.7,44.8,19.966666666666665,0.2670150029013719,0.7087969105357605,10.34908351326235,0.2511598610286858,28.178359697199912,24.099999999999994,0.20000000000000284,4.599999999999994,2273.7246374592164,26.5,14.197558858723418,0.46844737351117877,0.36034413347013755,4.4322328416826915,2.1260303874738113,54.929577464788736,3.6034413347013756,0.0,0.0,0.6931471805599453,53.63217944916139,907.5793103880279,100.0,,,11.086474501108649,46.4,3.466666666666667,0.10810324004104126,59.9,2.5584433476379767,0.33853748585261,5.125700093901222,17.18841516652556,0.7206882669402751,0.28827530677611,0.0677428279320749,0.0495972005659205,0.4578914438441536,0.5107343452255136,3.7005306569785916,0.8188576431277591,0.0162900449618858,0.090913593812947,0.1754926554134237,9.123248038081131,188.98032798126067,195.2512492678653,0.6573719418723324,22.571956520569415,17.645044181108297,-15.154142059923064,0.11399959318327191,55.1,95.4,42.30769230769231,17.0,-2.6000000000000014,,0.0,4.399999999999999,24.500000000000007,4.670729236718908
593,Tiruvannamalai,Tamil Nadu,2464875.0,False,,direct,direct,6.432589066906291,523.0349593668484,20.9,30.17880844905569,20.3,22.5,37.8,50.3,11.0,12.2,56.6,172.71313645982585,170.23052108167855,10.153534956266922,39.3033986800149,0.22898267397371933,0.4298965040409828,120.98,6.0,2.6,64.7,23.46666666666667,0.09934893435311372,1.2560807648139025,37.28207259185657,0.27810315081001724,27.546681183874497,38.3,1.5,29.299999999999997,4153.063559110963,26.02,18.872604258156546,0.6647884083107981,0.36932689350599895,2.843817079996192,1.2187787485697965,27.450980392156865,9.233172337649973,2.142095982334794,0.0,1.6094379124341003,118.92879961233426,1825.8210504464641,99.1,97.1,,13.157894736842104,27.7,4.3,0.0,69.6,1.8835671568805945,-0.0654213208852333,4.674318910949644,10.156489571414971,0.701721097661398,0.11079806805179969,0.07305622825643761,0.0343909465298349,0.2661287276895722,0.5023285156448096,3.4353665066126613,0.5202559198619815,0.0094055663403519,0.0858081235353638,0.2393988956073387,7.290879013421914,221.368435330128,70.8153557482631,0.7660282668102733,15.201494936706917,12.484013259207059,-12.261255115961802,0.1065154808795041,50.2,70.7,5.588822355289421,10.699999999999996,10.599999999999994,34.99999999999999,3.0,2.5,30.300000000000004,2.9772616339014615
117,Udaipur,Rajasthan,2497645.0,False,,direct,direct,6.477724695934841,282.00850219189977,27.6,24.031211075335218,9.65,15.45,9.1,70.4,23.5,7.3500000000000005,60.5,23.871078867858518,29.235643293968675,11.392417589788757,18.859834913067502,0.4560110070783066,2.689191470738083,88.3,6.9,1.8,76.9,23.066666666666666,0.6605792247515813,2.282222645645025,3.6738284283866656,0.02844988457707795,46.3929221587243,39.7,7.299999999999997,65.7,1506.0052071876069,35.88,20.023299716629147,0.7586635887220786,0.02709512816864567,3.1972251239001883,2.113419997154362,32.857142857142854,33.28704967088427,25.298157749872043,1.231620837822718,2.3978952727983707,69.02917423013182,361.6500556207445,96.1,86.8,81.69999999999999,7.758620689655182,7.3,0.0,0.0,94.3,1.8966589718051967,-0.2316645454550366,5.244084662682566,12.88208822263221,0.081285384505937,0.3522366661923937,0.053823935271850504,0.0443346548531062,0.1341633613337886,0.4451095352005266,3.1705550585212086,0.434976686951774,0.0121571311556521,0.1143221132738969,0.1846160296533472,5.652626661595139,73.02489151752121,69.25746801285352,0.7883121344306883,21.6901744360449,23.970895709626163,-17.19699087605154,0.1171357439892655,30.1,34.3,18.54714064914993,-1.3000000000000007,70.0,42.9,22.39999999999999,5.0,31.299999999999997,11.24506260455373
617,Udalguri,Assam,831668.0,False,,direct,direct,5.983734624140165,346.091625701648,27.2,21.839826443931408,15.05,21.15,14.0,66.9,31.5,23.1,81.5,1.753456617569052,6.804117626730354,0.706988725023401,7.243260403066475,0.19413640466868723,0.20244170540317652,109.67,3.2,2.3,77.6,29.2,2.5787958780589255,0.7360572775941137,0.8637512763868865,0.00622897555086697,29.24169030679635,26.200000000000003,17.700000000000003,66.0,925.0682735470291,50.01,17.441131542427517,0.622897555086697,0.10381625918111617,1.764876406078975,0.8305300734489294,0.0,0.0,0.0,0.0,0.0,20.496444050127767,197.18756452602022,86.2,38.3,55.6,11.320754716981131,14.4,0.2333333333333333,0.0,70.6,0.4152650367244647,-0.1373993277447293,4.388383168349946,5.0869966998746925,0.10381625918111617,0.10381625918111617,0.0921407491990753,0.0569120666002512,0.0926420144672712,0.414865066348591,3.8281441073037863,0.2533398226154468,0.0077671446734954,0.0968091609765624,0.091435433868058,13.211901274890735,70.73080318924526,76.85158019786742,0.8061487913635297,12.834804122561392,2.799563188722327,83.40008900756565,0.05555127471399615,23.8,34.0,2.9585798816568047,3.9000000000000004,67.89999999999999,-14.5,14.0,2.6999999999999993,18.099999999999994,6.889324269056046
240,Upper Siang,Arunachal Pradesh,35320.0,False,,direct,direct,4.618963878700141,6.51165834473747,25.8,55.32898967980467,8.9,28.9,27.3,63.8,40.25,41.6,29.2,3.31829664311736,16.25484442570533,3.2461597595713303,5.362175010254864,0.0,0.048091255697353036,59.99,6.2,1.5,51.0,18.3,0.9137338582497078,2.957612225387212,11.830448901548849,0.09618251139470607,8.617818110666867,8.200000000000003,0.20000000000000284,63.7,778.6695666236918,31.35,36.068441773014776,9.618251139470608,2.404562784867652,4.809125569735304,0.0,0.0,0.0,0.0,0.0,0.0,32.67800824635139,94.66763684023947,76.0,61.4,,4.166666666666667,14.2,0.5,0.0,34.6,4.809125569735304,-0.376590693840165,5.2357016336650615,9.618251139470608,2.404562784867652,0.0,0.2379291217308825,0.1395404708607005,0.0880899214818287,0.4995469988674971,4.0922292421628566,0.0006482349491491146,0.003175797276885,0.1998761638826456,0.2137459342949459,0.0,16.624540465259404,60.27746319365798,0.8938468764678252,7.935057190063252,40.32921810699588,,0.05667862183318845,34.8,36.3,,8.3,-37.49999999999999,,9.599999999999994,-0.6999999999999993,34.9,13.496704132430768
550,Uttara Kannada,Karnataka,1437169.0,False,,direct,direct,6.183397024716522,146.79394015211628,18.2,52.56296559199604,13.25,26.0,22.6,47.5,18.3,6.300000000000001,44.6,58.336356602057016,78.31017863970295,13.910024280967846,38.593286652016545,0.2438630016739733,3.056154069365762,131.82,5.9,3.0,69.0,28.266666666666666,0.28909565521027475,3.8709973787226133,17.75873310577402,0.3939829677582203,28.22732809212712,10.400000000000006,15.200000000000003,26.599999999999994,1843.5210383509032,26.07,27.991801536232956,0.1966637110273978,0.6555457034246593,4.851038205342479,2.753291954383569,5.982905982905983,9.83318555136989,3.343283087465762,0.0,1.0986122886681098,71.23094058842005,761.1685382518473,99.3,93.6,62.0,15.656565656565656,36.3,0.0,0.0,32.0,7.669884730068515,-0.2781420836084474,5.172393184743668,18.027506844178134,1.7699733992465803,0.5244365627397275,0.0865008983028809,0.080544617085362,0.2437361440875658,0.4234199318243018,3.729407796963068,0.18798052206651775,0.0160094737579806,0.0884081414895125,0.1392768943255782,9.465675281082088,37.57785784543933,83.85930951753065,0.7602887487553933,20.199985305327456,14.05628147782904,5.57439956144859,0.09834923344883809,49.2,73.4,0.9389671361502347,2.200000000000003,7.800000000000001,25.89999999999999,5.799999999999997,4.900000000000002,21.5,2.7724052620355017
57,Uttar Kashi,Uttarakhand,330086.0,False,,direct,direct,5.617870717569424,52.30270411938484,25.0,34.37789353733695,9.55,21.7,21.5,59.7,18.8,13.7,60.9,4.500633001487139,5.737282562152861,1.386108182032729,15.881183831707162,0.036159343879114667,0.5496220269625429,100.85,4.8,1.7,73.6,22.733333333333334,0.06990806483295503,2.890336887403899,10.33434048065097,0.10365678578679538,27.801802718957525,24.299999999999997,3.9000000000000057,67.4,744.3593787349776,40.91,22.177730912523664,0.9642491701097244,0.4821245850548622,1.6874360476920178,1.2053114626371555,0.0,0.0,0.0,0.0,0.0,43.728699864476006,215.85922984368818,85.9,81.8,,6.249999999999998,6.2,0.3333333333333333,0.0,80.3,0.9642491701097244,-0.2305333275659613,4.809448081768415,13.499488381536143,1.2053114626371555,0.4821245850548622,0.1414016490594442,0.1136475579379751,0.0477666642976367,0.4764697684845767,3.5009222391903005,0.048317570446132455,0.0387273451885996,0.0954784616806772,0.1529232268613269,0.0303012518868328,53.19592925087549,64.70434977551305,0.8988201142429066,2.0924206991381022,17.549167927382754,-40.22038567493113,0.1076083110007275,53.6,32.6,0.0,10.0,48.0,9.799999999999997,20.80000000000001,4.699999999999999,28.6,7.151735610741968
522,Warangal,Telangana,876004.0,False,,direct,direct,5.883398209686894,343.143821179647,17.3,30.091670916378717,16.85,27.85,26.4,45.6,13.0,30.45,59.3,49.54243682582511,56.48520564784058,3.1849363379064908,15.75072007436138,0.1072545296543459,0.4983411682720218,125.53,14.4,4.6,71.5,31.0,0.7965610799938616,5.834908009610207,1.0712373144745035,0.5951318413747242,33.6848026658562,25.700000000000003,1.0,12.200000000000003,1195.0587450142389,33.65,20.927713103287005,0.3923946206866313,0.0,3.008358758597507,6.539910344777189,25.71428571428571,78.47892413732626,27.206027034273102,0.0,1.791759469228055,31.340558354241246,158.19519931188435,100.0,79.0,63.599999999999994,14.558472553699284,71.8,3.4666666666666663,0.0,72.0,4.577937241344032,-0.1691679620184372,4.966017448008404,13.86460993092764,0.9155874482688064,0.0,0.028649122322458996,0.02727843278058,0.1164858052841027,0.4855852229247139,3.5698418994037615,0.5155261215434445,0.0098939290552088,0.6183372651272454,0.5367459513417705,9.264553605635006,176.21812130318122,96.17215399752205,0.7120439771233704,,,,0.12334933464262805,40.0,87.8,3.436621838192729,,,,,,,2.013920680969818
567,Wayanad,Kerala,817420.0,False,,direct,direct,6.0645611774122905,384.4023189436787,21.2,32.67671786183401,18.1,28.55,26.7,73.9,18.3,12.2,26.9,77.04720868218898,119.92064145206113,5.254785799535843,41.1764222336599,0.09997624286471343,2.1503510857539654,164.0,1.4,1.4,39.4,23.3,0.14306945099605542,0.6558786277590252,2.5390518230986703,0.14134572267080175,13.674266247379457,2.4000000000000057,5.900000000000006,44.3,2886.449444177809,33.39,17.7544017501129,0.775677746364156,0.258559248788052,18.18533383142632,3.0165245691939395,70.83333333333334,12.927962439402599,1.3789826602029438,0.0,1.0986122886681098,46.408799564967445,1659.2936367273721,100.0,86.4,95.5,18.89596602972399,25.7,0.9666666666666668,0.08618641626268399,64.8,2.068473990304416,0.2046826809514087,4.858447959535954,15.34118209475775,1.4651690764656278,1.2066098276775759,,0.08397534955704514,,0.416037043380392,,0.10163788553093353,0.015562049864946118,0.1538617874127201,0.1231204872987665,22.4104048794725,118.13846413398934,145.35612047662156,0.8213302810203927,11.104257871284206,32.26233559890546,-23.02545106942287,0.09221444721363663,68.0,55.7,880.952380952381,2.3000000000000007,3.0,13.600000000000009,0.4000000000000057,0.6999999999999993,2.3999999999999915,25.6797356535845
278,West Garo Hills,Meghalaya,496586.0,False,,direct,direct,5.871849592747963,203.84623715649136,30.8,15.240374760231546,18.35,21.049999999999997,7.2,74.0,37.95,20.45,55.3,1.0651814498044299,5.012934641450356,4.589817167694498,17.49422850221046,0.15715791882360441,1.3875566679041311,77.51,7.8,3.5,30.2,26.900000000000002,1.2398013596084347,1.6011302498951834,6.07408640102854,0.055072433092032316,43.97222832454599,13.700000000000003,16.299999999999997,52.4,533.2703993203751,35.51,11.686101656114175,0.6716150377077111,0.26864601508308444,1.6118760904985068,0.26864601508308444,9.523809523809524,0.0,0.0,0.0,0.0,38.54533024412096,303.9044613326639,89.6,77.1,78.2,14.915254237288137,8.4,0.06666666666666667,0.0,77.9,2.820783158372387,-0.3625240990876625,4.593890430162497,4.969951279037063,0.26864601508308444,0.9402610527907956,0.0869528240197572,0.062089042065585,0.1017151807465269,0.3974764142510932,3.5100085129402347,0.19595671804872677,0.0273166010362967,0.1190373248876706,0.1199451797286528,8.7390148962734,54.237149286459285,74.4142231120908,0.8688740338416545,11.057469980819757,14.346053014855812,44.955097728473326,0.06148024117654345,45.1,47.6,12.433302134141725,,,,,,,15.901024096647737
275,West Jaintia Hills,Meghalaya,271960.0,False,,direct,direct,5.561541257454672,383.2186468797817,44.8,4.605365111767099,8.3,16.75,15.4,59.1,54.75,19.099999999999998,55.9,1.0209434387653231,12.339144356690573,0.21681325715715197,2.3273119249274035,0.4391154575334723,6.397363321940775,77.51,13.7,4.8,54.6,28.900000000000002,2.470024448625782,9.649562179298055,47.97061926392227,0.07958967667794185,32.206217893835614,24.900000000000006,29.400000000000006,79.3,943.5493393750487,33.06,15.917935335588371,0.8233414828752608,0.2744471609584202,1.6466829657505215,0.0,15.789473684210526,0.0,0.0,0.0,0.0,146.36815988234466,202.391058848787,42.2,59.7,73.35,26.86567164179104,6.2,0.3333333333333333,0.2744471609584202,65.6,5.214496058209984,-0.2686154263945987,4.852137826587004,11.80122792121207,0.5488943219168404,0.2744471609584202,0.0564259211074247,0.1149977229014876,0.417448607638997,0.3902066186817303,3.4650852875574327,0.19550322341396484,0.0058849215058826,0.0449562011770277,0.1627560788073379,2.872228643635011,32.76390139797572,103.0309472469402,0.6563252272169,6.227206082146555,45.96182085168869,8.150619637750237,0.0809941698458743,24.7,20.7,-8.63360742862429,,,,,,,16.559272963814646
243,West Siang,Arunachal Pradesh,7853.0,False,,direct,direct,4.88554126322646,68.11621180886827,23.7,15.289013293092882,10.149999999999999,36.900000000000006,27.4,72.7,30.599999999999998,38.349999999999994,30.5,3.4198309431908207,5.246170499589944,0.24499676976085807,9.59739412121047,0.008099066768953984,0.052643933998200894,59.99,3.1,2.2,45.6,18.599999999999998,0.24702153645309652,0.1498327352256487,2.249515795076969,0.022272433614623457,11.57668793195109,12.299999999999997,0.9000000000000057,42.9,162.57054248652108,53.95,28.633960241084733,3.9046309419661,1.3015436473220332,1.3015436473220332,0.0,0.0,0.0,0.0,0.0,0.0,3.600035178800046,40.07215760609208,84.6,55.4,19.5,3.588516746411487,17.8,0.3,0.0,26.6,1.3015436473220332,-0.4283666973179457,4.925238399207922,11.713892825898299,1.3015436473220332,1.3015436473220332,0.2527092274042839,0.1942425037809963,0.5047387782773821,0.438008799900244,4.1529912100386195,0.00405064895907986,0.0048133432470636,0.1717999024156966,0.1837041378706039,11.666969366254689,35.447716322902274,89.51315531645795,0.92,14.83759757947118,31.106679960119642,-30.783242258652095,0.0971904600274988,46.3,57.1,,,,,,,,13.30207433111432
343,West Singhbhum,Jharkhand,1502338.0,False,,direct,direct,6.261923254471231,271.87262529965705,35.8,20.385416829571827,9.3,18.65,7.1,70.3,38.15,42.8,72.6,2.574164953922047,1.27696089318896,1.1281462561078128,5.238603492838171,0.09848027453899434,0.28778124670839456,86.87,10.5,2.7,73.3,51.166666666666664,5.40164305846384,0.9098483142130422,0.26261406543731824,0.03173253290700929,63.72523433970788,62.3,20.700000000000003,84.5,474.66233968731717,33.87,19.58663238053332,0.7112464272260702,0.10942252726554928,0.601823899960521,0.16413379089832392,32.0,0.0,0.0,0.0,0.0,15.439518597169004,97.54307059296491,67.9,87.0,61.95,6.719367588932804,4.0,0.13333333333333333,0.0,46.7,1.3677815908193658,-0.3309524704841824,5.339253554762557,7.331309326791802,0.16413379089832392,0.0,0.0631153549591872,0.0950102528642752,0.2625658041806006,0.4625210838040441,3.073351702386901,0.3563061632248688,0.0453717080699063,0.0744209145352201,0.3572316671244024,7.518860364413049,15.506314985473496,25.57746658874368,0.8454692135533233,6.442251292759213,0.6968983117393012,5.937921727395412,0.014001788954980249,22.9,15.5,-0.2688172043010753,-2.200000000000001,42.0,37.3,30.500000000000007,-2.0,21.1,11.68312634193577
697,Yadadri Bhuvanagiri,Telangana,770833.0,True,Nalgonda,direct,direct,5.903504916910265,,23.0,29.195311359149155,16.3,28.549999999999997,24.6,48.8,13.899999999999999,35.65,53.8,68.94160093011484,78.57988799997368,2.015573377915541,23.391390918052046,0.02747373873242993,0.8879012835798945,125.53,6.0,1.1,65.3,25.266666666666666,0.22978036030759574,5.342393377151602,0.649379279130162,0.2397708107557521,,18.099999999999994,0.29999999999999716,5.099999999999994,1090.3315369793563,30.4,18.732094590293134,0.37464189180586266,0.12488063060195422,5.869389638291848,8.616763511534842,7.142857142857142,18.732094590293134,0.0,0.0,1.0986122886681098,29.56673810131868,349.868072307047,97.7,76.7,67.3,18.02030456852792,68.2,1.5666666666666667,0.12488063060195422,65.3,3.496657656854718,,4.712399502664906,13.112466213205192,0.12488063060195422,0.37464189180586266,,0.02854964990802238,,,3.488973524726508,,0.012714093026916763,0.0953212614382721,0.2038806409423252,,206.54206358854347,,,,,,0.10232167523691085,48.0,94.9,-1.3558775094023472,,,,,,,1.6392068662072874
635,Yadgir,Karnataka,1174271.0,False,,direct,direct,6.0956413057544365,232.16981533509465,29.2,37.56156873164793,10.4,17.75,18.8,32.4,23.2,10.25,57.3,17.44609100717617,19.06120235731624,5.041907463626521,17.15163205759773,1.011751322665984,2.7817143819849064,131.82,5.1,0.6,76.0,40.166666666666664,0.13158383577892258,11.749473726503307,7.286053736026805,0.3008776732749754,32.51722338898341,62.6,4.799999999999997,51.2,1277.3348413551118,31.62,28.00168212612438,0.4814042772399607,0.24070213861998035,2.808191617233104,17.731724211671885,6.0606060606060606,12.035106930999016,0.0,0.0,0.6931471805599453,103.74422642613565,445.70734774215555,93.3,82.6,80.8,11.50793650793651,14.3,0.10000000000000002,0.0,16.7,5.295447049639567,-0.1786132185825918,4.618950430209626,9.708319591005873,0.802340462066601,0.6418723696532809,0.0410856463386088,0.1247267443278571,0.1219003347858925,0.4664136302437853,3.642167634404945,0.3849695349381775,0.039456034702679,0.1173480429296895,0.1405225684139019,3.862839724567224,122.30446800994252,51.234340284312566,0.7881255921413494,13.071730807989065,16.867469879518072,5.422544325093827,0.03880105532378005,26.4,48.8,56.38766519823789,5.9,-11.900000000000002,21.299999999999997,2.799999999999997,1.9000000000000021,18.5,3.1563576894537135
601,Yanam,Puducherry,55626.0,False,,direct,direct,4.225613303655028,1854.2,21.8,845.5983193777636,23.35,32.75,51.6,65.0,5.550000000000001,9.5,43.1,645.143456103772,1327.582223564456,0.0,580.9622105629303,1.189643105483629,13.502449247239191,94.91,2.5,0.0,39.7,18.7,0.05948215527418146,16.83344994259335,3.68789362699925,4.699090266660335,30.17173966117528,15.900000000000006,0.0,1.4000000000000057,17576.5605084337,33.41,23.792862109672583,0.0,5.948215527418146,5.948215527418146,0.0,0.0,0.0,0.0,0.0,0.0,249.40867706464283,4923.100063422902,100.0,79.7,,19.372693726937268,59.1,1.0666666666666667,0.0,29.2,5.948215527418146,0.4438854860186418,5.504197003854183,,5.948215527418146,0.0,,,,0.3012979541940819,3.441538038702161,1.6166943121066388,,0.0858891578190517,0.1195669025676031,1.69081521444594,132.19907167644442,154.9635062740445,0.5951276102088167,52.76067172819895,26.94541231126597,-6.8277310924369745,0.0948536247014999,51.6,98.6,,15.399999999999999,-13.000000000000004,-8.599999999999994,0.7000000000000028,3.1999999999999993,10.199999999999989,16.986107239414608
251,Zunheboto,Nagaland,140757.0,False,,direct,direct,5.117665516416709,92.30982501502592,22.2,47.35394260487632,10.5,37.2,8.9,74.9,28.45,10.75,31.1,1.9600520614355315,9.106234090871691,0.19829320465884753,5.6055963624712675,0.0,0.7245328631765583,92.52,1.8,0.0,34.9,38.46666666666667,0.15253323435295965,1.5177056818119485,1.784638841929628,0.0,24.20767641129032,11.099999999999994,9.0,81.4,367.2771483367739,47.68,45.7599703058879,1.5253323435295965,0.7626661717647982,1.5253323435295965,0.0,33.33333333333333,0.0,0.0,0.0,0.0,17.503188642002122,28.866914601297612,35.0,60.7,,0.6772009029345428,7.6,0.43333333333333335,0.0,18.1,4.575997030588789,-0.3353241170208129,4.355582433801815,9.151994061177579,0.7626661717647982,0.0,0.28371931923289945,0.2080520793633986,0.057660537010218,0.5645616203812244,,0.1715025408203544,0.0032112207783945,0.0366098988253735,0.1164687451851451,13.221569089108677,147.91170012969053,59.3149896630363,0.9056174392142772,1.0219726701648295,,,0.0594803179119549,40.2,18.6,0.0,-9.6,-0.7999999999999972,36.0,11.7,7.199999999999999,7.0,-7.831696504948106
