district_code,specialty,km_to_alternative,nearest_alternative_code,district,state,nearest_alternative,pop_now,aspirational,is_post2011_district
2,burns,34.6083918362876,13,Budgam,Jammu And Kashmir,Srinagar,881757.4349712201,False,False
3,burns,43.09084832729522,2,Baramulla,Jammu And Kashmir,Budgam,1186220.1496902034,True,False
20,burns,48.57816763406116,22,Kullu,Himachal Pradesh,Mandi,455466.4264945463,False,False
23,burns,74.6586524891964,20,Shimla,Himachal Pradesh,Kullu,921473.7362462453,False,False
45,burns,45.65023663756293,51,Almora,Uttarakhand,Nainital,704035.586577016,False,False
46,burns,45.89459546892176,45,Bageshwar,Uttarakhand,Almora,291491.27627507417,False,False
47,burns,60.022646279543274,46,Chamoli,Uttarakhand,Bageshwar,482039.01386750053,False,False
53,burns,66.15383850765946,46,Pithoragarh,Uttarakhand,Bageshwar,552641.2825841503,False,False
55,burns,60.528475093866625,49,Tehri Garhwal,Uttarakhand,Dehradun,699331.7328543726,False,False
59,burns,59.8548865190685,63,Bhiwani,Haryana,Hisar,1319359.1693796264,False,False
65,burns,46.0929141674217,66,Jind,Haryana,Kaithal,1576770.3602735875,False,False
66,burns,35.462757535632385,68,Kaithal,Haryana,Kurukshetra,1270675.345024759,False,False
89,burns,68.87200955005137,105,Baran,Rajasthan,Jhalawar,1448696.7961349234,True,False
90,burns,81.52109334853418,104,Barmer,Rajasthan,Jalore,2070594.6708198558,False,False
104,burns,68.52118207045781,115,Jalore,Rajasthan,Sirohi,1231454.0442674311,False,False
110,burns,97.30027324811027,86,Nagaur,Rajasthan,Ajmer,2005145.8623586225,False,False
112,burns,51.56767878125507,111,Rajsamand,Rajasthan,Pali,1408982.1389546285,False,False
129,burns,48.16644009679761,162,Bara Banki,Uttar Pradesh,Lucknow,3856710.19049542,False,False
137,burns,48.38752140237796,148,Deoria,Uttar Pradesh,Gorakhpur,3550874.5767660798,False,False
141,burns,87.23010998544125,122,Farrukhabad,Uttar Pradesh,Auraiya,2230034.1291005206,False,False
142,burns,47.32740213228169,175,Fatehpur,Uttar Pradesh,Rae Bareli,3109074.9002318797,True,False
149,burns,71.55738246318437,156,Hamirpur,Uttar Pradesh,Kanpur Dehat,1460520.5529266912,False,False
164,burns,57.83140217674182,148,Mahrajganj,Uttar Pradesh,Gorakhpur,3372605.8809874007,False,False
168,burns,48.58962267108519,146,Mau,Uttar Pradesh,Ghazipur,2313272.5339235114,False,False
172,burns,47.766305797616354,169,Muzaffarnagar,Uttar Pradesh,Meerut,3452632.6678107176,False,False
173,burns,67.11044243478518,130,Pilibhit,Uttar Pradesh,Bareilly,2553263.3739700923,False,False
174,burns,60.96467100683685,185,Pratapgarh,Uttar Pradesh,Sultanpur,3982784.634697654,False,False
177,burns,30.898992913341395,76,Saharanpur,Uttar Pradesh,Yamunanagar,4190484.76927858,False,False
185,burns,52.249242268976964,140,Sultanpur,Uttar Pradesh,Ayodhya,2661545.809931744,False,False
189,burns,44.029927676474216,215,Aurangabad,Bihar,Rohtas,3424661.8635273497,True,False
192,burns,48.61008455690462,330,Bhagalpur,Bihar,Godda,3893149.0191134466,False,False
201,burns,33.80773023630611,214,Katihar,Bihar,Purnia,3829282.487333551,True,False
203,burns,71.0929829796671,214,Kishanganj,Bihar,Purnia,2204597.349093954,False,False
206,burns,68.42505063548168,221,Madhubani,Bihar,Sitamarhi,5405607.876111588,False,False
210,burns,32.619109554221275,334,Nawada,Bihar,Koderma,2925311.9520525066,True,False
211,burns,86.20026106468595,164,Pashchim Champaran,Bihar,Mahrajganj,4925819.392647587,False,False
214,burns,33.80773023630611,201,Purnia,Bihar,Katihar,4128523.677405553,True,False
215,burns,44.029927676474216,189,Rohtas,Bihar,Aurangabad,3792902.132996359,False,False
217,burns,69.89679415326673,208,Samastipur,Bihar,Muzaffarpur,5574249.113321113,False,False
219,burns,37.979524554345744,210,Sheikhpura,Bihar,Nawada,678723.131935972,True,False
221,burns,54.927559307546524,208,Sitamarhi,Bihar,Muzaffarpur,4191104.9649816803,True,False
226,burns,180.52057262104933,203,Mangan,Sikkim,Kishanganj,46804.9388855954,False,False
251,burns,40.72704866278174,250,Zunheboto,Nagaland,Wokha,131118.96620326216,False,False
258,burns,42.84723621852616,613,Tamenglong,Manipur,Peren,126527.18209831938,False,False
259,burns,21.901424675658262,256,Thoubal,Manipur,Imphal West,390034.83407823497,False,False
273,burns,25.007498366989726,656,East Garo Hills,Meghalaya,North Garo Hills,224380.74245546357,False,False
275,burns,35.22917376612662,274,West Jaintia Hills,Meghalaya,East Khasi Hills,364368.8630291583,False,False
281,burns,40.499701401604085,280,Bongaigaon,Assam,Barpeta,752309.399349219,False,False
283,burns,31.176191140404313,617,Darrang,Assam,Udalguri,1095092.8751236002,True,False
285,burns,40.98256637941008,294,Dhubri,Assam,Kokrajhar,1578128.030808278,True,False
290,burns,31.888600684934254,246,Jorhat,Assam,Mokokchung,1092157.3966661568,False,False
292,burns,51.47055901057236,244,Karbi Anglong,Assam,Dimapur,598321.359002655,False,False
294,burns,40.98256637941008,285,Kokrajhar,Assam,Dhubri,1181644.8582820978,False,False
295,burns,55.446416486353854,290,Lakhimpur,Assam,Jorhat,1172329.9781332489,False,False
298,burns,27.43213012878457,291,Nalbari,Assam,Kamrup,1010371.8274121772,False,False
322,burns,48.162930287826235,607,Bokaro,Jharkhand,Ramgarh,2485996.819654438,True,False
329,burns,54.8118042257051,334,Giridih,Jharkhand,Koderma,3129858.0882147867,True,False
330,burns,48.61008455690462,192,Godda,Jharkhand,Bhagalpur,1578589.2427828372,True,False
342,burns,63.90057068255655,380,Simdega,Jharkhand,Jashpur,715837.0528195959,True,False
376,burns,55.462621433533954,374,Dakshin Bastar Dantewada,Chhattisgarh,Bastar,339630.03349785594,True,False
379,burns,57.96395841478488,644,Janjgir-Champa,Chhattisgarh,Balodabazar-Bhatapara,1970632.149394537,False,False
380,burns,63.90057068255655,342,Jashpur,Chhattisgarh,Simdega,1001883.4518761713,False,False
382,burns,85.84524994207356,375,Kabeerdham,Chhattisgarh,Bilaspur,1065946.087698693,False,False
385,burns,43.297305724151165,644,Mahasamund,Chhattisgarh,Balodabazar-Bhatapara,1178302.9875059666,True,False
394,burns,79.4446068715797,409,Betul,Madhya Pradesh,Narmadapuram,1879606.0050038917,False,False
402,burns,48.757133260589825,410,Dewas,Madhya Pradesh,Indore,1879699.8669341328,False,False
406,burns,73.37839602538507,89,Guna,Madhya Pradesh,Baran,1464447.1883400423,True,False
414,burns,80.73896111230678,405,Khargone (West Nimar),Madhya Pradesh,Khandwa (East Nimar),2202320.199567369,False,False
415,burns,85.76454577603846,411,Mandla,Madhya Pradesh,Jabalpur,1146083.8688771573,False,False
416,burns,44.539378262925645,419,Mandsaur,Madhya Pradesh,Neemuch,1515391.5118586258,False,False
417,burns,48.458514314003814,407,Morena,Madhya Pradesh,Gwalior,2394360.504336235,False,False
418,burns,89.2439587998645,399,Narsimhapur,Madhya Pradesh,Chhindwara,1324715.4309543965,False,False
419,burns,44.539378262925645,416,Neemuch,Madhya Pradesh,Mandsaur,934472.3867273806,False,False
420,burns,82.97986374049485,413,Panna,Madhya Pradesh,Katni,1219658.0014883834,False,False
421,burns,73.0146657977356,437,Raisen,Madhya Pradesh,Vidisha,1609138.9793356282,False,False
425,burns,83.86372518024099,421,Sagar,Madhya Pradesh,Raisen,2871393.8248840943,False,False
429,burns,104.83281023560767,734,Shahdol,Madhya Pradesh,Gaurela-Pendra-Marwahi,1158267.3795499913,False,False
430,burns,58.17297868124436,427,Shajapur,Madhya Pradesh,Sehore,1142666.9754165537,False,False
463,burns,26.609257033030396,465,Daman,The Dadra And Nagar Haveli And Daman And Diu,Dadra And Nagar Haveli,192156.79902366071,False,False
465,burns,26.609257033030396,463,Dadra And Nagar Haveli,The Dadra And Nagar Haveli And Daman And Diu,Daman,673420.7899926937,False,False
473,burns,79.06098931836297,475,Chandrapur,Maharashtra,Gadchiroli,2475673.9676380903,False,False
476,burns,49.0769502922631,388,Gondia,Maharashtra,Rajnandgaon,1620941.6669989119,False,False
492,burns,96.15577061336906,494,Ratnagiri,Maharashtra,Satara,1740597.0899295674,False,False
526,burns,32.13137578110328,525,Bengaluru Rural,Karnataka,Bengaluru Urban,1202532.3875567734,False,False
528,burns,96.1840639809932,546,Ballari,Karnataka,Raichur,1261952.5700927742,False,False
532,burns,72.07657164574344,539,Chikkamagaluru,Karnataka,Hassan,1172255.1144339703,False,False
533,burns,69.33155473691313,535,Chitradurga,Karnataka,Davangere,1724056.341834731,False,False
536,burns,58.518927762312465,537,Dharwad,Karnataka,Gadag,1943615.0858917886,False,False
537,burns,58.518927762312465,536,Gadag,Karnataka,Dharwad,1183342.3329240957,False,False
539,burns,72.07657164574344,532,Hassan,Karnataka,Chikkamagaluru,1825581.3469987295,False,False
542,burns,73.33028845454687,503,Kolar,Karnataka,Chittoor,1604170.1703526962,False,False
546,burns,88.6756441179787,695,Raichur,Karnataka,Jogulamba Gadwal,2020336.068525647,True,False
548,burns,56.625405850353374,526,Tumakuru,Karnataka,Bengaluru Rural,2763216.9833144303,False,False
567,burns,35.834015655094696,561,Wayanad,Kerala,Kozhikode,1160275.6482554541,True,False
571,burns,40.75157508077654,577,Dharmapuri,Tamil Nadu,Krishnagiri,1672867.0574906243,False,False
576,burns,36.00997957942383,591,Karur,Tamil Nadu,Tiruchirappalli,1139456.6415877366,False,False
577,burns,40.75157508077654,571,Krishnagiri,Tamil Nadu,Dharmapuri,1932067.7124503632,False,False
593,burns,48.12703597908063,595,Tiruvannamalai,Tamil Nadu,Vellore,2707628.4386091046,False,False
603,burns,1621.077650407485,590,Nicobars,Andaman And Nicobar Islands,Thiruvarur,32320.214256589727,False,False
607,burns,34.99512240695848,332,Ramgarh,Jharkhand,Hazaribagh,1077627.96168116,True,False
617,burns,31.176191140404313,283,Udalguri,Assam,Darrang,963240.2553201377,True,False
621,burns,40.96072196524089,622,Ramban,Jammu And Kashmir,Kulgam,295301.45586373383,False,False
622,burns,31.581595619369743,1,Kulgam,Jammu And Kashmir,Anantnag,638922.0732089822,False,False
636,burns,71.29486489136981,376,Bijapur,Chhattisgarh,Dakshin Bastar Dantewada,294696.742554721,True,False
638,burns,88.98093464813704,424,Singrauli,Madhya Pradesh,Rewa,1558023.6167927014,True,False
645,burns,56.848503382208484,377,Gariyaband,Chhattisgarh,Dhamtari,743387.2768573639,False,True
654,burns,28.474038586145465,271,Gomati,Tripura,South Tripura,573625.5480139579,False,True
658,burns,56.41940428074717,274,South West Khasi Hills,Meghalaya,East Khasi Hills,128097.75166290796,False,True
659,burns,56.113569010982204,171,Sambhal,Uttar Pradesh,Moradabad,2796913.176575198,False,True
734,burns,74.25572818968332,375,Gaurela-Pendra-Marwahi,Chhattisgarh,Bilaspur,397609.0871213607,False,True
3,cardiology,42.63377694688249,8,Baramulla,Jammu And Kashmir,Kupwara,1186220.1496902034,True,False
7,cardiology,31.748568416257314,662,Kathua,Jammu And Kashmir,Pathankot,729668.3847329078,False,False
15,cardiology,28.83983911577874,17,Bilaspur,Himachal Pradesh,Hamirpur,483525.1007886491,False,False
16,cardiology,53.144186433569956,7,Chamba,Himachal Pradesh,Kathua,568345.432996525,True,False
24,cardiology,43.96142606637481,70,Sirmaur,Himachal Pradesh,Panchkula,568464.4530127035,False,False
52,cardiology,50.74149825707943,132,Pauri Garhwal,Uttarakhand,Bijnor,780997.5414601384,False,False
57,cardiology,91.22760317067528,49,Uttar Kashi,Uttarakhand,Dehradun,414830.5359230782,False,False
70,cardiology,21.541976663119364,44,Panchkula,Haryana,Chandigarh,582290.6269969653,False,False
104,cardiology,106.33364208477272,441,Jalore,Rajasthan,Banas Kantha,1231454.0442674311,False,False
105,cardiology,101.19957387297319,430,Jhalawar,Rajasthan,Shajapur,1729997.3435981516,False,False
111,cardiology,117.97876569169699,104,Pali,Rajasthan,Jalore,1498571.7215577136,False,False
121,cardiology,33.49506749370758,185,Ambedkar Nagar,Uttar Pradesh,Sultanpur,3038544.1288927314,False,False
125,cardiology,83.32767567623877,147,Bahraich,Uttar Pradesh,Gonda,4156731.0540964794,True,False
133,cardiology,57.44071886353526,130,Budaun,Uttar Pradesh,Bareilly,3776763.6547610285,False,False
139,cardiology,67.30039649448725,155,Etawah,Uttar Pradesh,Kannauj,1953323.375618933,False,False
140,cardiology,50.749564352355115,640,Ayodhya,Uttar Pradesh,Amethi,3390073.162519542,False,False
141,cardiology,52.02322524162126,155,Farrukhabad,Uttar Pradesh,Kannauj,2230034.1291005206,False,False
142,cardiology,47.32740213228169,175,Fatehpur,Uttar Pradesh,Rae Bareli,3109074.9002318797,True,False
147,cardiology,53.42230962271168,140,Gonda,Uttar Pradesh,Ayodhya,3823288.708329091,False,False
149,cardiology,80.41288545677256,157,Hamirpur,Uttar Pradesh,Kanpur Nagar,1460520.5529266912,False,False
152,cardiology,48.858158580347386,179,Jaunpur,Uttar Pradesh,Bhadohi,5138390.180373405,False,False
154,cardiology,35.841355297719105,661,Amroha,Uttar Pradesh,Hapur,2293327.3798535466,False,False
155,cardiology,52.02322524162126,141,Kannauj,Uttar Pradesh,Farrukhabad,1975610.943411449,False,False
160,cardiology,44.92263806389258,164,Kushinagar,Uttar Pradesh,Mahrajganj,4356276.924876296,False,False
164,cardiology,44.92263806389258,160,Mahrajganj,Uttar Pradesh,Kushinagar,3372605.8809874007,False,False
168,cardiology,49.56458235833051,123,Mau,Uttar Pradesh,Azamgarh,2313272.5339235114,False,False
170,cardiology,49.30055286656751,179,Mirzapur,Uttar Pradesh,Bhadohi,3160388.6807918786,False,False
175,cardiology,47.32740213228169,142,Rae Bareli,Uttar Pradesh,Fatehpur,3524298.9327887264,False,False
176,cardiology,36.18006987630905,56,Rampur,Uttar Pradesh,Udam Singh Nagar,2986893.822995926,False,False
179,cardiology,44.098415783395374,187,Bhadohi,Uttar Pradesh,Varanasi,1939028.4969751327,False,False
180,cardiology,59.65475904706207,141,Shahjahanpur,Uttar Pradesh,Farrukhabad,3644975.4727261416,False,False
186,cardiology,37.23970603603953,157,Unnao,Uttar Pradesh,Kanpur Nagar,3726552.4067450413,False,False
192,cardiology,58.12599786567681,205,Bhagalpur,Bihar,Madhepura,3893149.0191134466,False,False
197,cardiology,71.61543433941462,211,Gopalganj,Bihar,Pashchim Champaran,3220722.3152440246,False,False
211,cardiology,52.38499759660992,160,Pashchim Champaran,Bihar,Kushinagar,4925819.392647587,False,False
214,cardiology,48.885098850671554,205,Purnia,Bihar,Madhepura,4128523.677405553,True,False
215,cardiology,79.83185054032968,135,Rohtas,Bihar,Chandauli,3792902.132996359,False,False
216,cardiology,33.021708447255094,205,Saharsa,Bihar,Madhepura,2388347.885899737,False,False
225,cardiology,54.8829476904925,226,Gangtok,Sikkim,Mangan,252318.09829161424,False,False
226,cardiology,54.8829476904925,225,Mangan,Sikkim,Gangtok,46804.9388855954,False,False
246,cardiology,29.75504487295224,615,Mokokchung,Nagaland,Longleng,179189.2069362157,False,False
247,cardiology,22.255188871150416,615,Mon,Nagaland,Longleng,229102.16154736592,False,False
249,cardiology,40.445250565689804,614,Tuensang,Nagaland,Kiphire,99042.65112978936,False,False
251,cardiology,40.72704866278174,250,Zunheboto,Nagaland,Wokha,131118.96620326216,False,False
255,cardiology,19.445826072717658,256,Imphal East,Manipur,Imphal West,476175.08184586256,False,False
263,cardiology,39.33938607103007,261,Kolasib,Mizoram,Aizawl,136143.44756189876,False,False
264,cardiology,64.93422491595317,265,Lawngtlai,Mizoram,Lunglei,155254.6385835263,False,False
278,cardiology,96.2450852385637,281,West Garo Hills,Meghalaya,Bongaigaon,744474.0988923504,False,False
281,cardiology,66.15386347266958,291,Bongaigaon,Assam,Kamrup,752309.399349219,False,False
283,cardiology,40.62757327966951,618,Darrang,Assam,Kamrup Metro,1095092.8751236002,True,False
290,cardiology,31.888600684934254,246,Jorhat,Assam,Mokokchung,1092157.3966661568,False,False
292,cardiology,51.47055901057236,244,Karbi Anglong,Assam,Dimapur,598321.359002655,False,False
295,cardiology,55.446416486353854,290,Lakhimpur,Assam,Jorhat,1172329.9781332489,False,False
298,cardiology,27.43213012878457,291,Nalbari,Assam,Kamrup,1010371.8274121772,False,False
302,cardiology,56.792925442098245,286,Tinsukia,Assam,Dibrugarh,1396524.7482461785,False,False
324,cardiology,60.59227146432184,325,Deoghar,Jharkhand,Dhanbad,1776955.8814258447,False,False
332,cardiology,34.99512240695848,607,Hazaribagh,Jharkhand,Ramgarh,2036956.4819363495,True,False
338,cardiology,82.00814054820277,215,Palamu,Jharkhand,Rohtas,2384671.395381495,True,False
374,cardiology,122.3561495729919,636,Bastar,Chhattisgarh,Bijapur,977842.9343239337,True,False
380,cardiology,94.63610670221948,389,Jashpur,Chhattisgarh,Surguja,1001883.4518761713,False,False
382,cardiology,85.84524994207356,375,Kabeerdham,Chhattisgarh,Bilaspur,1065946.087698693,False,False
384,cardiology,72.27780433080409,390,Korea,Chhattisgarh,Anuppur,302806.356146472,False,False
385,cardiology,43.297305724151165,644,Mahasamund,Chhattisgarh,Balodabazar-Bhatapara,1178302.9875059666,True,False
388,cardiology,49.0769502922631,476,Rajnandgaon,Chhattisgarh,Gondia,1056684.3703870196,True,False
390,cardiology,72.27780433080409,384,Anuppur,Madhya Pradesh,Korea,965111.6423547484,False,False
392,cardiology,77.15944722905412,428,Balaghat,Madhya Pradesh,Seoni,1966215.1237499143,False,False
393,cardiology,46.57619483433024,486,Barwani,Madhya Pradesh,Nandurbar,1802996.6405033474,True,False
397,cardiology,74.5097934370555,405,Burhanpur,Madhya Pradesh,Khandwa (East Nimar),908538.4370048521,False,False
400,cardiology,73.14730961007666,413,Damoh,Madhya Pradesh,Katni,1501254.5295747416,True,False
401,cardiology,45.02273698530735,153,Datia,Madhya Pradesh,Jhansi,951194.1917122232,False,False
402,cardiology,48.757133260589825,410,Dewas,Madhya Pradesh,Indore,1879699.8669341328,False,False
413,cardiology,60.16714874376115,411,Katni,Madhya Pradesh,Jabalpur,1527231.4567548465,False,False
415,cardiology,85.76454577603846,411,Mandla,Madhya Pradesh,Jabalpur,1146083.8688771573,False,False
419,cardiology,44.539378262925645,416,Neemuch,Madhya Pradesh,Mandsaur,934472.3867273806,False,False
423,cardiology,70.84378434618229,435,Ratlam,Madhya Pradesh,Ujjain,1703631.5099558234,False,False
426,cardiology,86.41083310696126,424,Satna,Madhya Pradesh,Rewa,1785799.8627858737,False,False
427,cardiology,53.598854239645554,396,Sehore,Madhya Pradesh,Bhopal,1583996.6156844012,False,False
428,cardiology,77.15944722905412,392,Seoni,Madhya Pradesh,Balaghat,1639928.1476445904,False,False
429,cardiology,69.80053690283415,433,Shahdol,Madhya Pradesh,Sidhi,1158267.3795499913,False,False
430,cardiology,58.17297868124436,427,Shajapur,Madhya Pradesh,Sehore,1142666.9754165537,False,False
433,cardiology,58.812135401023426,424,Sidhi,Madhya Pradesh,Rewa,1286880.122046292,False,False
434,cardiology,86.39418822212076,153,Tikamgarh,Madhya Pradesh,Jhansi,1241878.3759892904,False,False
492,cardiology,96.15577061336906,494,Ratnagiri,Maharashtra,Satara,1740597.0899295674,False,False
539,cardiology,102.52831383047577,534,Hassan,Karnataka,Dakshina Kannada,1825581.3469987295,False,False
542,cardiology,73.33028845454687,503,Kolar,Karnataka,Chittoor,1604170.1703526962,False,False
546,cardiology,88.6756441179787,695,Raichur,Karnataka,Jogulamba Gadwal,2020336.068525647,True,False
556,cardiology,44.00258000481281,560,Idukki,Kerala,Kottayam,854501.0036075576,False,False
571,cardiology,40.75157508077654,577,Dharmapuri,Tamil Nadu,Krishnagiri,1672867.0574906243,False,False
581,cardiology,52.71958184780914,570,Perambalur,Tamil Nadu,Cuddalore,546701.0604120791,False,False
588,cardiology,46.80505957546328,556,Theni,Tamil Nadu,Idukki,1314388.0488776418,False,False
607,cardiology,34.99512240695848,332,Ramgarh,Jharkhand,Hazaribagh,1077627.96168116,True,False
613,cardiology,51.62995846793712,244,Peren,Nagaland,Dimapur,99850.38581923737,False,False
614,cardiology,40.445250565689804,249,Kiphire,Nagaland,Tuensang,61890.92274396199,True,False
615,cardiology,22.255188871150416,247,Longleng,Nagaland,Mon,36005.33942233673,False,False
621,cardiology,34.30416438014038,627,Ramban,Jammu And Kashmir,Reasi,295301.45586373383,False,False
622,cardiology,31.581595619369743,1,Kulgam,Jammu And Kashmir,Anantnag,638922.0732089822,False,False
627,cardiology,34.30416438014038,621,Reasi,Jammu And Kashmir,Ramban,404706.5594658585,False,False
636,cardiology,85.79784388740437,687,Bijapur,Chhattisgarh,Jayashankar Bhupalapally,294696.742554721,True,False
638,cardiology,65.81841713920258,433,Singrauli,Madhya Pradesh,Sidhi,1558023.6167927014,True,False
639,cardiology,59.69643607772114,668,Alirajpur,Madhya Pradesh,Chhotaudepur,923548.6029736614,False,False
640,cardiology,50.749564352355115,140,Amethi,Uttar Pradesh,Ayodhya,2563915.290471191,False,True
644,cardiology,43.297305724151165,385,Balodabazar-Bhatapara,Chhattisgarh,Mahasamund,1328667.157644268,False,True
645,cardiology,56.848503382208484,377,Gariyaband,Chhattisgarh,Dhamtari,743387.2768573639,False,True
646,cardiology,53.5218826092571,388,Balod,Chhattisgarh,Rajnandgaon,995482.0585739907,False,True
695,cardiology,36.07967695853987,693,Jogulamba Gadwal,Telangana,Wanaparthy,646994.6633340233,False,True
8,ctvs,82.15825091353042,13,Kupwara,Jammu And Kashmir,Srinagar,1172030.2121566117,True,False
15,ctvs,28.83983911577874,17,Bilaspur,Himachal Pradesh,Hamirpur,483525.1007886491,False,False
16,ctvs,65.91505220522845,662,Chamba,Himachal Pradesh,Pathankot,568345.432996525,True,False
22,ctvs,44.21486530332037,17,Mandi,Himachal Pradesh,Hamirpur,1148234.4872249246,False,False
23,ctvs,80.43869248491657,22,Shimla,Himachal Pradesh,Mandi,921473.7362462453,False,False
45,ctvs,45.65023663756293,51,Almora,Uttarakhand,Nainital,704035.586577016,False,False
53,ctvs,107.50064182365023,45,Pithoragarh,Uttarakhand,Almora,552641.2825841503,False,False
56,ctvs,28.488323464127607,51,Udam Singh Nagar,Uttarakhand,Nainital,1959666.4269139322,True,False
57,ctvs,91.22760317067528,49,Uttar Kashi,Uttarakhand,Dehradun,414830.5359230782,False,False
59,ctvs,59.8548865190685,63,Bhiwani,Haryana,Hisar,1319359.1693796264,False,False
107,ctvs,283.29301158514545,441,Jodhpur,Rajasthan,Banas Kantha,1810930.4292524199,False,False
119,ctvs,62.080428148753754,167,Aligarh,Uttar Pradesh,Mathura,4347047.649131718,False,False
129,ctvs,48.16644009679761,162,Bara Banki,Uttar Pradesh,Lucknow,3856710.19049542,False,False
139,ctvs,89.43103861080762,141,Etawah,Uttar Pradesh,Farrukhabad,1953323.375618933,False,False
141,ctvs,89.43103861080762,139,Farrukhabad,Uttar Pradesh,Etawah,2230034.1291005206,False,False
149,ctvs,80.41288545677256,157,Hamirpur,Uttar Pradesh,Kanpur Nagar,1460520.5529266912,False,False
164,ctvs,57.83140217674182,148,Mahrajganj,Uttar Pradesh,Gorakhpur,3372605.8809874007,False,False
175,ctvs,66.0517326153238,186,Rae Bareli,Uttar Pradesh,Unnao,3524298.9327887264,False,False
186,ctvs,37.23970603603953,157,Unnao,Uttar Pradesh,Kanpur Nagar,3726552.4067450413,False,False
211,ctvs,86.20026106468595,164,Pashchim Champaran,Bihar,Mahrajganj,4925819.392647587,False,False
214,ctvs,48.885098850671554,205,Purnia,Bihar,Madhepura,4128523.677405553,True,False
215,ctvs,117.93894386141407,187,Rohtas,Bihar,Varanasi,3792902.132996359,False,False
226,ctvs,247.127296689236,214,Mangan,Sikkim,Purnia,46804.9388855954,False,False
237,ctvs,125.9440998812599,250,Papum Pare,Arunachal Pradesh,Wokha,228765.92414895265,False,False
245,ctvs,23.985060423438366,244,Kohima,Nagaland,Dimapur,207736.2887131713,False,False
246,ctvs,29.75504487295224,615,Mokokchung,Nagaland,Longleng,179189.2069362157,False,False
247,ctvs,22.255188871150416,615,Mon,Nagaland,Longleng,229102.16154736592,False,False
248,ctvs,28.375347872699376,245,Phek,Nagaland,Kohima,150888.7339522879,False,False
249,ctvs,40.445250565689804,614,Tuensang,Nagaland,Kiphire,99042.65112978936,False,False
250,ctvs,36.35146951197714,246,Wokha,Nagaland,Mokokchung,130120.44393681524,False,False
251,ctvs,40.72704866278174,250,Zunheboto,Nagaland,Wokha,131118.96620326216,False,False
255,ctvs,19.445826072717658,256,Imphal East,Manipur,Imphal West,476175.08184586256,False,False
261,ctvs,100.10341225646548,282,Aizawl,Mizoram,Cachar,504106.03060012904,False,False
278,ctvs,119.00197690022283,291,West Garo Hills,Meghalaya,Kamrup,744474.0988923504,False,False
292,ctvs,51.47055901057236,244,Karbi Anglong,Assam,Dimapur,598321.359002655,False,False
302,ctvs,56.792925442098245,286,Tinsukia,Assam,Dibrugarh,1396524.7482461785,False,False
324,ctvs,60.59227146432184,325,Deoghar,Jharkhand,Dhanbad,1776955.8814258447,False,False
325,ctvs,60.59227146432184,324,Dhanbad,Jharkhand,Deoghar,3369040.1767657767,False,False
341,ctvs,76.37960424857843,339,Saraikela Kharsawan,Jharkhand,Ranchi,1110643.060505968,False,False
342,ctvs,63.90057068255655,380,Simdega,Jharkhand,Jashpur,715837.0528195959,True,False
377,ctvs,78.28088501653615,378,Dhamtari,Chhattisgarh,Durg,942265.8244857276,False,False
380,ctvs,63.90057068255655,342,Jashpur,Chhattisgarh,Simdega,1001883.4518761713,False,False
386,ctvs,102.46667980197626,380,Raigarh,Chhattisgarh,Jashpur,1060323.476871527,False,False
388,ctvs,49.0769502922631,476,Rajnandgaon,Chhattisgarh,Gondia,1056684.3703870196,True,False
393,ctvs,82.79378499080332,474,Barwani,Madhya Pradesh,Dhule,1802996.6405033474,True,False
402,ctvs,48.757133260589825,410,Dewas,Madhya Pradesh,Indore,1879699.8669341328,False,False
427,ctvs,53.598854239645554,396,Sehore,Madhya Pradesh,Bhopal,1583996.6156844012,False,False
429,ctvs,114.24158181643176,638,Shahdol,Madhya Pradesh,Singrauli,1158267.3795499913,False,False
467,ctvs,51.87731354825432,499,Akola,Maharashtra,Washim,2083864.3785117292,False,False
468,ctvs,63.52220434216471,467,Amravati,Maharashtra,Akola,3291038.139693835,False,False
471,ctvs,49.35830707525935,476,Bhandara,Maharashtra,Gondia,1274403.707445348,False,False
474,ctvs,82.79378499080332,393,Dhule,Maharashtra,Barwani,2390736.18028951,False,False
489,ctvs,70.75033154228339,477,Parbhani,Maharashtra,Hingoli,2109048.8034060835,False,False
495,ctvs,60.43482367557456,480,Sindhudurg,Maharashtra,Kolhapur,912043.8714067698,False,False
498,ctvs,55.897022511212306,484,Wardha,Maharashtra,Nagpur,1442742.075251904,False,False
499,ctvs,51.87731354825432,467,Washim,Maharashtra,Akola,1364857.6828785483,True,False
521,ctvs,71.48851711166753,519,Vizianagaram,Andhra Pradesh,Srikakulam,1681951.2997061647,False,False
532,ctvs,72.07657164574344,539,Chikkamagaluru,Karnataka,Hassan,1172255.1144339703,False,False
542,ctvs,73.33028845454687,503,Kolar,Karnataka,Chittoor,1604170.1703526962,False,False
546,ctvs,88.6756441179787,695,Raichur,Karnataka,Jogulamba Gadwal,2020336.068525647,True,False
548,ctvs,87.44660996965658,525,Tumakuru,Karnataka,Bengaluru Urban,2763216.9833144303,False,False
551,ctvs,37.69210947361256,552,North Goa,Goa,South Goa,830928.4398160564,False,False
552,ctvs,37.69210947361256,551,South Goa,Goa,North Goa,682429.9805549768,False,False
554,ctvs,29.77301602242551,560,Alappuzha,Kerala,Kottayam,2181561.7388600823,False,False
560,ctvs,29.77301602242551,554,Kottayam,Kerala,Alappuzha,1557168.4210695801,False,False
567,ctvs,35.834015655094696,561,Wayanad,Kerala,Kozhikode,1160275.6482554541,True,False
572,ctvs,52.70879990226058,634,Dindigul,Tamil Nadu,Tiruppur,2283284.594424468,False,False
580,ctvs,40.6477687421132,584,Namakkal,Tamil Nadu,Salem,1884939.183270491,False,False
588,ctvs,66.45133692610489,578,Theni,Tamil Nadu,Madurai,1314388.0488776418,False,False
598,ctvs,47.396146417096,590,Karaikal,Puducherry,Thiruvarur,176243.05532875203,False,False
613,ctvs,51.62995846793712,244,Peren,Nagaland,Dimapur,99850.38581923737,False,False
614,ctvs,40.445250565689804,249,Kiphire,Nagaland,Tuensang,61890.92274396199,True,False
615,ctvs,22.255188871150416,247,Longleng,Nagaland,Mon,36005.33942233673,False,False
621,ctvs,34.30416438014038,627,Ramban,Jammu And Kashmir,Reasi,295301.45586373383,False,False
622,ctvs,40.96072196524089,621,Kulgam,Jammu And Kashmir,Ramban,638922.0732089822,False,False
624,ctvs,32.521195709665236,5,Samba,Jammu And Kashmir,Jammu,355479.97164187767,False,False
626,ctvs,23.1411123791677,13,Ganderbal,Jammu And Kashmir,Srinagar,488797.22436553944,False,False
627,ctvs,34.30416438014038,621,Reasi,Jammu And Kashmir,Ramban,404706.5594658585,False,False
638,ctvs,88.98093464813704,424,Singrauli,Madhya Pradesh,Rewa,1558023.6167927014,True,False
660,ctvs,40.753426010756385,71,Shamli,Uttar Pradesh,Panipat,1525607.5934512445,False,True
661,ctvs,35.75895149951059,169,Hapur,Uttar Pradesh,Meerut,1621757.2964767134,False,True
695,ctvs,36.07967695853987,693,Jogulamba Gadwal,Telangana,Wanaparthy,646994.6633340233,False,True
698,ctvs,66.82388689103632,691,Vikarabad,Telangana,Sangareddy,1164820.7729801591,False,True
57,emergency_room,57.43675414439564,55,Uttar Kashi,Uttarakhand,Tehri Garhwal,414830.5359230782,False,False
223,emergency_room,54.075945579646564,216,Supaul,Bihar,Saharsa,2952401.983090553,False,False
226,emergency_room,53.14662658132707,227,Mangan,Sikkim,Namchi,46804.9388855954,False,False
227,emergency_room,29.75792102933264,225,Namchi,Sikkim,Gangtok,153865.48498457143,False,False
231,emergency_room,46.54012858809032,723,East Kameng,Arunachal Pradesh,Pakke Kessang,81196.81713413956,False,False
233,emergency_room,52.60787549145991,231,Kurung Kumey,Arunachal Pradesh,East Kameng,70561.20772397052,False,False
234,emergency_room,35.649442814846125,678,Lohit,Arunachal Pradesh,Namsai,61023.8617300506,False,False
235,emergency_room,49.46145665246868,234,Lower Dibang Valley,Arunachal Pradesh,Lohit,68792.49816496366,False,False
236,emergency_room,33.84248805428651,237,Lower Subansiri,Arunachal Pradesh,Papum Pare,93953.93439668795,False,False
238,emergency_room,62.355384560263836,242,Tawang,Arunachal Pradesh,West Kameng,61613.40012977579,False,False
239,emergency_room,24.665437211446967,666,Tirap,Arunachal Pradesh,Longding,83547.55613919639,False,False
243,emergency_room,34.2432391063346,679,West Siang,Arunachal Pradesh,Siang,76831.84517534482,False,False
251,emergency_room,40.72704866278174,250,Zunheboto,Nagaland,Wokha,131118.96620326216,False,False
253,emergency_room,26.681816347084382,711,Chandel,Manipur,Kakching,115889.49869401095,True,False
258,emergency_room,29.288650601902066,712,Tamenglong,Manipur,Kangpokpi,126527.18209831938,False,False
260,emergency_room,32.52736734603581,257,Ukhrul,Manipur,Senapati,180597.17658160915,False,False
464,emergency_room,39.11129971502072,675,Diu,The Dadra And Nagar Haveli And Daman And Diu,Gir Somnath,112403.72688687773,False,False
486,emergency_room,42.0097907818355,474,Nandurbar,Maharashtra,Dhule,1935429.3286140626,True,False
541,emergency_room,46.46942072816159,557,Kodagu,Karnataka,Kannur,612342.2519009854,False,False
594,emergency_room,56.53832169130888,592,Thoothukkudi,Tamil Nadu,Tirunelveli,1726914.9731377447,False,False
601,emergency_room,58.64802214451023,505,Yanam,Puducherry,East Godavari,16811.764728270613,False,False
602,emergency_room,165.28646581871243,632,South Andamans,Andaman And Nicobar Islands,North And Middle Andaman,236036.01872616805,False,False
610,emergency_room,39.42499734827514,581,Ariyalur,Tamil Nadu,Perambalur,751597.5566346078,False,False
612,emergency_room,34.47977649893615,281,Chirang,Assam,Bongaigaon,581794.6340907122,False,False
625,emergency_room,20.493958683236276,622,Shopian,Jammu And Kashmir,Kulgam,386340.2930304658,False,False
626,emergency_room,23.1411123791677,13,Ganderbal,Jammu And Kashmir,Srinagar,488797.22436553944,False,False
628,emergency_room,56.70399394970472,234,Anjaw,Arunachal Pradesh,Lohit,26089.95048635038,False,False
632,emergency_room,165.28646581871243,602,North And Middle Andaman,Andaman And Nicobar Islands,South Andamans,89311.34410146241,False,False
666,emergency_room,24.665437211446967,239,Longding,Arunachal Pradesh,Tirap,68045.30364735724,False,True
677,emergency_room,40.08271678857246,718,Kra Daadi,Arunachal Pradesh,Kamle,65936.58598700125,False,True
679,emergency_room,34.2432391063346,243,Siang,Arunachal Pradesh,West Siang,23121.24023360823,False,True
706,emergency_room,21.88444303245728,295,Majuli,Assam,Lakhimpur,188931.70449744418,False,True
707,emergency_room,36.71881173186609,663,South Salmara Mancachar,Assam,South West Garo Hills,594677.8489229775,False,True
713,emergency_room,23.128867338158773,282,Jiribam,Manipur,Cachar,51152.07251636021,False,True
718,emergency_room,36.520942404945494,236,Kamle,Arunachal Pradesh,Lower Subansiri,20931.258417815414,False,True
719,emergency_room,24.100940871963314,284,Lower Siang,Arunachal Pradesh,Dhemaji,8071.600376782186,False,True
721,emergency_room,46.82054651506788,512,Narayanpet,Telangana,Mahabubnagar,624341.1143223314,False,True
723,emergency_room,46.54012858809032,231,Pakke Kessang,Arunachal Pradesh,East Kameng,20422.154124876823,False,True
724,emergency_room,26.03108726736403,719,Leparada,Arunachal Pradesh,Lower Siang,26064.902091814947,False,True
725,emergency_room,54.31278937855358,243,Shi Yomi,Arunachal Pradesh,West Siang,17642.32554373407,False,True
4,ent,38.61237275075712,14,Doda,Jammu And Kashmir,Udhampur,612835.6837561834,False,False
7,ent,31.748568416257314,662,Kathua,Jammu And Kashmir,Pathankot,729668.3847329078,False,False
10,ent,42.996749314261116,2,Poonch,Jammu And Kashmir,Budgam,694152.2659007441,False,False
16,ent,53.144186433569956,7,Chamba,Himachal Pradesh,Kathua,568345.432996525,True,False
46,ent,45.89459546892176,45,Bageshwar,Uttarakhand,Almora,291491.27627507417,False,False
48,ent,64.97977085352812,51,Champawat,Uttarakhand,Nainital,301481.71760001074,False,False
54,ent,50.499881206992114,55,Rudra Prayag,Uttarakhand,Tehri Garhwal,249022.51932156706,False,False
65,ent,46.0929141674217,66,Jind,Haryana,Kaithal,1576770.3602735875,False,False
88,ent,58.18333798341808,99,Banswara,Rajasthan,Dungarpur,2249951.2993668276,False,False
126,ent,35.767007361239656,222,Ballia,Uttar Pradesh,Siwan,3769569.904936715,False,False
138,ent,47.9203545730057,166,Etah,Uttar Pradesh,Mainpuri,2187288.781987932,False,False
149,ent,57.39056349014184,151,Hamirpur,Uttar Pradesh,Jalaun,1460520.5529266912,False,False
150,ent,54.52234250875711,155,Hardoi,Uttar Pradesh,Kannauj,4895124.970261643,False,False
159,ent,67.75910859768308,173,Kheri,Uttar Pradesh,Pilibhit,4823593.000151733,False,False
166,ent,47.9203545730057,138,Mainpuri,Uttar Pradesh,Etah,2186101.261097931,False,False
174,ent,56.94438642073554,640,Pratapgarh,Uttar Pradesh,Amethi,3982784.634697654,False,False
175,ent,47.32740213228169,142,Rae Bareli,Uttar Pradesh,Fatehpur,3524298.9327887264,False,False
182,ent,54.43171992774513,131,Siddharthnagar,Uttar Pradesh,Basti,3297962.0273067704,True,False
194,ent,40.8678300709498,126,Buxar,Bihar,Ballia,1997175.830715259,False,False
199,ent,39.348425674862796,212,Jehanabad,Bihar,Patna,1378269.7468148058,False,False
200,ent,37.42500614802386,135,Kaimur (Bhabua),Bihar,Chandauli,1974437.2072152477,False,False
202,ent,37.40774388730766,216,Khagaria,Bihar,Saharsa,2202758.7953162966,True,False
210,ent,37.979524554345744,219,Nawada,Bihar,Sheikhpura,2925311.9520525066,True,False
213,ent,40.445023273624294,220,Purbi Champaran,Bihar,Sheohar,6778699.5076587945,False,False
219,ent,37.979524554345744,210,Sheikhpura,Bihar,Nawada,678723.131935972,True,False
220,ent,34.00226775056283,221,Sheohar,Bihar,Sitamarhi,859870.1562135209,False,False
223,ent,54.075945579646564,216,Supaul,Bihar,Saharsa,2952401.983090553,False,False
224,ent,36.1477181983745,212,Vaishali,Bihar,Patna,4877239.689575422,False,False
226,ent,53.14662658132707,227,Mangan,Sikkim,Namchi,46804.9388855954,False,False
227,ent,29.75792102933264,225,Namchi,Sikkim,Gangtok,153865.48498457143,False,False
232,ent,57.19489535277915,302,East Siang,Arunachal Pradesh,Tinsukia,114138.66981606002,False,False
236,ent,33.84248805428651,237,Lower Subansiri,Arunachal Pradesh,Papum Pare,93953.93439668795,False,False
243,ent,61.96959607244724,232,West Siang,Arunachal Pradesh,East Siang,76831.84517534482,False,False
251,ent,40.72704866278174,250,Zunheboto,Nagaland,Wokha,131118.96620326216,False,False
252,ent,17.45676060207734,711,Bishnupur,Manipur,Kakching,300931.7131691731,False,False
253,ent,26.681816347084382,711,Chandel,Manipur,Kakching,115889.49869401095,True,False
254,ent,22.651611354997936,711,Churachandpur,Manipur,Kakching,281291.8767291976,False,False
257,ent,35.52152463131026,248,Senapati,Manipur,Phek,392649.92827009974,False,False
258,ent,42.84723621852616,613,Tamenglong,Manipur,Peren,126527.18209831938,False,False
259,ent,21.901424675658262,256,Thoubal,Manipur,Imphal West,390034.83407823497,False,False
269,ent,36.81039872195437,655,Dhalai,Tripura,Unakoti,432548.86068553466,True,False
270,ent,21.19856023846458,655,North Tripura,Tripura,Unakoti,402380.3829570534,False,False
283,ent,31.176191140404313,617,Darrang,Assam,Udalguri,1095092.8751236002,True,False
284,ent,51.39826524740716,286,Dhemaji,Assam,Dibrugarh,776401.1672849588,False,False
293,ent,54.77490633859616,282,Karimganj,Assam,Cachar,1411617.627268413,False,False
329,ent,56.11542176133282,324,Giridih,Jharkhand,Deoghar,3129858.0882147867,True,False
336,ent,71.83630028955066,323,Lohardaga,Jharkhand,Chatra,642657.7073899405,True,False
341,ent,52.68833097766862,327,Saraikela Kharsawan,Jharkhand,East Singhbum,1110643.060505968,False,False
342,ent,63.90057068255655,380,Simdega,Jharkhand,Jashpur,715837.0528195959,True,False
384,ent,70.7948952970745,648,Korea,Chhattisgarh,Surajpur,302806.356146472,False,False
392,ent,77.15944722905412,428,Balaghat,Madhya Pradesh,Seoni,1966215.1237499143,False,False
395,ent,47.3893273756207,401,Bhind,Madhya Pradesh,Datia,2001831.4123117938,False,False
397,ent,74.5097934370555,405,Burhanpur,Madhya Pradesh,Khandwa (East Nimar),908538.4370048521,False,False
398,ent,58.77180202082169,420,Chhatarpur,Madhya Pradesh,Panna,2141937.975500538,True,False
400,ent,73.14730961007666,413,Damoh,Madhya Pradesh,Katni,1501254.5295747416,True,False
413,ent,60.16714874376115,411,Katni,Madhya Pradesh,Jabalpur,1527231.4567548465,False,False
420,ent,58.77180202082169,398,Panna,Madhya Pradesh,Chhatarpur,1219658.0014883834,False,False
426,ent,69.60155559985022,420,Satna,Madhya Pradesh,Panna,1785799.8627858737,False,False
430,ent,54.516272513502,422,Shajapur,Madhya Pradesh,Rajgarh,1142666.9754165537,False,False
431,ent,80.66953436771188,113,Sheopur,Madhya Pradesh,Sawai Madhopur,888251.3585003293,False,False
463,ent,26.609257033030396,465,Daman,The Dadra And Nagar Haveli And Daman And Diu,Dadra And Nagar Haveli,192156.79902366071,False,False
465,ent,26.609257033030396,463,Dadra And Nagar Haveli,The Dadra And Nagar Haveli And Daman And Diu,Daman,673420.7899926937,False,False
486,ent,42.0097907818355,474,Nandurbar,Maharashtra,Dhule,1935429.3286140626,True,False
492,ent,96.15577061336906,494,Ratnagiri,Maharashtra,Satara,1740597.0899295674,False,False
499,ent,51.87731354825432,467,Washim,Maharashtra,Akola,1364857.6828785483,True,False
531,ent,56.681349525757994,573,Chamarajanagara,Karnataka,Erode,1078983.9429800783,False,False
546,ent,82.41078794932442,543,Raichur,Karnataka,Koppal,2020336.068525647,True,False
553,ent,370.78640265538485,558,Lakshadweep District,Lakshadweep,Kasaragod,48762.86763526817,False,False
576,ent,36.00997957942383,591,Karur,Tamil Nadu,Tiruchirappalli,1139456.6415877366,False,False
581,ent,52.71958184780914,570,Perambalur,Tamil Nadu,Cuddalore,546701.0604120791,False,False
592,ent,33.64913948992278,575,Tirunelveli,Tamil Nadu,Kanniyakumari,1750378.9934258605,False,False
593,ent,48.12703597908063,595,Tiruvannamalai,Tamil Nadu,Vellore,2707628.4386091046,False,False
594,ent,56.53832169130888,592,Thoothukkudi,Tamil Nadu,Tirunelveli,1726914.9731377447,False,False
601,ent,58.64802214451023,505,Yanam,Puducherry,East Godavari,16811.764728270613,False,False
602,ent,165.28646581871243,632,South Andamans,Andaman And Nicobar Islands,North And Middle Andaman,236036.01872616805,False,False
603,ent,439.7230236147988,602,Nicobars,Andaman And Nicobar Islands,South Andamans,32320.214256589727,False,False
612,ent,34.47977649893615,281,Chirang,Assam,Bongaigaon,581794.6340907122,False,False
616,ent,32.28663619745955,298,Baksa,Assam,Nalbari,731447.5641703649,True,False
623,ent,26.433543202422644,626,Bandipora,Jammu And Kashmir,Ganderbal,513307.6635993984,False,False
625,ent,20.493958683236276,622,Shopian,Jammu And Kashmir,Kulgam,386340.2930304658,False,False
627,ent,34.30416438014038,621,Reasi,Jammu And Kashmir,Ramban,404706.5594658585,False,False
631,ent,34.19087086645614,525,Ramanagara,Karnataka,Bengaluru Urban,1119388.5974887991,False,False
632,ent,165.28646581871243,602,North And Middle Andaman,Andaman And Nicobar Islands,South Andamans,89311.34410146241,False,False
636,ent,71.29486489136981,376,Bijapur,Chhattisgarh,Dakshin Bastar Dantewada,294696.742554721,True,False
639,ent,59.69643607772114,668,Alirajpur,Madhya Pradesh,Chhotaudepur,923548.6029736614,False,False
643,ent,66.57166311635373,374,Kondagaon,Chhattisgarh,Bastar,686305.2636460268,True,True
648,ent,52.791416327079965,649,Surajpur,Chhattisgarh,Balrampur-Ramanujganj,655886.5362283912,False,True
654,ent,28.474038586145465,271,Gomati,Tripura,South Tripura,573625.5480139579,False,True
655,ent,21.19856023846458,270,Unakoti,Tripura,North Tripura,389794.1802844502,False,True
667,ent,58.03184244874472,105,Agar-Malwa,Madhya Pradesh,Jhalawar,686614.9976400457,False,True
695,ent,36.07967695853987,693,Jogulamba Gadwal,Telangana,Wanaparthy,646994.6633340233,False,True
706,ent,21.88444303245728,295,Majuli,Assam,Lakhimpur,188931.70449744418,False,True
711,ent,17.45676060207734,252,Kakching,Manipur,Bishnupur,199405.42738031357,False,True
734,ent,74.25572818968332,375,Gaurela-Pendra-Marwahi,Chhattisgarh,Bilaspur,397609.0871213607,False,True
228,general_medicine,19.849116890506217,227,Gyalshing,Sikkim,Namchi,73456.20205940912,False,False
231,general_medicine,46.54012858809032,723,East Kameng,Arunachal Pradesh,Pakke Kessang,81196.81713413956,False,False
233,general_medicine,52.60787549145991,231,Kurung Kumey,Arunachal Pradesh,East Kameng,70561.20772397052,False,False
234,general_medicine,35.649442814846125,678,Lohit,Arunachal Pradesh,Namsai,61023.8617300506,False,False
235,general_medicine,49.46145665246868,234,Lower Dibang Valley,Arunachal Pradesh,Lohit,68792.49816496366,False,False
236,general_medicine,33.84248805428651,237,Lower Subansiri,Arunachal Pradesh,Papum Pare,93953.93439668795,False,False
238,general_medicine,62.355384560263836,242,Tawang,Arunachal Pradesh,West Kameng,61613.40012977579,False,False
239,general_medicine,24.665437211446967,666,Tirap,Arunachal Pradesh,Longding,83547.55613919639,False,False
243,general_medicine,34.2432391063346,679,West Siang,Arunachal Pradesh,Siang,76831.84517534482,False,False
258,general_medicine,29.288650601902066,712,Tamenglong,Manipur,Kangpokpi,126527.18209831938,False,False
260,general_medicine,32.52736734603581,257,Ukhrul,Manipur,Senapati,180597.17658160915,False,False
464,general_medicine,39.11129971502072,675,Diu,The Dadra And Nagar Haveli And Daman And Diu,Gir Somnath,112403.72688687773,False,False
541,general_medicine,46.46942072816159,557,Kodagu,Karnataka,Kannur,612342.2519009854,False,False
601,general_medicine,58.64802214451023,505,Yanam,Puducherry,East Godavari,16811.764728270613,False,False
612,general_medicine,34.47977649893615,281,Chirang,Assam,Bongaigaon,581794.6340907122,False,False
628,general_medicine,56.70399394970472,234,Anjaw,Arunachal Pradesh,Lohit,26089.95048635038,False,False
666,general_medicine,24.665437211446967,239,Longding,Arunachal Pradesh,Tirap,68045.30364735724,False,True
677,general_medicine,40.08271678857246,718,Kra Daadi,Arunachal Pradesh,Kamle,65936.58598700125,False,True
679,general_medicine,34.2432391063346,243,Siang,Arunachal Pradesh,West Siang,23121.24023360823,False,True
706,general_medicine,21.88444303245728,295,Majuli,Assam,Lakhimpur,188931.70449744418,False,True
707,general_medicine,36.71881173186609,663,South Salmara Mancachar,Assam,South West Garo Hills,594677.8489229775,False,True
713,general_medicine,23.128867338158773,282,Jiribam,Manipur,Cachar,51152.07251636021,False,True
714,general_medicine,35.810658155994645,252,Noney,Manipur,Bishnupur,51027.05532714479,False,True
715,general_medicine,40.44198399558585,714,Pherzawl,Manipur,Noney,61355.9053455906,False,True
717,general_medicine,38.72018171149425,255,Kamjong,Manipur,Imphal East,61644.0589517373,False,True
718,general_medicine,36.520942404945494,236,Kamle,Arunachal Pradesh,Lower Subansiri,20931.258417815414,False,True
719,general_medicine,24.100940871963314,284,Lower Siang,Arunachal Pradesh,Dhemaji,8071.600376782186,False,True
721,general_medicine,46.82054651506788,512,Narayanpet,Telangana,Mahabubnagar,624341.1143223314,False,True
723,general_medicine,46.54012858809032,231,Pakke Kessang,Arunachal Pradesh,East Kameng,20422.154124876823,False,True
724,general_medicine,26.03108726736403,719,Leparada,Arunachal Pradesh,Lower Siang,26064.902091814947,False,True
725,general_medicine,54.31278937855358,243,Shi Yomi,Arunachal Pradesh,West Siang,17642.32554373407,False,True
19,general_surgery,71.17582390593844,23,Kinnaur,Himachal Pradesh,Shimla,91852.22801656192,False,False
46,general_surgery,45.89459546892176,45,Bageshwar,Uttarakhand,Almora,291491.27627507417,False,False
103,general_surgery,181.1302959346105,90,Jaisalmer,Rajasthan,Barmer,831746.0944589318,True,False
165,general_surgery,52.96792686680888,149,Mahoba,Uttar Pradesh,Hamirpur,1077540.901067933,False,False
225,general_surgery,29.75792102933264,227,Gangtok,Sikkim,Namchi,252318.09829161424,False,False
226,general_surgery,53.14662658132707,227,Mangan,Sikkim,Namchi,46804.9388855954,False,False
227,general_surgery,29.75792102933264,225,Namchi,Sikkim,Gangtok,153865.48498457143,False,False
231,general_surgery,57.83953867061873,242,East Kameng,Arunachal Pradesh,West Kameng,81196.81713413956,False,False
234,general_surgery,35.649442814846125,678,Lohit,Arunachal Pradesh,Namsai,61023.8617300506,False,False
236,general_surgery,33.84248805428651,237,Lower Subansiri,Arunachal Pradesh,Papum Pare,93953.93439668795,False,False
240,general_surgery,63.97769079050329,243,Upper Siang,Arunachal Pradesh,West Siang,41587.601966277594,False,False
242,general_surgery,57.83953867061873,231,West Kameng,Arunachal Pradesh,East Kameng,109627.35394704947,False,False
243,general_surgery,61.96959607244724,232,West Siang,Arunachal Pradesh,East Siang,76831.84517534482,False,False
252,general_surgery,17.45676060207734,711,Bishnupur,Manipur,Kakching,300931.7131691731,False,False
253,general_surgery,26.681816347084382,711,Chandel,Manipur,Kakching,115889.49869401095,True,False
257,general_surgery,32.52736734603581,260,Senapati,Manipur,Ukhrul,392649.92827009974,False,False
258,general_surgery,29.288650601902066,712,Tamenglong,Manipur,Kangpokpi,126527.18209831938,False,False
260,general_surgery,32.52736734603581,257,Ukhrul,Manipur,Senapati,180597.17658160915,False,False
269,general_surgery,36.81039872195437,655,Dhalai,Tripura,Unakoti,432548.86068553466,True,False
270,general_surgery,21.19856023846458,655,North Tripura,Tripura,Unakoti,402380.3829570534,False,False
289,general_surgery,28.005939828786968,293,Hailakandi,Assam,Karimganj,741776.2830765555,True,False
391,general_surgery,63.59725841363944,406,Ashoknagar,Madhya Pradesh,Guna,1063936.5019553748,False,False
404,general_surgery,38.79783873944304,415,Dindori,Madhya Pradesh,Mandla,926438.0537256611,False,False
415,general_surgery,38.79783873944304,404,Mandla,Madhya Pradesh,Dindori,1146083.8688771573,False,False
431,general_surgery,80.66953436771188,113,Sheopur,Madhya Pradesh,Sawai Madhopur,888251.3585003293,False,False
436,general_surgery,49.17630257099778,429,Umaria,Madhya Pradesh,Shahdol,841785.9437074403,False,False
464,general_surgery,39.11129971502072,675,Diu,The Dadra And Nagar Haveli And Daman And Diu,Gir Somnath,112403.72688687773,False,False
541,general_surgery,46.46942072816159,557,Kodagu,Karnataka,Kannur,612342.2519009854,False,False
579,general_surgery,26.809665045363264,590,Nagapattinam,Tamil Nadu,Thiruvarur,720544.472517983,False,False
599,general_surgery,28.322042155824853,557,Mahe,Puducherry,Kannur,116365.92298833061,False,False
601,general_surgery,58.64802214451023,505,Yanam,Puducherry,East Godavari,16811.764728270613,False,False
603,general_surgery,439.7230236147988,602,Nicobars,Andaman And Nicobar Islands,South Andamans,32320.214256589727,False,False
612,general_surgery,34.47977649893615,281,Chirang,Assam,Bongaigaon,581794.6340907122,False,False
616,general_surgery,32.28663619745955,298,Baksa,Assam,Nalbari,731447.5641703649,True,False
617,general_surgery,31.176191140404313,283,Udalguri,Assam,Darrang,963240.2553201377,True,False
632,general_surgery,165.28646581871243,602,North And Middle Andaman,Andaman And Nicobar Islands,South Andamans,89311.34410146241,False,False
636,general_surgery,71.29486489136981,376,Bijapur,Chhattisgarh,Dakshin Bastar Dantewada,294696.742554721,True,False
666,general_surgery,39.175483331747664,247,Longding,Arunachal Pradesh,Mon,68045.30364735724,False,True
678,general_surgery,35.649442814846125,234,Namsai,Arunachal Pradesh,Lohit,122614.24641805893,True,True
695,general_surgery,36.07967695853987,693,Jogulamba Gadwal,Telangana,Wanaparthy,646994.6633340233,False,True
712,general_surgery,24.143392247758698,255,Kangpokpi,Manipur,Imphal East,221272.71499587956,False,True
721,general_surgery,46.82054651506788,512,Narayanpet,Telangana,Mahabubnagar,624341.1143223314,False,True
16,interventional_neuroradiology,65.91505220522845,662,Chamba,Himachal Pradesh,Pathankot,568345.432996525,True,False
22,interventional_neuroradiology,44.21486530332037,17,Mandi,Himachal Pradesh,Hamirpur,1148234.4872249246,False,False
23,interventional_neuroradiology,64.47615391780703,24,Shimla,Himachal Pradesh,Sirmaur,921473.7362462453,False,False
24,interventional_neuroradiology,46.45242868275916,49,Sirmaur,Himachal Pradesh,Dehradun,568464.4530127035,False,False
25,interventional_neuroradiology,30.103446420548597,42,Solan,Himachal Pradesh,Rupnagar,677025.6510801879,False,False
45,interventional_neuroradiology,45.65023663756293,51,Almora,Uttarakhand,Nainital,704035.586577016,False,False
52,interventional_neuroradiology,50.74149825707943,132,Pauri Garhwal,Uttarakhand,Bijnor,780997.5414601384,False,False
56,interventional_neuroradiology,28.488323464127607,51,Udam Singh Nagar,Uttarakhand,Nainital,1959666.4269139322,True,False
66,interventional_neuroradiology,35.462757535632385,68,Kaithal,Haryana,Kurukshetra,1270675.345024759,False,False
89,interventional_neuroradiology,68.87200955005137,105,Baran,Rajasthan,Jhalawar,1448696.7961349234,True,False
97,interventional_neuroradiology,68.23559887168815,113,Dausa,Rajasthan,Sawai Madhopur,2262890.6371191037,False,False
99,interventional_neuroradiology,48.51332627740996,672,Dungarpur,Rajasthan,Arvalli,1714456.4871219185,False,False
101,interventional_neuroradiology,66.67508037714454,100,Hanumangarh,Rajasthan,Ganganagar,2224940.585587418,False,False
111,interventional_neuroradiology,106.29760919112522,115,Pali,Rajasthan,Sirohi,1498571.7215577136,False,False
113,interventional_neuroradiology,64.39104461830267,116,Sawai Madhopur,Rajasthan,Tonk,1650657.8869364995,False,False
115,interventional_neuroradiology,68.52118207045781,104,Sirohi,Rajasthan,Jalore,1275948.563600002,True,False
126,interventional_neuroradiology,64.67410438805067,168,Ballia,Uttar Pradesh,Mau,3769569.904936715,False,False
129,interventional_neuroradiology,48.16644009679761,162,Bara Banki,Uttar Pradesh,Lucknow,3856710.19049542,False,False
132,interventional_neuroradiology,50.74149825707943,52,Bijnor,Uttar Pradesh,Pauri Garhwal,4354728.027953579,False,False
139,interventional_neuroradiology,77.39259529705112,143,Etawah,Uttar Pradesh,Firozabad,1953323.375618933,False,False
141,interventional_neuroradiology,89.43103861080762,139,Farrukhabad,Uttar Pradesh,Etawah,2230034.1291005206,False,False
143,interventional_neuroradiology,62.468080259807365,118,Firozabad,Uttar Pradesh,Agra,2990851.937729205,False,False
149,interventional_neuroradiology,71.55738246318437,156,Hamirpur,Uttar Pradesh,Kanpur Dehat,1460520.5529266912,False,False
152,interventional_neuroradiology,48.858158580347386,179,Jaunpur,Uttar Pradesh,Bhadohi,5138390.180373405,False,False
156,interventional_neuroradiology,40.98517026655637,157,Kanpur Dehat,Uttar Pradesh,Kanpur Nagar,2100491.7799560716,False,False
164,interventional_neuroradiology,57.83140217674182,148,Mahrajganj,Uttar Pradesh,Gorakhpur,3372605.8809874007,False,False
175,interventional_neuroradiology,52.99340104070566,640,Rae Bareli,Uttar Pradesh,Amethi,3524298.9327887264,False,False
183,interventional_neuroradiology,77.37428344016001,162,Sitapur,Uttar Pradesh,Lucknow,5428224.860120261,False,False
191,interventional_neuroradiology,89.47848923273204,212,Begusarai,Bihar,Patna,4172850.4782816297,True,False
208,interventional_neuroradiology,54.927559307546524,221,Muzaffarpur,Bihar,Sitamarhi,6030715.466976966,True,False
211,interventional_neuroradiology,86.20026106468595,164,Pashchim Champaran,Bihar,Mahrajganj,4925819.392647587,False,False
214,interventional_neuroradiology,48.885098850671554,205,Purnia,Bihar,Madhepura,4128523.677405553,True,False
215,interventional_neuroradiology,104.3159620461289,126,Rohtas,Bihar,Ballia,3792902.132996359,False,False
221,interventional_neuroradiology,54.927559307546524,208,Sitamarhi,Bihar,Muzaffarpur,4191104.9649816803,True,False
225,interventional_neuroradiology,54.8829476904925,226,Gangtok,Sikkim,Mangan,252318.09829161424,False,False
226,interventional_neuroradiology,54.8829476904925,225,Mangan,Sikkim,Gangtok,46804.9388855954,False,False
246,interventional_neuroradiology,29.75504487295224,615,Mokokchung,Nagaland,Longleng,179189.2069362157,False,False
247,interventional_neuroradiology,22.255188871150416,615,Mon,Nagaland,Longleng,229102.16154736592,False,False
248,interventional_neuroradiology,28.375347872699376,245,Phek,Nagaland,Kohima,150888.7339522879,False,False
249,interventional_neuroradiology,40.445250565689804,614,Tuensang,Nagaland,Kiphire,99042.65112978936,False,False
251,interventional_neuroradiology,40.72704866278174,250,Zunheboto,Nagaland,Wokha,131118.96620326216,False,False
263,interventional_neuroradiology,39.33938607103007,261,Kolasib,Mizoram,Aizawl,136143.44756189876,False,False
265,interventional_neuroradiology,104.03622171512077,261,Lunglei,Mizoram,Aizawl,166377.1650532753,False,False
275,interventional_neuroradiology,35.22917376612662,274,West Jaintia Hills,Meghalaya,East Khasi Hills,364368.8630291583,False,False
281,interventional_neuroradiology,36.74012380399782,287,Bongaigaon,Assam,Goalpara,752309.399349219,False,False
287,interventional_neuroradiology,36.74012380399782,281,Goalpara,Assam,Bongaigaon,1105232.0778411822,True,False
290,interventional_neuroradiology,31.888600684934254,246,Jorhat,Assam,Mokokchung,1092157.3966661568,False,False
292,interventional_neuroradiology,48.10872439423422,709,Karbi Anglong,Assam,Hojai,598321.359002655,False,False
298,interventional_neuroradiology,27.43213012878457,291,Nalbari,Assam,Kamrup,1010371.8274121772,False,False
300,interventional_neuroradiology,49.64842176029168,290,Sivasagar,Assam,Jorhat,871715.1311788734,False,False
302,interventional_neuroradiology,56.792925442098245,286,Tinsukia,Assam,Dibrugarh,1396524.7482461785,False,False
322,interventional_neuroradiology,48.162930287826235,607,Bokaro,Jharkhand,Ramgarh,2485996.819654438,True,False
341,interventional_neuroradiology,76.37960424857843,339,Saraikela Kharsawan,Jharkhand,Ranchi,1110643.060505968,False,False
382,interventional_neuroradiology,85.84524994207356,375,Kabeerdham,Chhattisgarh,Bilaspur,1065946.087698693,False,False
383,interventional_neuroradiology,62.311608626952186,389,Korba,Chhattisgarh,Surguja,1477990.369069858,True,False
388,interventional_neuroradiology,49.0769502922631,476,Rajnandgaon,Chhattisgarh,Gondia,1056684.3703870196,True,False
389,interventional_neuroradiology,62.311608626952186,383,Surguja,Chhattisgarh,Korba,1186462.705991703,False,False
397,interventional_neuroradiology,82.67197856444648,472,Burhanpur,Madhya Pradesh,Buldhana,908538.4370048521,False,False
399,interventional_neuroradiology,100.8475781835451,394,Chhindwara,Madhya Pradesh,Betul,2048847.5549100921,False,False
402,interventional_neuroradiology,48.757133260589825,410,Dewas,Madhya Pradesh,Indore,1879699.8669341328,False,False
413,interventional_neuroradiology,60.16714874376115,411,Katni,Madhya Pradesh,Jabalpur,1527231.4567548465,False,False
427,interventional_neuroradiology,53.598854239645554,396,Sehore,Madhya Pradesh,Bhopal,1583996.6156844012,False,False
429,interventional_neuroradiology,114.24158181643176,638,Shahdol,Madhya Pradesh,Singrauli,1158267.3795499913,False,False
463,interventional_neuroradiology,26.609257033030396,465,Daman,The Dadra And Nagar Haveli And Daman And Diu,Dadra And Nagar Haveli,192156.79902366071,False,False
465,interventional_neuroradiology,26.609257033030396,463,Dadra And Nagar Haveli,The Dadra And Nagar Haveli And Daman And Diu,Daman,673420.7899926937,False,False
498,interventional_neuroradiology,55.897022511212306,484,Wardha,Maharashtra,Nagpur,1442742.075251904,False,False
528,interventional_neuroradiology,62.54510063682159,543,Ballari,Karnataka,Koppal,1261952.5700927742,False,False
541,interventional_neuroradiology,46.46942072816159,557,Kodagu,Karnataka,Kannur,612342.2519009854,False,False
543,interventional_neuroradiology,62.54510063682159,528,Koppal,Karnataka,Ballari,1453916.5730011202,False,False
551,interventional_neuroradiology,76.33087796328714,495,North Goa,Goa,Sindhudurg,830928.4398160564,False,False
554,interventional_neuroradiology,29.77301602242551,560,Alappuzha,Kerala,Kottayam,2181561.7388600823,False,False
556,interventional_neuroradiology,44.00258000481281,560,Idukki,Kerala,Kottayam,854501.0036075576,False,False
558,interventional_neuroradiology,43.12898444551498,534,Kasaragod,Kerala,Dakshina Kannada,983685.8037588111,False,False
560,interventional_neuroradiology,29.77301602242551,554,Kottayam,Kerala,Alappuzha,1557168.4210695801,False,False
567,interventional_neuroradiology,35.834015655094696,561,Wayanad,Kerala,Kozhikode,1160275.6482554541,True,False
571,interventional_neuroradiology,40.75157508077654,577,Dharmapuri,Tamil Nadu,Krishnagiri,1672867.0574906243,False,False
581,interventional_neuroradiology,52.71958184780914,570,Perambalur,Tamil Nadu,Cuddalore,546701.0604120791,False,False
588,interventional_neuroradiology,46.80505957546328,556,Theni,Tamil Nadu,Idukki,1314388.0488776418,False,False
597,interventional_neuroradiology,53.36769651664001,578,Virudhunagar,Tamil Nadu,Madurai,2031359.7247244078,True,False
598,interventional_neuroradiology,47.396146417096,590,Karaikal,Puducherry,Thiruvarur,176243.05532875203,False,False
607,interventional_neuroradiology,46.1500888448469,339,Ramgarh,Jharkhand,Ranchi,1077627.96168116,True,False
613,interventional_neuroradiology,51.62995846793712,244,Peren,Nagaland,Dimapur,99850.38581923737,False,False
614,interventional_neuroradiology,40.445250565689804,249,Kiphire,Nagaland,Tuensang,61890.92274396199,True,False
615,interventional_neuroradiology,22.255188871150416,247,Longleng,Nagaland,Mon,36005.33942233673,False,False
621,interventional_neuroradiology,34.30416438014038,627,Ramban,Jammu And Kashmir,Reasi,295301.45586373383,False,False
624,interventional_neuroradiology,32.521195709665236,5,Samba,Jammu And Kashmir,Jammu,355479.97164187767,False,False
627,interventional_neuroradiology,34.30416438014038,621,Reasi,Jammu And Kashmir,Ramban,404706.5594658585,False,False
630,interventional_neuroradiology,68.72637658372591,542,Chikkaballapura,Karnataka,Kolar,1236631.262180687,False,False
638,interventional_neuroradiology,88.98093464813704,424,Singrauli,Madhya Pradesh,Rewa,1558023.6167927014,True,False
640,interventional_neuroradiology,50.749564352355115,140,Amethi,Uttar Pradesh,Ayodhya,2563915.290471191,False,True
695,interventional_neuroradiology,36.07967695853987,693,Jogulamba Gadwal,Telangana,Wanaparthy,646994.6633340233,False,True
709,interventional_neuroradiology,48.10872439423422,292,Hojai,Assam,Karbi Anglong,1134793.9546653493,False,True
2,medical_oncology,34.6083918362876,13,Budgam,Jammu And Kashmir,Srinagar,881757.4349712201,False,False
3,medical_oncology,43.09084832729522,2,Baramulla,Jammu And Kashmir,Budgam,1186220.1496902034,True,False
16,medical_oncology,65.91505220522845,662,Chamba,Himachal Pradesh,Pathankot,568345.432996525,True,False
25,medical_oncology,30.103446420548597,42,Solan,Himachal Pradesh,Rupnagar,677025.6510801879,False,False
56,medical_oncology,28.488323464127607,51,Udam Singh Nagar,Uttarakhand,Nainital,1959666.4269139322,True,False
92,medical_oncology,116.98982076902296,116,Bhilwara,Rajasthan,Tonk,2033149.8394425516,False,False
96,medical_oncology,70.36018896105719,114,Churu,Rajasthan,Sikar,2420656.4289155374,False,False
116,medical_oncology,108.44311887023373,109,Tonk,Rajasthan,Kota,1733619.5335962703,False,False
123,medical_oncology,49.56458235833051,168,Azamgarh,Uttar Pradesh,Mau,5580758.89195481,False,False
124,medical_oncology,34.58083967557547,145,Baghpat,Uttar Pradesh,Ghaziabad,1497059.5325035995,False,False
132,medical_oncology,50.74149825707943,52,Bijnor,Uttar Pradesh,Pauri Garhwal,4354728.027953579,False,False
133,medical_oncology,57.44071886353526,130,Budaun,Uttar Pradesh,Bareilly,3776763.6547610285,False,False
141,medical_oncology,52.02322524162126,155,Farrukhabad,Uttar Pradesh,Kannauj,2230034.1291005206,False,False
149,medical_oncology,71.55738246318437,156,Hamirpur,Uttar Pradesh,Kanpur Dehat,1460520.5529266912,False,False
153,medical_oncology,74.68307525952972,407,Jhansi,Uttar Pradesh,Gwalior,2331989.565774316,False,False
154,medical_oncology,35.841355297719105,661,Amroha,Uttar Pradesh,Hapur,2293327.3798535466,False,False
156,medical_oncology,40.98517026655637,157,Kanpur Dehat,Uttar Pradesh,Kanpur Nagar,2100491.7799560716,False,False
168,medical_oncology,49.56458235833051,123,Mau,Uttar Pradesh,Azamgarh,2313272.5339235114,False,False
170,medical_oncology,49.30055286656751,179,Mirzapur,Uttar Pradesh,Bhadohi,3160388.6807918786,False,False
179,medical_oncology,44.098415783395374,187,Bhadohi,Uttar Pradesh,Varanasi,1939028.4969751327,False,False
180,medical_oncology,59.65475904706207,141,Shahjahanpur,Uttar Pradesh,Farrukhabad,3644975.4727261416,False,False
201,medical_oncology,33.80773023630611,214,Katihar,Bihar,Purnia,3829282.487333551,True,False
208,medical_oncology,47.171950753781175,224,Muzaffarpur,Bihar,Vaishali,6030715.466976966,True,False
210,medical_oncology,86.07490853623462,212,Nawada,Bihar,Patna,2925311.9520525066,True,False
211,medical_oncology,105.60144018851204,148,Pashchim Champaran,Bihar,Gorakhpur,4925819.392647587,False,False
214,medical_oncology,33.80773023630611,201,Purnia,Bihar,Katihar,4128523.677405553,True,False
216,medical_oncology,33.021708447255094,205,Saharsa,Bihar,Madhepura,2388347.885899737,False,False
221,medical_oncology,54.927559307546524,208,Sitamarhi,Bihar,Muzaffarpur,4191104.9649816803,True,False
224,medical_oncology,36.1477181983745,212,Vaishali,Bihar,Patna,4877239.689575422,False,False
226,medical_oncology,210.76493517321487,294,Mangan,Sikkim,Kokrajhar,46804.9388855954,False,False
246,medical_oncology,29.75504487295224,615,Mokokchung,Nagaland,Longleng,179189.2069362157,False,False
247,medical_oncology,22.255188871150416,615,Mon,Nagaland,Longleng,229102.16154736592,False,False
248,medical_oncology,28.375347872699376,245,Phek,Nagaland,Kohima,150888.7339522879,False,False
249,medical_oncology,40.445250565689804,614,Tuensang,Nagaland,Kiphire,99042.65112978936,False,False
250,medical_oncology,36.35146951197714,246,Wokha,Nagaland,Mokokchung,130120.44393681524,False,False
251,medical_oncology,40.72704866278174,250,Zunheboto,Nagaland,Wokha,131118.96620326216,False,False
263,medical_oncology,39.33938607103007,261,Kolasib,Mizoram,Aizawl,136143.44756189876,False,False
265,medical_oncology,104.03622171512077,261,Lunglei,Mizoram,Aizawl,166377.1650532753,False,False
271,medical_oncology,86.71334677607216,272,South Tripura,Tripura,West Tripura,444543.2704801065,False,False
277,medical_oncology,47.314984300170586,278,South Garo Hills,Meghalaya,West Garo Hills,193806.4907690125,False,False
278,medical_oncology,47.314984300170586,277,West Garo Hills,Meghalaya,South Garo Hills,744474.0988923504,False,False
280,medical_oncology,29.94851532436531,291,Barpeta,Assam,Kamrup,1627501.372414651,True,False
283,medical_oncology,31.176191140404313,617,Darrang,Assam,Udalguri,1095092.8751236002,True,False
294,medical_oncology,91.50098189180304,280,Kokrajhar,Assam,Barpeta,1181644.8582820978,False,False
295,medical_oncology,55.446416486353854,290,Lakhimpur,Assam,Jorhat,1172329.9781332489,False,False
298,medical_oncology,27.43213012878457,291,Nalbari,Assam,Kamrup,1010371.8274121772,False,False
302,medical_oncology,56.792925442098245,286,Tinsukia,Assam,Dibrugarh,1396524.7482461785,False,False
322,medical_oncology,48.162930287826235,607,Bokaro,Jharkhand,Ramgarh,2485996.819654438,True,False
332,medical_oncology,34.99512240695848,607,Hazaribagh,Jharkhand,Ramgarh,2036956.4819363495,True,False
374,medical_oncology,55.462621433533954,376,Bastar,Chhattisgarh,Dakshin Bastar Dantewada,977842.9343239337,True,False
376,medical_oncology,55.462621433533954,374,Dakshin Bastar Dantewada,Chhattisgarh,Bastar,339630.03349785594,True,False
380,medical_oncology,94.63610670221948,389,Jashpur,Chhattisgarh,Surguja,1001883.4518761713,False,False
381,medical_oncology,89.5076349327157,377,Uttar Bastar Kanker,Chhattisgarh,Dhamtari,926250.7276194015,True,False
383,medical_oncology,62.311608626952186,389,Korba,Chhattisgarh,Surguja,1477990.369069858,True,False
394,medical_oncology,79.4446068715797,409,Betul,Madhya Pradesh,Narmadapuram,1879606.0050038917,False,False
397,medical_oncology,74.5097934370555,405,Burhanpur,Madhya Pradesh,Khandwa (East Nimar),908538.4370048521,False,False
402,medical_oncology,48.757133260589825,410,Dewas,Madhya Pradesh,Indore,1879699.8669341328,False,False
405,medical_oncology,66.21374079629786,408,Khandwa (East Nimar),Madhya Pradesh,Harda,1544706.773224733,True,False
406,medical_oncology,94.03310807209307,437,Guna,Madhya Pradesh,Vidisha,1464447.1883400423,True,False
408,medical_oncology,66.21374079629786,405,Harda,Madhya Pradesh,Khandwa (East Nimar),695614.4346240504,False,False
409,medical_oncology,78.83697420986009,421,Narmadapuram,Madhya Pradesh,Raisen,1475828.1660314885,False,False
414,medical_oncology,80.73896111230678,405,Khargone (West Nimar),Madhya Pradesh,Khandwa (East Nimar),2202320.199567369,False,False
415,medical_oncology,85.76454577603846,411,Mandla,Madhya Pradesh,Jabalpur,1146083.8688771573,False,False
421,medical_oncology,73.0146657977356,437,Raisen,Madhya Pradesh,Vidisha,1609138.9793356282,False,False
423,medical_oncology,70.84378434618229,435,Ratlam,Madhya Pradesh,Ujjain,1703631.5099558234,False,False
429,medical_oncology,114.24158181643176,638,Shahdol,Madhya Pradesh,Singrauli,1158267.3795499913,False,False
472,medical_oncology,82.67197856444648,397,Buldhana,Maharashtra,Burhanpur,2964170.194162037,False,False
473,medical_oncology,79.06098931836297,475,Chandrapur,Maharashtra,Gadchiroli,2475673.9676380903,False,False
479,medical_oncology,70.20828041197251,469,Jalna,Maharashtra,Chhatrapati Sambhajinagar,2277544.245194602,False,False
492,medical_oncology,96.15577061336906,494,Ratnagiri,Maharashtra,Satara,1740597.0899295674,False,False
498,medical_oncology,55.897022511212306,484,Wardha,Maharashtra,Nagpur,1442742.075251904,False,False
499,medical_oncology,51.87731354825432,467,Washim,Maharashtra,Akola,1364857.6828785483,True,False
502,medical_oncology,99.44033787231834,630,Ananthapuramu,Andhra Pradesh,Chikkaballapura,2487350.062909732,False,False
515,medical_oncology,122.48550200329694,589,Sri Potti Sriramulu Nellore,Andhra Pradesh,Thiruvallur,3204452.93288629,False,False
517,medical_oncology,99.4354457562458,506,Prakasam,Andhra Pradesh,Guntur,2219598.1301545305,False,False
519,medical_oncology,169.7988852989353,520,Srikakulam,Andhra Pradesh,Visakhapatnam,2831835.16128335,False,False
523,medical_oncology,64.45026937926663,510,West Godavari,Andhra Pradesh,Krishna,2047788.7058935852,False,False
526,medical_oncology,32.13137578110328,525,Bengaluru Rural,Karnataka,Bengaluru Urban,1202532.3875567734,False,False
533,medical_oncology,69.33155473691313,535,Chitradurga,Karnataka,Davangere,1724056.341834731,False,False
538,medical_oncology,99.65113124324421,529,Kalaburagi,Karnataka,Bidar,2647021.418894641,False,False
539,medical_oncology,73.76832615057738,544,Hassan,Karnataka,Mandya,1825581.3469987295,False,False
548,medical_oncology,56.625405850353374,526,Tumakuru,Karnataka,Bengaluru Rural,2763216.9833144303,False,False
550,medical_oncology,77.5143836776448,552,Uttara Kannada,Karnataka,South Goa,1525446.6542544086,False,False
552,medical_oncology,37.69210947361256,551,South Goa,Goa,North Goa,682429.9805549768,False,False
571,medical_oncology,40.75157508077654,577,Dharmapuri,Tamil Nadu,Krishnagiri,1672867.0574906243,False,False
572,medical_oncology,52.70879990226058,634,Dindigul,Tamil Nadu,Tiruppur,2283284.594424468,False,False
577,medical_oncology,40.75157508077654,571,Krishnagiri,Tamil Nadu,Dharmapuri,1932067.7124503632,False,False
579,medical_oncology,26.809665045363264,590,Nagapattinam,Tamil Nadu,Thiruvarur,720544.472517983,False,False
580,medical_oncology,40.6477687421132,584,Namakkal,Tamil Nadu,Salem,1884939.183270491,False,False
581,medical_oncology,52.71958184780914,570,Perambalur,Tamil Nadu,Cuddalore,546701.0604120791,False,False
587,medical_oncology,72.88553752660984,573,The Nilgiris,Tamil Nadu,Erode,716636.2070780438,False,False
602,medical_oncology,1268.5964012576276,519,South Andamans,Andaman And Nicobar Islands,Srikakulam,236036.01872616805,False,False
607,medical_oncology,34.99512240695848,332,Ramgarh,Jharkhand,Hazaribagh,1077627.96168116,True,False
613,medical_oncology,51.62995846793712,244,Peren,Nagaland,Dimapur,99850.38581923737,False,False
614,medical_oncology,40.445250565689804,249,Kiphire,Nagaland,Tuensang,61890.92274396199,True,False
615,medical_oncology,22.255188871150416,247,Longleng,Nagaland,Mon,36005.33942233673,False,False
617,medical_oncology,31.176191140404313,283,Udalguri,Assam,Darrang,963240.2553201377,True,False
621,medical_oncology,34.30416438014038,627,Ramban,Jammu And Kashmir,Reasi,295301.45586373383,False,False
627,medical_oncology,34.30416438014038,621,Reasi,Jammu And Kashmir,Ramban,404706.5594658585,False,False
630,medical_oncology,67.09016024485653,526,Chikkaballapura,Karnataka,Bengaluru Rural,1236631.262180687,False,False
636,medical_oncology,71.29486489136981,376,Bijapur,Chhattisgarh,Dakshin Bastar Dantewada,294696.742554721,True,False
638,medical_oncology,82.66378707152552,170,Singrauli,Madhya Pradesh,Mirzapur,1558023.6167927014,True,False
645,medical_oncology,56.848503382208484,377,Gariyaband,Chhattisgarh,Dhamtari,743387.2768573639,False,True
660,medical_oncology,40.753426010756385,71,Shamli,Uttar Pradesh,Panipat,1525607.5934512445,False,True
661,medical_oncology,35.75895149951059,169,Hapur,Uttar Pradesh,Meerut,1621757.2964767134,False,True
695,medical_oncology,36.07967695853987,693,Jogulamba Gadwal,Telangana,Wanaparthy,646994.6633340233,False,True
709,medical_oncology,48.10872439423422,292,Hojai,Assam,Karbi Anglong,1134793.9546653493,False,True
1,mental_disorders,23.894869445092336,11,Anantnag,Jammu And Kashmir,Pulwama,1158867.6834221075,False,False
2,mental_disorders,34.6083918362876,13,Budgam,Jammu And Kashmir,Srinagar,881757.4349712201,False,False
8,mental_disorders,82.14303473457998,2,Kupwara,Jammu And Kashmir,Budgam,1172030.2121566117,True,False
11,mental_disorders,21.958384909241563,13,Pulwama,Jammu And Kashmir,Srinagar,696708.9523566635,False,False
13,mental_disorders,21.958384909241563,11,Srinagar,Jammu And Kashmir,Pulwama,1601006.942531314,False,False
15,mental_disorders,28.83983911577874,17,Bilaspur,Himachal Pradesh,Hamirpur,483525.1007886491,False,False
16,mental_disorders,65.91505220522845,662,Chamba,Himachal Pradesh,Pathankot,568345.432996525,True,False
22,mental_disorders,44.21486530332037,17,Mandi,Himachal Pradesh,Hamirpur,1148234.4872249246,False,False
23,mental_disorders,64.47615391780703,24,Shimla,Himachal Pradesh,Sirmaur,921473.7362462453,False,False
24,mental_disorders,43.96142606637481,70,Sirmaur,Himachal Pradesh,Panchkula,568464.4530127035,False,False
46,mental_disorders,60.022646279543274,47,Bageshwar,Uttarakhand,Chamoli,291491.27627507417,False,False
50,mental_disorders,49.2411818451336,177,Haridwar,Uttarakhand,Saharanpur,2343471.993457813,True,False
52,mental_disorders,67.96534391025045,50,Pauri Garhwal,Uttarakhand,Haridwar,780997.5414601384,False,False
55,mental_disorders,60.528475093866625,49,Tehri Garhwal,Uttarakhand,Dehradun,699331.7328543726,False,False
56,mental_disorders,28.488323464127607,51,Udam Singh Nagar,Uttarakhand,Nainital,1959666.4269139322,True,False
61,mental_disorders,38.879700883358005,37,Fatehabad,Haryana,Mansa,1077649.3248731822,False,False
62,mental_disorders,36.27101980374342,604,Gurugram,Haryana,Nuh,2241701.985464285,False,False
65,mental_disorders,46.0929141674217,66,Jind,Haryana,Kaithal,1576770.3602735875,False,False
66,mental_disorders,35.462757535632385,68,Kaithal,Haryana,Kurukshetra,1270675.345024759,False,False
68,mental_disorders,35.462757535632385,66,Kurukshetra,Haryana,Kaithal,1124436.8758991428,False,False
70,mental_disorders,21.541976663119364,44,Panchkula,Haryana,Chandigarh,582290.6269969653,False,False
75,mental_disorders,32.324691883497934,71,Sonipat,Haryana,Panipat,1759886.3927286929,False,False
76,mental_disorders,30.898992913341395,177,Yamunanagar,Haryana,Saharanpur,1452284.363996737,False,False
86,mental_disorders,92.56889384171131,92,Ajmer,Rajasthan,Bhilwara,2206233.4238236393,False,False
87,mental_disorders,63.3616097808046,604,Alwar,Rajasthan,Nuh,2218628.3523978554,False,False
91,mental_disorders,42.33607949696397,167,Bharatpur,Rajasthan,Mathura,1738918.1324809967,False,False
92,mental_disorders,89.59667349971292,95,Bhilwara,Rajasthan,Chittorgarh,2033149.8394425516,False,False
95,mental_disorders,89.59667349971292,92,Chittorgarh,Rajasthan,Bhilwara,1878280.6683681337,False,False
97,mental_disorders,79.06178274567986,102,Dausa,Rajasthan,Jaipur,2262890.6371191037,False,False
100,mental_disorders,113.8413821239906,651,Ganganagar,Rajasthan,Fazilka,1453832.3384993747,False,False
116,mental_disorders,97.27502365174719,86,Tonk,Rajasthan,Ajmer,1733619.5335962703,False,False
119,mental_disorders,38.21330193835114,163,Aligarh,Uttar Pradesh,Hathras,4347047.649131718,False,False
121,mental_disorders,33.49506749370758,185,Ambedkar Nagar,Uttar Pradesh,Sultanpur,3038544.1288927314,False,False
127,mental_disorders,66.25057816082202,131,Balrampur,Uttar Pradesh,Basti,2516517.086674228,True,False
129,mental_disorders,48.16644009679761,162,Bara Banki,Uttar Pradesh,Lucknow,3856710.19049542,False,False
130,mental_disorders,64.13609473292755,56,Bareilly,Uttar Pradesh,Udam Singh Nagar,5099137.658495271,False,False
131,mental_disorders,49.97772401528242,121,Basti,Uttar Pradesh,Ambedkar Nagar,2754658.150915965,False,False
137,mental_disorders,48.38752140237796,148,Deoria,Uttar Pradesh,Gorakhpur,3550874.5767660798,False,False
140,mental_disorders,52.249242268976964,185,Ayodhya,Uttar Pradesh,Sultanpur,3390073.162519542,False,False
141,mental_disorders,52.02322524162126,155,Farrukhabad,Uttar Pradesh,Kannauj,2230034.1291005206,False,False
143,mental_disorders,57.62162881765342,163,Firozabad,Uttar Pradesh,Hathras,2990851.937729205,False,False
145,mental_disorders,40.53555213851083,169,Ghaziabad,Uttar Pradesh,Meerut,4902650.230604972,False,False
146,mental_disorders,59.8465192615626,194,Ghazipur,Uttar Pradesh,Buxar,4296014.8444355335,False,False
149,mental_disorders,71.55738246318437,156,Hamirpur,Uttar Pradesh,Kanpur Dehat,1460520.5529266912,False,False
150,mental_disorders,54.52234250875711,155,Hardoi,Uttar Pradesh,Kannauj,4895124.970261643,False,False
155,mental_disorders,42.47488637619304,122,Kannauj,Uttar Pradesh,Auraiya,1975610.943411449,False,False
156,mental_disorders,40.98517026655637,157,Kanpur Dehat,Uttar Pradesh,Kanpur Nagar,2100491.7799560716,False,False
163,mental_disorders,38.21330193835114,119,Hathras,Uttar Pradesh,Aligarh,1822513.8095927201,False,False
172,mental_disorders,47.766305797616354,169,Muzaffarnagar,Uttar Pradesh,Meerut,3452632.6678107176,False,False
174,mental_disorders,60.96467100683685,185,Pratapgarh,Uttar Pradesh,Sultanpur,3982784.634697654,False,False
175,mental_disorders,66.0517326153238,186,Rae Bareli,Uttar Pradesh,Unnao,3524298.9327887264,False,False
177,mental_disorders,30.898992913341395,76,Saharanpur,Uttar Pradesh,Yamunanagar,4190484.76927858,False,False
179,mental_disorders,44.098415783395374,187,Bhadohi,Uttar Pradesh,Varanasi,1939028.4969751327,False,False
183,mental_disorders,75.1071333954606,150,Sitapur,Uttar Pradesh,Hardoi,5428224.860120261,False,False
184,mental_disorders,68.97434151586609,328,Sonbhadra,Uttar Pradesh,Garhwa,2312572.608397339,True,False
185,mental_disorders,33.49506749370758,121,Sultanpur,Uttar Pradesh,Ambedkar Nagar,2661545.809931744,False,False
186,mental_disorders,37.23970603603953,157,Unnao,Uttar Pradesh,Kanpur Nagar,3726552.4067450413,False,False
192,mental_disorders,58.12599786567681,205,Bhagalpur,Bihar,Madhepura,3893149.0191134466,False,False
194,mental_disorders,59.8465192615626,146,Buxar,Bihar,Ghazipur,1997175.830715259,False,False
195,mental_disorders,71.95561984380447,208,Darbhanga,Bihar,Muzaffarpur,4890324.16209899,False,False
196,mental_disorders,66.95887337853411,334,Gaya,Bihar,Koderma,5730002.880819759,True,False
197,mental_disorders,57.57033251948655,213,Gopalganj,Bihar,Purbi Champaran,3220722.3152440246,False,False
198,mental_disorders,47.75545354863009,329,Jamui,Bihar,Giridih,2260277.885349742,True,False
205,mental_disorders,48.885098850671554,214,Madhepura,Bihar,Purnia,2840466.5385709275,False,False
208,mental_disorders,47.171950753781175,224,Muzaffarpur,Bihar,Vaishali,6030715.466976966,True,False
209,mental_disorders,41.5376288965933,212,Nalanda,Bihar,Patna,3645108.1759087183,False,False
213,mental_disorders,57.57033251948655,197,Purbi Champaran,Bihar,Gopalganj,6778699.5076587945,False,False
215,mental_disorders,63.44830597106626,194,Rohtas,Bihar,Buxar,3792902.132996359,False,False
224,mental_disorders,36.1477181983745,212,Vaishali,Bihar,Patna,4877239.689575422,False,False
225,mental_disorders,29.75792102933264,227,Gangtok,Sikkim,Namchi,252318.09829161424,False,False
226,mental_disorders,53.14662658132707,227,Mangan,Sikkim,Namchi,46804.9388855954,False,False
227,mental_disorders,29.75792102933264,225,Namchi,Sikkim,Gangtok,153865.48498457143,False,False
237,mental_disorders,56.466722889868244,295,Papum Pare,Arunachal Pradesh,Lakhimpur,228765.92414895265,False,False
240,mental_disorders,63.97769079050329,243,Upper Siang,Arunachal Pradesh,West Siang,41587.601966277594,False,False
243,mental_disorders,63.97769079050329,240,West Siang,Arunachal Pradesh,Upper Siang,76831.84517534482,False,False
245,mental_disorders,23.985060423438366,244,Kohima,Nagaland,Dimapur,207736.2887131713,False,False
246,mental_disorders,29.75504487295224,615,Mokokchung,Nagaland,Longleng,179189.2069362157,False,False
247,mental_disorders,22.255188871150416,615,Mon,Nagaland,Longleng,229102.16154736592,False,False
248,mental_disorders,28.375347872699376,245,Phek,Nagaland,Kohima,150888.7339522879,False,False
249,mental_disorders,40.445250565689804,614,Tuensang,Nagaland,Kiphire,99042.65112978936,False,False
250,mental_disorders,27.107072355249436,288,Wokha,Nagaland,Golaghat,130120.44393681524,False,False
251,mental_disorders,40.72704866278174,250,Zunheboto,Nagaland,Wokha,131118.96620326216,False,False
252,mental_disorders,25.918672159355783,259,Bishnupur,Manipur,Thoubal,300931.7131691731,False,False
253,mental_disorders,44.12599632305699,252,Chandel,Manipur,Bishnupur,115889.49869401095,True,False
255,mental_disorders,19.445826072717658,256,Imphal East,Manipur,Imphal West,476175.08184586256,False,False
256,mental_disorders,19.445826072717658,255,Imphal West,Manipur,Imphal East,606854.2086709139,False,False
257,mental_disorders,35.52152463131026,248,Senapati,Manipur,Phek,392649.92827009974,False,False
258,mental_disorders,42.84723621852616,613,Tamenglong,Manipur,Peren,126527.18209831938,False,False
259,mental_disorders,21.901424675658262,256,Thoubal,Manipur,Imphal West,390034.83407823497,False,False
277,mental_disorders,47.314984300170586,278,South Garo Hills,Meghalaya,West Garo Hills,193806.4907690125,False,False
278,mental_disorders,47.314984300170586,277,West Garo Hills,Meghalaya,South Garo Hills,744474.0988923504,False,False
281,mental_disorders,36.74012380399782,287,Bongaigaon,Assam,Goalpara,752309.399349219,False,False
282,mental_disorders,36.69778322742866,289,Cachar,Assam,Hailakandi,2123482.707263859,False,False
283,mental_disorders,31.176191140404313,617,Darrang,Assam,Udalguri,1095092.8751236002,True,False
285,mental_disorders,45.10612300697124,287,Dhubri,Assam,Goalpara,1578128.030808278,True,False
286,mental_disorders,56.792925442098245,302,Dibrugarh,Assam,Tinsukia,1566457.20925371,False,False
287,mental_disorders,36.74012380399782,281,Goalpara,Assam,Bongaigaon,1105232.0778411822,True,False
288,mental_disorders,27.107072355249436,250,Golaghat,Assam,Wokha,1235224.9555922444,False,False
289,mental_disorders,36.69778322742866,282,Hailakandi,Assam,Cachar,741776.2830765555,True,False
290,mental_disorders,31.888600684934254,246,Jorhat,Assam,Mokokchung,1092157.3966661568,False,False
291,mental_disorders,27.43213012878457,298,Kamrup,Assam,Nalbari,1625433.099742868,False,False
292,mental_disorders,48.10872439423422,709,Karbi Anglong,Assam,Hojai,598321.359002655,False,False
295,mental_disorders,48.0080207865766,300,Lakhimpur,Assam,Sivasagar,1172329.9781332489,False,False
296,mental_disorders,33.21311427853984,283,Marigaon,Assam,Darrang,1160843.512441315,False,False
298,mental_disorders,27.43213012878457,291,Nalbari,Assam,Kamrup,1010371.8274121772,False,False
300,mental_disorders,48.0080207865766,295,Sivasagar,Assam,Lakhimpur,871715.1311788734,False,False
324,mental_disorders,56.11542176133282,329,Deoghar,Jharkhand,Giridih,1776955.8814258447,False,False
326,mental_disorders,59.89871866145874,324,Dumka,Jharkhand,Deoghar,1582160.2966179517,True,False
328,mental_disorders,51.011869907836754,649,Garhwa,Jharkhand,Balrampur-Ramanujganj,1708098.2504119829,True,False
329,mental_disorders,47.75545354863009,198,Giridih,Jharkhand,Jamui,3129858.0882147867,True,False
331,mental_disorders,68.99037293156606,380,Gumla,Jharkhand,Jashpur,1235135.621390552,True,False
334,mental_disorders,54.8118042257051,329,Koderma,Jharkhand,Giridih,914275.1159716016,False,False
338,mental_disorders,55.79982549648664,328,Palamu,Jharkhand,Garhwa,2384671.395381495,True,False
379,mental_disorders,57.96395841478488,644,Janjgir-Champa,Chhattisgarh,Balodabazar-Bhatapara,1970632.149394537,False,False
380,mental_disorders,68.99037293156606,331,Jashpur,Chhattisgarh,Gumla,1001883.4518761713,False,False
381,mental_disorders,71.4485840936026,646,Uttar Bastar Kanker,Chhattisgarh,Balod,926250.7276194015,True,False
382,mental_disorders,51.00739804671255,650,Kabeerdham,Chhattisgarh,Bemetara,1065946.087698693,False,False
385,mental_disorders,43.297305724151165,644,Mahasamund,Chhattisgarh,Balodabazar-Bhatapara,1178302.9875059666,True,False
386,mental_disorders,62.88731995691831,379,Raigarh,Chhattisgarh,Janjgir-Champa,1060323.476871527,False,False
387,mental_disorders,43.812762486058894,378,Raipur,Chhattisgarh,Durg,2961998.4383062874,False,False
388,mental_disorders,49.0769502922631,476,Rajnandgaon,Chhattisgarh,Gondia,1056684.3703870196,True,False
389,mental_disorders,62.311608626952186,383,Surguja,Chhattisgarh,Korba,1186462.705991703,False,False
393,mental_disorders,46.57619483433024,486,Barwani,Madhya Pradesh,Nandurbar,1802996.6405033474,True,False
395,mental_disorders,64.68408170332145,407,Bhind,Madhya Pradesh,Gwalior,2001831.4123117938,False,False
399,mental_disorders,115.37463923774024,484,Chhindwara,Madhya Pradesh,Nagpur,2048847.5549100921,False,False
400,mental_disorders,77.7743157939474,411,Damoh,Madhya Pradesh,Jabalpur,1501254.5295747416,True,False
402,mental_disorders,48.757133260589825,410,Dewas,Madhya Pradesh,Indore,1879699.8669341328,False,False
406,mental_disorders,94.03310807209307,437,Guna,Madhya Pradesh,Vidisha,1464447.1883400423,True,False
411,mental_disorders,77.7743157939474,400,Jabalpur,Madhya Pradesh,Damoh,3072662.4129071566,False,False
424,mental_disorders,58.812135401023426,433,Rewa,Madhya Pradesh,Sidhi,2111751.4052579384,False,False
426,mental_disorders,86.41083310696126,424,Satna,Madhya Pradesh,Rewa,1785799.8627858737,False,False
429,mental_disorders,49.17630257099778,436,Shahdol,Madhya Pradesh,Umaria,1158267.3795499913,False,False
433,mental_disorders,58.812135401023426,424,Sidhi,Madhya Pradesh,Rewa,1286880.122046292,False,False
435,mental_disorders,69.81432966935866,410,Ujjain,Madhya Pradesh,Indore,2369681.2044807374,False,False
436,mental_disorders,49.17630257099778,429,Umaria,Madhya Pradesh,Shahdol,841785.9437074403,False,False
466,mental_disorders,102.51838949470984,469,Ahmednagar,Maharashtra,Chhatrapati Sambhajinagar,5231372.922311325,False,False
468,mental_disorders,63.52220434216471,467,Amravati,Maharashtra,Akola,3291038.139693835,False,False
470,mental_disorders,81.60676341287078,489,Beed,Maharashtra,Parbhani,2988080.3700576895,False,False
471,mental_disorders,49.35830707525935,476,Bhandara,Maharashtra,Gondia,1274403.707445348,False,False
473,mental_disorders,79.06098931836297,475,Chandrapur,Maharashtra,Gadchiroli,2475673.9676380903,False,False
474,mental_disorders,42.0097907818355,486,Dhule,Maharashtra,Nandurbar,2390736.18028951,False,False
476,mental_disorders,49.0769502922631,388,Gondia,Maharashtra,Rajnandgaon,1620941.6669989119,False,False
486,mental_disorders,42.0097907818355,474,Nandurbar,Maharashtra,Dhule,1935429.3286140626,True,False
493,mental_disorders,72.78392733895642,494,Sangli,Maharashtra,Satara,3372215.6659167013,False,False
499,mental_disorders,51.87731354825432,467,Washim,Maharashtra,Akola,1364857.6828785483,True,False
500,mental_disorders,66.94533581345375,501,Yavatmal,Maharashtra,Adilabad,3136883.341757771,False,False
553,mental_disorders,370.78640265538485,558,Lakshadweep District,Lakshadweep,Kasaragod,48762.86763526817,False,False
570,mental_disorders,64.15210864203306,600,Cuddalore,Tamil Nadu,Puducherry,2783708.1131187864,False,False
574,mental_disorders,53.44748759583869,568,Kancheepuram,Tamil Nadu,Chennai,1990993.285632952,False,False
578,mental_disorders,72.26230952604854,585,Madurai,Tamil Nadu,Sivaganga,3311229.320835256,False,False
585,mental_disorders,41.16410056577176,582,Sivaganga,Tamil Nadu,Pudukkottai,1444789.8941885238,False,False
591,mental_disorders,62.819970990139815,582,Tiruchirappalli,Tamil Nadu,Pudukkottai,2951135.8955663685,False,False
598,mental_disorders,47.396146417096,590,Karaikal,Puducherry,Thiruvarur,176243.05532875203,False,False
602,mental_disorders,1286.7163965748362,267,South Andamans,Andaman And Nicobar Islands,Siaha,236036.01872616805,False,False
604,mental_disorders,26.455592366520005,619,Nuh,Haryana,Palwal,1252917.3927273087,True,False
613,mental_disorders,42.84723621852616,258,Peren,Nagaland,Tamenglong,99850.38581923737,False,False
614,mental_disorders,40.445250565689804,249,Kiphire,Nagaland,Tuensang,61890.92274396199,True,False
615,mental_disorders,22.255188871150416,247,Longleng,Nagaland,Mon,36005.33942233673,False,False
616,mental_disorders,32.28663619745955,298,Baksa,Assam,Nalbari,731447.5641703649,True,False
617,mental_disorders,31.176191140404313,283,Udalguri,Assam,Darrang,963240.2553201377,True,False
619,mental_disorders,26.455592366520005,604,Palwal,Haryana,Nuh,1312269.986871312,False,False
624,mental_disorders,32.521195709665236,5,Samba,Jammu And Kashmir,Jammu,355479.97164187767,False,False
636,mental_disorders,71.29486489136981,376,Bijapur,Chhattisgarh,Dakshin Bastar Dantewada,294696.742554721,True,False
638,mental_disorders,65.81841713920258,433,Singrauli,Madhya Pradesh,Sidhi,1558023.6167927014,True,False
644,mental_disorders,43.297305724151165,385,Balodabazar-Bhatapara,Chhattisgarh,Mahasamund,1328667.157644268,False,True
650,mental_disorders,51.00739804671255,382,Bemetara,Chhattisgarh,Kabeerdham,849779.6177408993,False,True
654,mental_disorders,59.87782964153244,272,Gomati,Tripura,West Tripura,573625.5480139579,False,True
695,mental_disorders,36.07967695853987,693,Jogulamba Gadwal,Telangana,Wanaparthy,646994.6633340233,False,True
698,mental_disorders,66.82388689103632,691,Vikarabad,Telangana,Sangareddy,1164820.7729801591,False,True
709,mental_disorders,48.10872439423422,292,Hojai,Assam,Karbi Anglong,1134793.9546653493,False,True
2,neonatal,34.6083918362876,13,Budgam,Jammu And Kashmir,Srinagar,881757.4349712201,False,False
3,neonatal,42.63377694688249,8,Baramulla,Jammu And Kashmir,Kupwara,1186220.1496902034,True,False
11,neonatal,21.958384909241563,13,Pulwama,Jammu And Kashmir,Srinagar,696708.9523566635,False,False
14,neonatal,37.23152403685099,624,Udhampur,Jammu And Kashmir,Samba,751246.4293388574,False,False
16,neonatal,65.91505220522845,662,Chamba,Himachal Pradesh,Pathankot,568345.432996525,True,False
48,neonatal,64.97977085352812,51,Champawat,Uttarakhand,Nainital,301481.71760001074,False,False
53,neonatal,100.35920627106552,48,Pithoragarh,Uttarakhand,Champawat,552641.2825841503,False,False
57,neonatal,91.22760317067528,49,Uttar Kashi,Uttarakhand,Dehradun,414830.5359230782,False,False
66,neonatal,35.462757535632385,68,Kaithal,Haryana,Kurukshetra,1270675.345024759,False,False
107,neonatal,283.29301158514545,441,Jodhpur,Rajasthan,Banas Kantha,1810930.4292524199,False,False
124,neonatal,34.58083967557547,145,Baghpat,Uttar Pradesh,Ghaziabad,1497059.5325035995,False,False
128,neonatal,77.23444108266523,149,Banda,Uttar Pradesh,Hamirpur,2190276.1629053843,False,False
141,neonatal,49.4070598195582,166,Farrukhabad,Uttar Pradesh,Mainpuri,2230034.1291005206,False,False
146,neonatal,48.58962267108519,168,Ghazipur,Uttar Pradesh,Mau,4296014.8444355335,False,False
147,neonatal,53.42230962271168,140,Gonda,Uttar Pradesh,Ayodhya,3823288.708329091,False,False
149,neonatal,71.55738246318437,156,Hamirpur,Uttar Pradesh,Kanpur Dehat,1460520.5529266912,False,False
154,neonatal,35.841355297719105,661,Amroha,Uttar Pradesh,Hapur,2293327.3798535466,False,False
158,neonatal,53.24235645531598,174,Kaushambi,Uttar Pradesh,Pratapgarh,1969618.6549881974,False,False
159,neonatal,67.75910859768308,173,Kheri,Uttar Pradesh,Pilibhit,4823593.000151733,False,False
160,neonatal,44.92263806389258,164,Kushinagar,Uttar Pradesh,Mahrajganj,4356276.924876296,False,False
164,neonatal,44.92263806389258,160,Mahrajganj,Uttar Pradesh,Kushinagar,3372605.8809874007,False,False
173,neonatal,67.11044243478518,130,Pilibhit,Uttar Pradesh,Bareilly,2553263.3739700923,False,False
174,neonatal,53.24235645531598,158,Pratapgarh,Uttar Pradesh,Kaushambi,3982784.634697654,False,False
175,neonatal,52.99340104070566,640,Rae Bareli,Uttar Pradesh,Amethi,3524298.9327887264,False,False
179,neonatal,44.098415783395374,187,Bhadohi,Uttar Pradesh,Varanasi,1939028.4969751327,False,False
183,neonatal,68.37102432656773,125,Sitapur,Uttar Pradesh,Bahraich,5428224.860120261,False,False
186,neonatal,37.23970603603953,157,Unnao,Uttar Pradesh,Kanpur Nagar,3726552.4067450413,False,False
189,neonatal,44.029927676474216,215,Aurangabad,Bihar,Rohtas,3424661.8635273497,True,False
190,neonatal,50.49920184472277,330,Banka,Bihar,Godda,2817936.253352872,True,False
194,neonatal,40.8678300709498,126,Buxar,Bihar,Ballia,1997175.830715259,False,False
197,neonatal,30.745641084666765,222,Gopalganj,Bihar,Siwan,3220722.3152440246,False,False
198,neonatal,47.75545354863009,329,Jamui,Bihar,Giridih,2260277.885349742,True,False
199,neonatal,39.348425674862796,212,Jehanabad,Bihar,Patna,1378269.7468148058,False,False
207,neonatal,36.831690618279055,204,Munger,Bihar,Lakhisarai,1739732.9532150538,False,False
210,neonatal,32.619109554221275,334,Nawada,Bihar,Koderma,2925311.9520525066,True,False
211,neonatal,52.38499759660992,160,Pashchim Champaran,Bihar,Kushinagar,4925819.392647587,False,False
213,neonatal,57.57033251948655,197,Purbi Champaran,Bihar,Gopalganj,6778699.5076587945,False,False
214,neonatal,33.80773023630611,201,Purnia,Bihar,Katihar,4128523.677405553,True,False
215,neonatal,44.029927676474216,189,Rohtas,Bihar,Aurangabad,3792902.132996359,False,False
223,neonatal,54.075945579646564,216,Supaul,Bihar,Saharsa,2952401.983090553,False,False
225,neonatal,54.8829476904925,226,Gangtok,Sikkim,Mangan,252318.09829161424,False,False
226,neonatal,54.8829476904925,225,Mangan,Sikkim,Gangtok,46804.9388855954,False,False
232,neonatal,57.19489535277915,302,East Siang,Arunachal Pradesh,Tinsukia,114138.66981606002,False,False
234,neonatal,80.3057789922571,302,Lohit,Arunachal Pradesh,Tinsukia,61023.8617300506,False,False
251,neonatal,40.72704866278174,250,Zunheboto,Nagaland,Wokha,131118.96620326216,False,False
258,neonatal,42.84723621852616,613,Tamenglong,Manipur,Peren,126527.18209831938,False,False
273,neonatal,38.518436141343685,277,East Garo Hills,Meghalaya,South Garo Hills,224380.74245546357,False,False
276,neonatal,29.476066320970663,618,Ri Bhoi,Meghalaya,Kamrup Metro,339845.2132037117,True,False
277,neonatal,38.518436141343685,273,South Garo Hills,Meghalaya,East Garo Hills,193806.4907690125,False,False
279,neonatal,59.82603357232021,274,West Khasi Hills,Meghalaya,East Khasi Hills,201599.1700276381,False,False
282,neonatal,36.69778322742866,289,Cachar,Assam,Hailakandi,2123482.707263859,False,False
283,neonatal,33.21311427853984,296,Darrang,Assam,Marigaon,1095092.8751236002,True,False
284,neonatal,51.39826524740716,286,Dhemaji,Assam,Dibrugarh,776401.1672849588,False,False
285,neonatal,40.98256637941008,294,Dhubri,Assam,Kokrajhar,1578128.030808278,True,False
287,neonatal,36.74012380399782,281,Goalpara,Assam,Bongaigaon,1105232.0778411822,True,False
289,neonatal,28.005939828786968,293,Hailakandi,Assam,Karimganj,741776.2830765555,True,False
292,neonatal,48.10872439423422,709,Karbi Anglong,Assam,Hojai,598321.359002655,False,False
294,neonatal,40.98256637941008,285,Kokrajhar,Assam,Dhubri,1181644.8582820978,False,False
296,neonatal,33.21311427853984,283,Marigaon,Assam,Darrang,1160843.512441315,False,False
300,neonatal,48.0080207865766,295,Sivasagar,Assam,Lakhimpur,871715.1311788734,False,False
326,neonatal,59.89871866145874,324,Dumka,Jharkhand,Deoghar,1582160.2966179517,True,False
328,neonatal,51.011869907836754,649,Garhwa,Jharkhand,Balrampur-Ramanujganj,1708098.2504119829,True,False
329,neonatal,47.75545354863009,198,Giridih,Jharkhand,Jamui,3129858.0882147867,True,False
395,neonatal,47.3893273756207,401,Bhind,Madhya Pradesh,Datia,2001831.4123117938,False,False
400,neonatal,73.14730961007666,413,Damoh,Madhya Pradesh,Katni,1501254.5295747416,True,False
401,neonatal,45.02273698530735,153,Datia,Madhya Pradesh,Jhansi,951194.1917122232,False,False
406,neonatal,85.23355419477635,422,Guna,Madhya Pradesh,Rajgarh,1464447.1883400423,True,False
408,neonatal,66.21374079629786,405,Harda,Madhya Pradesh,Khandwa (East Nimar),695614.4346240504,False,False
416,neonatal,44.539378262925645,419,Mandsaur,Madhya Pradesh,Neemuch,1515391.5118586258,False,False
418,neonatal,89.2439587998645,399,Narsimhapur,Madhya Pradesh,Chhindwara,1324715.4309543965,False,False
419,neonatal,44.539378262925645,416,Neemuch,Madhya Pradesh,Mandsaur,934472.3867273806,False,False
420,neonatal,58.77180202082169,398,Panna,Madhya Pradesh,Chhatarpur,1219658.0014883834,False,False
423,neonatal,70.84378434618229,435,Ratlam,Madhya Pradesh,Ujjain,1703631.5099558234,False,False
425,neonatal,79.93330173933323,400,Sagar,Madhya Pradesh,Damoh,2871393.8248840943,False,False
426,neonatal,69.60155559985022,420,Satna,Madhya Pradesh,Panna,1785799.8627858737,False,False
431,neonatal,98.26256205525296,432,Sheopur,Madhya Pradesh,Shivpuri,888251.3585003293,False,False
436,neonatal,49.17630257099778,429,Umaria,Madhya Pradesh,Shahdol,841785.9437074403,False,False
463,neonatal,26.609257033030396,465,Daman,The Dadra And Nagar Haveli And Daman And Diu,Dadra And Nagar Haveli,192156.79902366071,False,False
473,neonatal,79.06098931836297,475,Chandrapur,Maharashtra,Gadchiroli,2475673.9676380903,False,False
479,neonatal,70.20828041197251,469,Jalna,Maharashtra,Chhatrapati Sambhajinagar,2277544.245194602,False,False
495,neonatal,60.43482367557456,480,Sindhudurg,Maharashtra,Kolhapur,912043.8714067698,False,False
503,neonatal,55.07768533896398,595,Chittoor,Andhra Pradesh,Vellore,2047540.555803963,False,False
525,neonatal,90.08685468550894,577,Bengaluru Urban,Karnataka,Krishnagiri,14421383.144435316,False,False
538,neonatal,102.59663995288231,698,Kalaburagi,Karnataka,Vikarabad,2647021.418894641,False,False
545,neonatal,65.85377142694189,567,Mysuru,Karnataka,Wayanad,3301745.628578739,False,False
575,neonatal,52.50792582939495,565,Kanniyakumari,Tamil Nadu,Thiruvananthapuram,1925440.5337762237,False,False
576,neonatal,36.00997957942383,591,Karur,Tamil Nadu,Tiruchirappalli,1139456.6415877366,False,False
581,neonatal,52.71958184780914,570,Perambalur,Tamil Nadu,Cuddalore,546701.0604120791,False,False
597,neonatal,53.36769651664001,578,Virudhunagar,Tamil Nadu,Madurai,2031359.7247244078,True,False
598,neonatal,47.396146417096,590,Karaikal,Puducherry,Thiruvarur,176243.05532875203,False,False
601,neonatal,207.5294632897746,509,Yanam,Puducherry,Khammam,16811.764728270613,False,False
602,neonatal,165.28646581871243,632,South Andamans,Andaman And Nicobar Islands,North And Middle Andaman,236036.01872616805,False,False
603,neonatal,439.7230236147988,602,Nicobars,Andaman And Nicobar Islands,South Andamans,32320.214256589727,False,False
620,neonatal,58.97271380307079,1,Kishtwar,Jammu And Kashmir,Anantnag,218588.08994266746,False,False
622,neonatal,31.581595619369743,1,Kulgam,Jammu And Kashmir,Anantnag,638922.0732089822,False,False
626,neonatal,23.1411123791677,13,Ganderbal,Jammu And Kashmir,Srinagar,488797.22436553944,False,False
632,neonatal,165.28646581871243,602,North And Middle Andaman,Andaman And Nicobar Islands,South Andamans,89311.34410146241,False,False
636,neonatal,71.29486489136981,376,Bijapur,Chhattisgarh,Dakshin Bastar Dantewada,294696.742554721,True,False
638,neonatal,65.81841713920258,433,Singrauli,Madhya Pradesh,Sidhi,1558023.6167927014,True,False
639,neonatal,59.69643607772114,668,Alirajpur,Madhya Pradesh,Chhotaudepur,923548.6029736614,False,False
643,neonatal,66.57166311635373,374,Kondagaon,Chhattisgarh,Bastar,686305.2636460268,True,True
649,neonatal,51.011869907836754,328,Balrampur-Ramanujganj,Chhattisgarh,Garhwa,957545.2652753356,False,True
650,neonatal,51.00739804671255,382,Bemetara,Chhattisgarh,Kabeerdham,849779.6177408993,False,True
667,neonatal,64.74724415078056,422,Agar-Malwa,Madhya Pradesh,Rajgarh,686614.9976400457,False,True
695,neonatal,36.07967695853987,693,Jogulamba Gadwal,Telangana,Wanaparthy,646994.6633340233,False,True
696,neonatal,64.86825703353857,509,Suryapet,Telangana,Khammam,1142450.256248302,False,True
705,neonatal,57.52909705178255,237,Biswanath,Assam,Papum Pare,719811.8711270525,False,True
710,neonatal,41.49827238283001,709,West Karbi Anglong,Assam,Hojai,339594.171761812,False,True
1,neurosurgery,23.894869445092336,11,Anantnag,Jammu And Kashmir,Pulwama,1158867.6834221075,False,False
8,neurosurgery,82.15825091353042,13,Kupwara,Jammu And Kashmir,Srinagar,1172030.2121566117,True,False
11,neurosurgery,21.958384909241563,13,Pulwama,Jammu And Kashmir,Srinagar,696708.9523566635,False,False
16,neurosurgery,65.91505220522845,662,Chamba,Himachal Pradesh,Pathankot,568345.432996525,True,False
24,neurosurgery,46.45242868275916,49,Sirmaur,Himachal Pradesh,Dehradun,568464.4530127035,False,False
25,neurosurgery,30.103446420548597,42,Solan,Himachal Pradesh,Rupnagar,677025.6510801879,False,False
26,neurosurgery,29.62862740026892,17,Una,Himachal Pradesh,Hamirpur,580832.2722552075,False,False
45,neurosurgery,45.65023663756293,51,Almora,Uttarakhand,Nainital,704035.586577016,False,False
52,neurosurgery,50.74149825707943,132,Pauri Garhwal,Uttarakhand,Bijnor,780997.5414601384,False,False
66,neurosurgery,35.462757535632385,68,Kaithal,Haryana,Kurukshetra,1270675.345024759,False,False
89,neurosurgery,68.87200955005137,105,Baran,Rajasthan,Jhalawar,1448696.7961349234,True,False
95,neurosurgery,72.50373206150721,419,Chittorgarh,Rajasthan,Neemuch,1878280.6683681337,False,False
97,neurosurgery,68.23559887168815,113,Dausa,Rajasthan,Sawai Madhopur,2262890.6371191037,False,False
99,neurosurgery,48.51332627740996,672,Dungarpur,Rajasthan,Arvalli,1714456.4871219185,False,False
101,neurosurgery,66.67508037714454,100,Hanumangarh,Rajasthan,Ganganagar,2224940.585587418,False,False
111,neurosurgery,106.29760919112522,115,Pali,Rajasthan,Sirohi,1498571.7215577136,False,False
113,neurosurgery,64.39104461830267,116,Sawai Madhopur,Rajasthan,Tonk,1650657.8869364995,False,False
115,neurosurgery,68.52118207045781,104,Sirohi,Rajasthan,Jalore,1275948.563600002,True,False
121,neurosurgery,49.97772401528242,131,Ambedkar Nagar,Uttar Pradesh,Basti,3038544.1288927314,False,False
124,neurosurgery,34.58083967557547,145,Baghpat,Uttar Pradesh,Ghaziabad,1497059.5325035995,False,False
131,neurosurgery,49.97772401528242,121,Basti,Uttar Pradesh,Ambedkar Nagar,2754658.150915965,False,False
133,neurosurgery,57.44071886353526,130,Budaun,Uttar Pradesh,Bareilly,3776763.6547610285,False,False
139,neurosurgery,57.83250270414674,395,Etawah,Uttar Pradesh,Bhind,1953323.375618933,False,False
141,neurosurgery,59.65475904706207,180,Farrukhabad,Uttar Pradesh,Shahjahanpur,2230034.1291005206,False,False
143,neurosurgery,57.62162881765342,163,Firozabad,Uttar Pradesh,Hathras,2990851.937729205,False,False
149,neurosurgery,71.55738246318437,156,Hamirpur,Uttar Pradesh,Kanpur Dehat,1460520.5529266912,False,False
158,neurosurgery,53.659536435801364,120,Kaushambi,Uttar Pradesh,Prayagraj,1969618.6549881974,False,False
163,neurosurgery,38.21330193835114,119,Hathras,Uttar Pradesh,Aligarh,1822513.8095927201,False,False
164,neurosurgery,57.83140217674182,148,Mahrajganj,Uttar Pradesh,Gorakhpur,3372605.8809874007,False,False
175,neurosurgery,52.99340104070566,640,Rae Bareli,Uttar Pradesh,Amethi,3524298.9327887264,False,False
180,neurosurgery,59.65475904706207,141,Shahjahanpur,Uttar Pradesh,Farrukhabad,3644975.4727261416,False,False
183,neurosurgery,68.37102432656773,125,Sitapur,Uttar Pradesh,Bahraich,5428224.860120261,False,False
186,neurosurgery,37.23970603603953,157,Unnao,Uttar Pradesh,Kanpur Nagar,3726552.4067450413,False,False
191,neurosurgery,63.917065581141,195,Begusarai,Bihar,Darbhanga,4172850.4782816297,True,False
206,neurosurgery,36.93045184996326,195,Madhubani,Bihar,Darbhanga,5405607.876111588,False,False
211,neurosurgery,86.20026106468595,164,Pashchim Champaran,Bihar,Mahrajganj,4925819.392647587,False,False
214,neurosurgery,48.885098850671554,205,Purnia,Bihar,Madhepura,4128523.677405553,True,False
215,neurosurgery,79.83185054032968,135,Rohtas,Bihar,Chandauli,3792902.132996359,False,False
221,neurosurgery,54.927559307546524,208,Sitamarhi,Bihar,Muzaffarpur,4191104.9649816803,True,False
225,neurosurgery,54.8829476904925,226,Gangtok,Sikkim,Mangan,252318.09829161424,False,False
226,neurosurgery,54.8829476904925,225,Mangan,Sikkim,Gangtok,46804.9388855954,False,False
247,neurosurgery,22.255188871150416,615,Mon,Nagaland,Longleng,229102.16154736592,False,False
248,neurosurgery,28.375347872699376,245,Phek,Nagaland,Kohima,150888.7339522879,False,False
250,neurosurgery,36.35146951197714,246,Wokha,Nagaland,Mokokchung,130120.44393681524,False,False
251,neurosurgery,40.72704866278174,250,Zunheboto,Nagaland,Wokha,131118.96620326216,False,False
259,neurosurgery,21.901424675658262,256,Thoubal,Manipur,Imphal West,390034.83407823497,False,False
263,neurosurgery,39.33938607103007,261,Kolasib,Mizoram,Aizawl,136143.44756189876,False,False
264,neurosurgery,64.93422491595317,265,Lawngtlai,Mizoram,Lunglei,155254.6385835263,False,False
265,neurosurgery,64.93422491595317,264,Lunglei,Mizoram,Lawngtlai,166377.1650532753,False,False
275,neurosurgery,35.22917376612662,274,West Jaintia Hills,Meghalaya,East Khasi Hills,364368.8630291583,False,False
287,neurosurgery,36.74012380399782,281,Goalpara,Assam,Bongaigaon,1105232.0778411822,True,False
290,neurosurgery,31.888600684934254,246,Jorhat,Assam,Mokokchung,1092157.3966661568,False,False
298,neurosurgery,27.43213012878457,291,Nalbari,Assam,Kamrup,1010371.8274121772,False,False
300,neurosurgery,49.64842176029168,290,Sivasagar,Assam,Jorhat,871715.1311788734,False,False
302,neurosurgery,56.792925442098245,286,Tinsukia,Assam,Dibrugarh,1396524.7482461785,False,False
322,neurosurgery,48.162930287826235,607,Bokaro,Jharkhand,Ramgarh,2485996.819654438,True,False
341,neurosurgery,52.68833097766862,327,Saraikela Kharsawan,Jharkhand,East Singhbum,1110643.060505968,False,False
393,neurosurgery,46.57619483433024,486,Barwani,Madhya Pradesh,Nandurbar,1802996.6405033474,True,False
395,neurosurgery,47.3893273756207,401,Bhind,Madhya Pradesh,Datia,2001831.4123117938,False,False
398,neurosurgery,63.77957706858759,434,Chhatarpur,Madhya Pradesh,Tikamgarh,2141937.975500538,True,False
401,neurosurgery,45.02273698530735,153,Datia,Madhya Pradesh,Jhansi,951194.1917122232,False,False
413,neurosurgery,60.16714874376115,411,Katni,Madhya Pradesh,Jabalpur,1527231.4567548465,False,False
416,neurosurgery,44.539378262925645,419,Mandsaur,Madhya Pradesh,Neemuch,1515391.5118586258,False,False
419,neurosurgery,44.539378262925645,416,Neemuch,Madhya Pradesh,Mandsaur,934472.3867273806,False,False
423,neurosurgery,70.84378434618229,435,Ratlam,Madhya Pradesh,Ujjain,1703631.5099558234,False,False
427,neurosurgery,53.598854239645554,396,Sehore,Madhya Pradesh,Bhopal,1583996.6156844012,False,False
434,neurosurgery,63.77957706858759,398,Tikamgarh,Madhya Pradesh,Chhatarpur,1241878.3759892904,False,False
463,neurosurgery,26.609257033030396,465,Daman,The Dadra And Nagar Haveli And Daman And Diu,Dadra And Nagar Haveli,192156.79902366071,False,False
465,neurosurgery,26.609257033030396,463,Dadra And Nagar Haveli,The Dadra And Nagar Haveli And Daman And Diu,Daman,673420.7899926937,False,False
498,neurosurgery,55.897022511212306,484,Wardha,Maharashtra,Nagpur,1442742.075251904,False,False
528,neurosurgery,62.54510063682159,543,Ballari,Karnataka,Koppal,1261952.5700927742,False,False
541,neurosurgery,46.46942072816159,557,Kodagu,Karnataka,Kannur,612342.2519009854,False,False
543,neurosurgery,62.54510063682159,528,Koppal,Karnataka,Ballari,1453916.5730011202,False,False
551,neurosurgery,37.69210947361256,552,North Goa,Goa,South Goa,830928.4398160564,False,False
552,neurosurgery,37.69210947361256,551,South Goa,Goa,North Goa,682429.9805549768,False,False
556,neurosurgery,44.00258000481281,560,Idukki,Kerala,Kottayam,854501.0036075576,False,False
567,neurosurgery,35.834015655094696,561,Wayanad,Kerala,Kozhikode,1160275.6482554541,True,False
571,neurosurgery,40.75157508077654,577,Dharmapuri,Tamil Nadu,Krishnagiri,1672867.0574906243,False,False
581,neurosurgery,52.71958184780914,570,Perambalur,Tamil Nadu,Cuddalore,546701.0604120791,False,False
593,neurosurgery,48.12703597908063,595,Tiruvannamalai,Tamil Nadu,Vellore,2707628.4386091046,False,False
598,neurosurgery,47.396146417096,590,Karaikal,Puducherry,Thiruvarur,176243.05532875203,False,False
607,neurosurgery,46.1500888448469,339,Ramgarh,Jharkhand,Ranchi,1077627.96168116,True,False
613,neurosurgery,51.62995846793712,244,Peren,Nagaland,Dimapur,99850.38581923737,False,False
614,neurosurgery,40.445250565689804,249,Kiphire,Nagaland,Tuensang,61890.92274396199,True,False
615,neurosurgery,22.255188871150416,247,Longleng,Nagaland,Mon,36005.33942233673,False,False
621,neurosurgery,34.30416438014038,627,Ramban,Jammu And Kashmir,Reasi,295301.45586373383,False,False
627,neurosurgery,34.30416438014038,621,Reasi,Jammu And Kashmir,Ramban,404706.5594658585,False,False
630,neurosurgery,68.72637658372591,542,Chikkaballapura,Karnataka,Kolar,1236631.262180687,False,False
638,neurosurgery,88.98093464813704,424,Singrauli,Madhya Pradesh,Rewa,1558023.6167927014,True,False
640,neurosurgery,50.749564352355115,140,Amethi,Uttar Pradesh,Ayodhya,2563915.290471191,False,True
644,neurosurgery,43.297305724151165,385,Balodabazar-Bhatapara,Chhattisgarh,Mahasamund,1328667.157644268,False,True
645,neurosurgery,56.848503382208484,377,Gariyaband,Chhattisgarh,Dhamtari,743387.2768573639,False,True
646,neurosurgery,53.5218826092571,388,Balod,Chhattisgarh,Rajnandgaon,995482.0585739907,False,True
648,neurosurgery,52.791416327079965,649,Surajpur,Chhattisgarh,Balrampur-Ramanujganj,655886.5362283912,False,True
653,neurosurgery,43.116620207995034,272,Sepahijala,Tripura,West Tripura,523316.35738992353,False,True
660,neurosurgery,40.753426010756385,71,Shamli,Uttar Pradesh,Panipat,1525607.5934512445,False,True
667,neurosurgery,58.03184244874472,105,Agar-Malwa,Madhya Pradesh,Jhalawar,686614.9976400457,False,True
695,neurosurgery,36.07967695853987,693,Jogulamba Gadwal,Telangana,Wanaparthy,646994.6633340233,False,True
709,neurosurgery,48.10872439423422,292,Hojai,Assam,Karbi Anglong,1134793.9546653493,False,True
54,obgyn,50.499881206992114,55,Rudra Prayag,Uttarakhand,Tehri Garhwal,249022.51932156706,False,False
98,obgyn,38.714649661518365,417,Dholpur,Rajasthan,Morena,1508981.6187562589,True,False
103,obgyn,181.1302959346105,90,Jaisalmer,Rajasthan,Barmer,831746.0944589318,True,False
136,obgyn,48.22140359507155,158,Chitrakoot,Uttar Pradesh,Kaushambi,1246576.0414481459,True,False
165,obgyn,52.96792686680888,149,Mahoba,Uttar Pradesh,Hamirpur,1077540.901067933,False,False
182,obgyn,48.20129972620623,127,Siddharthnagar,Uttar Pradesh,Balrampur,3297962.0273067704,True,False
188,obgyn,51.199597401874605,214,Araria,Bihar,Purnia,3675584.9801701256,True,False
226,obgyn,53.14662658132707,227,Mangan,Sikkim,Namchi,46804.9388855954,False,False
227,obgyn,29.75792102933264,225,Namchi,Sikkim,Gangtok,153865.48498457143,False,False
231,obgyn,57.83953867061873,242,East Kameng,Arunachal Pradesh,West Kameng,81196.81713413956,False,False
234,obgyn,35.649442814846125,678,Lohit,Arunachal Pradesh,Namsai,61023.8617300506,False,False
235,obgyn,49.46145665246868,234,Lower Dibang Valley,Arunachal Pradesh,Lohit,68792.49816496366,False,False
236,obgyn,33.84248805428651,237,Lower Subansiri,Arunachal Pradesh,Papum Pare,93953.93439668795,False,False
238,obgyn,62.355384560263836,242,Tawang,Arunachal Pradesh,West Kameng,61613.40012977579,False,False
239,obgyn,60.896747349829795,286,Tirap,Arunachal Pradesh,Dibrugarh,83547.55613919639,False,False
240,obgyn,63.97769079050329,243,Upper Siang,Arunachal Pradesh,West Siang,41587.601966277594,False,False
243,obgyn,37.40883230037549,724,West Siang,Arunachal Pradesh,Leparada,76831.84517534482,False,False
258,obgyn,29.288650601902066,712,Tamenglong,Manipur,Kangpokpi,126527.18209831938,False,False
270,obgyn,21.19856023846458,655,North Tripura,Tripura,Unakoti,402380.3829570534,False,False
436,obgyn,49.17630257099778,429,Umaria,Madhya Pradesh,Shahdol,841785.9437074403,False,False
464,obgyn,39.11129971502072,675,Diu,The Dadra And Nagar Haveli And Daman And Diu,Gir Somnath,112403.72688687773,False,False
601,obgyn,58.64802214451023,505,Yanam,Puducherry,East Godavari,16811.764728270613,False,False
611,obgyn,33.217696545868634,193,Arwal,Bihar,Bhojpur,707643.3917544147,False,False
632,obgyn,165.28646581871243,602,North And Middle Andaman,Andaman And Nicobar Islands,South Andamans,89311.34410146241,False,False
653,obgyn,35.704622719522355,654,Sepahijala,Tripura,Gomati,523316.35738992353,False,True
655,obgyn,21.19856023846458,270,Unakoti,Tripura,North Tripura,389794.1802844502,False,True
706,obgyn,21.88444303245728,295,Majuli,Assam,Lakhimpur,188931.70449744418,False,True
713,obgyn,23.128867338158773,282,Jiribam,Manipur,Cachar,51152.07251636021,False,True
714,obgyn,35.810658155994645,252,Noney,Manipur,Bishnupur,51027.05532714479,False,True
715,obgyn,40.44198399558585,714,Pherzawl,Manipur,Noney,61355.9053455906,False,True
717,obgyn,38.72018171149425,255,Kamjong,Manipur,Imphal East,61644.0589517373,False,True
718,obgyn,36.520942404945494,236,Kamle,Arunachal Pradesh,Lower Subansiri,20931.258417815414,False,True
721,obgyn,46.82054651506788,512,Narayanpet,Telangana,Mahabubnagar,624341.1143223314,False,True
724,obgyn,37.40883230037549,243,Leparada,Arunachal Pradesh,West Siang,26064.902091814947,False,True
4,ophthalmology,38.61237275075712,14,Doda,Jammu And Kashmir,Udhampur,612835.6837561834,False,False
10,ophthalmology,42.996749314261116,2,Poonch,Jammu And Kashmir,Budgam,694152.2659007441,False,False
19,ophthalmology,71.17582390593844,23,Kinnaur,Himachal Pradesh,Shimla,91852.22801656192,False,False
46,ophthalmology,45.89459546892176,45,Bageshwar,Uttarakhand,Almora,291491.27627507417,False,False
54,ophthalmology,50.499881206992114,55,Rudra Prayag,Uttarakhand,Tehri Garhwal,249022.51932156706,False,False
57,ophthalmology,57.43675414439564,55,Uttar Kashi,Uttarakhand,Tehri Garhwal,414830.5359230782,False,False
88,ophthalmology,58.18333798341808,99,Banswara,Rajasthan,Dungarpur,2249951.2993668276,False,False
95,ophthalmology,72.50373206150721,419,Chittorgarh,Rajasthan,Neemuch,1878280.6683681337,False,False
98,ophthalmology,38.714649661518365,417,Dholpur,Rajasthan,Morena,1508981.6187562589,True,False
99,ophthalmology,48.51332627740996,672,Dungarpur,Rajasthan,Arvalli,1714456.4871219185,False,False
101,ophthalmology,66.67508037714454,100,Hanumangarh,Rajasthan,Ganganagar,2224940.585587418,False,False
149,ophthalmology,57.39056349014184,151,Hamirpur,Uttar Pradesh,Jalaun,1460520.5529266912,False,False
194,ophthalmology,40.8678300709498,126,Buxar,Bihar,Ballia,1997175.830715259,False,False
198,ophthalmology,47.75545354863009,329,Jamui,Bihar,Giridih,2260277.885349742,True,False
199,ophthalmology,34.532380851621554,611,Jehanabad,Bihar,Arwal,1378269.7468148058,False,False
207,ophthalmology,32.58132339748453,202,Munger,Bihar,Khagaria,1739732.9532150538,False,False
219,ophthalmology,30.079691034142048,204,Sheikhpura,Bihar,Lakhisarai,678723.131935972,True,False
220,ophthalmology,34.00226775056283,221,Sheohar,Bihar,Sitamarhi,859870.1562135209,False,False
221,ophthalmology,34.00226775056283,220,Sitamarhi,Bihar,Sheohar,4191104.9649816803,True,False
226,ophthalmology,53.14662658132707,227,Mangan,Sikkim,Namchi,46804.9388855954,False,False
227,ophthalmology,29.75792102933264,225,Namchi,Sikkim,Gangtok,153865.48498457143,False,False
232,ophthalmology,57.19489535277915,302,East Siang,Arunachal Pradesh,Tinsukia,114138.66981606002,False,False
234,ophthalmology,80.3057789922571,302,Lohit,Arunachal Pradesh,Tinsukia,61023.8617300506,False,False
236,ophthalmology,33.84248805428651,237,Lower Subansiri,Arunachal Pradesh,Papum Pare,93953.93439668795,False,False
238,ophthalmology,105.09363488379549,617,Tawang,Arunachal Pradesh,Udalguri,61613.40012977579,False,False
240,ophthalmology,80.75741150000665,232,Upper Siang,Arunachal Pradesh,East Siang,41587.601966277594,False,False
251,ophthalmology,40.72704866278174,250,Zunheboto,Nagaland,Wokha,131118.96620326216,False,False
252,ophthalmology,17.45676060207734,711,Bishnupur,Manipur,Kakching,300931.7131691731,False,False
253,ophthalmology,26.681816347084382,711,Chandel,Manipur,Kakching,115889.49869401095,True,False
254,ophthalmology,22.651611354997936,711,Churachandpur,Manipur,Kakching,281291.8767291976,False,False
257,ophthalmology,32.52736734603581,260,Senapati,Manipur,Ukhrul,392649.92827009974,False,False
258,ophthalmology,42.84723621852616,613,Tamenglong,Manipur,Peren,126527.18209831938,False,False
259,ophthalmology,21.901424675658262,256,Thoubal,Manipur,Imphal West,390034.83407823497,False,False
260,ophthalmology,32.52736734603581,257,Ukhrul,Manipur,Senapati,180597.17658160915,False,False
269,ophthalmology,34.481178040217316,652,Dhalai,Tripura,Khowai,432548.86068553466,True,False
270,ophthalmology,37.52725381676969,269,North Tripura,Tripura,Dhalai,402380.3829570534,False,False
271,ophthalmology,28.474038586145465,654,South Tripura,Tripura,Gomati,444543.2704801065,False,False
273,ophthalmology,25.007498366989726,656,East Garo Hills,Meghalaya,North Garo Hills,224380.74245546357,False,False
278,ophthalmology,31.542860798361097,663,West Garo Hills,Meghalaya,South West Garo Hills,744474.0988923504,False,False
279,ophthalmology,28.3798975351001,658,West Khasi Hills,Meghalaya,South West Khasi Hills,201599.1700276381,False,False
281,ophthalmology,34.47977649893615,612,Bongaigaon,Assam,Chirang,752309.399349219,False,False
283,ophthalmology,31.176191140404313,617,Darrang,Assam,Udalguri,1095092.8751236002,True,False
284,ophthalmology,51.39826524740716,286,Dhemaji,Assam,Dibrugarh,776401.1672849588,False,False
292,ophthalmology,51.47055901057236,244,Karbi Anglong,Assam,Dimapur,598321.359002655,False,False
299,ophthalmology,53.27270444658081,613,Dima Hasao,Assam,Peren,273721.1839523192,False,False
333,ophthalmology,45.46896801066284,324,Jamtara,Jharkhand,Deoghar,1042214.7052106464,False,False
336,ophthalmology,41.89252204385257,331,Lohardaga,Jharkhand,Gumla,642657.7073899405,True,False
390,ophthalmology,29.807694540266617,734,Anuppur,Madhya Pradesh,Gaurela-Pendra-Marwahi,965111.6423547484,False,False
392,ophthalmology,77.57158633836053,476,Balaghat,Madhya Pradesh,Gondia,1966215.1237499143,False,False
395,ophthalmology,47.3893273756207,401,Bhind,Madhya Pradesh,Datia,2001831.4123117938,False,False
400,ophthalmology,73.14730961007666,413,Damoh,Madhya Pradesh,Katni,1501254.5295747416,True,False
402,ophthalmology,48.757133260589825,410,Dewas,Madhya Pradesh,Indore,1879699.8669341328,False,False
409,ophthalmology,78.83697420986009,421,Narmadapuram,Madhya Pradesh,Raisen,1475828.1660314885,False,False
415,ophthalmology,85.76454577603846,411,Mandla,Madhya Pradesh,Jabalpur,1146083.8688771573,False,False
416,ophthalmology,44.539378262925645,419,Mandsaur,Madhya Pradesh,Neemuch,1515391.5118586258,False,False
417,ophthalmology,38.714649661518365,98,Morena,Madhya Pradesh,Dholpur,2394360.504336235,False,False
418,ophthalmology,89.2439587998645,399,Narsimhapur,Madhya Pradesh,Chhindwara,1324715.4309543965,False,False
420,ophthalmology,58.77180202082169,398,Panna,Madhya Pradesh,Chhatarpur,1219658.0014883834,False,False
421,ophthalmology,73.0146657977356,437,Raisen,Madhya Pradesh,Vidisha,1609138.9793356282,False,False
431,ophthalmology,80.66953436771188,113,Sheopur,Madhya Pradesh,Sawai Madhopur,888251.3585003293,False,False
433,ophthalmology,58.812135401023426,424,Sidhi,Madhya Pradesh,Rewa,1286880.122046292,False,False
434,ophthalmology,56.62678648314054,161,Tikamgarh,Madhya Pradesh,Lalitpur,1241878.3759892904,False,False
436,ophthalmology,49.17630257099778,429,Umaria,Madhya Pradesh,Shahdol,841785.9437074403,False,False
464,ophthalmology,39.11129971502072,675,Diu,The Dadra And Nagar Haveli And Daman And Diu,Gir Somnath,112403.72688687773,False,False
488,ophthalmology,70.54663959330813,481,Dharashiv,Maharashtra,Latur,1947074.924694599,True,False
492,ophthalmology,96.15577061336906,494,Ratnagiri,Maharashtra,Satara,1740597.0899295674,False,False
499,ophthalmology,51.87731354825432,467,Washim,Maharashtra,Akola,1364857.6828785483,True,False
581,ophthalmology,52.71958184780914,570,Perambalur,Tamil Nadu,Cuddalore,546701.0604120791,False,False
586,ophthalmology,34.899807746145186,590,Thanjavur,Tamil Nadu,Thiruvarur,2425933.5962203597,False,False
588,ophthalmology,46.80505957546328,556,Theni,Tamil Nadu,Idukki,1314388.0488776418,False,False
599,ophthalmology,28.322042155824853,557,Mahe,Puducherry,Kannur,116365.92298833061,False,False
601,ophthalmology,58.64802214451023,505,Yanam,Puducherry,East Godavari,16811.764728270613,False,False
602,ophthalmology,165.28646581871243,632,South Andamans,Andaman And Nicobar Islands,North And Middle Andaman,236036.01872616805,False,False
603,ophthalmology,439.7230236147988,602,Nicobars,Andaman And Nicobar Islands,South Andamans,32320.214256589727,False,False
606,ophthalmology,43.70573908749093,339,Khunti,Jharkhand,Ranchi,674208.686066637,True,False
611,ophthalmology,33.217696545868634,193,Arwal,Bihar,Bhojpur,707643.3917544147,False,False
616,ophthalmology,32.28663619745955,298,Baksa,Assam,Nalbari,731447.5641703649,True,False
617,ophthalmology,31.176191140404313,283,Udalguri,Assam,Darrang,963240.2553201377,True,False
625,ophthalmology,20.493958683236276,622,Shopian,Jammu And Kashmir,Kulgam,386340.2930304658,False,False
627,ophthalmology,34.30416438014038,621,Reasi,Jammu And Kashmir,Ramban,404706.5594658585,False,False
631,ophthalmology,34.19087086645614,525,Ramanagara,Karnataka,Bengaluru Urban,1119388.5974887991,False,False
632,ophthalmology,165.28646581871243,602,North And Middle Andaman,Andaman And Nicobar Islands,South Andamans,89311.34410146241,False,False
634,ophthalmology,47.67214955500604,569,Tiruppur,Tamil Nadu,Coimbatore,2775124.962823553,False,False
636,ophthalmology,71.29486489136981,376,Bijapur,Chhattisgarh,Dakshin Bastar Dantewada,294696.742554721,True,False
637,ophthalmology,61.20918169773952,381,Narayanpur,Chhattisgarh,Uttar Bastar Kanker,138832.06216985776,True,False
639,ophthalmology,59.69643607772114,668,Alirajpur,Madhya Pradesh,Chhotaudepur,923548.6029736614,False,False
643,ophthalmology,66.57166311635373,374,Kondagaon,Chhattisgarh,Bastar,686305.2636460268,True,True
650,ophthalmology,51.00739804671255,382,Bemetara,Chhattisgarh,Kabeerdham,849779.6177408993,False,True
652,ophthalmology,26.558515488240868,272,Khowai,Tripura,West Tripura,337478.98232713947,False,True
654,ophthalmology,28.474038586145465,271,Gomati,Tripura,South Tripura,573625.5480139579,False,True
656,ophthalmology,25.007498366989726,273,North Garo Hills,Meghalaya,East Garo Hills,167717.0404464844,False,True
658,ophthalmology,28.3798975351001,279,South West Khasi Hills,Meghalaya,West Khasi Hills,128097.75166290796,False,True
663,ophthalmology,31.542860798361097,278,South West Garo Hills,Meghalaya,West Garo Hills,119370.04104049312,False,True
667,ophthalmology,58.03184244874472,105,Agar-Malwa,Madhya Pradesh,Jhalawar,686614.9976400457,False,True
695,ophthalmology,36.07967695853987,693,Jogulamba Gadwal,Telangana,Wanaparthy,646994.6633340233,False,True
696,ophthalmology,64.86825703353857,509,Suryapet,Telangana,Khammam,1142450.256248302,False,True
706,ophthalmology,21.88444303245728,295,Majuli,Assam,Lakhimpur,188931.70449744418,False,True
711,ophthalmology,17.45676060207734,252,Kakching,Manipur,Bishnupur,199405.42738031357,False,True
734,ophthalmology,29.807694540266617,390,Gaurela-Pendra-Marwahi,Chhattisgarh,Anuppur,397609.0871213607,False,True
7,oral_maxillofacial,31.748568416257314,662,Kathua,Jammu And Kashmir,Pathankot,729668.3847329078,False,False
8,oral_maxillofacial,42.63377694688249,3,Kupwara,Jammu And Kashmir,Baramulla,1172030.2121566117,True,False
14,oral_maxillofacial,37.23152403685099,624,Udhampur,Jammu And Kashmir,Samba,751246.4293388574,False,False
47,oral_maxillofacial,57.12764075310745,54,Chamoli,Uttarakhand,Rudra Prayag,482039.01386750053,False,False
54,oral_maxillofacial,50.499881206992114,55,Rudra Prayag,Uttarakhand,Tehri Garhwal,249022.51932156706,False,False
55,oral_maxillofacial,50.499881206992114,54,Tehri Garhwal,Uttarakhand,Rudra Prayag,699331.7328543726,False,False
88,oral_maxillofacial,62.492527545497886,423,Banswara,Rajasthan,Ratlam,2249951.2993668276,False,False
89,oral_maxillofacial,68.87200955005137,105,Baran,Rajasthan,Jhalawar,1448696.7961349234,True,False
92,oral_maxillofacial,89.59667349971292,95,Bhilwara,Rajasthan,Chittorgarh,2033149.8394425516,False,False
94,oral_maxillofacial,38.29626114435322,109,Bundi,Rajasthan,Kota,1421926.7268373582,False,False
96,oral_maxillofacial,70.36018896105719,114,Churu,Rajasthan,Sikar,2420656.4289155374,False,False
100,oral_maxillofacial,66.67508037714454,101,Ganganagar,Rajasthan,Hanumangarh,1453832.3384993747,False,False
101,oral_maxillofacial,66.67508037714454,100,Hanumangarh,Rajasthan,Ganganagar,2224940.585587418,False,False
103,oral_maxillofacial,181.1302959346105,90,Jaisalmer,Rajasthan,Barmer,831746.0944589318,True,False
104,oral_maxillofacial,68.52118207045781,115,Jalore,Rajasthan,Sirohi,1231454.0442674311,False,False
105,oral_maxillofacial,55.506608338162586,422,Jhalawar,Rajasthan,Rajgarh,1729997.3435981516,False,False
110,oral_maxillofacial,97.30027324811027,86,Nagaur,Rajasthan,Ajmer,2005145.8623586225,False,False
115,oral_maxillofacial,68.52118207045781,104,Sirohi,Rajasthan,Jalore,1275948.563600002,True,False
116,oral_maxillofacial,64.39104461830267,113,Tonk,Rajasthan,Sawai Madhopur,1733619.5335962703,False,False
126,oral_maxillofacial,35.767007361239656,222,Ballia,Uttar Pradesh,Siwan,3769569.904936715,False,False
127,oral_maxillofacial,48.20129972620623,182,Balrampur,Uttar Pradesh,Siddharthnagar,2516517.086674228,True,False
136,oral_maxillofacial,48.22140359507155,158,Chitrakoot,Uttar Pradesh,Kaushambi,1246576.0414481459,True,False
150,oral_maxillofacial,54.52234250875711,155,Hardoi,Uttar Pradesh,Kannauj,4895124.970261643,False,False
158,oral_maxillofacial,48.22140359507155,136,Kaushambi,Uttar Pradesh,Chitrakoot,1969618.6549881974,False,False
159,oral_maxillofacial,67.75910859768308,173,Kheri,Uttar Pradesh,Pilibhit,4823593.000151733,False,False
161,oral_maxillofacial,94.18998943380723,153,Lalitpur,Uttar Pradesh,Jhansi,1501658.4405663058,False,False
165,oral_maxillofacial,52.96792686680888,149,Mahoba,Uttar Pradesh,Hamirpur,1077540.901067933,False,False
166,oral_maxillofacial,47.9203545730057,138,Mainpuri,Uttar Pradesh,Etah,2186101.261097931,False,False
173,oral_maxillofacial,67.11044243478518,130,Pilibhit,Uttar Pradesh,Bareilly,2553263.3739700923,False,False
181,oral_maxillofacial,41.39944492731737,125,Shrawasti,Uttar Pradesh,Bahraich,1352151.3346842728,True,False
182,oral_maxillofacial,48.20129972620623,127,Siddharthnagar,Uttar Pradesh,Balrampur,3297962.0273067704,True,False
188,oral_maxillofacial,51.199597401874605,214,Araria,Bihar,Purnia,3675584.9801701256,True,False
190,oral_maxillofacial,50.49920184472277,330,Banka,Bihar,Godda,2817936.253352872,True,False
196,oral_maxillofacial,61.787448823447846,189,Gaya,Bihar,Aurangabad,5730002.880819759,True,False
198,oral_maxillofacial,47.75545354863009,329,Jamui,Bihar,Giridih,2260277.885349742,True,False
220,oral_maxillofacial,34.00226775056283,221,Sheohar,Bihar,Sitamarhi,859870.1562135209,False,False
221,oral_maxillofacial,34.00226775056283,220,Sitamarhi,Bihar,Sheohar,4191104.9649816803,True,False
226,oral_maxillofacial,53.14662658132707,227,Mangan,Sikkim,Namchi,46804.9388855954,False,False
227,oral_maxillofacial,29.75792102933264,225,Namchi,Sikkim,Gangtok,153865.48498457143,False,False
231,oral_maxillofacial,46.54012858809032,723,East Kameng,Arunachal Pradesh,Pakke Kessang,81196.81713413956,False,False
234,oral_maxillofacial,35.649442814846125,678,Lohit,Arunachal Pradesh,Namsai,61023.8617300506,False,False
235,oral_maxillofacial,49.46145665246868,234,Lower Dibang Valley,Arunachal Pradesh,Lohit,68792.49816496366,False,False
238,oral_maxillofacial,62.355384560263836,242,Tawang,Arunachal Pradesh,West Kameng,61613.40012977579,False,False
239,oral_maxillofacial,24.665437211446967,666,Tirap,Arunachal Pradesh,Longding,83547.55613919639,False,False
243,oral_maxillofacial,34.2432391063346,679,West Siang,Arunachal Pradesh,Siang,76831.84517534482,False,False
251,oral_maxillofacial,40.72704866278174,250,Zunheboto,Nagaland,Wokha,131118.96620326216,False,False
253,oral_maxillofacial,52.11832860375104,259,Chandel,Manipur,Thoubal,115889.49869401095,True,False
257,oral_maxillofacial,35.52152463131026,248,Senapati,Manipur,Phek,392649.92827009974,False,False
259,oral_maxillofacial,21.901424675658262,256,Thoubal,Manipur,Imphal West,390034.83407823497,False,False
264,oral_maxillofacial,30.561418127329116,267,Lawngtlai,Mizoram,Siaha,155254.6385835263,False,False
271,oral_maxillofacial,53.02108848514086,653,South Tripura,Tripura,Sepahijala,444543.2704801065,False,False
283,oral_maxillofacial,31.176191140404313,617,Darrang,Assam,Udalguri,1095092.8751236002,True,False
285,oral_maxillofacial,40.98256637941008,294,Dhubri,Assam,Kokrajhar,1578128.030808278,True,False
299,oral_maxillofacial,53.27270444658081,613,Dima Hasao,Assam,Peren,273721.1839523192,False,False
302,oral_maxillofacial,47.58781485872736,678,Tinsukia,Assam,Namsai,1396524.7482461785,False,False
326,oral_maxillofacial,38.5931076419422,337,Dumka,Jharkhand,Pakur,1582160.2966179517,True,False
330,oral_maxillofacial,42.07405233938581,340,Godda,Jharkhand,Sahebganj,1578589.2427828372,True,False
335,oral_maxillofacial,59.97319394524347,331,Latehar,Jharkhand,Gumla,906379.5473577536,True,False
337,oral_maxillofacial,38.5931076419422,326,Pakur,Jharkhand,Dumka,1062129.686659095,True,False
340,oral_maxillofacial,42.07405233938581,330,Sahebganj,Jharkhand,Godda,1846787.2769005012,True,False
343,oral_maxillofacial,58.00600037154449,341,West Singhbhum,Jharkhand,Saraikela Kharsawan,1827777.1954090875,True,False
390,oral_maxillofacial,29.807694540266617,734,Anuppur,Madhya Pradesh,Gaurela-Pendra-Marwahi,965111.6423547484,False,False
394,oral_maxillofacial,79.4446068715797,409,Betul,Madhya Pradesh,Narmadapuram,1879606.0050038917,False,False
398,oral_maxillofacial,58.77180202082169,420,Chhatarpur,Madhya Pradesh,Panna,2141937.975500538,True,False
400,oral_maxillofacial,73.14730961007666,413,Damoh,Madhya Pradesh,Katni,1501254.5295747416,True,False
408,oral_maxillofacial,87.9951261618904,394,Harda,Madhya Pradesh,Betul,695614.4346240504,False,False
415,oral_maxillofacial,85.76454577603846,411,Mandla,Madhya Pradesh,Jabalpur,1146083.8688771573,False,False
417,oral_maxillofacial,38.714649661518365,98,Morena,Madhya Pradesh,Dholpur,2394360.504336235,False,False
420,oral_maxillofacial,58.77180202082169,398,Panna,Madhya Pradesh,Chhatarpur,1219658.0014883834,False,False
426,oral_maxillofacial,69.60155559985022,420,Satna,Madhya Pradesh,Panna,1785799.8627858737,False,False
431,oral_maxillofacial,80.66953436771188,113,Sheopur,Madhya Pradesh,Sawai Madhopur,888251.3585003293,False,False
433,oral_maxillofacial,58.812135401023426,424,Sidhi,Madhya Pradesh,Rewa,1286880.122046292,False,False
436,oral_maxillofacial,49.17630257099778,429,Umaria,Madhya Pradesh,Shahdol,841785.9437074403,False,False
463,oral_maxillofacial,26.609257033030396,465,Daman,The Dadra And Nagar Haveli And Daman And Diu,Dadra And Nagar Haveli,192156.79902366071,False,False
467,oral_maxillofacial,63.52220434216471,468,Akola,Maharashtra,Amravati,2083864.3785117292,False,False
471,oral_maxillofacial,49.35830707525935,476,Bhandara,Maharashtra,Gondia,1274403.707445348,False,False
479,oral_maxillofacial,70.20828041197251,469,Jalna,Maharashtra,Chhatrapati Sambhajinagar,2277544.245194602,False,False
483,oral_maxillofacial,19.25683527078665,482,Mumbai Suburban,Maharashtra,Mumbai,11792741.68985784,False,False
488,oral_maxillofacial,70.54663959330813,481,Dharashiv,Maharashtra,Latur,1947074.924694599,True,False
494,oral_maxillofacial,72.78392733895642,493,Satara,Maharashtra,Sangli,3345104.733944065,False,False
495,oral_maxillofacial,60.43482367557456,480,Sindhudurg,Maharashtra,Kolhapur,912043.8714067698,False,False
501,oral_maxillofacial,66.94533581345375,500,Adilabad,Telangana,Yavatmal,792433.4806349886,False,False
502,oral_maxillofacial,166.71775006370183,525,Ananthapuramu,Andhra Pradesh,Bengaluru Urban,2487350.062909732,False,False
520,oral_maxillofacial,102.60531724468412,521,Visakhapatnam,Andhra Pradesh,Vizianagaram,1292009.9709781494,False,False
538,oral_maxillofacial,102.59663995288231,698,Kalaburagi,Karnataka,Vikarabad,2647021.418894641,False,False
551,oral_maxillofacial,37.69210947361256,552,North Goa,Goa,South Goa,830928.4398160564,False,False
552,oral_maxillofacial,37.69210947361256,551,South Goa,Goa,North Goa,682429.9805549768,False,False
553,oral_maxillofacial,370.78640265538485,558,Lakshadweep District,Lakshadweep,Kasaragod,48762.86763526817,False,False
574,oral_maxillofacial,69.3952783126596,589,Kancheepuram,Tamil Nadu,Thiruvallur,1990993.285632952,False,False
585,oral_maxillofacial,41.16410056577176,582,Sivaganga,Tamil Nadu,Pudukkottai,1444789.8941885238,False,False
598,oral_maxillofacial,47.396146417096,590,Karaikal,Puducherry,Thiruvarur,176243.05532875203,False,False
599,oral_maxillofacial,28.322042155824853,557,Mahe,Puducherry,Kannur,116365.92298833061,False,False
601,oral_maxillofacial,130.51060177988808,510,Yanam,Puducherry,Krishna,16811.764728270613,False,False
602,oral_maxillofacial,165.28646581871243,632,South Andamans,Andaman And Nicobar Islands,North And Middle Andaman,236036.01872616805,False,False
603,oral_maxillofacial,439.7230236147988,602,Nicobars,Andaman And Nicobar Islands,South Andamans,32320.214256589727,False,False
606,oral_maxillofacial,43.70573908749093,339,Khunti,Jharkhand,Ranchi,674208.686066637,True,False
611,oral_maxillofacial,33.217696545868634,193,Arwal,Bihar,Bhojpur,707643.3917544147,False,False
612,oral_maxillofacial,34.47977649893615,281,Chirang,Assam,Bongaigaon,581794.6340907122,False,False
616,oral_maxillofacial,32.28663619745955,298,Baksa,Assam,Nalbari,731447.5641703649,True,False
622,oral_maxillofacial,20.493958683236276,625,Kulgam,Jammu And Kashmir,Shopian,638922.0732089822,False,False
623,oral_maxillofacial,26.433543202422644,626,Bandipora,Jammu And Kashmir,Ganderbal,513307.6635993984,False,False
625,oral_maxillofacial,20.493958683236276,622,Shopian,Jammu And Kashmir,Kulgam,386340.2930304658,False,False
627,oral_maxillofacial,34.30416438014038,621,Reasi,Jammu And Kashmir,Ramban,404706.5594658585,False,False
628,oral_maxillofacial,56.70399394970472,234,Anjaw,Arunachal Pradesh,Lohit,26089.95048635038,False,False
632,oral_maxillofacial,165.28646581871243,602,North And Middle Andaman,Andaman And Nicobar Islands,South Andamans,89311.34410146241,False,False
633,oral_maxillofacial,27.703363193468046,138,Kasganj,Uttar Pradesh,Etah,1700557.574022091,False,False
637,oral_maxillofacial,61.20918169773952,381,Narayanpur,Chhattisgarh,Uttar Bastar Kanker,138832.06216985776,True,False
639,oral_maxillofacial,59.69643607772114,668,Alirajpur,Madhya Pradesh,Chhotaudepur,923548.6029736614,False,False
640,oral_maxillofacial,50.749564352355115,140,Amethi,Uttar Pradesh,Ayodhya,2563915.290471191,False,True
642,oral_maxillofacial,62.00741186874626,376,Sukma,Chhattisgarh,Dakshin Bastar Dantewada,298055.6959712358,True,True
643,oral_maxillofacial,66.57166311635373,374,Kondagaon,Chhattisgarh,Bastar,686305.2636460268,True,True
666,oral_maxillofacial,24.665437211446967,239,Longding,Arunachal Pradesh,Tirap,68045.30364735724,False,True
678,oral_maxillofacial,35.649442814846125,234,Namsai,Arunachal Pradesh,Lohit,122614.24641805893,True,True
679,oral_maxillofacial,34.2432391063346,243,Siang,Arunachal Pradesh,West Siang,23121.24023360823,False,True
686,oral_maxillofacial,42.34219659395064,689,Hanumakonda,Telangana,Jangoan,1076312.1334686065,False,True
689,oral_maxillofacial,40.058929308360824,692,Jangoan,Telangana,Siddipet,673477.0345573556,False,True
691,oral_maxillofacial,66.82388689103632,698,Sangareddy,Telangana,Vikarabad,1677578.5267383426,False,True
692,oral_maxillofacial,40.058929308360824,689,Siddipet,Telangana,Jangoan,1096513.4816223187,False,True
693,oral_maxillofacial,113.94588620322872,698,Wanaparthy,Telangana,Vikarabad,642168.2910354735,False,True
696,oral_maxillofacial,65.6059831387518,514,Suryapet,Telangana,Nalgonda,1142450.256248302,False,True
698,oral_maxillofacial,66.82388689103632,691,Vikarabad,Telangana,Sangareddy,1164820.7729801591,False,True
700,oral_maxillofacial,15.363565714273888,507,Medchal Malkajgiri,Telangana,Hyderabad,2922679.8525291206,False,True
706,oral_maxillofacial,21.88444303245728,295,Majuli,Assam,Lakhimpur,188931.70449744418,False,True
719,oral_maxillofacial,24.100940871963314,284,Lower Siang,Arunachal Pradesh,Dhemaji,8071.600376782186,False,True
723,oral_maxillofacial,46.54012858809032,231,Pakke Kessang,Arunachal Pradesh,East Kameng,20422.154124876823,False,True
724,oral_maxillofacial,26.03108726736403,719,Leparada,Arunachal Pradesh,Lower Siang,26064.902091814947,False,True
725,oral_maxillofacial,54.31278937855358,243,Shi Yomi,Arunachal Pradesh,West Siang,17642.32554373407,False,True
10,orthopaedics,42.996749314261116,2,Poonch,Jammu And Kashmir,Budgam,694152.2659007441,False,False
14,orthopaedics,37.23152403685099,624,Udhampur,Jammu And Kashmir,Samba,751246.4293388574,False,False
54,orthopaedics,50.499881206992114,55,Rudra Prayag,Uttarakhand,Tehri Garhwal,249022.51932156706,False,False
57,orthopaedics,57.43675414439564,55,Uttar Kashi,Uttarakhand,Tehri Garhwal,414830.5359230782,False,False
98,orthopaedics,38.714649661518365,417,Dholpur,Rajasthan,Morena,1508981.6187562589,True,False
128,orthopaedics,59.53930771371585,142,Banda,Uttar Pradesh,Fatehpur,2190276.1629053843,False,False
190,orthopaedics,50.49920184472277,330,Banka,Bihar,Godda,2817936.253352872,True,False
194,orthopaedics,40.8678300709498,126,Buxar,Bihar,Ballia,1997175.830715259,False,False
199,orthopaedics,39.348425674862796,212,Jehanabad,Bihar,Patna,1378269.7468148058,False,False
219,orthopaedics,30.079691034142048,204,Sheikhpura,Bihar,Lakhisarai,678723.131935972,True,False
226,orthopaedics,53.14662658132707,227,Mangan,Sikkim,Namchi,46804.9388855954,False,False
227,orthopaedics,29.75792102933264,225,Namchi,Sikkim,Gangtok,153865.48498457143,False,False
231,orthopaedics,70.00961760690961,237,East Kameng,Arunachal Pradesh,Papum Pare,81196.81713413956,False,False
232,orthopaedics,57.19489535277915,302,East Siang,Arunachal Pradesh,Tinsukia,114138.66981606002,False,False
234,orthopaedics,35.649442814846125,678,Lohit,Arunachal Pradesh,Namsai,61023.8617300506,False,False
235,orthopaedics,49.46145665246868,234,Lower Dibang Valley,Arunachal Pradesh,Lohit,68792.49816496366,False,False
236,orthopaedics,33.84248805428651,237,Lower Subansiri,Arunachal Pradesh,Papum Pare,93953.93439668795,False,False
238,orthopaedics,102.20655415588313,231,Tawang,Arunachal Pradesh,East Kameng,61613.40012977579,False,False
241,orthopaedics,53.86042510207015,243,Upper Subansiri,Arunachal Pradesh,West Siang,113741.85655957309,False,False
243,orthopaedics,53.86042510207015,241,West Siang,Arunachal Pradesh,Upper Subansiri,76831.84517534482,False,False
251,orthopaedics,40.72704866278174,250,Zunheboto,Nagaland,Wokha,131118.96620326216,False,False
252,orthopaedics,17.45676060207734,711,Bishnupur,Manipur,Kakching,300931.7131691731,False,False
253,orthopaedics,26.681816347084382,711,Chandel,Manipur,Kakching,115889.49869401095,True,False
254,orthopaedics,22.651611354997936,711,Churachandpur,Manipur,Kakching,281291.8767291976,False,False
258,orthopaedics,42.84723621852616,613,Tamenglong,Manipur,Peren,126527.18209831938,False,False
259,orthopaedics,21.901424675658262,256,Thoubal,Manipur,Imphal West,390034.83407823497,False,False
260,orthopaedics,36.93460269257994,248,Ukhrul,Manipur,Phek,180597.17658160915,False,False
270,orthopaedics,21.19856023846458,655,North Tripura,Tripura,Unakoti,402380.3829570534,False,False
273,orthopaedics,25.007498366989726,656,East Garo Hills,Meghalaya,North Garo Hills,224380.74245546357,False,False
277,orthopaedics,38.518436141343685,273,South Garo Hills,Meghalaya,East Garo Hills,193806.4907690125,False,False
281,orthopaedics,36.74012380399782,287,Bongaigaon,Assam,Goalpara,752309.399349219,False,False
284,orthopaedics,51.39826524740716,286,Dhemaji,Assam,Dibrugarh,776401.1672849588,False,False
290,orthopaedics,31.888600684934254,246,Jorhat,Assam,Mokokchung,1092157.3966661568,False,False
294,orthopaedics,40.98256637941008,285,Kokrajhar,Assam,Dhubri,1181644.8582820978,False,False
299,orthopaedics,53.27270444658081,613,Dima Hasao,Assam,Peren,273721.1839523192,False,False
342,orthopaedics,63.90057068255655,380,Simdega,Jharkhand,Jashpur,715837.0528195959,True,False
390,orthopaedics,29.807694540266617,734,Anuppur,Madhya Pradesh,Gaurela-Pendra-Marwahi,965111.6423547484,False,False
404,orthopaedics,38.79783873944304,415,Dindori,Madhya Pradesh,Mandla,926438.0537256611,False,False
415,orthopaedics,38.79783873944304,404,Mandla,Madhya Pradesh,Dindori,1146083.8688771573,False,False
553,orthopaedics,370.78640265538485,558,Lakshadweep District,Lakshadweep,Kasaragod,48762.86763526817,False,False
599,orthopaedics,28.322042155824853,557,Mahe,Puducherry,Kannur,116365.92298833061,False,False
601,orthopaedics,58.64802214451023,505,Yanam,Puducherry,East Godavari,16811.764728270613,False,False
602,orthopaedics,165.28646581871243,632,South Andamans,Andaman And Nicobar Islands,North And Middle Andaman,236036.01872616805,False,False
606,orthopaedics,43.70573908749093,339,Khunti,Jharkhand,Ranchi,674208.686066637,True,False
610,orthopaedics,39.42499734827514,581,Ariyalur,Tamil Nadu,Perambalur,751597.5566346078,False,False
617,orthopaedics,31.176191140404313,283,Udalguri,Assam,Darrang,963240.2553201377,True,False
632,orthopaedics,165.28646581871243,602,North And Middle Andaman,Andaman And Nicobar Islands,South Andamans,89311.34410146241,False,False
636,orthopaedics,71.29486489136981,376,Bijapur,Chhattisgarh,Dakshin Bastar Dantewada,294696.742554721,True,False
637,orthopaedics,61.20918169773952,381,Narayanpur,Chhattisgarh,Uttar Bastar Kanker,138832.06216985776,True,False
642,orthopaedics,62.00741186874626,376,Sukma,Chhattisgarh,Dakshin Bastar Dantewada,298055.6959712358,True,True
655,orthopaedics,21.19856023846458,270,Unakoti,Tripura,North Tripura,389794.1802844502,False,True
656,orthopaedics,25.007498366989726,273,North Garo Hills,Meghalaya,East Garo Hills,167717.0404464844,False,True
657,orthopaedics,35.322766385655804,275,East Jaintia Hills,Meghalaya,West Jaintia Hills,171684.61331764617,False,True
678,orthopaedics,35.649442814846125,234,Namsai,Arunachal Pradesh,Lohit,122614.24641805893,True,True
695,orthopaedics,36.07967695853987,693,Jogulamba Gadwal,Telangana,Wanaparthy,646994.6633340233,False,True
705,orthopaedics,57.52909705178255,237,Biswanath,Assam,Papum Pare,719811.8711270525,False,True
711,orthopaedics,17.45676060207734,252,Kakching,Manipur,Bishnupur,199405.42738031357,False,True
721,orthopaedics,46.82054651506788,512,Narayanpet,Telangana,Mahabubnagar,624341.1143223314,False,True
15,paediatric_cancer,28.83983911577874,17,Bilaspur,Himachal Pradesh,Hamirpur,483525.1007886491,False,False
23,paediatric_cancer,80.43869248491657,22,Shimla,Himachal Pradesh,Mandi,921473.7362462453,False,False
45,paediatric_cancer,45.65023663756293,51,Almora,Uttarakhand,Nainital,704035.586577016,False,False
50,paediatric_cancer,67.3943893510195,49,Haridwar,Uttarakhand,Dehradun,2343471.993457813,True,False
52,paediatric_cancer,67.96534391025045,50,Pauri Garhwal,Uttarakhand,Haridwar,780997.5414601384,False,False
59,paediatric_cancer,59.8548865190685,63,Bhiwani,Haryana,Hisar,1319359.1693796264,False,False
60,paediatric_cancer,23.5535499778471,144,Faridabad,Haryana,Gautam Buddha Nagar,2321310.1575147784,False,False
63,paediatric_cancer,59.8548865190685,59,Hisar,Haryana,Bhiwani,2088676.3624267369,False,False
71,paediatric_cancer,40.753426010756385,660,Panipat,Haryana,Shamli,1434510.4629265154,False,False
76,paediatric_cancer,38.279432784165174,58,Yamunanagar,Haryana,Ambala,1452284.363996737,False,False
119,paediatric_cancer,62.080428148753754,167,Aligarh,Uttar Pradesh,Mathura,4347047.649131718,False,False
122,paediatric_cancer,41.190217189970554,156,Auraiya,Uttar Pradesh,Kanpur Dehat,1664724.9690651596,False,False
129,paediatric_cancer,48.16644009679761,162,Bara Banki,Uttar Pradesh,Lucknow,3856710.19049542,False,False
131,paediatric_cancer,85.29990101415017,148,Basti,Uttar Pradesh,Gorakhpur,2754658.150915965,False,False
141,paediatric_cancer,52.02322524162126,155,Farrukhabad,Uttar Pradesh,Kannauj,2230034.1291005206,False,False
143,paediatric_cancer,62.468080259807365,118,Firozabad,Uttar Pradesh,Agra,2990851.937729205,False,False
145,paediatric_cancer,40.53555213851083,169,Ghaziabad,Uttar Pradesh,Meerut,4902650.230604972,False,False
149,paediatric_cancer,71.55738246318437,156,Hamirpur,Uttar Pradesh,Kanpur Dehat,1460520.5529266912,False,False
155,paediatric_cancer,42.47488637619304,122,Kannauj,Uttar Pradesh,Auraiya,1975610.943411449,False,False
156,paediatric_cancer,40.98517026655637,157,Kanpur Dehat,Uttar Pradesh,Kanpur Nagar,2100491.7799560716,False,False
168,paediatric_cancer,71.9088409860861,148,Mau,Uttar Pradesh,Gorakhpur,2313272.5339235114,False,False
192,paediatric_cancer,58.12599786567681,205,Bhagalpur,Bihar,Madhepura,3893149.0191134466,False,False
195,paediatric_cancer,96.37326374603578,205,Darbhanga,Bihar,Madhepura,4890324.16209899,False,False
201,paediatric_cancer,33.80773023630611,214,Katihar,Bihar,Purnia,3829282.487333551,True,False
205,paediatric_cancer,48.885098850671554,214,Madhepura,Bihar,Purnia,2840466.5385709275,False,False
211,paediatric_cancer,105.60144018851204,148,Pashchim Champaran,Bihar,Gorakhpur,4925819.392647587,False,False
214,paediatric_cancer,33.80773023630611,201,Purnia,Bihar,Katihar,4128523.677405553,True,False
226,paediatric_cancer,53.14662658132707,227,Mangan,Sikkim,Namchi,46804.9388855954,False,False
227,paediatric_cancer,53.14662658132707,226,Namchi,Sikkim,Mangan,153865.48498457143,False,False
237,paediatric_cancer,105.9743654292597,301,Papum Pare,Arunachal Pradesh,Sonitpur,228765.92414895265,False,False
246,paediatric_cancer,29.75504487295224,615,Mokokchung,Nagaland,Longleng,179189.2069362157,False,False
247,paediatric_cancer,22.255188871150416,615,Mon,Nagaland,Longleng,229102.16154736592,False,False
248,paediatric_cancer,28.375347872699376,245,Phek,Nagaland,Kohima,150888.7339522879,False,False
250,paediatric_cancer,36.35146951197714,246,Wokha,Nagaland,Mokokchung,130120.44393681524,False,False
251,paediatric_cancer,40.72704866278174,250,Zunheboto,Nagaland,Wokha,131118.96620326216,False,False
264,paediatric_cancer,64.93422491595317,265,Lawngtlai,Mizoram,Lunglei,155254.6385835263,False,False
265,paediatric_cancer,64.93422491595317,264,Lunglei,Mizoram,Lawngtlai,166377.1650532753,False,False
275,paediatric_cancer,35.22917376612662,274,West Jaintia Hills,Meghalaya,East Khasi Hills,364368.8630291583,False,False
277,paediatric_cancer,47.314984300170586,278,South Garo Hills,Meghalaya,West Garo Hills,193806.4907690125,False,False
278,paediatric_cancer,47.314984300170586,277,West Garo Hills,Meghalaya,South Garo Hills,744474.0988923504,False,False
280,paediatric_cancer,29.94851532436531,291,Barpeta,Assam,Kamrup,1627501.372414651,True,False
286,paediatric_cancer,56.792925442098245,302,Dibrugarh,Assam,Tinsukia,1566457.20925371,False,False
292,paediatric_cancer,51.47055901057236,244,Karbi Anglong,Assam,Dimapur,598321.359002655,False,False
301,paediatric_cancer,105.35489677606934,618,Sonitpur,Assam,Kamrup Metro,1518477.542657767,False,False
302,paediatric_cancer,56.792925442098245,286,Tinsukia,Assam,Dibrugarh,1396524.7482461785,False,False
322,paediatric_cancer,51.80051362415885,325,Bokaro,Jharkhand,Dhanbad,2485996.819654438,True,False
323,paediatric_cancer,104.82455950553772,339,Chatra,Jharkhand,Ranchi,1350212.464213006,True,False
325,paediatric_cancer,51.80051362415885,322,Dhanbad,Jharkhand,Bokaro,3369040.1767657767,False,False
327,paediatric_cancer,52.68833097766862,341,East Singhbum,Jharkhand,Saraikela Kharsawan,3044140.48864925,True,False
341,paediatric_cancer,52.68833097766862,327,Saraikela Kharsawan,Jharkhand,East Singhbum,1110643.060505968,False,False
377,paediatric_cancer,78.28088501653615,378,Dhamtari,Chhattisgarh,Durg,942265.8244857276,False,False
389,paediatric_cancer,128.99538269679596,375,Surguja,Chhattisgarh,Bilaspur,1186462.705991703,False,False
393,paediatric_cancer,82.79378499080332,474,Barwani,Madhya Pradesh,Dhule,1802996.6405033474,True,False
394,paediatric_cancer,83.74979350198375,468,Betul,Madhya Pradesh,Amravati,1879606.0050038917,False,False
397,paediatric_cancer,102.37062545839585,478,Burhanpur,Madhya Pradesh,Jalgaon,908538.4370048521,False,False
399,paediatric_cancer,100.8475781835451,394,Chhindwara,Madhya Pradesh,Betul,2048847.5549100921,False,False
402,paediatric_cancer,48.757133260589825,410,Dewas,Madhya Pradesh,Indore,1879699.8669341328,False,False
407,paediatric_cancer,79.9828444386872,432,Gwalior,Madhya Pradesh,Shivpuri,2500999.812852313,False,False
423,paediatric_cancer,70.84378434618229,435,Ratlam,Madhya Pradesh,Ujjain,1703631.5099558234,False,False
424,paediatric_cancer,65.17376361353875,120,Rewa,Madhya Pradesh,Prayagraj,2111751.4052579384,False,False
429,paediatric_cancer,114.24158181643176,638,Shahdol,Madhya Pradesh,Singrauli,1158267.3795499913,False,False
430,paediatric_cancer,74.20030381725176,402,Shajapur,Madhya Pradesh,Dewas,1142666.9754165537,False,False
437,paediatric_cancer,59.51995601640442,396,Vidisha,Madhya Pradesh,Bhopal,1753603.6548736147,True,False
467,paediatric_cancer,63.52220434216471,468,Akola,Maharashtra,Amravati,2083864.3785117292,False,False
468,paediatric_cancer,63.52220434216471,467,Amravati,Maharashtra,Akola,3291038.139693835,False,False
474,paediatric_cancer,82.79378499080332,393,Dhule,Maharashtra,Barwani,2390736.18028951,False,False
477,paediatric_cancer,66.66976444887146,485,Hingoli,Maharashtra,Nanded,1350280.2956611942,False,False
478,paediatric_cancer,98.49063092611703,469,Jalgaon,Maharashtra,Chhatrapati Sambhajinagar,4816518.323082513,False,False
479,paediatric_cancer,70.20828041197251,469,Jalna,Maharashtra,Chhatrapati Sambhajinagar,2277544.245194602,False,False
482,paediatric_cancer,19.25683527078665,483,Mumbai,Maharashtra,Mumbai Suburban,3325643.331651126,False,False
483,paediatric_cancer,19.25683527078665,482,Mumbai Suburban,Maharashtra,Mumbai,11792741.68985784,False,False
488,paediatric_cancer,70.54663959330813,481,Dharashiv,Maharashtra,Latur,1947074.924694599,True,False
489,paediatric_cancer,70.75033154228339,477,Parbhani,Maharashtra,Hingoli,2109048.8034060835,False,False
491,paediatric_cancer,63.00780173366213,482,Raigad,Maharashtra,Mumbai,2975630.1914114878,False,False
494,paediatric_cancer,72.78392733895642,493,Satara,Maharashtra,Sangli,3345104.733944065,False,False
495,paediatric_cancer,60.43482367557456,480,Sindhudurg,Maharashtra,Kolhapur,912043.8714067698,False,False
500,paediatric_cancer,66.94533581345375,501,Yavatmal,Maharashtra,Adilabad,3136883.341757771,False,False
503,paediatric_cancer,73.33028845454687,542,Chittoor,Andhra Pradesh,Kolar,2047540.555803963,False,False
505,paediatric_cancer,96.01287527954743,520,East Godavari,Andhra Pradesh,Visakhapatnam,1809023.163395891,False,False
510,paediatric_cancer,96.43494424404486,506,Krishna,Andhra Pradesh,Guntur,2033510.5315333593,False,False
519,paediatric_cancer,169.7988852989353,520,Srikakulam,Andhra Pradesh,Visakhapatnam,2831835.16128335,False,False
551,paediatric_cancer,76.33087796328714,495,North Goa,Goa,Sindhudurg,830928.4398160564,False,False
558,paediatric_cancer,43.12898444551498,534,Kasaragod,Kerala,Dakshina Kannada,983685.8037588111,False,False
559,paediatric_cancer,34.975259760189076,564,Kollam,Kerala,Pathanamthitta,3107698.33758177,False,False
569,paediatric_cancer,96.22274947878039,566,Coimbatore,Tamil Nadu,Thrissur,3924135.7788228267,False,False
574,paediatric_cancer,69.3952783126596,589,Kancheepuram,Tamil Nadu,Thiruvallur,1990993.285632952,False,False
584,paediatric_cancer,124.87041596049193,531,Salem,Tamil Nadu,Chamarajanagara,3674471.744098205,False,False
585,paediatric_cancer,41.16410056577176,582,Sivaganga,Tamil Nadu,Pudukkottai,1444789.8941885238,False,False
602,paediatric_cancer,1268.5964012576276,519,South Andamans,Andaman And Nicobar Islands,Srikakulam,236036.01872616805,False,False
613,paediatric_cancer,51.62995846793712,244,Peren,Nagaland,Dimapur,99850.38581923737,False,False
614,paediatric_cancer,40.445250565689804,249,Kiphire,Nagaland,Tuensang,61890.92274396199,True,False
615,paediatric_cancer,22.255188871150416,247,Longleng,Nagaland,Mon,36005.33942233673,False,False
621,paediatric_cancer,75.88617299176721,5,Ramban,Jammu And Kashmir,Jammu,295301.45586373383,False,False
636,paediatric_cancer,85.79784388740437,687,Bijapur,Chhattisgarh,Jayashankar Bhupalapally,294696.742554721,True,False
638,paediatric_cancer,88.98093464813704,424,Singrauli,Madhya Pradesh,Rewa,1558023.6167927014,True,False
660,paediatric_cancer,40.753426010756385,71,Shamli,Uttar Pradesh,Panipat,1525607.5934512445,False,True
667,paediatric_cancer,74.43573205099368,430,Agar-Malwa,Madhya Pradesh,Shajapur,686614.9976400457,False,True
695,paediatric_cancer,36.07967695853987,693,Jogulamba Gadwal,Telangana,Wanaparthy,646994.6633340233,False,True
696,paediatric_cancer,64.86825703353857,509,Suryapet,Telangana,Khammam,1142450.256248302,False,True
698,paediatric_cancer,66.82388689103632,691,Vikarabad,Telangana,Sangareddy,1164820.7729801591,False,True
16,paediatric_medicine,53.144186433569956,7,Chamba,Himachal Pradesh,Kathua,568345.432996525,True,False
54,paediatric_medicine,50.499881206992114,55,Rudra Prayag,Uttarakhand,Tehri Garhwal,249022.51932156706,False,False
88,paediatric_medicine,58.18333798341808,99,Banswara,Rajasthan,Dungarpur,2249951.2993668276,False,False
99,paediatric_medicine,48.51332627740996,672,Dungarpur,Rajasthan,Arvalli,1714456.4871219185,False,False
101,paediatric_medicine,66.67508037714454,100,Hanumangarh,Rajasthan,Ganganagar,2224940.585587418,False,False
149,paediatric_medicine,57.39056349014184,151,Hamirpur,Uttar Pradesh,Jalaun,1460520.5529266912,False,False
174,paediatric_medicine,53.24235645531598,158,Pratapgarh,Uttar Pradesh,Kaushambi,3982784.634697654,False,False
176,paediatric_medicine,36.18006987630905,56,Rampur,Uttar Pradesh,Udam Singh Nagar,2986893.822995926,False,False
189,paediatric_medicine,44.029927676474216,215,Aurangabad,Bihar,Rohtas,3424661.8635273497,True,False
198,paediatric_medicine,47.75545354863009,329,Jamui,Bihar,Giridih,2260277.885349742,True,False
200,paediatric_medicine,37.42500614802386,135,Kaimur (Bhabua),Bihar,Chandauli,1974437.2072152477,False,False
219,paediatric_medicine,30.079691034142048,204,Sheikhpura,Bihar,Lakhisarai,678723.131935972,True,False
220,paediatric_medicine,34.00226775056283,221,Sheohar,Bihar,Sitamarhi,859870.1562135209,False,False
226,paediatric_medicine,53.14662658132707,227,Mangan,Sikkim,Namchi,46804.9388855954,False,False
227,paediatric_medicine,29.75792102933264,225,Namchi,Sikkim,Gangtok,153865.48498457143,False,False
229,paediatric_medicine,47.05878624525462,678,Changlang,Arunachal Pradesh,Namsai,197461.03681253482,False,False
231,paediatric_medicine,52.60787549145991,233,East Kameng,Arunachal Pradesh,Kurung Kumey,81196.81713413956,False,False
233,paediatric_medicine,52.60787549145991,231,Kurung Kumey,Arunachal Pradesh,East Kameng,70561.20772397052,False,False
234,paediatric_medicine,35.649442814846125,678,Lohit,Arunachal Pradesh,Namsai,61023.8617300506,False,False
235,paediatric_medicine,49.46145665246868,234,Lower Dibang Valley,Arunachal Pradesh,Lohit,68792.49816496366,False,False
236,paediatric_medicine,33.84248805428651,237,Lower Subansiri,Arunachal Pradesh,Papum Pare,93953.93439668795,False,False
238,paediatric_medicine,62.355384560263836,242,Tawang,Arunachal Pradesh,West Kameng,61613.40012977579,False,False
241,paediatric_medicine,42.77816126873932,677,Upper Subansiri,Arunachal Pradesh,Kra Daadi,113741.85655957309,False,False
242,paediatric_medicine,57.83953867061873,231,West Kameng,Arunachal Pradesh,East Kameng,109627.35394704947,False,False
243,paediatric_medicine,34.2432391063346,679,West Siang,Arunachal Pradesh,Siang,76831.84517534482,False,False
251,paediatric_medicine,40.72704866278174,250,Zunheboto,Nagaland,Wokha,131118.96620326216,False,False
258,paediatric_medicine,29.288650601902066,712,Tamenglong,Manipur,Kangpokpi,126527.18209831938,False,False
260,paediatric_medicine,32.52736734603581,257,Ukhrul,Manipur,Senapati,180597.17658160915,False,False
269,paediatric_medicine,36.81039872195437,655,Dhalai,Tripura,Unakoti,432548.86068553466,True,False
390,paediatric_medicine,29.807694540266617,734,Anuppur,Madhya Pradesh,Gaurela-Pendra-Marwahi,965111.6423547484,False,False
395,paediatric_medicine,47.3893273756207,401,Bhind,Madhya Pradesh,Datia,2001831.4123117938,False,False
408,paediatric_medicine,66.21374079629786,405,Harda,Madhya Pradesh,Khandwa (East Nimar),695614.4346240504,False,False
434,paediatric_medicine,56.62678648314054,161,Tikamgarh,Madhya Pradesh,Lalitpur,1241878.3759892904,False,False
436,paediatric_medicine,49.17630257099778,429,Umaria,Madhya Pradesh,Shahdol,841785.9437074403,False,False
464,paediatric_medicine,39.11129971502072,675,Diu,The Dadra And Nagar Haveli And Daman And Diu,Gir Somnath,112403.72688687773,False,False
486,paediatric_medicine,42.0097907818355,474,Nandurbar,Maharashtra,Dhule,1935429.3286140626,True,False
524,paediatric_medicine,113.19764301109348,536,Bagalkote,Karnataka,Dharwad,1937506.1761586382,False,False
528,paediatric_medicine,116.50008234046895,502,Ballari,Karnataka,Ananthapuramu,1261952.5700927742,False,False
534,paediatric_medicine,43.12898444551498,558,Dakshina Kannada,Karnataka,Kasaragod,2347959.8585767807,False,False
536,paediatric_medicine,110.5308081560703,552,Dharwad,Karnataka,South Goa,1943615.0858917886,False,False
538,paediatric_medicine,102.59663995288231,698,Kalaburagi,Karnataka,Vikarabad,2647021.418894641,False,False
576,paediatric_medicine,36.00997957942383,591,Karur,Tamil Nadu,Tiruchirappalli,1139456.6415877366,False,False
581,paediatric_medicine,52.71958184780914,570,Perambalur,Tamil Nadu,Cuddalore,546701.0604120791,False,False
594,paediatric_medicine,56.53832169130888,592,Thoothukkudi,Tamil Nadu,Tirunelveli,1726914.9731377447,False,False
601,paediatric_medicine,58.64802214451023,505,Yanam,Puducherry,East Godavari,16811.764728270613,False,False
602,paediatric_medicine,165.28646581871243,632,South Andamans,Andaman And Nicobar Islands,North And Middle Andaman,236036.01872616805,False,False
611,paediatric_medicine,33.217696545868634,193,Arwal,Bihar,Bhojpur,707643.3917544147,False,False
612,paediatric_medicine,34.47977649893615,281,Chirang,Assam,Bongaigaon,581794.6340907122,False,False
617,paediatric_medicine,31.176191140404313,283,Udalguri,Assam,Darrang,963240.2553201377,True,False
626,paediatric_medicine,23.1411123791677,13,Ganderbal,Jammu And Kashmir,Srinagar,488797.22436553944,False,False
632,paediatric_medicine,165.28646581871243,602,North And Middle Andaman,Andaman And Nicobar Islands,South Andamans,89311.34410146241,False,False
655,paediatric_medicine,36.81039872195437,269,Unakoti,Tripura,Dhalai,389794.1802844502,False,True
659,paediatric_medicine,43.42750438369312,154,Sambhal,Uttar Pradesh,Amroha,2796913.176575198,False,True
677,paediatric_medicine,42.77816126873932,241,Kra Daadi,Arunachal Pradesh,Upper Subansiri,65936.58598700125,False,True
678,paediatric_medicine,35.649442814846125,234,Namsai,Arunachal Pradesh,Lohit,122614.24641805893,True,True
679,paediatric_medicine,34.2432391063346,243,Siang,Arunachal Pradesh,West Siang,23121.24023360823,False,True
695,paediatric_medicine,36.07967695853987,693,Jogulamba Gadwal,Telangana,Wanaparthy,646994.6633340233,False,True
706,paediatric_medicine,21.88444303245728,295,Majuli,Assam,Lakhimpur,188931.70449744418,False,True
713,paediatric_medicine,23.128867338158773,282,Jiribam,Manipur,Cachar,51152.07251636021,False,True
714,paediatric_medicine,35.810658155994645,252,Noney,Manipur,Bishnupur,51027.05532714479,False,True
715,paediatric_medicine,40.44198399558585,714,Pherzawl,Manipur,Noney,61355.9053455906,False,True
717,paediatric_medicine,38.72018171149425,255,Kamjong,Manipur,Imphal East,61644.0589517373,False,True
721,paediatric_medicine,46.82054651506788,512,Narayanpet,Telangana,Mahabubnagar,624341.1143223314,False,True
734,paediatric_medicine,29.807694540266617,390,Gaurela-Pendra-Marwahi,Chhattisgarh,Anuppur,397609.0871213607,False,True
3,paediatric_surgery,42.63377694688249,8,Baramulla,Jammu And Kashmir,Kupwara,1186220.1496902034,True,False
10,paediatric_surgery,48.386536225392526,12,Poonch,Jammu And Kashmir,Rajouri,694152.2659007441,False,False
11,paediatric_surgery,21.958384909241563,13,Pulwama,Jammu And Kashmir,Srinagar,696708.9523566635,False,False
12,paediatric_surgery,48.386536225392526,10,Rajouri,Jammu And Kashmir,Poonch,614741.1574428679,False,False
15,paediatric_surgery,28.83983911577874,17,Bilaspur,Himachal Pradesh,Hamirpur,483525.1007886491,False,False
16,paediatric_surgery,65.91505220522845,662,Chamba,Himachal Pradesh,Pathankot,568345.432996525,True,False
18,paediatric_surgery,54.558739188807095,17,Kangra,Himachal Pradesh,Hamirpur,1651769.1826613627,False,False
45,paediatric_surgery,45.65023663756293,51,Almora,Uttarakhand,Nainital,704035.586577016,False,False
52,paediatric_surgery,67.96534391025045,50,Pauri Garhwal,Uttarakhand,Haridwar,780997.5414601384,False,False
53,paediatric_surgery,107.50064182365023,45,Pithoragarh,Uttarakhand,Almora,552641.2825841503,False,False
57,paediatric_surgery,91.22760317067528,49,Uttar Kashi,Uttarakhand,Dehradun,414830.5359230782,False,False
59,paediatric_surgery,59.8548865190685,63,Bhiwani,Haryana,Hisar,1319359.1693796264,False,False
65,paediatric_surgery,51.5955599448794,71,Jind,Haryana,Panipat,1576770.3602735875,False,False
89,paediatric_surgery,73.37839602538507,406,Baran,Rajasthan,Guna,1448696.7961349234,True,False
91,paediatric_surgery,42.33607949696397,167,Bharatpur,Rajasthan,Mathura,1738918.1324809967,False,False
92,paediatric_surgery,107.78874761825713,419,Bhilwara,Rajasthan,Neemuch,2033149.8394425516,False,False
111,paediatric_surgery,132.2440673914861,92,Pali,Rajasthan,Bhilwara,1498571.7215577136,False,False
126,paediatric_surgery,61.11920492748651,193,Ballia,Uttar Pradesh,Bhojpur,3769569.904936715,False,False
135,paediatric_surgery,41.26081023040402,187,Chandauli,Uttar Pradesh,Varanasi,2106003.719874143,True,False
139,paediatric_surgery,77.39259529705112,143,Etawah,Uttar Pradesh,Firozabad,1953323.375618933,False,False
141,paediatric_surgery,59.65475904706207,180,Farrukhabad,Uttar Pradesh,Shahjahanpur,2230034.1291005206,False,False
146,paediatric_surgery,59.43694666171492,135,Ghazipur,Uttar Pradesh,Chandauli,4296014.8444355335,False,False
149,paediatric_surgery,52.96792686680888,165,Hamirpur,Uttar Pradesh,Mahoba,1460520.5529266912,False,False
156,paediatric_surgery,40.98517026655637,157,Kanpur Dehat,Uttar Pradesh,Kanpur Nagar,2100491.7799560716,False,False
172,paediatric_surgery,44.32157895212932,660,Muzaffarnagar,Uttar Pradesh,Shamli,3452632.6678107176,False,False
175,paediatric_surgery,66.0517326153238,186,Rae Bareli,Uttar Pradesh,Unnao,3524298.9327887264,False,False
179,paediatric_surgery,44.098415783395374,187,Bhadohi,Uttar Pradesh,Varanasi,1939028.4969751327,False,False
180,paediatric_surgery,59.65475904706207,141,Shahjahanpur,Uttar Pradesh,Farrukhabad,3644975.4727261416,False,False
186,paediatric_surgery,37.23970603603953,157,Unnao,Uttar Pradesh,Kanpur Nagar,3726552.4067450413,False,False
191,paediatric_surgery,63.917065581141,195,Begusarai,Bihar,Darbhanga,4172850.4782816297,True,False
192,paediatric_surgery,58.12599786567681,205,Bhagalpur,Bihar,Madhepura,3893149.0191134466,False,False
193,paediatric_surgery,61.11920492748651,126,Bhojpur,Bihar,Ballia,3644415.9942203066,False,False
195,paediatric_surgery,36.93045184996326,206,Darbhanga,Bihar,Madhubani,4890324.16209899,False,False
203,paediatric_surgery,71.0929829796671,214,Kishanganj,Bihar,Purnia,2204597.349093954,False,False
205,paediatric_surgery,33.021708447255094,216,Madhepura,Bihar,Saharsa,2840466.5385709275,False,False
211,paediatric_surgery,105.60144018851204,148,Pashchim Champaran,Bihar,Gorakhpur,4925819.392647587,False,False
214,paediatric_surgery,33.80773023630611,201,Purnia,Bihar,Katihar,4128523.677405553,True,False
215,paediatric_surgery,79.72974565835935,193,Rohtas,Bihar,Bhojpur,3792902.132996359,False,False
216,paediatric_surgery,33.021708447255094,205,Saharsa,Bihar,Madhepura,2388347.885899737,False,False
221,paediatric_surgery,54.927559307546524,208,Sitamarhi,Bihar,Muzaffarpur,4191104.9649816803,True,False
224,paediatric_surgery,36.1477181983745,212,Vaishali,Bihar,Patna,4877239.689575422,False,False
225,paediatric_surgery,29.75792102933264,227,Gangtok,Sikkim,Namchi,252318.09829161424,False,False
226,paediatric_surgery,53.14662658132707,227,Mangan,Sikkim,Namchi,46804.9388855954,False,False
227,paediatric_surgery,29.75792102933264,225,Namchi,Sikkim,Gangtok,153865.48498457143,False,False
232,paediatric_surgery,57.19489535277915,302,East Siang,Arunachal Pradesh,Tinsukia,114138.66981606002,False,False
247,paediatric_surgery,22.255188871150416,615,Mon,Nagaland,Longleng,229102.16154736592,False,False
251,paediatric_surgery,40.72704866278174,250,Zunheboto,Nagaland,Wokha,131118.96620326216,False,False
255,paediatric_surgery,19.445826072717658,256,Imphal East,Manipur,Imphal West,476175.08184586256,False,False
263,paediatric_surgery,39.33938607103007,261,Kolasib,Mizoram,Aizawl,136143.44756189876,False,False
275,paediatric_surgery,35.22917376612662,274,West Jaintia Hills,Meghalaya,East Khasi Hills,364368.8630291583,False,False
277,paediatric_surgery,47.314984300170586,278,South Garo Hills,Meghalaya,West Garo Hills,193806.4907690125,False,False
279,paediatric_surgery,59.82603357232021,274,West Khasi Hills,Meghalaya,East Khasi Hills,201599.1700276381,False,False
282,paediatric_surgery,54.77490633859616,293,Cachar,Assam,Karimganj,2123482.707263859,False,False
292,paediatric_surgery,48.10872439423422,709,Karbi Anglong,Assam,Hojai,598321.359002655,False,False
293,paediatric_surgery,54.77490633859616,282,Karimganj,Assam,Cachar,1411617.627268413,False,False
301,paediatric_surgery,96.11692823584407,709,Sonitpur,Assam,Hojai,1518477.542657767,False,False
302,paediatric_surgery,56.792925442098245,286,Tinsukia,Assam,Dibrugarh,1396524.7482461785,False,False
322,paediatric_surgery,51.80051362415885,325,Bokaro,Jharkhand,Dhanbad,2485996.819654438,True,False
324,paediatric_surgery,60.59227146432184,325,Deoghar,Jharkhand,Dhanbad,1776955.8814258447,False,False
338,paediatric_surgery,70.31134004002813,323,Palamu,Jharkhand,Chatra,2384671.395381495,True,False
341,paediatric_surgery,52.68833097766862,327,Saraikela Kharsawan,Jharkhand,East Singhbum,1110643.060505968,False,False
376,paediatric_surgery,71.29486489136981,636,Dakshin Bastar Dantewada,Chhattisgarh,Bijapur,339630.03349785594,True,False
392,paediatric_surgery,77.15944722905412,428,Balaghat,Madhya Pradesh,Seoni,1966215.1237499143,False,False
393,paediatric_surgery,46.57619483433024,486,Barwani,Madhya Pradesh,Nandurbar,1802996.6405033474,True,False
394,paediatric_surgery,83.74979350198375,468,Betul,Madhya Pradesh,Amravati,1879606.0050038917,False,False
397,paediatric_surgery,74.5097934370555,405,Burhanpur,Madhya Pradesh,Khandwa (East Nimar),908538.4370048521,False,False
398,paediatric_surgery,63.77957706858759,434,Chhatarpur,Madhya Pradesh,Tikamgarh,2141937.975500538,True,False
401,paediatric_surgery,45.02273698530735,153,Datia,Madhya Pradesh,Jhansi,951194.1917122232,False,False
405,paediatric_surgery,74.5097934370555,397,Khandwa (East Nimar),Madhya Pradesh,Burhanpur,1544706.773224733,True,False
406,paediatric_surgery,73.37839602538507,89,Guna,Madhya Pradesh,Baran,1464447.1883400423,True,False
419,paediatric_surgery,106.08369151572158,109,Neemuch,Madhya Pradesh,Kota,934472.3867273806,False,False
422,paediatric_surgery,54.516272513502,430,Rajgarh,Madhya Pradesh,Shajapur,1813989.5588428283,True,False
425,paediatric_surgery,94.06132044236998,437,Sagar,Madhya Pradesh,Vidisha,2871393.8248840943,False,False
429,paediatric_surgery,104.83281023560767,734,Shahdol,Madhya Pradesh,Gaurela-Pendra-Marwahi,1158267.3795499913,False,False
434,paediatric_surgery,63.77957706858759,398,Tikamgarh,Madhya Pradesh,Chhatarpur,1241878.3759892904,False,False
437,paediatric_surgery,59.51995601640442,396,Vidisha,Madhya Pradesh,Bhopal,1753603.6548736147,True,False
482,paediatric_surgery,19.25683527078665,483,Mumbai,Maharashtra,Mumbai Suburban,3325643.331651126,False,False
486,paediatric_surgery,42.0097907818355,474,Nandurbar,Maharashtra,Dhule,1935429.3286140626,True,False
488,paediatric_surgery,70.54663959330813,481,Dharashiv,Maharashtra,Latur,1947074.924694599,True,False
489,paediatric_surgery,70.75033154228339,477,Parbhani,Maharashtra,Hingoli,2109048.8034060835,False,False
498,paediatric_surgery,55.897022511212306,484,Wardha,Maharashtra,Nagpur,1442742.075251904,False,False
532,paediatric_surgery,72.07657164574344,539,Chikkamagaluru,Karnataka,Hassan,1172255.1144339703,False,False
537,paediatric_surgery,58.518927762312465,536,Gadag,Karnataka,Dharwad,1183342.3329240957,False,False
543,paediatric_surgery,62.54510063682159,528,Koppal,Karnataka,Ballari,1453916.5730011202,False,False
552,paediatric_surgery,37.69210947361256,551,South Goa,Goa,North Goa,682429.9805549768,False,False
571,paediatric_surgery,40.75157508077654,577,Dharmapuri,Tamil Nadu,Krishnagiri,1672867.0574906243,False,False
572,paediatric_surgery,52.70879990226058,634,Dindigul,Tamil Nadu,Tiruppur,2283284.594424468,False,False
576,paediatric_surgery,36.00997957942383,591,Karur,Tamil Nadu,Tiruchirappalli,1139456.6415877366,False,False
581,paediatric_surgery,52.71958184780914,570,Perambalur,Tamil Nadu,Cuddalore,546701.0604120791,False,False
586,paediatric_surgery,34.899807746145186,590,Thanjavur,Tamil Nadu,Thiruvarur,2425933.5962203597,False,False
593,paediatric_surgery,48.12703597908063,595,Tiruvannamalai,Tamil Nadu,Vellore,2707628.4386091046,False,False
598,paediatric_surgery,47.396146417096,590,Karaikal,Puducherry,Thiruvarur,176243.05532875203,False,False
602,paediatric_surgery,1268.5964012576276,519,South Andamans,Andaman And Nicobar Islands,Srikakulam,236036.01872616805,False,False
614,paediatric_surgery,40.445250565689804,249,Kiphire,Nagaland,Tuensang,61890.92274396199,True,False
621,paediatric_surgery,40.96072196524089,622,Ramban,Jammu And Kashmir,Kulgam,295301.45586373383,False,False
622,paediatric_surgery,31.581595619369743,1,Kulgam,Jammu And Kashmir,Anantnag,638922.0732089822,False,False
636,paediatric_surgery,71.29486489136981,376,Bijapur,Chhattisgarh,Dakshin Bastar Dantewada,294696.742554721,True,False
638,paediatric_surgery,88.98093464813704,424,Singrauli,Madhya Pradesh,Rewa,1558023.6167927014,True,False
643,paediatric_surgery,91.79918313635282,377,Kondagaon,Chhattisgarh,Dhamtari,686305.2636460268,True,True
644,paediatric_surgery,63.346569699212175,387,Balodabazar-Bhatapara,Chhattisgarh,Raipur,1328667.157644268,False,True
655,paediatric_surgery,57.495139822168035,293,Unakoti,Tripura,Karimganj,389794.1802844502,False,True
660,paediatric_surgery,40.753426010756385,71,Shamli,Uttar Pradesh,Panipat,1525607.5934512445,False,True
667,paediatric_surgery,64.74724415078056,422,Agar-Malwa,Madhya Pradesh,Rajgarh,686614.9976400457,False,True
695,paediatric_surgery,36.07967695853987,693,Jogulamba Gadwal,Telangana,Wanaparthy,646994.6633340233,False,True
696,paediatric_surgery,64.86825703353857,509,Suryapet,Telangana,Khammam,1142450.256248302,False,True
698,paediatric_surgery,66.82388689103632,691,Vikarabad,Telangana,Sangareddy,1164820.7729801591,False,True
709,paediatric_surgery,48.10872439423422,292,Hojai,Assam,Karbi Anglong,1134793.9546653493,False,True
734,paediatric_surgery,74.25572818968332,375,Gaurela-Pendra-Marwahi,Chhattisgarh,Bilaspur,397609.0871213607,False,True
2,plastic_surgery,34.6083918362876,13,Budgam,Jammu And Kashmir,Srinagar,881757.4349712201,False,False
3,plastic_surgery,43.09084832729522,2,Baramulla,Jammu And Kashmir,Budgam,1186220.1496902034,True,False
24,plastic_surgery,46.45242868275916,49,Sirmaur,Himachal Pradesh,Dehradun,568464.4530127035,False,False
45,plastic_surgery,45.65023663756293,51,Almora,Uttarakhand,Nainital,704035.586577016,False,False
46,plastic_surgery,45.89459546892176,45,Bageshwar,Uttarakhand,Almora,291491.27627507417,False,False
47,plastic_surgery,60.022646279543274,46,Chamoli,Uttarakhand,Bageshwar,482039.01386750053,False,False
55,plastic_surgery,60.528475093866625,49,Tehri Garhwal,Uttarakhand,Dehradun,699331.7328543726,False,False
59,plastic_surgery,59.8548865190685,63,Bhiwani,Haryana,Hisar,1319359.1693796264,False,False
65,plastic_surgery,46.0929141674217,66,Jind,Haryana,Kaithal,1576770.3602735875,False,False
66,plastic_surgery,35.462757535632385,68,Kaithal,Haryana,Kurukshetra,1270675.345024759,False,False
89,plastic_surgery,68.87200955005137,105,Baran,Rajasthan,Jhalawar,1448696.7961349234,True,False
90,plastic_surgery,81.52109334853418,104,Barmer,Rajasthan,Jalore,2070594.6708198558,False,False
104,plastic_surgery,68.52118207045781,115,Jalore,Rajasthan,Sirohi,1231454.0442674311,False,False
110,plastic_surgery,97.30027324811027,86,Nagaur,Rajasthan,Ajmer,2005145.8623586225,False,False
112,plastic_surgery,51.56767878125507,111,Rajsamand,Rajasthan,Pali,1408982.1389546285,False,False
124,plastic_surgery,34.58083967557547,145,Baghpat,Uttar Pradesh,Ghaziabad,1497059.5325035995,False,False
125,plastic_surgery,83.32767567623877,147,Bahraich,Uttar Pradesh,Gonda,4156731.0540964794,True,False
131,plastic_surgery,49.881756377283004,178,Basti,Uttar Pradesh,Sant Kabir Nagar,2754658.150915965,False,False
132,plastic_surgery,66.99523959902962,171,Bijnor,Uttar Pradesh,Moradabad,4354728.027953579,False,False
133,plastic_surgery,57.44071886353526,130,Budaun,Uttar Pradesh,Bareilly,3776763.6547610285,False,False
137,plastic_surgery,48.38752140237796,148,Deoria,Uttar Pradesh,Gorakhpur,3550874.5767660798,False,False
141,plastic_surgery,59.65475904706207,180,Farrukhabad,Uttar Pradesh,Shahjahanpur,2230034.1291005206,False,False
142,plastic_surgery,47.32740213228169,175,Fatehpur,Uttar Pradesh,Rae Bareli,3109074.9002318797,True,False
146,plastic_surgery,48.58962267108519,168,Ghazipur,Uttar Pradesh,Mau,4296014.8444355335,False,False
149,plastic_surgery,71.55738246318437,156,Hamirpur,Uttar Pradesh,Kanpur Dehat,1460520.5529266912,False,False
164,plastic_surgery,57.83140217674182,148,Mahrajganj,Uttar Pradesh,Gorakhpur,3372605.8809874007,False,False
168,plastic_surgery,48.58962267108519,146,Mau,Uttar Pradesh,Ghazipur,2313272.5339235114,False,False
173,plastic_surgery,67.11044243478518,130,Pilibhit,Uttar Pradesh,Bareilly,2553263.3739700923,False,False
177,plastic_surgery,30.898992913341395,76,Saharanpur,Uttar Pradesh,Yamunanagar,4190484.76927858,False,False
178,plastic_surgery,35.45047784892472,148,Sant Kabir Nagar,Uttar Pradesh,Gorakhpur,2109385.8755904315,False,False
179,plastic_surgery,44.098415783395374,187,Bhadohi,Uttar Pradesh,Varanasi,1939028.4969751327,False,False
180,plastic_surgery,59.65475904706207,141,Shahjahanpur,Uttar Pradesh,Farrukhabad,3644975.4727261416,False,False
185,plastic_surgery,52.249242268976964,140,Sultanpur,Uttar Pradesh,Ayodhya,2661545.809931744,False,False
189,plastic_surgery,44.029927676474216,215,Aurangabad,Bihar,Rohtas,3424661.8635273497,True,False
192,plastic_surgery,48.61008455690462,330,Bhagalpur,Bihar,Godda,3893149.0191134466,False,False
201,plastic_surgery,33.80773023630611,214,Katihar,Bihar,Purnia,3829282.487333551,True,False
210,plastic_surgery,32.619109554221275,334,Nawada,Bihar,Koderma,2925311.9520525066,True,False
211,plastic_surgery,86.20026106468595,164,Pashchim Champaran,Bihar,Mahrajganj,4925819.392647587,False,False
214,plastic_surgery,33.80773023630611,201,Purnia,Bihar,Katihar,4128523.677405553,True,False
215,plastic_surgery,44.029927676474216,189,Rohtas,Bihar,Aurangabad,3792902.132996359,False,False
216,plastic_surgery,33.021708447255094,205,Saharsa,Bihar,Madhepura,2388347.885899737,False,False
219,plastic_surgery,37.979524554345744,210,Sheikhpura,Bihar,Nawada,678723.131935972,True,False
221,plastic_surgery,54.927559307546524,208,Sitamarhi,Bihar,Muzaffarpur,4191104.9649816803,True,False
226,plastic_surgery,210.76493517321487,294,Mangan,Sikkim,Kokrajhar,46804.9388855954,False,False
251,plastic_surgery,40.72704866278174,250,Zunheboto,Nagaland,Wokha,131118.96620326216,False,False
255,plastic_surgery,19.445826072717658,256,Imphal East,Manipur,Imphal West,476175.08184586256,False,False
259,plastic_surgery,21.901424675658262,256,Thoubal,Manipur,Imphal West,390034.83407823497,False,False
264,plastic_surgery,30.561418127329116,267,Lawngtlai,Mizoram,Siaha,155254.6385835263,False,False
273,plastic_surgery,25.007498366989726,656,East Garo Hills,Meghalaya,North Garo Hills,224380.74245546357,False,False
275,plastic_surgery,35.22917376612662,274,West Jaintia Hills,Meghalaya,East Khasi Hills,364368.8630291583,False,False
281,plastic_surgery,40.499701401604085,280,Bongaigaon,Assam,Barpeta,752309.399349219,False,False
283,plastic_surgery,31.176191140404313,617,Darrang,Assam,Udalguri,1095092.8751236002,True,False
285,plastic_surgery,40.98256637941008,294,Dhubri,Assam,Kokrajhar,1578128.030808278,True,False
290,plastic_surgery,31.888600684934254,246,Jorhat,Assam,Mokokchung,1092157.3966661568,False,False
292,plastic_surgery,51.47055901057236,244,Karbi Anglong,Assam,Dimapur,598321.359002655,False,False
294,plastic_surgery,40.98256637941008,285,Kokrajhar,Assam,Dhubri,1181644.8582820978,False,False
295,plastic_surgery,55.446416486353854,290,Lakhimpur,Assam,Jorhat,1172329.9781332489,False,False
298,plastic_surgery,27.43213012878457,291,Nalbari,Assam,Kamrup,1010371.8274121772,False,False
322,plastic_surgery,48.162930287826235,607,Bokaro,Jharkhand,Ramgarh,2485996.819654438,True,False
324,plastic_surgery,56.11542176133282,329,Deoghar,Jharkhand,Giridih,1776955.8814258447,False,False
329,plastic_surgery,54.8118042257051,334,Giridih,Jharkhand,Koderma,3129858.0882147867,True,False
330,plastic_surgery,48.61008455690462,192,Godda,Jharkhand,Bhagalpur,1578589.2427828372,True,False
334,plastic_surgery,32.619109554221275,210,Koderma,Jharkhand,Nawada,914275.1159716016,False,False
342,plastic_surgery,63.90057068255655,380,Simdega,Jharkhand,Jashpur,715837.0528195959,True,False
374,plastic_surgery,66.57166311635373,643,Bastar,Chhattisgarh,Kondagaon,977842.9343239337,True,False
379,plastic_surgery,57.96395841478488,644,Janjgir-Champa,Chhattisgarh,Balodabazar-Bhatapara,1970632.149394537,False,False
380,plastic_surgery,63.90057068255655,342,Jashpur,Chhattisgarh,Simdega,1001883.4518761713,False,False
381,plastic_surgery,71.4485840936026,646,Uttar Bastar Kanker,Chhattisgarh,Balod,926250.7276194015,True,False
382,plastic_surgery,85.84524994207356,375,Kabeerdham,Chhattisgarh,Bilaspur,1065946.087698693,False,False
383,plastic_surgery,62.311608626952186,389,Korba,Chhattisgarh,Surguja,1477990.369069858,True,False
385,plastic_surgery,43.297305724151165,644,Mahasamund,Chhattisgarh,Balodabazar-Bhatapara,1178302.9875059666,True,False
394,plastic_surgery,79.4446068715797,409,Betul,Madhya Pradesh,Narmadapuram,1879606.0050038917,False,False
405,plastic_surgery,74.5097934370555,397,Khandwa (East Nimar),Madhya Pradesh,Burhanpur,1544706.773224733,True,False
406,plastic_surgery,73.37839602538507,89,Guna,Madhya Pradesh,Baran,1464447.1883400423,True,False
414,plastic_surgery,80.73896111230678,405,Khargone (West Nimar),Madhya Pradesh,Khandwa (East Nimar),2202320.199567369,False,False
416,plastic_surgery,84.92176423440658,667,Mandsaur,Madhya Pradesh,Agar-Malwa,1515391.5118586258,False,False
418,plastic_surgery,89.2439587998645,399,Narsimhapur,Madhya Pradesh,Chhindwara,1324715.4309543965,False,False
420,plastic_surgery,82.97986374049485,413,Panna,Madhya Pradesh,Katni,1219658.0014883834,False,False
425,plastic_surgery,94.06132044236998,437,Sagar,Madhya Pradesh,Vidisha,2871393.8248840943,False,False
427,plastic_surgery,53.598854239645554,396,Sehore,Madhya Pradesh,Bhopal,1583996.6156844012,False,False
429,plastic_surgery,104.83281023560767,734,Shahdol,Madhya Pradesh,Gaurela-Pendra-Marwahi,1158267.3795499913,False,False
430,plastic_surgery,58.17297868124436,427,Shajapur,Madhya Pradesh,Sehore,1142666.9754165537,False,False
463,plastic_surgery,26.609257033030396,465,Daman,The Dadra And Nagar Haveli And Daman And Diu,Dadra And Nagar Haveli,192156.79902366071,False,False
465,plastic_surgery,26.609257033030396,463,Dadra And Nagar Haveli,The Dadra And Nagar Haveli And Daman And Diu,Daman,673420.7899926937,False,False
473,plastic_surgery,79.06098931836297,475,Chandrapur,Maharashtra,Gadchiroli,2475673.9676380903,False,False
476,plastic_surgery,49.0769502922631,388,Gondia,Maharashtra,Rajnandgaon,1620941.6669989119,False,False
492,plastic_surgery,96.15577061336906,494,Ratnagiri,Maharashtra,Satara,1740597.0899295674,False,False
526,plastic_surgery,32.13137578110328,525,Bengaluru Rural,Karnataka,Bengaluru Urban,1202532.3875567734,False,False
528,plastic_surgery,96.1840639809932,546,Ballari,Karnataka,Raichur,1261952.5700927742,False,False
532,plastic_surgery,72.07657164574344,539,Chikkamagaluru,Karnataka,Hassan,1172255.1144339703,False,False
533,plastic_surgery,69.33155473691313,535,Chitradurga,Karnataka,Davangere,1724056.341834731,False,False
536,plastic_surgery,58.518927762312465,537,Dharwad,Karnataka,Gadag,1943615.0858917886,False,False
537,plastic_surgery,58.518927762312465,536,Gadag,Karnataka,Dharwad,1183342.3329240957,False,False
539,plastic_surgery,72.07657164574344,532,Hassan,Karnataka,Chikkamagaluru,1825581.3469987295,False,False
542,plastic_surgery,73.33028845454687,503,Kolar,Karnataka,Chittoor,1604170.1703526962,False,False
546,plastic_surgery,88.6756441179787,695,Raichur,Karnataka,Jogulamba Gadwal,2020336.068525647,True,False
548,plastic_surgery,56.625405850353374,526,Tumakuru,Karnataka,Bengaluru Rural,2763216.9833144303,False,False
567,plastic_surgery,35.834015655094696,561,Wayanad,Kerala,Kozhikode,1160275.6482554541,True,False
571,plastic_surgery,40.75157508077654,577,Dharmapuri,Tamil Nadu,Krishnagiri,1672867.0574906243,False,False
576,plastic_surgery,36.00997957942383,591,Karur,Tamil Nadu,Tiruchirappalli,1139456.6415877366,False,False
577,plastic_surgery,40.75157508077654,571,Krishnagiri,Tamil Nadu,Dharmapuri,1932067.7124503632,False,False
593,plastic_surgery,48.12703597908063,595,Tiruvannamalai,Tamil Nadu,Vellore,2707628.4386091046,False,False
607,plastic_surgery,34.99512240695848,332,Ramgarh,Jharkhand,Hazaribagh,1077627.96168116,True,False
617,plastic_surgery,31.176191140404313,283,Udalguri,Assam,Darrang,963240.2553201377,True,False
620,plastic_surgery,58.97271380307079,1,Kishtwar,Jammu And Kashmir,Anantnag,218588.08994266746,False,False
622,plastic_surgery,31.581595619369743,1,Kulgam,Jammu And Kashmir,Anantnag,638922.0732089822,False,False
636,plastic_surgery,85.79784388740437,687,Bijapur,Chhattisgarh,Jayashankar Bhupalapally,294696.742554721,True,False
638,plastic_surgery,88.98093464813704,424,Singrauli,Madhya Pradesh,Rewa,1558023.6167927014,True,False
645,plastic_surgery,56.848503382208484,377,Gariyaband,Chhattisgarh,Dhamtari,743387.2768573639,False,True
646,plastic_surgery,53.5218826092571,388,Balod,Chhattisgarh,Rajnandgaon,995482.0585739907,False,True
654,plastic_surgery,28.474038586145465,271,Gomati,Tripura,South Tripura,573625.5480139579,False,True
658,plastic_surgery,56.41940428074717,274,South West Khasi Hills,Meghalaya,East Khasi Hills,128097.75166290796,False,True
667,plastic_surgery,58.03184244874472,105,Agar-Malwa,Madhya Pradesh,Jhalawar,686614.9976400457,False,True
734,plastic_surgery,74.25572818968332,375,Gaurela-Pendra-Marwahi,Chhattisgarh,Bilaspur,397609.0871213607,False,True
3,polytrauma,42.63377694688249,8,Baramulla,Jammu And Kashmir,Kupwara,1186220.1496902034,True,False
12,polytrauma,66.26087443573103,5,Rajouri,Jammu And Kashmir,Jammu,614741.1574428679,False,False
15,polytrauma,28.83983911577874,17,Bilaspur,Himachal Pradesh,Hamirpur,483525.1007886491,False,False
16,polytrauma,65.91505220522845,662,Chamba,Himachal Pradesh,Pathankot,568345.432996525,True,False
20,polytrauma,48.57816763406116,22,Kullu,Himachal Pradesh,Mandi,455466.4264945463,False,False
22,polytrauma,44.21486530332037,17,Mandi,Himachal Pradesh,Hamirpur,1148234.4872249246,False,False
23,polytrauma,74.6586524891964,20,Shimla,Himachal Pradesh,Kullu,921473.7362462453,False,False
46,polytrauma,45.89459546892176,45,Bageshwar,Uttarakhand,Almora,291491.27627507417,False,False
53,polytrauma,66.15383850765946,46,Pithoragarh,Uttarakhand,Bageshwar,552641.2825841503,False,False
57,polytrauma,91.22760317067528,49,Uttar Kashi,Uttarakhand,Dehradun,414830.5359230782,False,False
59,polytrauma,59.8548865190685,63,Bhiwani,Haryana,Hisar,1319359.1693796264,False,False
65,polytrauma,46.0929141674217,66,Jind,Haryana,Kaithal,1576770.3602735875,False,False
139,polytrauma,42.951463524097235,122,Etawah,Uttar Pradesh,Auraiya,1953323.375618933,False,False
140,polytrauma,50.749564352355115,640,Ayodhya,Uttar Pradesh,Amethi,3390073.162519542,False,False
141,polytrauma,52.02322524162126,155,Farrukhabad,Uttar Pradesh,Kannauj,2230034.1291005206,False,False
146,polytrauma,48.58962267108519,168,Ghazipur,Uttar Pradesh,Mau,4296014.8444355335,False,False
149,polytrauma,71.55738246318437,156,Hamirpur,Uttar Pradesh,Kanpur Dehat,1460520.5529266912,False,False
150,polytrauma,54.52234250875711,155,Hardoi,Uttar Pradesh,Kannauj,4895124.970261643,False,False
152,polytrauma,48.858158580347386,179,Jaunpur,Uttar Pradesh,Bhadohi,5138390.180373405,False,False
156,polytrauma,40.98517026655637,157,Kanpur Dehat,Uttar Pradesh,Kanpur Nagar,2100491.7799560716,False,False
158,polytrauma,53.24235645531598,174,Kaushambi,Uttar Pradesh,Pratapgarh,1969618.6549881974,False,False
163,polytrauma,38.21330193835114,119,Hathras,Uttar Pradesh,Aligarh,1822513.8095927201,False,False
164,polytrauma,57.83140217674182,148,Mahrajganj,Uttar Pradesh,Gorakhpur,3372605.8809874007,False,False
174,polytrauma,53.24235645531598,158,Pratapgarh,Uttar Pradesh,Kaushambi,3982784.634697654,False,False
178,polytrauma,35.45047784892472,148,Sant Kabir Nagar,Uttar Pradesh,Gorakhpur,2109385.8755904315,False,False
190,polytrauma,50.49920184472277,330,Banka,Bihar,Godda,2817936.253352872,True,False
201,polytrauma,33.80773023630611,214,Katihar,Bihar,Purnia,3829282.487333551,True,False
207,polytrauma,51.28909755116033,190,Munger,Bihar,Banka,1739732.9532150538,False,False
209,polytrauma,41.5376288965933,212,Nalanda,Bihar,Patna,3645108.1759087183,False,False
210,polytrauma,32.619109554221275,334,Nawada,Bihar,Koderma,2925311.9520525066,True,False
211,polytrauma,86.20026106468595,164,Pashchim Champaran,Bihar,Mahrajganj,4925819.392647587,False,False
214,polytrauma,33.80773023630611,201,Purnia,Bihar,Katihar,4128523.677405553,True,False
216,polytrauma,33.021708447255094,205,Saharsa,Bihar,Madhepura,2388347.885899737,False,False
221,polytrauma,54.927559307546524,208,Sitamarhi,Bihar,Muzaffarpur,4191104.9649816803,True,False
226,polytrauma,210.76493517321487,294,Mangan,Sikkim,Kokrajhar,46804.9388855954,False,False
247,polytrauma,22.255188871150416,615,Mon,Nagaland,Longleng,229102.16154736592,False,False
251,polytrauma,40.72704866278174,250,Zunheboto,Nagaland,Wokha,131118.96620326216,False,False
255,polytrauma,19.445826072717658,256,Imphal East,Manipur,Imphal West,476175.08184586256,False,False
256,polytrauma,19.445826072717658,255,Imphal West,Manipur,Imphal East,606854.2086709139,False,False
268,polytrauma,40.48166059252591,265,Serchhip,Mizoram,Lunglei,77953.20512931647,False,False
273,polytrauma,38.518436141343685,277,East Garo Hills,Meghalaya,South Garo Hills,224380.74245546357,False,False
276,polytrauma,29.476066320970663,618,Ri Bhoi,Meghalaya,Kamrup Metro,339845.2132037117,True,False
278,polytrauma,46.471167738837984,273,West Garo Hills,Meghalaya,East Garo Hills,744474.0988923504,False,False
279,polytrauma,59.82603357232021,274,West Khasi Hills,Meghalaya,East Khasi Hills,201599.1700276381,False,False
283,polytrauma,31.176191140404313,617,Darrang,Assam,Udalguri,1095092.8751236002,True,False
284,polytrauma,51.39826524740716,286,Dhemaji,Assam,Dibrugarh,776401.1672849588,False,False
287,polytrauma,45.10612300697124,285,Goalpara,Assam,Dhubri,1105232.0778411822,True,False
290,polytrauma,31.888600684934254,246,Jorhat,Assam,Mokokchung,1092157.3966661568,False,False
292,polytrauma,48.10872439423422,709,Karbi Anglong,Assam,Hojai,598321.359002655,False,False
294,polytrauma,40.98256637941008,285,Kokrajhar,Assam,Dhubri,1181644.8582820978,False,False
300,polytrauma,49.64842176029168,290,Sivasagar,Assam,Jorhat,871715.1311788734,False,False
322,polytrauma,48.162930287826235,607,Bokaro,Jharkhand,Ramgarh,2485996.819654438,True,False
330,polytrauma,48.61008455690462,192,Godda,Jharkhand,Bhagalpur,1578589.2427828372,True,False
332,polytrauma,34.99512240695848,607,Hazaribagh,Jharkhand,Ramgarh,2036956.4819363495,True,False
334,polytrauma,32.619109554221275,210,Koderma,Jharkhand,Nawada,914275.1159716016,False,False
374,polytrauma,55.462621433533954,376,Bastar,Chhattisgarh,Dakshin Bastar Dantewada,977842.9343239337,True,False
376,polytrauma,55.462621433533954,374,Dakshin Bastar Dantewada,Chhattisgarh,Bastar,339630.03349785594,True,False
380,polytrauma,94.63610670221948,389,Jashpur,Chhattisgarh,Surguja,1001883.4518761713,False,False
382,polytrauma,51.00739804671255,650,Kabeerdham,Chhattisgarh,Bemetara,1065946.087698693,False,False
398,polytrauma,116.71014018371102,426,Chhatarpur,Madhya Pradesh,Satna,2141937.975500538,True,False
401,polytrauma,45.02273698530735,153,Datia,Madhya Pradesh,Jhansi,951194.1917122232,False,False
403,polytrauma,60.69852966907235,412,Dhar,Madhya Pradesh,Jhabua,2711441.653544906,False,False
406,polytrauma,85.23355419477635,422,Guna,Madhya Pradesh,Rajgarh,1464447.1883400423,True,False
413,polytrauma,60.16714874376115,411,Katni,Madhya Pradesh,Jabalpur,1527231.4567548465,False,False
414,polytrauma,80.73896111230678,405,Khargone (West Nimar),Madhya Pradesh,Khandwa (East Nimar),2202320.199567369,False,False
416,polytrauma,44.539378262925645,419,Mandsaur,Madhya Pradesh,Neemuch,1515391.5118586258,False,False
421,polytrauma,73.0146657977356,437,Raisen,Madhya Pradesh,Vidisha,1609138.9793356282,False,False
422,polytrauma,54.516272513502,430,Rajgarh,Madhya Pradesh,Shajapur,1813989.5588428283,True,False
426,polytrauma,86.41083310696126,424,Satna,Madhya Pradesh,Rewa,1785799.8627858737,False,False
431,polytrauma,98.26256205525296,432,Sheopur,Madhya Pradesh,Shivpuri,888251.3585003293,False,False
433,polytrauma,58.812135401023426,424,Sidhi,Madhya Pradesh,Rewa,1286880.122046292,False,False
436,polytrauma,49.17630257099778,429,Umaria,Madhya Pradesh,Shahdol,841785.9437074403,False,False
465,polytrauma,31.02447383319897,462,Dadra And Nagar Haveli,The Dadra And Nagar Haveli And Daman And Diu,Valsad,673420.7899926937,False,False
526,polytrauma,32.13137578110328,525,Bengaluru Rural,Karnataka,Bengaluru Urban,1202532.3875567734,False,False
531,polytrauma,70.39947011932291,545,Chamarajanagara,Karnataka,Mysuru,1078983.9429800783,False,False
533,polytrauma,69.33155473691313,535,Chitradurga,Karnataka,Davangere,1724056.341834731,False,False
537,polytrauma,58.518927762312465,536,Gadag,Karnataka,Dharwad,1183342.3329240957,False,False
542,polytrauma,73.33028845454687,503,Kolar,Karnataka,Chittoor,1604170.1703526962,False,False
546,polytrauma,88.6756441179787,695,Raichur,Karnataka,Jogulamba Gadwal,2020336.068525647,True,False
548,polytrauma,56.625405850353374,526,Tumakuru,Karnataka,Bengaluru Rural,2763216.9833144303,False,False
558,polytrauma,43.12898444551498,534,Kasaragod,Kerala,Dakshina Kannada,983685.8037588111,False,False
563,polytrauma,41.13547594664937,566,Palakkad,Kerala,Thrissur,2267919.0371965617,False,False
567,polytrauma,35.834015655094696,561,Wayanad,Kerala,Kozhikode,1160275.6482554541,True,False
576,polytrauma,36.00997957942383,591,Karur,Tamil Nadu,Tiruchirappalli,1139456.6415877366,False,False
578,polytrauma,57.23278219328072,572,Madurai,Tamil Nadu,Dindigul,3311229.320835256,False,False
580,polytrauma,58.71064149403328,576,Namakkal,Tamil Nadu,Karur,1884939.183270491,False,False
581,polytrauma,54.56898490727051,591,Perambalur,Tamil Nadu,Tiruchirappalli,546701.0604120791,False,False
602,polytrauma,1268.5964012576276,519,South Andamans,Andaman And Nicobar Islands,Srikakulam,236036.01872616805,False,False
613,polytrauma,51.62995846793712,244,Peren,Nagaland,Dimapur,99850.38581923737,False,False
615,polytrauma,22.255188871150416,247,Longleng,Nagaland,Mon,36005.33942233673,False,False
617,polytrauma,31.176191140404313,283,Udalguri,Assam,Darrang,963240.2553201377,True,False
620,polytrauma,58.97271380307079,1,Kishtwar,Jammu And Kashmir,Anantnag,218588.08994266746,False,False
631,polytrauma,34.19087086645614,525,Ramanagara,Karnataka,Bengaluru Urban,1119388.5974887991,False,False
636,polytrauma,71.29486489136981,376,Bijapur,Chhattisgarh,Dakshin Bastar Dantewada,294696.742554721,True,False
638,polytrauma,65.81841713920258,433,Singrauli,Madhya Pradesh,Sidhi,1558023.6167927014,True,False
639,polytrauma,59.69643607772114,668,Alirajpur,Madhya Pradesh,Chhotaudepur,923548.6029736614,False,False
648,polytrauma,57.09075969135658,389,Surajpur,Chhattisgarh,Surguja,655886.5362283912,False,True
650,polytrauma,51.00739804671255,382,Bemetara,Chhattisgarh,Kabeerdham,849779.6177408993,False,True
653,polytrauma,43.116620207995034,272,Sepahijala,Tripura,West Tripura,523316.35738992353,False,True
678,polytrauma,103.78429682129409,286,Namsai,Arunachal Pradesh,Dibrugarh,122614.24641805893,True,True
695,polytrauma,36.07967695853987,693,Jogulamba Gadwal,Telangana,Wanaparthy,646994.6633340233,False,True
710,polytrauma,41.49827238283001,709,West Karbi Anglong,Assam,Hojai,339594.171761812,False,True
721,polytrauma,46.82054651506788,512,Narayanpet,Telangana,Mahabubnagar,624341.1143223314,False,True
1,radiation_oncology,44.18833004963599,13,Anantnag,Jammu And Kashmir,Srinagar,1158867.6834221075,False,False
3,radiation_oncology,57.29854810833027,13,Baramulla,Jammu And Kashmir,Srinagar,1186220.1496902034,True,False
15,radiation_oncology,28.83983911577874,17,Bilaspur,Himachal Pradesh,Hamirpur,483525.1007886491,False,False
16,radiation_oncology,65.91505220522845,662,Chamba,Himachal Pradesh,Pathankot,568345.432996525,True,False
22,radiation_oncology,44.21486530332037,17,Mandi,Himachal Pradesh,Hamirpur,1148234.4872249246,False,False
25,radiation_oncology,30.103446420548597,42,Solan,Himachal Pradesh,Rupnagar,677025.6510801879,False,False
50,radiation_oncology,49.2411818451336,177,Haridwar,Uttarakhand,Saharanpur,2343471.993457813,True,False
56,radiation_oncology,28.488323464127607,51,Udam Singh Nagar,Uttarakhand,Nainital,1959666.4269139322,True,False
62,radiation_oncology,37.346951134121085,60,Gurugram,Haryana,Faridabad,2241701.985464285,False,False
68,radiation_oncology,37.564749724497275,58,Kurukshetra,Haryana,Ambala,1124436.8758991428,False,False
76,radiation_oncology,30.898992913341395,177,Yamunanagar,Haryana,Saharanpur,1452284.363996737,False,False
93,radiation_oncology,151.13866793484834,107,Bikaner,Rajasthan,Jodhpur,2940137.7171058697,False,False
107,radiation_oncology,151.13866793484834,93,Jodhpur,Rajasthan,Bikaner,1810930.4292524199,False,False
109,radiation_oncology,108.44311887023373,116,Kota,Rajasthan,Tonk,2385857.4603487123,False,False
114,radiation_oncology,90.14930352534053,102,Sikar,Rajasthan,Jaipur,3179380.9399505225,False,False
116,radiation_oncology,108.44311887023373,109,Tonk,Rajasthan,Kota,1733619.5335962703,False,False
119,radiation_oncology,62.080428148753754,167,Aligarh,Uttar Pradesh,Mathura,4347047.649131718,False,False
129,radiation_oncology,48.16644009679761,162,Bara Banki,Uttar Pradesh,Lucknow,3856710.19049542,False,False
135,radiation_oncology,41.26081023040402,187,Chandauli,Uttar Pradesh,Varanasi,2106003.719874143,True,False
143,radiation_oncology,62.468080259807365,118,Firozabad,Uttar Pradesh,Agra,2990851.937729205,False,False
144,radiation_oncology,23.5535499778471,60,Gautam Buddha Nagar,Uttar Pradesh,Faridabad,2467422.7316051503,False,False
145,radiation_oncology,40.53555213851083,169,Ghaziabad,Uttar Pradesh,Meerut,4902650.230604972,False,False
152,radiation_oncology,65.19892641034804,187,Jaunpur,Uttar Pradesh,Varanasi,5138390.180373405,False,False
154,radiation_oncology,57.58424220529341,169,Amroha,Uttar Pradesh,Meerut,2293327.3798535466,False,False
155,radiation_oncology,85.63256000280086,157,Kannauj,Uttar Pradesh,Kanpur Nagar,1975610.943411449,False,False
167,radiation_oncology,62.080428148753754,119,Mathura,Uttar Pradesh,Aligarh,3123472.7095167013,False,False
193,radiation_oncology,62.619190656905104,212,Bhojpur,Bihar,Patna,3644415.9942203066,False,False
195,radiation_oncology,96.37326374603578,205,Darbhanga,Bihar,Madhepura,4890324.16209899,False,False
211,radiation_oncology,105.60144018851204,148,Pashchim Champaran,Bihar,Gorakhpur,4925819.392647587,False,False
214,radiation_oncology,48.885098850671554,205,Purnia,Bihar,Madhepura,4128523.677405553,True,False
226,radiation_oncology,210.76493517321487,294,Mangan,Sikkim,Kokrajhar,46804.9388855954,False,False
237,radiation_oncology,56.466722889868244,295,Papum Pare,Arunachal Pradesh,Lakhimpur,228765.92414895265,False,False
245,radiation_oncology,23.985060423438366,244,Kohima,Nagaland,Dimapur,207736.2887131713,False,False
246,radiation_oncology,29.75504487295224,615,Mokokchung,Nagaland,Longleng,179189.2069362157,False,False
247,radiation_oncology,22.255188871150416,615,Mon,Nagaland,Longleng,229102.16154736592,False,False
248,radiation_oncology,28.375347872699376,245,Phek,Nagaland,Kohima,150888.7339522879,False,False
249,radiation_oncology,40.445250565689804,614,Tuensang,Nagaland,Kiphire,99042.65112978936,False,False
250,radiation_oncology,36.35146951197714,246,Wokha,Nagaland,Mokokchung,130120.44393681524,False,False
251,radiation_oncology,40.72704866278174,250,Zunheboto,Nagaland,Wokha,131118.96620326216,False,False
256,radiation_oncology,19.445826072717658,255,Imphal West,Manipur,Imphal East,606854.2086709139,False,False
259,radiation_oncology,21.901424675658262,256,Thoubal,Manipur,Imphal West,390034.83407823497,False,False
261,radiation_oncology,100.10341225646548,282,Aizawl,Mizoram,Cachar,504106.03060012904,False,False
265,radiation_oncology,104.03622171512077,261,Lunglei,Mizoram,Aizawl,166377.1650532753,False,False
277,radiation_oncology,47.314984300170586,278,South Garo Hills,Meghalaya,West Garo Hills,193806.4907690125,False,False
278,radiation_oncology,47.314984300170586,277,West Garo Hills,Meghalaya,South Garo Hills,744474.0988923504,False,False
280,radiation_oncology,29.94851532436531,291,Barpeta,Assam,Kamrup,1627501.372414651,True,False
283,radiation_oncology,40.62757327966951,618,Darrang,Assam,Kamrup Metro,1095092.8751236002,True,False
290,radiation_oncology,31.888600684934254,246,Jorhat,Assam,Mokokchung,1092157.3966661568,False,False
294,radiation_oncology,91.50098189180304,280,Kokrajhar,Assam,Barpeta,1181644.8582820978,False,False
298,radiation_oncology,27.43213012878457,291,Nalbari,Assam,Kamrup,1010371.8274121772,False,False
301,radiation_oncology,79.78218520743721,283,Sonitpur,Assam,Darrang,1518477.542657767,False,False
302,radiation_oncology,56.792925442098245,286,Tinsukia,Assam,Dibrugarh,1396524.7482461785,False,False
322,radiation_oncology,51.80051362415885,325,Bokaro,Jharkhand,Dhanbad,2485996.819654438,True,False
324,radiation_oncology,60.59227146432184,325,Deoghar,Jharkhand,Dhanbad,1776955.8814258447,False,False
383,radiation_oncology,67.45999091786301,375,Korba,Chhattisgarh,Bilaspur,1477990.369069858,True,False
388,radiation_oncology,49.0769502922631,476,Rajnandgaon,Chhattisgarh,Gondia,1056684.3703870196,True,False
393,radiation_oncology,46.57619483433024,486,Barwani,Madhya Pradesh,Nandurbar,1802996.6405033474,True,False
394,radiation_oncology,79.4446068715797,409,Betul,Madhya Pradesh,Narmadapuram,1879606.0050038917,False,False
399,radiation_oncology,100.8475781835451,394,Chhindwara,Madhya Pradesh,Betul,2048847.5549100921,False,False
402,radiation_oncology,48.757133260589825,410,Dewas,Madhya Pradesh,Indore,1879699.8669341328,False,False
405,radiation_oncology,97.10039660922321,402,Khandwa (East Nimar),Madhya Pradesh,Dewas,1544706.773224733,True,False
409,radiation_oncology,78.83697420986009,421,Narmadapuram,Madhya Pradesh,Raisen,1475828.1660314885,False,False
421,radiation_oncology,73.0146657977356,437,Raisen,Madhya Pradesh,Vidisha,1609138.9793356282,False,False
423,radiation_oncology,70.84378434618229,435,Ratlam,Madhya Pradesh,Ujjain,1703631.5099558234,False,False
425,radiation_oncology,83.86372518024099,421,Sagar,Madhya Pradesh,Raisen,2871393.8248840943,False,False
429,radiation_oncology,114.24158181643176,638,Shahdol,Madhya Pradesh,Singrauli,1158267.3795499913,False,False
437,radiation_oncology,59.51995601640442,396,Vidisha,Madhya Pradesh,Bhopal,1753603.6548736147,True,False
469,radiation_oncology,70.20828041197251,479,Chhatrapati Sambhajinagar,Maharashtra,Jalna,4363145.05552394,False,False
471,radiation_oncology,49.35830707525935,476,Bhandara,Maharashtra,Gondia,1274403.707445348,False,False
473,radiation_oncology,79.06098931836297,475,Chandrapur,Maharashtra,Gadchiroli,2475673.9676380903,False,False
479,radiation_oncology,70.20828041197251,469,Jalna,Maharashtra,Chhatrapati Sambhajinagar,2277544.245194602,False,False
482,radiation_oncology,19.25683527078665,483,Mumbai,Maharashtra,Mumbai Suburban,3325643.331651126,False,False
486,radiation_oncology,42.0097907818355,474,Nandurbar,Maharashtra,Dhule,1935429.3286140626,True,False
488,radiation_oncology,70.54663959330813,481,Dharashiv,Maharashtra,Latur,1947074.924694599,True,False
489,radiation_oncology,70.75033154228339,477,Parbhani,Maharashtra,Hingoli,2109048.8034060835,False,False
492,radiation_oncology,96.15577061336906,494,Ratnagiri,Maharashtra,Satara,1740597.0899295674,False,False
494,radiation_oncology,72.78392733895642,493,Satara,Maharashtra,Sangli,3345104.733944065,False,False
499,radiation_oncology,51.87731354825432,467,Washim,Maharashtra,Akola,1364857.6828785483,True,False
502,radiation_oncology,99.44033787231834,630,Ananthapuramu,Andhra Pradesh,Chikkaballapura,2487350.062909732,False,False
504,radiation_oncology,122.61697757296068,515,Y.S.R.,Andhra Pradesh,Sri Potti Sriramulu Nellore,1703668.5119477757,True,False
515,radiation_oncology,122.48550200329694,589,Sri Potti Sriramulu Nellore,Andhra Pradesh,Thiruvallur,3204452.93288629,False,False
517,radiation_oncology,99.4354457562458,506,Prakasam,Andhra Pradesh,Guntur,2219598.1301545305,False,False
519,radiation_oncology,169.7988852989353,520,Srikakulam,Andhra Pradesh,Visakhapatnam,2831835.16128335,False,False
523,radiation_oncology,64.45026937926663,510,West Godavari,Andhra Pradesh,Krishna,2047788.7058935852,False,False
526,radiation_oncology,32.13137578110328,525,Bengaluru Rural,Karnataka,Bengaluru Urban,1202532.3875567734,False,False
530,radiation_oncology,66.45446294065832,524,Vijayapura,Karnataka,Bagalkote,2382277.831272023,False,False
533,radiation_oncology,69.33155473691313,535,Chitradurga,Karnataka,Davangere,1724056.341834731,False,False
538,radiation_oncology,99.65113124324421,529,Kalaburagi,Karnataka,Bidar,2647021.418894641,False,False
539,radiation_oncology,73.76832615057738,544,Hassan,Karnataka,Mandya,1825581.3469987295,False,False
540,radiation_oncology,66.89084401047111,535,Haveri,Karnataka,Davangere,1557678.804284973,False,False
548,radiation_oncology,56.625405850353374,526,Tumakuru,Karnataka,Bengaluru Rural,2763216.9833144303,False,False
550,radiation_oncology,80.12257529984231,540,Uttara Kannada,Karnataka,Haveri,1525446.6542544086,False,False
554,radiation_oncology,29.77301602242551,560,Alappuzha,Kerala,Kottayam,2181561.7388600823,False,False
559,radiation_oncology,34.975259760189076,564,Kollam,Kerala,Pathanamthitta,3107698.33758177,False,False
572,radiation_oncology,57.23278219328072,578,Dindigul,Tamil Nadu,Madurai,2283284.594424468,False,False
573,radiation_oncology,82.30426535582835,569,Erode,Tamil Nadu,Coimbatore,2175856.8820399293,False,False
577,radiation_oncology,90.08685468550894,525,Krishnagiri,Tamil Nadu,Bengaluru Urban,1932067.7124503632,False,False
585,radiation_oncology,41.16410056577176,582,Sivaganga,Tamil Nadu,Pudukkottai,1444789.8941885238,False,False
613,radiation_oncology,51.62995846793712,244,Peren,Nagaland,Dimapur,99850.38581923737,False,False
614,radiation_oncology,40.445250565689804,249,Kiphire,Nagaland,Tuensang,61890.92274396199,True,False
615,radiation_oncology,22.255188871150416,247,Longleng,Nagaland,Mon,36005.33942233673,False,False
621,radiation_oncology,34.30416438014038,627,Ramban,Jammu And Kashmir,Reasi,295301.45586373383,False,False
627,radiation_oncology,34.30416438014038,621,Reasi,Jammu And Kashmir,Ramban,404706.5594658585,False,False
630,radiation_oncology,67.09016024485653,526,Chikkaballapura,Karnataka,Bengaluru Rural,1236631.262180687,False,False
638,radiation_oncology,114.24158181643176,429,Singrauli,Madhya Pradesh,Shahdol,1558023.6167927014,True,False
695,radiation_oncology,36.07967695853987,693,Jogulamba Gadwal,Telangana,Wanaparthy,646994.6633340233,False,True
696,radiation_oncology,64.86825703353857,509,Suryapet,Telangana,Khammam,1142450.256248302,False,True
698,radiation_oncology,66.82388689103632,691,Vikarabad,Telangana,Sangareddy,1164820.7729801591,False,True
1,surgical_oncology,31.581595619369743,622,Anantnag,Jammu And Kashmir,Kulgam,1158867.6834221075,False,False
3,surgical_oncology,57.29854810833027,13,Baramulla,Jammu And Kashmir,Srinagar,1186220.1496902034,True,False
16,surgical_oncology,65.91505220522845,662,Chamba,Himachal Pradesh,Pathankot,568345.432996525,True,False
18,surgical_oncology,54.558739188807095,17,Kangra,Himachal Pradesh,Hamirpur,1651769.1826613627,False,False
24,surgical_oncology,46.45242868275916,49,Sirmaur,Himachal Pradesh,Dehradun,568464.4530127035,False,False
25,surgical_oncology,30.103446420548597,42,Solan,Himachal Pradesh,Rupnagar,677025.6510801879,False,False
26,surgical_oncology,29.62862740026892,17,Una,Himachal Pradesh,Hamirpur,580832.2722552075,False,False
57,surgical_oncology,91.22760317067528,49,Uttar Kashi,Uttarakhand,Dehradun,414830.5359230782,False,False
59,surgical_oncology,59.8548865190685,63,Bhiwani,Haryana,Hisar,1319359.1693796264,False,False
92,surgical_oncology,89.59667349971292,95,Bhilwara,Rajasthan,Chittorgarh,2033149.8394425516,False,False
95,surgical_oncology,89.59667349971292,92,Chittorgarh,Rajasthan,Bhilwara,1878280.6683681337,False,False
105,surgical_oncology,101.19957387297319,430,Jhalawar,Rajasthan,Shajapur,1729997.3435981516,False,False
109,surgical_oncology,108.44311887023373,116,Kota,Rajasthan,Tonk,2385857.4603487123,False,False
116,surgical_oncology,108.44311887023373,109,Tonk,Rajasthan,Kota,1733619.5335962703,False,False
119,surgical_oncology,52.99020597017491,134,Aligarh,Uttar Pradesh,Bulandshahr,4347047.649131718,False,False
125,surgical_oncology,83.32767567623877,147,Bahraich,Uttar Pradesh,Gonda,4156731.0540964794,True,False
126,surgical_oncology,61.11920492748651,193,Ballia,Uttar Pradesh,Bhojpur,3769569.904936715,False,False
127,surgical_oncology,59.99456242670087,147,Balrampur,Uttar Pradesh,Gonda,2516517.086674228,True,False
132,surgical_oncology,50.74149825707943,52,Bijnor,Uttar Pradesh,Pauri Garhwal,4354728.027953579,False,False
133,surgical_oncology,57.44071886353526,130,Budaun,Uttar Pradesh,Bareilly,3776763.6547610285,False,False
134,surgical_oncology,39.440340368510086,144,Bulandshahr,Uttar Pradesh,Gautam Buddha Nagar,4354092.181344041,False,False
135,surgical_oncology,37.42500614802386,200,Chandauli,Uttar Pradesh,Kaimur (Bhabua),2106003.719874143,True,False
140,surgical_oncology,50.749564352355115,640,Ayodhya,Uttar Pradesh,Amethi,3390073.162519542,False,False
141,surgical_oncology,49.4070598195582,166,Farrukhabad,Uttar Pradesh,Mainpuri,2230034.1291005206,False,False
143,surgical_oncology,56.87375184820913,166,Firozabad,Uttar Pradesh,Mainpuri,2990851.937729205,False,False
149,surgical_oncology,71.55738246318437,156,Hamirpur,Uttar Pradesh,Kanpur Dehat,1460520.5529266912,False,False
154,surgical_oncology,35.841355297719105,661,Amroha,Uttar Pradesh,Hapur,2293327.3798535466,False,False
156,surgical_oncology,40.98517026655637,157,Kanpur Dehat,Uttar Pradesh,Kanpur Nagar,2100491.7799560716,False,False
166,surgical_oncology,49.4070598195582,141,Mainpuri,Uttar Pradesh,Farrukhabad,2186101.261097931,False,False
168,surgical_oncology,49.56458235833051,123,Mau,Uttar Pradesh,Azamgarh,2313272.5339235114,False,False
171,surgical_oncology,52.88021049804865,154,Moradabad,Uttar Pradesh,Amroha,3850200.240233733,False,False
179,surgical_oncology,44.098415783395374,187,Bhadohi,Uttar Pradesh,Varanasi,1939028.4969751327,False,False
192,surgical_oncology,58.12599786567681,205,Bhagalpur,Bihar,Madhepura,3893149.0191134466,False,False
193,surgical_oncology,61.11920492748651,126,Bhojpur,Bihar,Ballia,3644415.9942203066,False,False
195,surgical_oncology,70.672084874347,221,Darbhanga,Bihar,Sitamarhi,4890324.16209899,False,False
200,surgical_oncology,37.42500614802386,135,Kaimur (Bhabua),Bihar,Chandauli,1974437.2072152477,False,False
208,surgical_oncology,54.927559307546524,221,Muzaffarpur,Bihar,Sitamarhi,6030715.466976966,True,False
210,surgical_oncology,32.619109554221275,334,Nawada,Bihar,Koderma,2925311.9520525066,True,False
211,surgical_oncology,105.60144018851204,148,Pashchim Champaran,Bihar,Gorakhpur,4925819.392647587,False,False
214,surgical_oncology,48.885098850671554,205,Purnia,Bihar,Madhepura,4128523.677405553,True,False
221,surgical_oncology,54.927559307546524,208,Sitamarhi,Bihar,Muzaffarpur,4191104.9649816803,True,False
226,surgical_oncology,247.127296689236,214,Mangan,Sikkim,Purnia,46804.9388855954,False,False
246,surgical_oncology,29.75504487295224,615,Mokokchung,Nagaland,Longleng,179189.2069362157,False,False
247,surgical_oncology,22.255188871150416,615,Mon,Nagaland,Longleng,229102.16154736592,False,False
248,surgical_oncology,28.375347872699376,245,Phek,Nagaland,Kohima,150888.7339522879,False,False
250,surgical_oncology,36.35146951197714,246,Wokha,Nagaland,Mokokchung,130120.44393681524,False,False
251,surgical_oncology,40.72704866278174,250,Zunheboto,Nagaland,Wokha,131118.96620326216,False,False
255,surgical_oncology,19.445826072717658,256,Imphal East,Manipur,Imphal West,476175.08184586256,False,False
264,surgical_oncology,64.93422491595317,265,Lawngtlai,Mizoram,Lunglei,155254.6385835263,False,False
265,surgical_oncology,64.93422491595317,264,Lunglei,Mizoram,Lawngtlai,166377.1650532753,False,False
272,surgical_oncology,152.15662424006743,261,West Tripura,Tripura,Aizawl,1113885.8372354659,False,False
278,surgical_oncology,60.30098154405364,287,West Garo Hills,Meghalaya,Goalpara,744474.0988923504,False,False
280,surgical_oncology,29.94851532436531,291,Barpeta,Assam,Kamrup,1627501.372414651,True,False
281,surgical_oncology,36.74012380399782,287,Bongaigaon,Assam,Goalpara,752309.399349219,False,False
287,surgical_oncology,36.74012380399782,281,Goalpara,Assam,Bongaigaon,1105232.0778411822,True,False
290,surgical_oncology,31.888600684934254,246,Jorhat,Assam,Mokokchung,1092157.3966661568,False,False
292,surgical_oncology,48.10872439423422,709,Karbi Anglong,Assam,Hojai,598321.359002655,False,False
298,surgical_oncology,27.43213012878457,291,Nalbari,Assam,Kamrup,1010371.8274121772,False,False
302,surgical_oncology,56.792925442098245,286,Tinsukia,Assam,Dibrugarh,1396524.7482461785,False,False
322,surgical_oncology,48.162930287826235,607,Bokaro,Jharkhand,Ramgarh,2485996.819654438,True,False
324,surgical_oncology,60.59227146432184,325,Deoghar,Jharkhand,Dhanbad,1776955.8814258447,False,False
334,surgical_oncology,32.619109554221275,210,Koderma,Jharkhand,Nawada,914275.1159716016,False,False
341,surgical_oncology,52.68833097766862,327,Saraikela Kharsawan,Jharkhand,East Singhbum,1110643.060505968,False,False
381,surgical_oncology,89.5076349327157,377,Uttar Bastar Kanker,Chhattisgarh,Dhamtari,926250.7276194015,True,False
385,surgical_oncology,83.0434621914796,387,Mahasamund,Chhattisgarh,Raipur,1178302.9875059666,True,False
389,surgical_oncology,99.47520734060294,386,Surguja,Chhattisgarh,Raigarh,1186462.705991703,False,False
394,surgical_oncology,79.4446068715797,409,Betul,Madhya Pradesh,Narmadapuram,1879606.0050038917,False,False
403,surgical_oncology,64.60313728993367,410,Dhar,Madhya Pradesh,Indore,2711441.653544906,False,False
409,surgical_oncology,78.83697420986009,421,Narmadapuram,Madhya Pradesh,Raisen,1475828.1660314885,False,False
413,surgical_oncology,60.16714874376115,411,Katni,Madhya Pradesh,Jabalpur,1527231.4567548465,False,False
416,surgical_oncology,94.97650194556945,423,Mandsaur,Madhya Pradesh,Ratlam,1515391.5118586258,False,False
421,surgical_oncology,73.0146657977356,437,Raisen,Madhya Pradesh,Vidisha,1609138.9793356282,False,False
423,surgical_oncology,70.84378434618229,435,Ratlam,Madhya Pradesh,Ujjain,1703631.5099558234,False,False
430,surgical_oncology,74.20030381725176,402,Shajapur,Madhya Pradesh,Dewas,1142666.9754165537,False,False
437,surgical_oncology,59.51995601640442,396,Vidisha,Madhya Pradesh,Bhopal,1753603.6548736147,True,False
467,surgical_oncology,51.87731354825432,499,Akola,Maharashtra,Washim,2083864.3785117292,False,False
468,surgical_oncology,63.52220434216471,467,Amravati,Maharashtra,Akola,3291038.139693835,False,False
473,surgical_oncology,79.06098931836297,475,Chandrapur,Maharashtra,Gadchiroli,2475673.9676380903,False,False
477,surgical_oncology,66.66976444887146,485,Hingoli,Maharashtra,Nanded,1350280.2956611942,False,False
499,surgical_oncology,51.87731354825432,467,Washim,Maharashtra,Akola,1364857.6828785483,True,False
515,surgical_oncology,122.48550200329694,589,Sri Potti Sriramulu Nellore,Andhra Pradesh,Thiruvallur,3204452.93288629,False,False
517,surgical_oncology,99.4354457562458,506,Prakasam,Andhra Pradesh,Guntur,2219598.1301545305,False,False
519,surgical_oncology,169.7988852989353,520,Srikakulam,Andhra Pradesh,Visakhapatnam,2831835.16128335,False,False
523,surgical_oncology,64.45026937926663,510,West Godavari,Andhra Pradesh,Krishna,2047788.7058935852,False,False
526,surgical_oncology,32.13137578110328,525,Bengaluru Rural,Karnataka,Bengaluru Urban,1202532.3875567734,False,False
532,surgical_oncology,72.07657164574344,539,Chikkamagaluru,Karnataka,Hassan,1172255.1144339703,False,False
536,surgical_oncology,77.24819060429773,540,Dharwad,Karnataka,Haveri,1943615.0858917886,False,False
538,surgical_oncology,99.65113124324421,529,Kalaburagi,Karnataka,Bidar,2647021.418894641,False,False
541,surgical_oncology,46.46942072816159,557,Kodagu,Karnataka,Kannur,612342.2519009854,False,False
542,surgical_oncology,68.72637658372591,630,Kolar,Karnataka,Chikkaballapura,1604170.1703526962,False,False
546,surgical_oncology,88.6756441179787,695,Raichur,Karnataka,Jogulamba Gadwal,2020336.068525647,True,False
548,surgical_oncology,56.625405850353374,526,Tumakuru,Karnataka,Bengaluru Rural,2763216.9833144303,False,False
552,surgical_oncology,37.69210947361256,551,South Goa,Goa,North Goa,682429.9805549768,False,False
567,surgical_oncology,35.834015655094696,561,Wayanad,Kerala,Kozhikode,1160275.6482554541,True,False
572,surgical_oncology,52.70879990226058,634,Dindigul,Tamil Nadu,Tiruppur,2283284.594424468,False,False
587,surgical_oncology,72.88553752660984,573,The Nilgiris,Tamil Nadu,Erode,716636.2070780438,False,False
592,surgical_oncology,33.64913948992278,575,Tirunelveli,Tamil Nadu,Kanniyakumari,1750378.9934258605,False,False
593,surgical_oncology,48.12703597908063,595,Tiruvannamalai,Tamil Nadu,Vellore,2707628.4386091046,False,False
598,surgical_oncology,47.396146417096,590,Karaikal,Puducherry,Thiruvarur,176243.05532875203,False,False
607,surgical_oncology,46.1500888448469,339,Ramgarh,Jharkhand,Ranchi,1077627.96168116,True,False
613,surgical_oncology,51.62995846793712,244,Peren,Nagaland,Dimapur,99850.38581923737,False,False
614,surgical_oncology,40.445250565689804,249,Kiphire,Nagaland,Tuensang,61890.92274396199,True,False
615,surgical_oncology,22.255188871150416,247,Longleng,Nagaland,Mon,36005.33942233673,False,False
621,surgical_oncology,34.30416438014038,627,Ramban,Jammu And Kashmir,Reasi,295301.45586373383,False,False
622,surgical_oncology,31.581595619369743,1,Kulgam,Jammu And Kashmir,Anantnag,638922.0732089822,False,False
627,surgical_oncology,34.30416438014038,621,Reasi,Jammu And Kashmir,Ramban,404706.5594658585,False,False
630,surgical_oncology,67.09016024485653,526,Chikkaballapura,Karnataka,Bengaluru Rural,1236631.262180687,False,False
631,surgical_oncology,34.19087086645614,525,Ramanagara,Karnataka,Bengaluru Urban,1119388.5974887991,False,False
636,surgical_oncology,85.79784388740437,687,Bijapur,Chhattisgarh,Jayashankar Bhupalapally,294696.742554721,True,False
638,surgical_oncology,82.66378707152552,170,Singrauli,Madhya Pradesh,Mirzapur,1558023.6167927014,True,False
640,surgical_oncology,50.749564352355115,140,Amethi,Uttar Pradesh,Ayodhya,2563915.290471191,False,True
660,surgical_oncology,40.753426010756385,71,Shamli,Uttar Pradesh,Panipat,1525607.5934512445,False,True
661,surgical_oncology,35.75895149951059,169,Hapur,Uttar Pradesh,Meerut,1621757.2964767134,False,True
695,surgical_oncology,36.07967695853987,693,Jogulamba Gadwal,Telangana,Wanaparthy,646994.6633340233,False,True
7,urology,31.748568416257314,662,Kathua,Jammu And Kashmir,Pathankot,729668.3847329078,False,False
12,urology,52.44592830750467,627,Rajouri,Jammu And Kashmir,Reasi,614741.1574428679,False,False
48,urology,64.97977085352812,51,Champawat,Uttarakhand,Nainital,301481.71760001074,False,False
55,urology,57.43675414439564,57,Tehri Garhwal,Uttarakhand,Uttar Kashi,699331.7328543726,False,False
57,urology,57.43675414439564,55,Uttar Kashi,Uttarakhand,Tehri Garhwal,414830.5359230782,False,False
89,urology,73.37839602538507,406,Baran,Rajasthan,Guna,1448696.7961349234,True,False
92,urology,89.59667349971292,95,Bhilwara,Rajasthan,Chittorgarh,2033149.8394425516,False,False
95,urology,72.50373206150721,419,Chittorgarh,Rajasthan,Neemuch,1878280.6683681337,False,False
100,urology,113.8413821239906,651,Ganganagar,Rajasthan,Fazilka,1453832.3384993747,False,False
106,urology,62.032481223532464,69,Jhunjhunu,Rajasthan,Mahendragarh,1326251.8406233843,False,False
109,urology,75.1129452219223,89,Kota,Rajasthan,Baran,2385857.4603487123,False,False
110,urology,105.14356834093729,114,Nagaur,Rajasthan,Sikar,2005145.8623586225,False,False
139,urology,53.90486700216403,166,Etawah,Uttar Pradesh,Mainpuri,1953323.375618933,False,False
150,urology,60.229929802000306,141,Hardoi,Uttar Pradesh,Farrukhabad,4895124.970261643,False,False
151,urology,57.39056349014184,149,Jalaun,Uttar Pradesh,Hamirpur,2012736.3035476124,False,False
158,urology,53.24235645531598,174,Kaushambi,Uttar Pradesh,Pratapgarh,1969618.6549881974,False,False
165,urology,52.96792686680888,149,Mahoba,Uttar Pradesh,Hamirpur,1077540.901067933,False,False
181,urology,41.39944492731737,125,Shrawasti,Uttar Pradesh,Bahraich,1352151.3346842728,True,False
186,urology,37.23970603603953,157,Unnao,Uttar Pradesh,Kanpur Nagar,3726552.4067450413,False,False
197,urology,60.24338768736075,137,Gopalganj,Bihar,Deoria,3220722.3152440246,False,False
207,urology,55.666947531297986,191,Munger,Bihar,Begusarai,1739732.9532150538,False,False
209,urology,41.5376288965933,212,Nalanda,Bihar,Patna,3645108.1759087183,False,False
214,urology,33.80773023630611,201,Purnia,Bihar,Katihar,4128523.677405553,True,False
215,urology,44.029927676474216,189,Rohtas,Bihar,Aurangabad,3792902.132996359,False,False
218,urology,55.51865228697721,193,Saran,Bihar,Bhojpur,4904522.40282481,False,False
224,urology,36.1477181983745,212,Vaishali,Bihar,Patna,4877239.689575422,False,False
226,urology,210.76493517321487,294,Mangan,Sikkim,Kokrajhar,46804.9388855954,False,False
247,urology,22.255188871150416,615,Mon,Nagaland,Longleng,229102.16154736592,False,False
251,urology,40.72704866278174,250,Zunheboto,Nagaland,Wokha,131118.96620326216,False,False
254,urology,57.31998698134034,256,Churachandpur,Manipur,Imphal West,281291.8767291976,False,False
258,urology,42.84723621852616,613,Tamenglong,Manipur,Peren,126527.18209831938,False,False
263,urology,39.33938607103007,261,Kolasib,Mizoram,Aizawl,136143.44756189876,False,False
275,urology,35.22917376612662,274,West Jaintia Hills,Meghalaya,East Khasi Hills,364368.8630291583,False,False
276,urology,29.476066320970663,618,Ri Bhoi,Meghalaya,Kamrup Metro,339845.2132037117,True,False
277,urology,47.314984300170586,278,South Garo Hills,Meghalaya,West Garo Hills,193806.4907690125,False,False
288,urology,27.107072355249436,250,Golaghat,Assam,Wokha,1235224.9555922444,False,False
289,urology,28.005939828786968,293,Hailakandi,Assam,Karimganj,741776.2830765555,True,False
293,urology,28.005939828786968,289,Karimganj,Assam,Hailakandi,1411617.627268413,False,False
294,urology,51.534902364314455,281,Kokrajhar,Assam,Bongaigaon,1181644.8582820978,False,False
299,urology,53.27270444658081,613,Dima Hasao,Assam,Peren,273721.1839523192,False,False
300,urology,50.482314695555665,615,Sivasagar,Assam,Longleng,871715.1311788734,False,False
302,urology,56.792925442098245,286,Tinsukia,Assam,Dibrugarh,1396524.7482461785,False,False
340,urology,42.07405233938581,330,Sahebganj,Jharkhand,Godda,1846787.2769005012,True,False
342,urology,102.51928467239043,343,Simdega,Jharkhand,West Singhbhum,715837.0528195959,True,False
343,urology,58.00600037154449,341,West Singhbhum,Jharkhand,Saraikela Kharsawan,1827777.1954090875,True,False
383,urology,62.311608626952186,389,Korba,Chhattisgarh,Surguja,1477990.369069858,True,False
390,urology,29.807694540266617,734,Anuppur,Madhya Pradesh,Gaurela-Pendra-Marwahi,965111.6423547484,False,False
395,urology,47.3893273756207,401,Bhind,Madhya Pradesh,Datia,2001831.4123117938,False,False
401,urology,45.02273698530735,153,Datia,Madhya Pradesh,Jhansi,951194.1917122232,False,False
406,urology,73.37839602538507,89,Guna,Madhya Pradesh,Baran,1464447.1883400423,True,False
408,urology,66.21374079629786,405,Harda,Madhya Pradesh,Khandwa (East Nimar),695614.4346240504,False,False
412,urology,60.25004418635218,445,Jhabua,Madhya Pradesh,Dahod,1263678.4875461515,False,False
415,urology,85.76454577603846,411,Mandla,Madhya Pradesh,Jabalpur,1146083.8688771573,False,False
420,urology,69.60155559985022,426,Panna,Madhya Pradesh,Satna,1219658.0014883834,False,False
422,urology,54.516272513502,430,Rajgarh,Madhya Pradesh,Shajapur,1813989.5588428283,True,False
426,urology,69.60155559985022,420,Satna,Madhya Pradesh,Panna,1785799.8627858737,False,False
463,urology,26.609257033030396,465,Daman,The Dadra And Nagar Haveli And Daman And Diu,Dadra And Nagar Haveli,192156.79902366071,False,False
465,urology,26.609257033030396,463,Dadra And Nagar Haveli,The Dadra And Nagar Haveli And Daman And Diu,Daman,673420.7899926937,False,False
526,urology,32.13137578110328,525,Bengaluru Rural,Karnataka,Bengaluru Urban,1202532.3875567734,False,False
543,urology,62.54510063682159,528,Koppal,Karnataka,Ballari,1453916.5730011202,False,False
546,urology,82.41078794932442,543,Raichur,Karnataka,Koppal,2020336.068525647,True,False
579,urology,26.809665045363264,590,Nagapattinam,Tamil Nadu,Thiruvarur,720544.472517983,False,False
583,urology,47.88511101889272,585,Ramanathapuram,Tamil Nadu,Sivaganga,1378414.1036160772,True,False
598,urology,40.71972012064425,579,Karaikal,Puducherry,Nagapattinam,176243.05532875203,False,False
599,urology,28.322042155824853,557,Mahe,Puducherry,Kannur,116365.92298833061,False,False
602,urology,1268.5964012576276,519,South Andamans,Andaman And Nicobar Islands,Srikakulam,236036.01872616805,False,False
613,urology,42.84723621852616,258,Peren,Nagaland,Tamenglong,99850.38581923737,False,False
614,urology,40.445250565689804,249,Kiphire,Nagaland,Tuensang,61890.92274396199,True,False
615,urology,22.255188871150416,247,Longleng,Nagaland,Mon,36005.33942233673,False,False
617,urology,31.176191140404313,283,Udalguri,Assam,Darrang,963240.2553201377,True,False
627,urology,34.30416438014038,621,Reasi,Jammu And Kashmir,Ramban,404706.5594658585,False,False
636,urology,85.79784388740437,687,Bijapur,Chhattisgarh,Jayashankar Bhupalapally,294696.742554721,True,False
639,urology,59.69643607772114,668,Alirajpur,Madhya Pradesh,Chhotaudepur,923548.6029736614,False,False
645,urology,56.848503382208484,377,Gariyaband,Chhattisgarh,Dhamtari,743387.2768573639,False,True
653,urology,43.116620207995034,272,Sepahijala,Tripura,West Tripura,523316.35738992353,False,True
