district_code,specialty,n_providers,n_public,n_private,n_nfp,n_goi,n_basic_tier,specialty_name,tertiary,aspirational
1,burns,5,2,3,0,0,0,Burns Management,False,False
1,cardiology,2,1,1,0,0,0,Cardiology,True,False
1,emergency_room,8,6,2,0,0,1,Emergency Room Packages,False,False
1,ent,8,2,6,0,0,0,Otorhinolaryngology (ENT),False,False
1,general_medicine,19,8,10,1,0,2,General Medicine,False,False
1,general_surgery,16,5,11,0,0,1,General Surgery,False,False
1,medical_oncology,2,0,2,0,0,0,Medical Oncology,False,False
1,mental_disorders,1,1,0,0,0,0,Mental Disorders,False,False
1,neonatal,2,2,0,0,0,0,Neo-natal Care,False,False
1,neurosurgery,1,1,0,0,0,0,Neurosurgery,True,False
1,obgyn,11,4,7,0,0,0,Obstetrics & Gynaecology,False,False
1,ophthalmology,8,5,3,0,0,1,Ophthalmology,False,False
1,oral_maxillofacial,5,4,1,0,0,1,Oral & Maxillofacial Surgery,False,False
1,orthopaedics,12,5,7,0,0,1,Orthopaedics,False,False
1,paediatric_medicine,8,5,3,0,0,1,Paediatric Medical Management,False,False
1,paediatric_surgery,2,0,2,0,0,0,Paediatric Surgery,False,False
1,plastic_surgery,4,0,4,0,0,0,Plastic & Reconstructive Surgery,False,False
1,polytrauma,3,2,1,0,0,0,Polytrauma,False,False
1,radiation_oncology,1,1,0,0,0,0,Radiation Oncology,True,False
1,surgical_oncology,1,0,1,0,0,0,Surgical Oncology,False,False
1,urology,9,1,8,0,0,0,Urology,False,False
2,burns,1,0,1,0,0,0,Burns Management,False,False
2,cardiology,3,1,2,0,0,0,Cardiology,True,False
2,emergency_room,6,5,1,0,0,3,Emergency Room Packages,False,False
2,ent,4,2,2,0,0,1,Otorhinolaryngology (ENT),False,False
2,general_medicine,10,7,3,0,0,4,General Medicine,False,False
2,general_surgery,9,7,2,0,0,4,General Surgery,False,False
2,medical_oncology,1,0,1,0,0,0,Medical Oncology,False,False
2,mental_disorders,1,1,0,0,0,0,Mental Disorders,False,False
2,neonatal,1,1,0,0,0,0,Neo-natal Care,False,False
2,obgyn,7,6,1,0,0,3,Obstetrics & Gynaecology,False,False
2,ophthalmology,3,2,1,0,0,1,Ophthalmology,False,False
2,oral_maxillofacial,3,2,1,0,0,1,Oral & Maxillofacial Surgery,False,False
2,orthopaedics,5,4,1,0,0,2,Orthopaedics,False,False
2,paediatric_medicine,3,2,1,0,0,1,Paediatric Medical Management,False,False
2,plastic_surgery,1,0,1,0,0,0,Plastic & Reconstructive Surgery,False,False
2,urology,3,1,2,0,0,1,Urology,False,False
3,burns,1,1,0,0,0,1,Burns Management,False,True
3,cardiology,1,0,1,0,0,0,Cardiology,True,True
3,emergency_room,2,2,0,0,0,1,Emergency Room Packages,False,True
3,ent,8,4,3,1,0,3,Otorhinolaryngology (ENT),False,True
3,general_medicine,13,6,5,2,0,4,General Medicine,False,True
3,general_surgery,11,5,4,2,0,4,General Surgery,False,True
3,medical_oncology,1,0,0,1,0,0,Medical Oncology,False,True
3,neonatal,1,1,0,0,0,1,Neo-natal Care,False,True
3,obgyn,7,5,2,0,0,4,Obstetrics & Gynaecology,False,True
3,ophthalmology,5,3,1,1,0,3,Ophthalmology,False,True
3,oral_maxillofacial,2,2,0,0,0,2,Oral & Maxillofacial Surgery,False,True
3,orthopaedics,6,4,2,0,0,4,Orthopaedics,False,True
3,paediatric_medicine,3,3,0,0,0,2,Paediatric Medical Management,False,True
3,paediatric_surgery,1,0,1,0,0,0,Paediatric Surgery,False,True
3,plastic_surgery,1,1,0,0,0,1,Plastic & Reconstructive Surgery,False,True
3,polytrauma,1,1,0,0,0,1,Polytrauma,False,True
3,radiation_oncology,1,1,0,0,0,1,Radiation Oncology,True,True
3,surgical_oncology,1,1,0,0,0,1,Surgical Oncology,False,True
3,urology,5,1,3,1,0,1,Urology,False,True
4,emergency_room,3,3,0,0,0,2,Emergency Room Packages,False,False
4,ent,1,1,0,0,0,0,Otorhinolaryngology (ENT),False,False
4,general_medicine,4,4,0,0,0,3,General Medicine,False,False
4,general_surgery,2,2,0,0,0,1,General Surgery,False,False
4,obgyn,2,2,0,0,0,1,Obstetrics & Gynaecology,False,False
4,ophthalmology,1,1,0,0,0,0,Ophthalmology,False,False
4,oral_maxillofacial,2,2,0,0,0,2,Oral & Maxillofacial Surgery,False,False
4,orthopaedics,2,2,0,0,0,1,Orthopaedics,False,False
4,paediatric_medicine,2,2,0,0,0,1,Paediatric Medical Management,False,False
5,burns,4,3,0,1,0,0,Burns Management,False,False
5,cardiology,7,3,3,1,0,0,Cardiology,True,False
5,ctvs,2,2,0,0,0,0,Cardio-thoracic & Vascular Surgery,True,False
5,emergency_room,14,7,4,1,1,1,Emergency Room Packages,False,False
5,ent,9,5,2,1,0,0,Otorhinolaryngology (ENT),False,False
5,general_medicine,33,16,12,3,1,4,General Medicine,False,False
5,general_surgery,33,10,19,2,1,3,General Surgery,False,False
5,interventional_neuroradiology,3,2,0,1,0,0,Interventional Neuroradiology,True,False
5,medical_oncology,11,2,7,2,0,0,Medical Oncology,False,False
5,mental_disorders,2,1,0,0,1,0,Mental Disorders,False,False
5,neonatal,8,2,4,2,0,0,Neo-natal Care,False,False
5,neurosurgery,5,3,0,2,0,0,Neurosurgery,True,False
5,obgyn,17,10,3,2,1,3,Obstetrics & Gynaecology,False,False
5,ophthalmology,28,8,17,2,1,2,Ophthalmology,False,False
5,oral_maxillofacial,5,3,0,1,1,0,Oral & Maxillofacial Surgery,False,False
5,orthopaedics,21,8,9,2,1,1,Orthopaedics,False,False
5,paediatric_cancer,2,1,0,1,0,0,Paediatric Cancer,False,False
5,paediatric_medicine,16,10,2,2,1,3,Paediatric Medical Management,False,False
5,paediatric_surgery,7,4,0,2,0,0,Paediatric Surgery,False,False
5,plastic_surgery,3,2,0,1,0,0,Plastic & Reconstructive Surgery,False,False
5,polytrauma,5,4,1,0,0,0,Polytrauma,False,False
5,radiation_oncology,4,2,1,1,0,0,Radiation Oncology,True,False
5,surgical_oncology,8,2,5,1,0,0,Surgical Oncology,False,False
5,urology,18,4,11,2,0,0,Urology,False,False
7,cardiology,1,0,1,0,0,0,Cardiology,True,False
7,emergency_room,4,3,1,0,0,2,Emergency Room Packages,False,False
7,ent,1,1,0,0,0,0,Otorhinolaryngology (ENT),False,False
7,general_medicine,7,6,1,0,0,5,General Medicine,False,False
7,general_surgery,7,6,1,0,0,5,General Surgery,False,False
7,obgyn,7,6,1,0,0,5,Obstetrics & Gynaecology,False,False
7,ophthalmology,2,1,1,0,0,0,Ophthalmology,False,False
7,oral_maxillofacial,1,1,0,0,0,0,Oral & Maxillofacial Surgery,False,False
7,orthopaedics,2,1,1,0,0,0,Orthopaedics,False,False
7,paediatric_medicine,3,3,0,0,0,2,Paediatric Medical Management,False,False
7,urology,1,0,1,0,0,0,Urology,False,False
8,cardiology,2,1,0,1,0,0,Cardiology,True,True
8,ctvs,1,1,0,0,0,0,Cardio-thoracic & Vascular Surgery,True,True
8,emergency_room,5,4,0,1,0,0,Emergency Room Packages,False,True
8,ent,8,5,2,1,0,1,Otorhinolaryngology (ENT),False,True
8,general_medicine,8,5,2,1,0,1,General Medicine,False,True
8,general_surgery,12,7,4,1,0,3,General Surgery,False,True
8,mental_disorders,1,1,0,0,0,0,Mental Disorders,False,True
8,neonatal,3,2,0,1,0,0,Neo-natal Care,False,True
8,neurosurgery,1,0,0,1,0,0,Neurosurgery,True,True
8,obgyn,9,7,1,1,0,3,Obstetrics & Gynaecology,False,True
8,ophthalmology,5,4,0,1,0,1,Ophthalmology,False,True
8,oral_maxillofacial,1,1,0,0,0,0,Oral & Maxillofacial Surgery,False,True
8,orthopaedics,5,4,0,1,0,0,Orthopaedics,False,True
8,paediatric_medicine,5,4,0,1,0,1,Paediatric Medical Management,False,True
8,paediatric_surgery,2,1,0,1,0,0,Paediatric Surgery,False,True
8,polytrauma,2,1,0,1,0,0,Polytrauma,False,True
8,urology,3,1,1,1,0,0,Urology,False,True
10,burns,2,2,0,0,0,1,Burns Management,False,False
10,emergency_room,4,3,1,0,0,2,Emergency Room Packages,False,False
10,ent,1,1,0,0,0,0,Otorhinolaryngology (ENT),False,False
10,general_medicine,5,4,1,0,0,3,General Medicine,False,False
10,general_surgery,5,4,1,0,0,3,General Surgery,False,False
10,neonatal,2,2,0,0,0,1,Neo-natal Care,False,False
10,obgyn,5,4,1,0,0,3,Obstetrics & Gynaecology,False,False
10,ophthalmology,1,1,0,0,0,0,Ophthalmology,False,False
10,oral_maxillofacial,3,3,0,0,0,2,Oral & Maxillofacial Surgery,False,False
10,orthopaedics,1,1,0,0,0,0,Orthopaedics,False,False
10,paediatric_medicine,4,4,0,0,0,3,Paediatric Medical Management,False,False
10,paediatric_surgery,1,1,0,0,0,1,Paediatric Surgery,False,False
11,emergency_room,3,3,0,0,0,1,Emergency Room Packages,False,False
11,ent,2,1,1,0,0,0,Otorhinolaryngology (ENT),False,False
11,general_medicine,8,4,4,0,0,1,General Medicine,False,False
11,general_surgery,6,4,2,0,0,1,General Surgery,False,False
11,mental_disorders,1,1,0,0,0,0,Mental Disorders,False,False
11,neonatal,1,1,0,0,0,0,Neo-natal Care,False,False
11,neurosurgery,1,1,0,0,0,0,Neurosurgery,True,False
11,obgyn,5,4,1,0,0,1,Obstetrics & Gynaecology,False,False
11,ophthalmology,5,4,1,0,0,1,Ophthalmology,False,False
11,oral_maxillofacial,3,3,0,0,0,1,Oral & Maxillofacial Surgery,False,False
11,orthopaedics,5,4,1,0,0,1,Orthopaedics,False,False
11,paediatric_medicine,4,3,1,0,0,1,Paediatric Medical Management,False,False
11,paediatric_surgery,1,1,0,0,0,0,Paediatric Surgery,False,False
11,urology,4,1,3,0,0,0,Urology,False,False
12,burns,2,2,0,0,0,1,Burns Management,False,False
12,cardiology,2,1,0,1,0,0,Cardiology,True,False
12,emergency_room,5,4,0,1,0,2,Emergency Room Packages,False,False
12,ent,5,3,1,1,0,1,Otorhinolaryngology (ENT),False,False
12,general_medicine,5,3,1,1,0,1,General Medicine,False,False
12,general_surgery,8,3,4,1,0,1,General Surgery,False,False
12,medical_oncology,2,1,1,0,0,0,Medical Oncology,False,False
12,neonatal,2,2,0,0,0,0,Neo-natal Care,False,False
12,obgyn,4,3,1,0,0,1,Obstetrics & Gynaecology,False,False
12,ophthalmology,2,2,0,0,0,0,Ophthalmology,False,False
12,oral_maxillofacial,3,3,0,0,0,1,Oral & Maxillofacial Surgery,False,False
12,orthopaedics,4,3,1,0,0,1,Orthopaedics,False,False
12,paediatric_medicine,4,3,1,0,0,1,Paediatric Medical Management,False,False
12,paediatric_surgery,1,1,0,0,0,1,Paediatric Surgery,False,False
12,polytrauma,1,1,0,0,0,0,Polytrauma,False,False
12,urology,1,0,1,0,0,0,Urology,False,False
13,burns,3,1,2,0,0,0,Burns Management,False,False
13,cardiology,7,1,6,0,0,0,Cardiology,True,False
13,ctvs,5,1,4,0,0,0,Cardio-thoracic & Vascular Surgery,True,False
13,emergency_room,14,5,7,1,1,0,Emergency Room Packages,False,False
13,ent,13,4,7,1,0,0,Otorhinolaryngology (ENT),False,False
13,general_medicine,35,8,19,7,1,0,General Medicine,False,False
13,general_surgery,23,7,12,2,1,0,General Surgery,False,False
13,interventional_neuroradiology,2,1,1,0,0,0,Interventional Neuroradiology,True,False
13,medical_oncology,11,4,6,0,0,0,Medical Oncology,False,False
13,mental_disorders,1,1,0,0,0,0,Mental Disorders,False,False
13,neonatal,6,2,4,0,0,0,Neo-natal Care,False,False
13,neurosurgery,4,1,3,0,0,0,Neurosurgery,True,False
13,obgyn,12,6,4,1,1,0,Obstetrics & Gynaecology,False,False
13,ophthalmology,14,4,9,0,1,0,Ophthalmology,False,False
13,oral_maxillofacial,6,3,2,0,1,0,Oral & Maxillofacial Surgery,False,False
13,orthopaedics,14,4,10,0,0,0,Orthopaedics,False,False
13,paediatric_cancer,3,1,2,0,0,0,Paediatric Cancer,False,False
13,paediatric_medicine,7,3,4,0,0,0,Paediatric Medical Management,False,False
13,paediatric_surgery,5,1,3,1,0,0,Paediatric Surgery,False,False
13,plastic_surgery,3,1,2,0,0,0,Plastic & Reconstructive Surgery,False,False
13,polytrauma,2,1,1,0,0,0,Polytrauma,False,False
13,radiation_oncology,2,2,0,0,0,0,Radiation Oncology,True,False
13,surgical_oncology,4,1,2,1,0,0,Surgical Oncology,False,False
13,urology,20,2,13,4,0,0,Urology,False,False
14,emergency_room,3,3,0,0,0,2,Emergency Room Packages,False,False
14,ent,3,2,0,1,0,1,Otorhinolaryngology (ENT),False,False
14,general_medicine,3,3,0,0,0,2,General Medicine,False,False
14,general_surgery,3,3,0,0,0,2,General Surgery,False,False
14,neonatal,1,1,0,0,0,0,Neo-natal Care,False,False
14,obgyn,3,3,0,0,0,2,Obstetrics & Gynaecology,False,False
14,ophthalmology,2,1,0,1,0,0,Ophthalmology,False,False
14,oral_maxillofacial,1,1,0,0,0,1,Oral & Maxillofacial Surgery,False,False
14,orthopaedics,1,1,0,0,0,0,Orthopaedics,False,False
14,paediatric_medicine,2,2,0,0,0,1,Paediatric Medical Management,False,False
15,burns,2,1,0,0,1,0,Burns Management,False,False
15,cardiology,1,0,0,0,1,0,Cardiology,True,False
15,ctvs,1,0,0,0,1,0,Cardio-thoracic & Vascular Surgery,True,False
15,emergency_room,11,9,1,0,1,4,Emergency Room Packages,False,False
15,ent,2,1,0,0,1,0,Otorhinolaryngology (ENT),False,False
15,general_medicine,12,9,2,0,1,4,General Medicine,False,False
15,general_surgery,6,3,2,0,1,0,General Surgery,False,False
15,interventional_neuroradiology,2,1,0,0,1,0,Interventional Neuroradiology,True,False
15,medical_oncology,2,1,0,0,1,0,Medical Oncology,False,False
15,mental_disorders,1,1,0,0,0,0,Mental Disorders,False,False
15,neonatal,2,0,1,0,1,0,Neo-natal Care,False,False
15,neurosurgery,2,1,0,0,1,0,Neurosurgery,True,False
15,obgyn,4,1,2,0,1,0,Obstetrics & Gynaecology,False,False
15,ophthalmology,3,1,1,0,1,0,Ophthalmology,False,False
15,oral_maxillofacial,3,2,0,0,1,1,Oral & Maxillofacial Surgery,False,False
15,orthopaedics,4,1,2,0,1,0,Orthopaedics,False,False
15,paediatric_cancer,1,0,0,0,1,0,Paediatric Cancer,False,False
15,paediatric_medicine,3,1,1,0,1,0,Paediatric Medical Management,False,False
15,paediatric_surgery,1,0,0,0,1,0,Paediatric Surgery,False,False
15,plastic_surgery,2,1,0,0,1,0,Plastic & Reconstructive Surgery,False,False
15,polytrauma,1,0,0,0,1,0,Polytrauma,False,False
15,radiation_oncology,1,0,0,0,1,0,Radiation Oncology,True,False
15,surgical_oncology,2,1,0,0,1,0,Surgical Oncology,False,False
15,urology,3,1,1,0,1,0,Urology,False,False
16,cardiology,1,1,0,0,0,0,Cardiology,True,True
16,ctvs,1,1,0,0,0,0,Cardio-thoracic & Vascular Surgery,True,True
16,emergency_room,7,7,0,0,0,3,Emergency Room Packages,False,True
16,ent,1,1,0,0,0,0,Otorhinolaryngology (ENT),False,True
16,general_medicine,9,8,0,1,0,3,General Medicine,False,True
16,general_surgery,8,4,3,1,0,1,General Surgery,False,True
16,interventional_neuroradiology,1,1,0,0,0,0,Interventional Neuroradiology,True,True
16,medical_oncology,1,1,0,0,0,0,Medical Oncology,False,True
16,mental_disorders,1,1,0,0,0,0,Mental Disorders,False,True
16,neonatal,1,1,0,0,0,0,Neo-natal Care,False,True
16,neurosurgery,1,1,0,0,0,0,Neurosurgery,True,True
16,obgyn,4,1,2,1,0,0,Obstetrics & Gynaecology,False,True
16,ophthalmology,3,2,1,0,0,0,Ophthalmology,False,True
16,oral_maxillofacial,2,2,0,0,0,0,Oral & Maxillofacial Surgery,False,True
16,orthopaedics,3,1,1,1,0,0,Orthopaedics,False,True
16,paediatric_medicine,1,1,0,0,0,0,Paediatric Medical Management,False,True
16,paediatric_surgery,1,1,0,0,0,0,Paediatric Surgery,False,True
16,polytrauma,1,1,0,0,0,0,Polytrauma,False,True
16,radiation_oncology,1,1,0,0,0,0,Radiation Oncology,True,True
16,surgical_oncology,1,1,0,0,0,0,Surgical Oncology,False,True
16,urology,3,1,2,0,0,0,Urology,False,True
17,burns,4,3,1,0,0,1,Burns Management,False,False
17,cardiology,3,2,1,0,0,1,Cardiology,True,False
17,ctvs,3,2,1,0,0,1,Cardio-thoracic & Vascular Surgery,True,False
17,emergency_room,11,8,2,1,0,4,Emergency Room Packages,False,False
17,ent,4,3,0,1,0,1,Otorhinolaryngology (ENT),False,False
17,general_medicine,15,8,5,2,0,4,General Medicine,False,False
17,general_surgery,15,7,6,2,0,3,General Surgery,False,False
17,interventional_neuroradiology,3,2,1,0,0,1,Interventional Neuroradiology,True,False
17,medical_oncology,2,2,0,0,0,1,Medical Oncology,False,False
17,mental_disorders,2,2,0,0,0,1,Mental Disorders,False,False
17,neonatal,7,2,4,1,0,1,Neo-natal Care,False,False
17,neurosurgery,3,2,1,0,0,1,Neurosurgery,True,False
17,obgyn,11,3,6,2,0,1,Obstetrics & Gynaecology,False,False
17,ophthalmology,4,2,1,1,0,1,Ophthalmology,False,False
17,oral_maxillofacial,4,3,0,1,0,1,Oral & Maxillofacial Surgery,False,False
17,orthopaedics,8,4,2,2,0,1,Orthopaedics,False,False
17,paediatric_cancer,2,2,0,0,0,1,Paediatric Cancer,False,False
17,paediatric_medicine,8,3,4,1,0,1,Paediatric Medical Management,False,False
17,paediatric_surgery,3,3,0,0,0,1,Paediatric Surgery,False,False
17,plastic_surgery,4,3,1,0,0,1,Plastic & Reconstructive Surgery,False,False
17,polytrauma,3,2,0,1,0,1,Polytrauma,False,False
17,radiation_oncology,2,2,0,0,0,1,Radiation Oncology,True,False
17,surgical_oncology,2,2,0,0,0,1,Surgical Oncology,False,False
17,urology,5,2,2,1,0,1,Urology,False,False
18,burns,2,2,0,0,0,0,Burns Management,False,False
18,cardiology,6,1,4,1,0,0,Cardiology,True,False
18,ctvs,3,1,2,0,0,0,Cardio-thoracic & Vascular Surgery,True,False
18,emergency_room,35,21,14,0,0,9,Emergency Room Packages,False,False
18,ent,10,4,6,0,0,0,Otorhinolaryngology (ENT),False,False
18,general_medicine,43,21,20,2,0,9,General Medicine,False,False
18,general_surgery,30,8,21,1,0,0,General Surgery,False,False
18,interventional_neuroradiology,4,1,3,0,0,0,Interventional Neuroradiology,True,False
18,medical_oncology,2,1,1,0,0,0,Medical Oncology,False,False
18,mental_disorders,2,2,0,0,0,0,Mental Disorders,False,False
18,neonatal,11,2,9,0,0,0,Neo-natal Care,False,False
18,neurosurgery,7,1,6,0,0,0,Neurosurgery,True,False
18,obgyn,18,4,14,0,0,0,Obstetrics & Gynaecology,False,False
18,ophthalmology,19,6,11,2,0,0,Ophthalmology,False,False
18,oral_maxillofacial,8,3,5,0,0,0,Oral & Maxillofacial Surgery,False,False
18,orthopaedics,22,5,16,1,0,0,Orthopaedics,False,False
18,paediatric_cancer,2,1,1,0,0,0,Paediatric Cancer,False,False
18,paediatric_medicine,15,5,10,0,0,1,Paediatric Medical Management,False,False
18,paediatric_surgery,1,1,0,0,0,0,Paediatric Surgery,False,False
18,plastic_surgery,6,1,4,1,0,0,Plastic & Reconstructive Surgery,False,False
18,polytrauma,3,1,2,0,0,0,Polytrauma,False,False
18,radiation_oncology,2,1,1,0,0,0,Radiation Oncology,True,False
18,surgical_oncology,1,1,0,0,0,0,Surgical Oncology,False,False
18,urology,17,1,16,0,0,0,Urology,False,False
19,emergency_room,5,5,0,0,0,3,Emergency Room Packages,False,False
19,general_medicine,5,5,0,0,0,3,General Medicine,False,False
19,general_surgery,1,1,0,0,0,0,General Surgery,False,False
19,ophthalmology,1,1,0,0,0,0,Ophthalmology,False,False
20,burns,1,0,1,0,0,0,Burns Management,False,False
20,emergency_room,12,5,3,4,0,1,Emergency Room Packages,False,False
20,ent,2,1,0,1,0,0,Otorhinolaryngology (ENT),False,False
20,general_medicine,17,7,6,4,0,1,General Medicine,False,False
20,general_surgery,12,2,5,5,0,0,General Surgery,False,False
20,neonatal,4,0,1,3,0,0,Neo-natal Care,False,False
20,obgyn,11,1,6,4,0,0,Obstetrics & Gynaecology,False,False
20,ophthalmology,4,1,3,0,0,0,Ophthalmology,False,False
20,oral_maxillofacial,3,0,2,1,0,0,Oral & Maxillofacial Surgery,False,False
20,orthopaedics,6,1,3,2,0,0,Orthopaedics,False,False
20,paediatric_medicine,6,1,2,3,0,0,Paediatric Medical Management,False,False
20,plastic_surgery,3,0,2,1,0,0,Plastic & Reconstructive Surgery,False,False
20,polytrauma,1,0,1,0,0,0,Polytrauma,False,False
20,urology,5,0,4,1,0,0,Urology,False,False
21,emergency_room,6,6,0,0,0,3,Emergency Room Packages,False,False
21,general_medicine,6,6,0,0,0,3,General Medicine,False,False
22,burns,2,2,0,0,0,0,Burns Management,False,False
22,cardiology,3,2,1,0,0,0,Cardiology,True,False
22,ctvs,1,1,0,0,0,0,Cardio-thoracic & Vascular Surgery,True,False
22,emergency_room,28,20,7,1,0,9,Emergency Room Packages,False,False
22,ent,11,5,6,0,0,0,Otorhinolaryngology (ENT),False,False
22,general_medicine,40,20,18,2,0,9,General Medicine,False,False
22,general_surgery,21,9,10,2,0,2,General Surgery,False,False
22,interventional_neuroradiology,1,1,0,0,0,0,Interventional Neuroradiology,True,False
22,medical_oncology,3,2,0,1,0,0,Medical Oncology,False,False
22,mental_disorders,1,1,0,0,0,0,Mental Disorders,False,False
22,neonatal,6,2,4,0,0,0,Neo-natal Care,False,False
22,obgyn,13,4,8,1,0,0,Obstetrics & Gynaecology,False,False
22,ophthalmology,12,6,5,1,0,0,Ophthalmology,False,False
22,oral_maxillofacial,6,4,0,1,1,0,Oral & Maxillofacial Surgery,False,False
22,orthopaedics,17,6,9,1,1,0,Orthopaedics,False,False
22,paediatric_cancer,2,2,0,0,0,0,Paediatric Cancer,False,False
22,paediatric_medicine,15,6,9,0,0,0,Paediatric Medical Management,False,False
22,paediatric_surgery,2,2,0,0,0,0,Paediatric Surgery,False,False
22,plastic_surgery,2,2,0,0,0,0,Plastic & Reconstructive Surgery,False,False
22,polytrauma,1,1,0,0,0,0,Polytrauma,False,False
22,radiation_oncology,1,1,0,0,0,0,Radiation Oncology,True,False
22,surgical_oncology,2,2,0,0,0,0,Surgical Oncology,False,False
22,urology,10,1,7,2,0,0,Urology,False,False
23,burns,1,1,0,0,0,0,Burns Management,False,False
23,cardiology,2,1,0,1,0,0,Cardiology,True,False
23,ctvs,1,1,0,0,0,0,Cardio-thoracic & Vascular Surgery,True,False
23,emergency_room,16,14,0,2,0,3,Emergency Room Packages,False,False
23,ent,3,3,0,0,0,0,Otorhinolaryngology (ENT),False,False
23,general_medicine,17,14,0,3,0,3,General Medicine,False,False
23,general_surgery,9,6,1,2,0,0,General Surgery,False,False
23,interventional_neuroradiology,1,1,0,0,0,0,Interventional Neuroradiology,True,False
23,medical_oncology,2,2,0,0,0,0,Medical Oncology,False,False
23,mental_disorders,1,1,0,0,0,0,Mental Disorders,False,False
23,neonatal,2,1,0,1,0,0,Neo-natal Care,False,False
23,neurosurgery,3,2,0,1,0,0,Neurosurgery,True,False
23,obgyn,8,5,1,2,0,0,Obstetrics & Gynaecology,False,False
23,ophthalmology,5,4,0,1,0,0,Ophthalmology,False,False
23,oral_maxillofacial,7,6,0,1,0,0,Oral & Maxillofacial Surgery,False,False
23,orthopaedics,6,4,0,2,0,0,Orthopaedics,False,False
23,paediatric_cancer,1,1,0,0,0,0,Paediatric Cancer,False,False
23,paediatric_medicine,5,3,1,1,0,0,Paediatric Medical Management,False,False
23,paediatric_surgery,2,2,0,0,0,0,Paediatric Surgery,False,False
23,plastic_surgery,2,1,0,1,0,0,Plastic & Reconstructive Surgery,False,False
23,polytrauma,1,1,0,0,0,0,Polytrauma,False,False
23,radiation_oncology,2,2,0,0,0,0,Radiation Oncology,True,False
23,surgical_oncology,2,2,0,0,0,0,Surgical Oncology,False,False
23,urology,3,2,0,1,0,0,Urology,False,False
24,cardiology,1,0,1,0,0,0,Cardiology,True,False
24,emergency_room,12,8,3,1,0,2,Emergency Room Packages,False,False
24,ent,3,1,2,0,0,0,Otorhinolaryngology (ENT),False,False
24,general_medicine,13,8,4,1,0,2,General Medicine,False,False
24,general_surgery,7,3,3,1,0,0,General Surgery,False,False
24,interventional_neuroradiology,1,0,1,0,0,0,Interventional Neuroradiology,True,False
24,medical_oncology,2,1,1,0,0,0,Medical Oncology,False,False
24,mental_disorders,1,1,0,0,0,0,Mental Disorders,False,False
24,neonatal,2,0,2,0,0,0,Neo-natal Care,False,False
24,neurosurgery,1,0,1,0,0,0,Neurosurgery,True,False
24,obgyn,7,2,4,1,0,0,Obstetrics & Gynaecology,False,False
24,ophthalmology,8,3,4,1,0,0,Ophthalmology,False,False
24,oral_maxillofacial,3,2,1,0,0,0,Oral & Maxillofacial Surgery,False,False
24,orthopaedics,8,3,4,1,0,0,Orthopaedics,False,False
24,paediatric_medicine,6,2,3,1,0,0,Paediatric Medical Management,False,False
24,plastic_surgery,1,0,1,0,0,0,Plastic & Reconstructive Surgery,False,False
24,surgical_oncology,1,0,1,0,0,0,Surgical Oncology,False,False
24,urology,2,0,2,0,0,0,Urology,False,False
25,burns,4,0,4,0,0,0,Burns Management,False,False
25,cardiology,6,2,2,2,0,1,Cardiology,True,False
25,ctvs,2,0,1,1,0,0,Cardio-thoracic & Vascular Surgery,True,False
25,emergency_room,18,8,9,1,0,1,Emergency Room Packages,False,False
25,ent,9,3,5,1,0,1,Otorhinolaryngology (ENT),False,False
25,general_medicine,27,8,14,5,0,1,General Medicine,False,False
25,general_surgery,20,4,13,3,0,1,General Surgery,False,False
25,interventional_neuroradiology,1,1,0,0,0,1,Interventional Neuroradiology,True,False
25,medical_oncology,1,1,0,0,0,0,Medical Oncology,False,False
25,mental_disorders,2,2,0,0,0,1,Mental Disorders,False,False
25,neonatal,2,1,0,1,0,0,Neo-natal Care,False,False
25,neurosurgery,1,1,0,0,0,1,Neurosurgery,True,False
25,obgyn,15,4,8,3,0,1,Obstetrics & Gynaecology,False,False
25,ophthalmology,12,3,8,1,0,1,Ophthalmology,False,False
25,oral_maxillofacial,5,3,1,1,0,1,Oral & Maxillofacial Surgery,False,False
25,orthopaedics,14,3,8,3,0,1,Orthopaedics,False,False
25,paediatric_cancer,2,1,1,0,0,0,Paediatric Cancer,False,False
25,paediatric_medicine,7,2,4,1,0,0,Paediatric Medical Management,False,False
25,paediatric_surgery,3,0,2,1,0,0,Paediatric Surgery,False,False
25,plastic_surgery,4,0,4,0,0,0,Plastic & Reconstructive Surgery,False,False
25,polytrauma,2,0,1,1,0,0,Polytrauma,False,False
25,radiation_oncology,1,1,0,0,0,0,Radiation Oncology,True,False
25,surgical_oncology,1,1,0,0,0,0,Surgical Oncology,False,False
25,urology,10,0,7,3,0,0,Urology,False,False
26,cardiology,3,0,1,2,0,0,Cardiology,True,False
26,emergency_room,15,10,3,2,0,5,Emergency Room Packages,False,False
26,ent,5,1,3,1,0,0,Otorhinolaryngology (ENT),False,False
26,general_medicine,20,10,8,2,0,5,General Medicine,False,False
26,general_surgery,11,3,6,2,0,0,General Surgery,False,False
26,neonatal,2,1,1,0,0,0,Neo-natal Care,False,False
26,neurosurgery,1,0,0,1,0,0,Neurosurgery,True,False
26,obgyn,7,2,4,1,0,1,Obstetrics & Gynaecology,False,False
26,ophthalmology,6,1,2,3,0,1,Ophthalmology,False,False
26,oral_maxillofacial,4,2,2,0,0,2,Oral & Maxillofacial Surgery,False,False
26,orthopaedics,7,1,5,1,0,0,Orthopaedics,False,False
26,paediatric_medicine,4,1,2,1,0,0,Paediatric Medical Management,False,False
26,paediatric_surgery,2,0,1,1,0,0,Paediatric Surgery,False,False
26,polytrauma,2,0,2,0,0,0,Polytrauma,False,False
26,surgical_oncology,1,0,0,1,0,0,Surgical Oncology,False,False
26,urology,6,0,5,1,0,0,Urology,False,False
27,burns,35,9,24,2,0,5,Burns Management,False,False
27,cardiology,29,9,18,2,0,5,Cardiology,True,False
27,ctvs,17,9,8,0,0,5,Cardio-thoracic & Vascular Surgery,True,False
27,emergency_room,71,11,56,3,1,6,Emergency Room Packages,False,False
27,ent,51,9,39,3,0,5,Otorhinolaryngology (ENT),False,False
27,general_medicine,84,11,68,4,1,6,General Medicine,False,False
27,general_surgery,77,11,62,4,0,6,General Surgery,False,False
27,interventional_neuroradiology,38,9,26,3,0,5,Interventional Neuroradiology,True,False
27,medical_oncology,21,9,11,1,0,5,Medical Oncology,False,False
27,mental_disorders,9,9,0,0,0,5,Mental Disorders,False,False
27,neonatal,16,9,7,0,0,5,Neo-natal Care,False,False
27,neurosurgery,49,9,37,3,0,5,Neurosurgery,True,False
27,obgyn,64,11,50,3,0,6,Obstetrics & Gynaecology,False,False
27,ophthalmology,16,9,7,0,0,5,Ophthalmology,False,False
27,oral_maxillofacial,20,11,7,2,0,6,Oral & Maxillofacial Surgery,False,False
27,orthopaedics,70,9,57,4,0,5,Orthopaedics,False,False
27,paediatric_cancer,14,9,3,2,0,5,Paediatric Cancer,False,False
27,paediatric_medicine,53,10,40,3,0,6,Paediatric Medical Management,False,False
27,paediatric_surgery,20,9,9,2,0,5,Paediatric Surgery,False,False
27,plastic_surgery,40,9,29,2,0,5,Plastic & Reconstructive Surgery,False,False
27,polytrauma,35,9,23,3,0,5,Polytrauma,False,False
27,radiation_oncology,11,9,2,0,0,5,Radiation Oncology,True,False
27,surgical_oncology,20,9,9,2,0,5,Surgical Oncology,False,False
27,urology,68,9,55,4,0,5,Urology,False,False
28,burns,25,13,10,1,1,9,Burns Management,False,False
28,cardiology,22,13,7,1,1,9,Cardiology,True,False
28,ctvs,17,13,2,1,1,9,Cardio-thoracic & Vascular Surgery,True,False
28,emergency_room,50,14,32,3,1,9,Emergency Room Packages,False,False
28,ent,26,13,11,1,1,9,Otorhinolaryngology (ENT),False,False
28,general_medicine,64,14,45,4,1,9,General Medicine,False,False
28,general_surgery,57,14,39,3,1,9,General Surgery,False,False
28,interventional_neuroradiology,20,13,6,1,0,9,Interventional Neuroradiology,True,False
28,medical_oncology,24,14,8,1,1,9,Medical Oncology,False,False
28,mental_disorders,13,13,0,0,0,9,Mental Disorders,False,False
28,neonatal,26,13,9,3,1,9,Neo-natal Care,False,False
28,neurosurgery,30,13,14,2,1,9,Neurosurgery,True,False
28,obgyn,40,14,23,2,1,9,Obstetrics & Gynaecology,False,False
28,ophthalmology,27,13,11,2,1,9,Ophthalmology,False,False
28,oral_maxillofacial,19,14,3,1,1,9,Oral & Maxillofacial Surgery,False,False
28,orthopaedics,58,13,41,3,1,9,Orthopaedics,False,False
28,paediatric_cancer,16,14,1,0,1,9,Paediatric Cancer,False,False
28,paediatric_medicine,32,13,15,3,1,9,Paediatric Medical Management,False,False
28,paediatric_surgery,18,14,1,2,1,9,Paediatric Surgery,False,False
28,plastic_surgery,29,13,14,1,1,9,Plastic & Reconstructive Surgery,False,False
28,polytrauma,23,13,8,1,1,9,Polytrauma,False,False
28,radiation_oncology,18,14,2,1,1,9,Radiation Oncology,True,False
28,surgical_oncology,21,14,5,1,1,9,Surgical Oncology,False,False
28,urology,43,13,27,2,1,9,Urology,False,False
29,burns,6,6,0,0,0,3,Burns Management,False,False
29,cardiology,6,6,0,0,0,3,Cardiology,True,False
29,ctvs,6,6,0,0,0,3,Cardio-thoracic & Vascular Surgery,True,False
29,emergency_room,10,6,2,2,0,3,Emergency Room Packages,False,False
29,ent,6,6,0,0,0,3,Otorhinolaryngology (ENT),False,False
29,general_medicine,11,6,2,3,0,3,General Medicine,False,False
29,general_surgery,9,6,2,1,0,3,General Surgery,False,False
29,interventional_neuroradiology,6,6,0,0,0,3,Interventional Neuroradiology,True,False
29,medical_oncology,6,6,0,0,0,3,Medical Oncology,False,False
29,mental_disorders,6,6,0,0,0,3,Mental Disorders,False,False
29,neonatal,10,6,2,2,0,3,Neo-natal Care,False,False
29,neurosurgery,6,6,0,0,0,3,Neurosurgery,True,False
29,obgyn,8,6,2,0,0,3,Obstetrics & Gynaecology,False,False
29,ophthalmology,8,6,2,0,0,3,Ophthalmology,False,False
29,oral_maxillofacial,7,6,0,1,0,3,Oral & Maxillofacial Surgery,False,False
29,orthopaedics,9,6,2,1,0,3,Orthopaedics,False,False
29,paediatric_cancer,6,6,0,0,0,3,Paediatric Cancer,False,False
29,paediatric_medicine,10,6,2,2,0,3,Paediatric Medical Management,False,False
29,paediatric_surgery,6,6,0,0,0,3,Paediatric Surgery,False,False
29,plastic_surgery,6,6,0,0,0,3,Plastic & Reconstructive Surgery,False,False
29,polytrauma,6,6,0,0,0,3,Polytrauma,False,False
29,radiation_oncology,6,6,0,0,0,3,Radiation Oncology,True,False
29,surgical_oncology,6,6,0,0,0,3,Surgical Oncology,False,False
29,urology,8,6,2,0,0,3,Urology,False,False
30,burns,8,7,1,0,0,5,Burns Management,False,False
30,cardiology,8,7,0,1,0,5,Cardiology,True,False
30,ctvs,7,7,0,0,0,5,Cardio-thoracic & Vascular Surgery,True,False
30,emergency_room,11,7,3,1,0,5,Emergency Room Packages,False,False
30,ent,10,7,2,1,0,5,Otorhinolaryngology (ENT),False,False
30,general_medicine,13,7,5,1,0,5,General Medicine,False,False
30,general_surgery,12,7,4,1,0,5,General Surgery,False,False
30,interventional_neuroradiology,7,7,0,0,0,5,Interventional Neuroradiology,True,False
30,medical_oncology,8,7,1,0,0,5,Medical Oncology,False,False
30,mental_disorders,7,7,0,0,0,5,Mental Disorders,False,False
30,neonatal,8,7,1,0,0,5,Neo-natal Care,False,False
30,neurosurgery,7,7,0,0,0,5,Neurosurgery,True,False
30,obgyn,11,7,4,0,0,5,Obstetrics & Gynaecology,False,False
30,ophthalmology,7,7,0,0,0,5,Ophthalmology,False,False
30,oral_maxillofacial,7,7,0,0,0,5,Oral & Maxillofacial Surgery,False,False
30,orthopaedics,12,7,4,1,0,5,Orthopaedics,False,False
30,paediatric_cancer,7,7,0,0,0,5,Paediatric Cancer,False,False
30,paediatric_medicine,9,7,2,0,0,5,Paediatric Medical Management,False,False
30,paediatric_surgery,7,7,0,0,0,5,Paediatric Surgery,False,False
30,plastic_surgery,8,7,1,0,0,5,Plastic & Reconstructive Surgery,False,False
30,polytrauma,8,7,0,1,0,5,Polytrauma,False,False
30,radiation_oncology,7,7,0,0,0,5,Radiation Oncology,True,False
30,surgical_oncology,8,7,1,0,0,5,Surgical Oncology,False,False
30,urology,13,7,5,1,0,5,Urology,False,False
31,burns,7,6,1,0,0,4,Burns Management,False,True
31,cardiology,7,6,1,0,0,4,Cardiology,True,True
31,ctvs,6,6,0,0,0,4,Cardio-thoracic & Vascular Surgery,True,True
31,emergency_room,12,6,5,0,1,4,Emergency Room Packages,False,True
31,ent,8,6,2,0,0,4,Otorhinolaryngology (ENT),False,True
31,general_medicine,13,6,6,0,1,4,General Medicine,False,True
31,general_surgery,15,6,7,1,1,4,General Surgery,False,True
31,interventional_neuroradiology,6,6,0,0,0,4,Interventional Neuroradiology,True,True
31,medical_oncology,6,6,0,0,0,4,Medical Oncology,False,True
31,mental_disorders,6,6,0,0,0,4,Mental Disorders,False,True
31,neonatal,8,6,2,0,0,4,Neo-natal Care,False,True
31,neurosurgery,7,6,1,0,0,4,Neurosurgery,True,True
31,obgyn,11,6,4,0,1,4,Obstetrics & Gynaecology,False,True
31,ophthalmology,11,6,3,1,1,4,Ophthalmology,False,True
31,oral_maxillofacial,8,6,2,0,0,4,Oral & Maxillofacial Surgery,False,True
31,orthopaedics,13,6,5,1,1,4,Orthopaedics,False,True
31,paediatric_cancer,6,6,0,0,0,4,Paediatric Cancer,False,True
31,paediatric_medicine,10,6,3,1,0,4,Paediatric Medical Management,False,True
31,paediatric_surgery,8,6,2,0,0,4,Paediatric Surgery,False,True
31,plastic_surgery,7,6,1,0,0,4,Plastic & Reconstructive Surgery,False,True
31,polytrauma,8,6,2,0,0,4,Polytrauma,False,True
31,radiation_oncology,6,6,0,0,0,4,Radiation Oncology,True,True
31,surgical_oncology,6,6,0,0,0,4,Surgical Oncology,False,True
31,urology,10,6,3,1,0,4,Urology,False,True
32,burns,11,11,0,0,0,8,Burns Management,False,False
32,cardiology,11,11,0,0,0,8,Cardiology,True,False
32,ctvs,11,11,0,0,0,8,Cardio-thoracic & Vascular Surgery,True,False
32,emergency_room,25,12,12,1,0,9,Emergency Room Packages,False,False
32,ent,12,11,1,0,0,8,Otorhinolaryngology (ENT),False,False
32,general_medicine,31,12,17,2,0,9,General Medicine,False,False
32,general_surgery,31,11,17,3,0,8,General Surgery,False,False
32,interventional_neuroradiology,12,11,1,0,0,8,Interventional Neuroradiology,True,False
32,medical_oncology,11,11,0,0,0,8,Medical Oncology,False,False
32,mental_disorders,11,11,0,0,0,8,Mental Disorders,False,False
32,neonatal,13,11,2,0,0,8,Neo-natal Care,False,False
32,neurosurgery,12,11,1,0,0,8,Neurosurgery,True,False
32,obgyn,21,11,7,3,0,8,Obstetrics & Gynaecology,False,False
32,ophthalmology,16,11,3,2,0,8,Ophthalmology,False,False
32,oral_maxillofacial,12,11,1,0,0,8,Oral & Maxillofacial Surgery,False,False
32,orthopaedics,23,11,10,2,0,8,Orthopaedics,False,False
32,paediatric_cancer,11,11,0,0,0,8,Paediatric Cancer,False,False
32,paediatric_medicine,14,11,3,0,0,8,Paediatric Medical Management,False,False
32,paediatric_surgery,11,11,0,0,0,8,Paediatric Surgery,False,False
32,plastic_surgery,11,11,0,0,0,8,Plastic & Reconstructive Surgery,False,False
32,polytrauma,13,11,1,1,0,8,Polytrauma,False,False
32,radiation_oncology,11,11,0,0,0,8,Radiation Oncology,True,False
32,surgical_oncology,11,11,0,0,0,8,Surgical Oncology,False,False
32,urology,30,11,16,3,0,8,Urology,False,False
33,burns,12,12,0,0,0,8,Burns Management,False,False
33,cardiology,13,12,0,1,0,8,Cardiology,True,False
33,ctvs,12,12,0,0,0,8,Cardio-thoracic & Vascular Surgery,True,False
33,emergency_room,20,14,2,3,1,10,Emergency Room Packages,False,False
33,ent,14,12,0,2,0,8,Otorhinolaryngology (ENT),False,False
33,general_medicine,20,14,2,3,1,10,General Medicine,False,False
33,general_surgery,20,13,2,4,1,9,General Surgery,False,False
33,interventional_neuroradiology,13,12,0,1,0,8,Interventional Neuroradiology,True,False
33,medical_oncology,12,12,0,0,0,8,Medical Oncology,False,False
33,mental_disorders,13,12,0,0,1,8,Mental Disorders,False,False
33,neonatal,14,13,0,1,0,9,Neo-natal Care,False,False
33,neurosurgery,13,12,0,1,0,8,Neurosurgery,True,False
33,obgyn,18,13,1,3,1,9,Obstetrics & Gynaecology,False,False
33,ophthalmology,14,12,0,1,1,8,Ophthalmology,False,False
33,oral_maxillofacial,16,12,2,1,1,8,Oral & Maxillofacial Surgery,False,False
33,orthopaedics,16,12,2,2,0,8,Orthopaedics,False,False
33,paediatric_cancer,12,12,0,0,0,8,Paediatric Cancer,False,False
33,paediatric_medicine,15,13,1,1,0,9,Paediatric Medical Management,False,False
33,paediatric_surgery,12,12,0,0,0,8,Paediatric Surgery,False,False
33,plastic_surgery,12,12,0,0,0,8,Plastic & Reconstructive Surgery,False,False
33,polytrauma,13,12,0,1,0,8,Polytrauma,False,False
33,radiation_oncology,13,12,0,1,0,8,Radiation Oncology,True,False
33,surgical_oncology,13,12,0,1,0,8,Surgical Oncology,False,False
33,urology,16,12,2,2,0,8,Urology,False,False
34,burns,29,13,12,3,1,10,Burns Management,False,False
34,cardiology,28,13,11,3,1,10,Cardiology,True,False
34,ctvs,22,13,7,1,1,10,Cardio-thoracic & Vascular Surgery,True,False
34,emergency_room,43,14,20,8,1,10,Emergency Room Packages,False,False
34,ent,28,14,10,3,1,10,Otorhinolaryngology (ENT),False,False
34,general_medicine,50,14,27,8,1,10,General Medicine,False,False
34,general_surgery,47,14,26,6,1,10,General Surgery,False,False
34,interventional_neuroradiology,29,13,13,2,1,10,Interventional Neuroradiology,True,False
34,medical_oncology,19,13,5,0,1,10,Medical Oncology,False,False
34,mental_disorders,15,14,0,0,1,10,Mental Disorders,False,False
34,neonatal,25,14,8,2,1,10,Neo-natal Care,False,False
34,neurosurgery,37,14,19,3,1,10,Neurosurgery,True,False
34,obgyn,30,14,10,5,1,10,Obstetrics & Gynaecology,False,False
34,ophthalmology,26,14,9,2,1,10,Ophthalmology,False,False
34,oral_maxillofacial,22,14,6,1,1,10,Oral & Maxillofacial Surgery,False,False
34,orthopaedics,47,14,26,6,1,10,Orthopaedics,False,False
34,paediatric_cancer,16,13,2,0,1,10,Paediatric Cancer,False,False
34,paediatric_medicine,33,14,14,4,1,10,Paediatric Medical Management,False,False
34,paediatric_surgery,17,13,3,0,1,10,Paediatric Surgery,False,False
34,plastic_surgery,31,13,14,3,1,10,Plastic & Reconstructive Surgery,False,False
34,polytrauma,27,13,11,2,1,10,Polytrauma,False,False
34,radiation_oncology,15,13,1,0,1,10,Radiation Oncology,True,False
34,surgical_oncology,19,13,5,0,1,10,Surgical Oncology,False,False
34,urology,42,14,20,7,1,10,Urology,False,False
35,burns,10,9,0,1,0,5,Burns Management,False,False
35,cardiology,9,9,0,0,0,5,Cardiology,True,False
35,ctvs,9,9,0,0,0,5,Cardio-thoracic & Vascular Surgery,True,False
35,emergency_room,9,9,0,0,0,5,Emergency Room Packages,False,False
35,ent,9,9,0,0,0,5,Otorhinolaryngology (ENT),False,False
35,general_medicine,11,9,0,2,0,5,General Medicine,False,False
35,general_surgery,11,9,0,2,0,5,General Surgery,False,False
35,interventional_neuroradiology,9,9,0,0,0,5,Interventional Neuroradiology,True,False
35,medical_oncology,9,9,0,0,0,5,Medical Oncology,False,False
35,mental_disorders,9,9,0,0,0,5,Mental Disorders,False,False
35,neonatal,9,9,0,0,0,5,Neo-natal Care,False,False
35,neurosurgery,9,9,0,0,0,5,Neurosurgery,True,False
35,obgyn,11,9,0,2,0,5,Obstetrics & Gynaecology,False,False
35,ophthalmology,9,9,0,0,0,5,Ophthalmology,False,False
35,oral_maxillofacial,9,9,0,0,0,5,Oral & Maxillofacial Surgery,False,False
35,orthopaedics,13,9,2,2,0,5,Orthopaedics,False,False
35,paediatric_cancer,9,9,0,0,0,5,Paediatric Cancer,False,False
35,paediatric_medicine,9,9,0,0,0,5,Paediatric Medical Management,False,False
35,paediatric_surgery,9,9,0,0,0,5,Paediatric Surgery,False,False
35,plastic_surgery,10,9,0,1,0,5,Plastic & Reconstructive Surgery,False,False
35,polytrauma,9,9,0,0,0,5,Polytrauma,False,False
35,radiation_oncology,9,9,0,0,0,5,Radiation Oncology,True,False
35,surgical_oncology,9,9,0,0,0,5,Surgical Oncology,False,False
35,urology,11,9,0,2,0,5,Urology,False,False
36,burns,22,16,5,1,0,11,Burns Management,False,False
36,cardiology,26,16,7,3,0,11,Cardiology,True,False
36,ctvs,19,16,2,1,0,11,Cardio-thoracic & Vascular Surgery,True,False
36,emergency_room,51,18,28,5,0,12,Emergency Room Packages,False,False
36,ent,24,16,7,1,0,11,Otorhinolaryngology (ENT),False,False
36,general_medicine,65,18,38,9,0,12,General Medicine,False,False
36,general_surgery,64,16,41,7,0,11,General Surgery,False,False
36,interventional_neuroradiology,22,16,5,1,0,11,Interventional Neuroradiology,True,False
36,medical_oncology,20,16,3,1,0,11,Medical Oncology,False,False
36,mental_disorders,16,16,0,0,0,11,Mental Disorders,False,False
36,neonatal,23,16,5,2,0,11,Neo-natal Care,False,False
36,neurosurgery,26,16,9,1,0,11,Neurosurgery,True,False
36,obgyn,52,16,32,4,0,11,Obstetrics & Gynaecology,False,False
36,ophthalmology,31,16,6,9,0,11,Ophthalmology,False,False
36,oral_maxillofacial,22,16,3,3,0,11,Oral & Maxillofacial Surgery,False,False
36,orthopaedics,67,16,43,8,0,11,Orthopaedics,False,False
36,paediatric_cancer,16,16,0,0,0,11,Paediatric Cancer,False,False
36,paediatric_medicine,32,17,12,3,0,11,Paediatric Medical Management,False,False
36,paediatric_surgery,20,16,4,0,0,11,Paediatric Surgery,False,False
36,plastic_surgery,23,16,6,1,0,11,Plastic & Reconstructive Surgery,False,False
36,polytrauma,27,16,8,3,0,11,Polytrauma,False,False
36,radiation_oncology,17,16,1,0,0,11,Radiation Oncology,True,False
36,surgical_oncology,22,16,5,1,0,11,Surgical Oncology,False,False
36,urology,63,16,44,3,0,11,Urology,False,False
37,burns,6,6,0,0,0,3,Burns Management,False,False
37,cardiology,7,6,1,0,0,3,Cardiology,True,False
37,ctvs,6,6,0,0,0,3,Cardio-thoracic & Vascular Surgery,True,False
37,emergency_room,9,6,3,0,0,3,Emergency Room Packages,False,False
37,ent,6,6,0,0,0,3,Otorhinolaryngology (ENT),False,False
37,general_medicine,9,6,3,0,0,3,General Medicine,False,False
37,general_surgery,9,6,3,0,0,3,General Surgery,False,False
37,interventional_neuroradiology,7,6,1,0,0,3,Interventional Neuroradiology,True,False
37,medical_oncology,6,6,0,0,0,3,Medical Oncology,False,False
37,mental_disorders,6,6,0,0,0,3,Mental Disorders,False,False
37,neonatal,8,6,2,0,0,3,Neo-natal Care,False,False
37,neurosurgery,7,6,1,0,0,3,Neurosurgery,True,False
37,obgyn,11,6,5,0,0,3,Obstetrics & Gynaecology,False,False
37,ophthalmology,7,6,0,1,0,3,Ophthalmology,False,False
37,oral_maxillofacial,6,6,0,0,0,3,Oral & Maxillofacial Surgery,False,False
37,orthopaedics,10,6,4,0,0,3,Orthopaedics,False,False
37,paediatric_cancer,6,6,0,0,0,3,Paediatric Cancer,False,False
37,paediatric_medicine,7,6,1,0,0,3,Paediatric Medical Management,False,False
37,paediatric_surgery,6,6,0,0,0,3,Paediatric Surgery,False,False
37,plastic_surgery,6,6,0,0,0,3,Plastic & Reconstructive Surgery,False,False
37,polytrauma,8,6,2,0,0,3,Polytrauma,False,False
37,radiation_oncology,6,6,0,0,0,3,Radiation Oncology,True,False
37,surgical_oncology,6,6,0,0,0,3,Surgical Oncology,False,False
37,urology,9,6,3,0,0,3,Urology,False,False
38,burns,8,7,1,0,0,6,Burns Management,False,True
38,cardiology,11,7,4,0,0,6,Cardiology,True,True
38,ctvs,7,7,0,0,0,6,Cardio-thoracic & Vascular Surgery,True,True
38,emergency_room,20,7,10,3,0,6,Emergency Room Packages,False,True
38,ent,7,7,0,0,0,6,Otorhinolaryngology (ENT),False,True
38,general_medicine,21,7,11,3,0,6,General Medicine,False,True
38,general_surgery,24,7,14,3,0,6,General Surgery,False,True
38,interventional_neuroradiology,9,7,2,0,0,6,Interventional Neuroradiology,True,True
38,medical_oncology,7,7,0,0,0,6,Medical Oncology,False,True
38,mental_disorders,7,7,0,0,0,6,Mental Disorders,False,True
38,neonatal,12,7,5,0,0,6,Neo-natal Care,False,True
38,neurosurgery,10,7,3,0,0,6,Neurosurgery,True,True
38,obgyn,21,7,11,3,0,6,Obstetrics & Gynaecology,False,True
38,ophthalmology,10,7,3,0,0,6,Ophthalmology,False,True
38,oral_maxillofacial,10,7,3,0,0,6,Oral & Maxillofacial Surgery,False,True
38,orthopaedics,16,7,7,2,0,6,Orthopaedics,False,True
38,paediatric_cancer,7,7,0,0,0,6,Paediatric Cancer,False,True
38,paediatric_medicine,13,7,6,0,0,6,Paediatric Medical Management,False,True
38,paediatric_surgery,8,7,1,0,0,6,Paediatric Surgery,False,True
38,plastic_surgery,8,7,1,0,0,6,Plastic & Reconstructive Surgery,False,True
38,polytrauma,10,7,3,0,0,6,Polytrauma,False,True
38,radiation_oncology,7,7,0,0,0,6,Radiation Oncology,True,True
38,surgical_oncology,7,7,0,0,0,6,Surgical Oncology,False,True
38,urology,19,7,10,2,0,6,Urology,False,True
39,burns,10,9,1,0,0,6,Burns Management,False,False
39,cardiology,11,9,2,0,0,6,Cardiology,True,False
39,ctvs,9,9,0,0,0,6,Cardio-thoracic & Vascular Surgery,True,False
39,emergency_room,15,10,5,0,0,7,Emergency Room Packages,False,False
39,ent,10,9,1,0,0,6,Otorhinolaryngology (ENT),False,False
39,general_medicine,18,10,8,0,0,7,General Medicine,False,False
39,general_surgery,20,10,10,0,0,7,General Surgery,False,False
39,interventional_neuroradiology,10,9,1,0,0,6,Interventional Neuroradiology,True,False
39,medical_oncology,9,9,0,0,0,6,Medical Oncology,False,False
39,mental_disorders,9,9,0,0,0,6,Mental Disorders,False,False
39,neonatal,11,9,2,0,0,6,Neo-natal Care,False,False
39,neurosurgery,10,9,1,0,0,6,Neurosurgery,True,False
39,obgyn,18,10,8,0,0,7,Obstetrics & Gynaecology,False,False
39,ophthalmology,9,9,0,0,0,6,Ophthalmology,False,False
39,oral_maxillofacial,9,9,0,0,0,6,Oral & Maxillofacial Surgery,False,False
39,orthopaedics,20,9,11,0,0,6,Orthopaedics,False,False
39,paediatric_cancer,9,9,0,0,0,6,Paediatric Cancer,False,False
39,paediatric_medicine,11,9,2,0,0,6,Paediatric Medical Management,False,False
39,paediatric_surgery,9,9,0,0,0,6,Paediatric Surgery,False,False
39,plastic_surgery,10,9,1,0,0,6,Plastic & Reconstructive Surgery,False,False
39,polytrauma,10,9,1,0,0,6,Polytrauma,False,False
39,radiation_oncology,9,9,0,0,0,6,Radiation Oncology,True,False
39,surgical_oncology,9,9,0,0,0,6,Surgical Oncology,False,False
39,urology,19,9,10,0,0,6,Urology,False,False
40,burns,6,6,0,0,0,4,Burns Management,False,False
40,cardiology,7,6,1,0,0,4,Cardiology,True,False
40,ctvs,7,6,1,0,0,4,Cardio-thoracic & Vascular Surgery,True,False
40,emergency_room,6,6,0,0,0,4,Emergency Room Packages,False,False
40,ent,6,6,0,0,0,4,Otorhinolaryngology (ENT),False,False
40,general_medicine,9,6,3,0,0,4,General Medicine,False,False
40,general_surgery,10,6,4,0,0,4,General Surgery,False,False
40,interventional_neuroradiology,6,6,0,0,0,4,Interventional Neuroradiology,True,False
40,medical_oncology,6,6,0,0,0,4,Medical Oncology,False,False
40,mental_disorders,6,6,0,0,0,4,Mental Disorders,False,False
40,neonatal,6,6,0,0,0,4,Neo-natal Care,False,False
40,neurosurgery,6,6,0,0,0,4,Neurosurgery,True,False
40,obgyn,7,6,1,0,0,4,Obstetrics & Gynaecology,False,False
40,ophthalmology,6,6,0,0,0,4,Ophthalmology,False,False
40,oral_maxillofacial,6,6,0,0,0,4,Oral & Maxillofacial Surgery,False,False
40,orthopaedics,9,6,3,0,0,4,Orthopaedics,False,False
40,paediatric_cancer,6,6,0,0,0,4,Paediatric Cancer,False,False
40,paediatric_medicine,6,6,0,0,0,4,Paediatric Medical Management,False,False
40,paediatric_surgery,6,6,0,0,0,4,Paediatric Surgery,False,False
40,plastic_surgery,6,6,0,0,0,4,Plastic & Reconstructive Surgery,False,False
40,polytrauma,7,6,1,0,0,4,Polytrauma,False,False
40,radiation_oncology,6,6,0,0,0,4,Radiation Oncology,True,False
40,surgical_oncology,6,6,0,0,0,4,Surgical Oncology,False,False
40,urology,10,6,4,0,0,4,Urology,False,False
41,burns,22,13,8,1,0,8,Burns Management,False,False
41,cardiology,20,13,5,2,0,8,Cardiology,True,False
41,ctvs,18,13,3,2,0,8,Cardio-thoracic & Vascular Surgery,True,False
41,emergency_room,33,13,19,1,0,8,Emergency Room Packages,False,False
41,ent,25,13,11,1,0,8,Otorhinolaryngology (ENT),False,False
41,general_medicine,42,14,27,1,0,8,General Medicine,False,False
41,general_surgery,45,13,28,4,0,8,General Surgery,False,False
41,interventional_neuroradiology,18,13,4,1,0,8,Interventional Neuroradiology,True,False
41,medical_oncology,23,13,8,2,0,8,Medical Oncology,False,False
41,mental_disorders,13,13,0,0,0,8,Mental Disorders,False,False
41,neonatal,30,13,14,3,0,8,Neo-natal Care,False,False
41,neurosurgery,26,13,12,1,0,8,Neurosurgery,True,False
41,obgyn,34,13,19,2,0,8,Obstetrics & Gynaecology,False,False
41,ophthalmology,23,13,8,2,0,8,Ophthalmology,False,False
41,oral_maxillofacial,18,13,4,1,0,8,Oral & Maxillofacial Surgery,False,False
41,orthopaedics,38,13,22,3,0,8,Orthopaedics,False,False
41,paediatric_cancer,14,13,0,1,0,8,Paediatric Cancer,False,False
41,paediatric_medicine,31,13,16,2,0,8,Paediatric Medical Management,False,False
41,paediatric_surgery,18,13,4,1,0,8,Paediatric Surgery,False,False
41,plastic_surgery,28,13,13,2,0,8,Plastic & Reconstructive Surgery,False,False
41,polytrauma,23,13,9,1,0,8,Polytrauma,False,False
41,radiation_oncology,15,13,1,1,0,8,Radiation Oncology,True,False
41,surgical_oncology,22,13,8,1,0,8,Surgical Oncology,False,False
41,urology,41,13,25,3,0,8,Urology,False,False
42,burns,11,7,3,1,0,4,Burns Management,False,False
42,cardiology,10,7,2,1,0,4,Cardiology,True,False
42,ctvs,8,7,1,0,0,4,Cardio-thoracic & Vascular Surgery,True,False
42,emergency_room,20,7,7,5,1,4,Emergency Room Packages,False,False
42,ent,16,7,5,4,0,4,Otorhinolaryngology (ENT),False,False
42,general_medicine,21,7,8,5,1,4,General Medicine,False,False
42,general_surgery,24,7,10,6,1,4,General Surgery,False,False
42,interventional_neuroradiology,12,7,3,2,0,4,Interventional Neuroradiology,True,False
42,medical_oncology,7,7,0,0,0,4,Medical Oncology,False,False
42,mental_disorders,7,7,0,0,0,4,Mental Disorders,False,False
42,neonatal,8,7,0,1,0,4,Neo-natal Care,False,False
42,neurosurgery,13,7,4,2,0,4,Neurosurgery,True,False
42,obgyn,17,7,7,3,0,4,Obstetrics & Gynaecology,False,False
42,ophthalmology,11,7,3,1,0,4,Ophthalmology,False,False
42,oral_maxillofacial,15,7,4,3,1,4,Oral & Maxillofacial Surgery,False,False
42,orthopaedics,18,7,7,4,0,4,Orthopaedics,False,False
42,paediatric_cancer,7,7,0,0,0,4,Paediatric Cancer,False,False
42,paediatric_medicine,9,7,0,2,0,4,Paediatric Medical Management,False,False
42,paediatric_surgery,7,7,0,0,0,4,Paediatric Surgery,False,False
42,plastic_surgery,11,7,3,1,0,4,Plastic & Reconstructive Surgery,False,False
42,polytrauma,11,7,3,1,0,4,Polytrauma,False,False
42,radiation_oncology,7,7,0,0,0,4,Radiation Oncology,True,False
42,surgical_oncology,9,7,2,0,0,4,Surgical Oncology,False,False
42,urology,21,7,9,5,0,4,Urology,False,False
43,burns,11,8,2,1,0,4,Burns Management,False,False
43,cardiology,9,8,1,0,0,4,Cardiology,True,False
43,ctvs,8,8,0,0,0,4,Cardio-thoracic & Vascular Surgery,True,False
43,emergency_room,12,9,2,1,0,4,Emergency Room Packages,False,False
43,ent,9,8,1,0,0,4,Otorhinolaryngology (ENT),False,False
43,general_medicine,16,9,6,1,0,4,General Medicine,False,False
43,general_surgery,17,9,7,1,0,4,General Surgery,False,False
43,interventional_neuroradiology,9,8,1,0,0,4,Interventional Neuroradiology,True,False
43,medical_oncology,10,9,1,0,0,4,Medical Oncology,False,False
43,mental_disorders,8,8,0,0,0,4,Mental Disorders,False,False
43,neonatal,12,8,4,0,0,4,Neo-natal Care,False,False
43,neurosurgery,10,8,2,0,0,4,Neurosurgery,True,False
43,obgyn,15,8,7,0,0,4,Obstetrics & Gynaecology,False,False
43,ophthalmology,10,8,1,1,0,4,Ophthalmology,False,False
43,oral_maxillofacial,9,8,1,0,0,4,Oral & Maxillofacial Surgery,False,False
43,orthopaedics,16,8,7,1,0,4,Orthopaedics,False,False
43,paediatric_cancer,8,8,0,0,0,4,Paediatric Cancer,False,False
43,paediatric_medicine,12,8,4,0,0,4,Paediatric Medical Management,False,False
43,paediatric_surgery,11,8,3,0,0,4,Paediatric Surgery,False,False
43,plastic_surgery,12,8,3,1,0,4,Plastic & Reconstructive Surgery,False,False
43,polytrauma,9,8,1,0,0,4,Polytrauma,False,False
43,radiation_oncology,9,9,0,0,0,4,Radiation Oncology,True,False
43,surgical_oncology,10,9,1,0,0,4,Surgical Oncology,False,False
43,urology,15,8,7,0,0,4,Urology,False,False
44,burns,4,1,2,0,1,0,Burns Management,False,False
44,cardiology,6,1,4,0,1,0,Cardiology,True,False
44,ctvs,6,1,4,0,1,0,Cardio-thoracic & Vascular Surgery,True,False
44,emergency_room,14,5,7,0,2,0,Emergency Room Packages,False,False
44,ent,9,4,4,0,1,0,Otorhinolaryngology (ENT),False,False
44,general_medicine,21,5,13,1,2,0,General Medicine,False,False
44,general_surgery,16,4,9,1,2,0,General Surgery,False,False
44,interventional_neuroradiology,3,1,1,0,1,0,Interventional Neuroradiology,True,False
44,medical_oncology,4,1,2,0,1,0,Medical Oncology,False,False
44,mental_disorders,3,3,0,0,0,0,Mental Disorders,False,False
44,neonatal,6,2,3,0,1,0,Neo-natal Care,False,False
44,neurosurgery,7,1,5,0,1,0,Neurosurgery,True,False
44,obgyn,12,5,5,0,2,0,Obstetrics & Gynaecology,False,False
44,ophthalmology,16,5,9,0,2,0,Ophthalmology,False,False
44,oral_maxillofacial,8,4,2,0,2,0,Oral & Maxillofacial Surgery,False,False
44,orthopaedics,14,4,9,0,1,0,Orthopaedics,False,False
44,paediatric_cancer,2,1,0,0,1,0,Paediatric Cancer,False,False
44,paediatric_medicine,14,5,7,0,2,0,Paediatric Medical Management,False,False
44,paediatric_surgery,3,0,2,0,1,0,Paediatric Surgery,False,False
44,plastic_surgery,5,1,3,0,1,0,Plastic & Reconstructive Surgery,False,False
44,polytrauma,4,1,2,0,1,0,Polytrauma,False,False
44,radiation_oncology,2,1,0,0,1,0,Radiation Oncology,True,False
44,surgical_oncology,5,1,3,0,1,0,Surgical Oncology,False,False
44,urology,10,1,7,1,1,0,Urology,False,False
45,burns,1,1,0,0,0,0,Burns Management,False,False
45,cardiology,2,2,0,0,0,0,Cardiology,True,False
45,ctvs,1,1,0,0,0,0,Cardio-thoracic & Vascular Surgery,True,False
45,emergency_room,5,5,0,0,0,2,Emergency Room Packages,False,False
45,ent,2,2,0,0,0,0,Otorhinolaryngology (ENT),False,False
45,general_medicine,8,8,0,0,0,4,General Medicine,False,False
45,general_surgery,4,4,0,0,0,1,General Surgery,False,False
45,interventional_neuroradiology,1,1,0,0,0,0,Interventional Neuroradiology,True,False
45,medical_oncology,2,2,0,0,0,0,Medical Oncology,False,False
45,neonatal,2,2,0,0,0,1,Neo-natal Care,False,False
45,neurosurgery,1,1,0,0,0,0,Neurosurgery,True,False
45,obgyn,6,6,0,0,0,3,Obstetrics & Gynaecology,False,False
45,ophthalmology,7,3,3,1,0,0,Ophthalmology,False,False
45,oral_maxillofacial,3,3,0,0,0,1,Oral & Maxillofacial Surgery,False,False
45,orthopaedics,3,3,0,0,0,0,Orthopaedics,False,False
45,paediatric_cancer,1,1,0,0,0,0,Paediatric Cancer,False,False
45,paediatric_medicine,4,4,0,0,0,1,Paediatric Medical Management,False,False
45,paediatric_surgery,1,1,0,0,0,0,Paediatric Surgery,False,False
45,plastic_surgery,1,1,0,0,0,0,Plastic & Reconstructive Surgery,False,False
45,polytrauma,2,2,0,0,0,0,Polytrauma,False,False
45,surgical_oncology,2,2,0,0,0,0,Surgical Oncology,False,False
45,urology,2,2,0,0,0,0,Urology,False,False
46,burns,1,1,0,0,0,1,Burns Management,False,False
46,emergency_room,3,3,0,0,0,2,Emergency Room Packages,False,False
46,ent,1,1,0,0,0,0,Otorhinolaryngology (ENT),False,False
46,general_medicine,4,4,0,0,0,3,General Medicine,False,False
46,general_surgery,1,1,0,0,0,0,General Surgery,False,False
46,mental_disorders,1,1,0,0,0,1,Mental Disorders,False,False
46,obgyn,3,3,0,0,0,2,Obstetrics & Gynaecology,False,False
46,ophthalmology,1,1,0,0,0,0,Ophthalmology,False,False
46,oral_maxillofacial,2,2,0,0,0,1,Oral & Maxillofacial Surgery,False,False
46,orthopaedics,3,3,0,0,0,2,Orthopaedics,False,False
46,paediatric_medicine,2,2,0,0,0,2,Paediatric Medical Management,False,False
46,plastic_surgery,1,1,0,0,0,1,Plastic & Reconstructive Surgery,False,False
46,polytrauma,1,1,0,0,0,1,Polytrauma,False,False
47,burns,1,1,0,0,0,1,Burns Management,False,False
47,cardiology,2,2,0,0,0,1,Cardiology,True,False
47,emergency_room,9,7,2,0,0,6,Emergency Room Packages,False,False
47,ent,2,2,0,0,0,1,Otorhinolaryngology (ENT),False,False
47,general_medicine,9,7,2,0,0,6,General Medicine,False,False
47,general_surgery,4,2,2,0,0,1,General Surgery,False,False
47,mental_disorders,2,2,0,0,0,1,Mental Disorders,False,False
47,obgyn,7,7,0,0,0,6,Obstetrics & Gynaecology,False,False
47,ophthalmology,3,2,1,0,0,1,Ophthalmology,False,False
47,oral_maxillofacial,1,1,0,0,0,1,Oral & Maxillofacial Surgery,False,False
47,orthopaedics,6,5,1,0,0,4,Orthopaedics,False,False
47,paediatric_medicine,2,2,0,0,0,1,Paediatric Medical Management,False,False
47,plastic_surgery,1,1,0,0,0,1,Plastic & Reconstructive Surgery,False,False
48,emergency_room,4,3,1,0,0,1,Emergency Room Packages,False,False
48,ent,1,1,0,0,0,1,Otorhinolaryngology (ENT),False,False
48,general_medicine,4,3,1,0,0,1,General Medicine,False,False
48,general_surgery,3,2,1,0,0,1,General Surgery,False,False
48,neonatal,1,0,1,0,0,0,Neo-natal Care,False,False
48,obgyn,3,2,1,0,0,0,Obstetrics & Gynaecology,False,False
48,ophthalmology,3,2,1,0,0,0,Ophthalmology,False,False
48,oral_maxillofacial,2,2,0,0,0,1,Oral & Maxillofacial Surgery,False,False
48,orthopaedics,3,2,1,0,0,0,Orthopaedics,False,False
48,paediatric_medicine,3,2,1,0,0,1,Paediatric Medical Management,False,False
48,urology,1,1,0,0,0,0,Urology,False,False
49,burns,8,3,3,2,0,0,Burns Management,False,False
49,cardiology,11,3,4,4,0,0,Cardiology,True,False
49,ctvs,9,3,2,4,0,0,Cardio-thoracic & Vascular Surgery,True,False
49,emergency_room,38,11,15,10,2,5,Emergency Room Packages,False,False
49,ent,24,8,10,6,0,3,Otorhinolaryngology (ENT),False,False
49,general_medicine,53,11,26,14,2,5,General Medicine,False,False
49,general_surgery,50,8,26,14,2,2,General Surgery,False,False
49,interventional_neuroradiology,7,3,2,2,0,0,Interventional Neuroradiology,True,False
49,medical_oncology,9,2,3,4,0,0,Medical Oncology,False,False
49,mental_disorders,4,4,0,0,0,0,Mental Disorders,False,False
49,neonatal,16,3,6,7,0,0,Neo-natal Care,False,False
49,neurosurgery,17,3,8,6,0,0,Neurosurgery,True,False
49,obgyn,42,9,20,11,2,2,Obstetrics & Gynaecology,False,False
49,ophthalmology,27,7,10,9,1,1,Ophthalmology,False,False
49,oral_maxillofacial,18,8,4,4,2,3,Oral & Maxillofacial Surgery,False,False
49,orthopaedics,42,9,22,10,1,3,Orthopaedics,False,False
49,paediatric_cancer,3,2,0,1,0,0,Paediatric Cancer,False,False
49,paediatric_medicine,27,8,8,9,2,3,Paediatric Medical Management,False,False
49,paediatric_surgery,6,2,0,4,0,0,Paediatric Surgery,False,False
49,plastic_surgery,8,3,2,3,0,0,Plastic & Reconstructive Surgery,False,False
49,polytrauma,13,2,7,4,0,0,Polytrauma,False,False
49,radiation_oncology,4,2,1,1,0,0,Radiation Oncology,True,False
49,surgical_oncology,9,2,3,4,0,0,Surgical Oncology,False,False
49,urology,27,3,15,8,1,0,Urology,False,False
50,burns,2,1,1,0,0,0,Burns Management,False,True
50,cardiology,10,2,5,3,0,0,Cardiology,True,True
50,ctvs,3,1,1,1,0,0,Cardio-thoracic & Vascular Surgery,True,True
50,emergency_room,35,7,22,5,1,4,Emergency Room Packages,False,True
50,ent,11,2,5,3,1,0,Otorhinolaryngology (ENT),False,True
50,general_medicine,44,7,28,8,1,4,General Medicine,False,True
50,general_surgery,41,4,28,8,1,1,General Surgery,False,True
50,interventional_neuroradiology,3,1,1,1,0,0,Interventional Neuroradiology,True,True
50,medical_oncology,2,1,1,0,0,0,Medical Oncology,False,True
50,mental_disorders,1,1,0,0,0,0,Mental Disorders,False,True
50,neonatal,15,2,9,4,0,0,Neo-natal Care,False,True
50,neurosurgery,8,1,5,2,0,0,Neurosurgery,True,True
50,obgyn,39,5,27,6,1,3,Obstetrics & Gynaecology,False,True
50,ophthalmology,18,2,10,5,1,0,Ophthalmology,False,True
50,oral_maxillofacial,9,1,5,3,0,0,Oral & Maxillofacial Surgery,False,True
50,orthopaedics,30,2,22,5,1,0,Orthopaedics,False,True
50,paediatric_cancer,1,1,0,0,0,0,Paediatric Cancer,False,True
50,paediatric_medicine,22,2,15,4,1,0,Paediatric Medical Management,False,True
50,paediatric_surgery,2,1,1,0,0,0,Paediatric Surgery,False,True
50,plastic_surgery,3,1,2,0,0,0,Plastic & Reconstructive Surgery,False,True
50,polytrauma,9,1,6,2,0,0,Polytrauma,False,True
50,radiation_oncology,1,1,0,0,0,0,Radiation Oncology,True,True
50,surgical_oncology,3,1,2,0,0,0,Surgical Oncology,False,True
50,urology,14,1,11,2,0,0,Urology,False,True
51,burns,7,6,1,0,0,2,Burns Management,False,False
51,cardiology,6,3,3,0,0,0,Cardiology,True,False
51,ctvs,2,2,0,0,0,0,Cardio-thoracic & Vascular Surgery,True,False
51,emergency_room,17,12,3,2,0,7,Emergency Room Packages,False,False
51,ent,11,5,5,1,0,1,Otorhinolaryngology (ENT),False,False
51,general_medicine,29,14,13,2,0,8,General Medicine,False,False
51,general_surgery,20,6,12,2,0,1,General Surgery,False,False
51,interventional_neuroradiology,3,1,2,0,0,0,Interventional Neuroradiology,True,False
51,medical_oncology,3,2,1,0,0,0,Medical Oncology,False,False
51,mental_disorders,2,2,0,0,0,0,Mental Disorders,False,False
51,neonatal,6,2,4,0,0,0,Neo-natal Care,False,False
51,neurosurgery,5,2,3,0,0,0,Neurosurgery,True,False
51,obgyn,19,8,9,2,0,2,Obstetrics & Gynaecology,False,False
51,ophthalmology,12,5,7,0,0,1,Ophthalmology,False,False
51,oral_maxillofacial,8,6,1,1,0,2,Oral & Maxillofacial Surgery,False,False
51,orthopaedics,15,5,8,2,0,1,Orthopaedics,False,False
51,paediatric_cancer,3,3,0,0,0,1,Paediatric Cancer,False,False
51,paediatric_medicine,13,7,5,1,0,3,Paediatric Medical Management,False,False
51,paediatric_surgery,5,5,0,0,0,1,Paediatric Surgery,False,False
51,plastic_surgery,5,4,1,0,0,0,Plastic & Reconstructive Surgery,False,False
51,polytrauma,5,2,2,1,0,0,Polytrauma,False,False
51,radiation_oncology,2,2,0,0,0,0,Radiation Oncology,True,False
51,surgical_oncology,2,2,0,0,0,0,Surgical Oncology,False,False
51,urology,10,4,6,0,0,0,Urology,False,False
52,burns,2,2,0,0,0,0,Burns Management,False,False
52,cardiology,1,1,0,0,0,0,Cardiology,True,False
52,emergency_room,10,9,0,1,0,5,Emergency Room Packages,False,False
52,ent,5,4,0,1,0,0,Otorhinolaryngology (ENT),False,False
52,general_medicine,11,9,1,1,0,5,General Medicine,False,False
52,general_surgery,6,4,1,1,0,0,General Surgery,False,False
52,interventional_neuroradiology,1,1,0,0,0,0,Interventional Neuroradiology,True,False
52,medical_oncology,2,2,0,0,0,0,Medical Oncology,False,False
52,mental_disorders,1,1,0,0,0,0,Mental Disorders,False,False
52,neonatal,2,2,0,0,0,0,Neo-natal Care,False,False
52,neurosurgery,1,1,0,0,0,0,Neurosurgery,True,False
52,obgyn,5,4,0,1,0,1,Obstetrics & Gynaecology,False,False
52,ophthalmology,7,4,2,1,0,0,Ophthalmology,False,False
52,oral_maxillofacial,7,6,0,1,0,2,Oral & Maxillofacial Surgery,False,False
52,orthopaedics,6,4,1,1,0,0,Orthopaedics,False,False
52,paediatric_cancer,1,1,0,0,0,0,Paediatric Cancer,False,False
52,paediatric_medicine,5,4,0,1,0,0,Paediatric Medical Management,False,False
52,paediatric_surgery,1,1,0,0,0,0,Paediatric Surgery,False,False
52,polytrauma,2,1,0,1,0,0,Polytrauma,False,False
52,radiation_oncology,2,2,0,0,0,0,Radiation Oncology,True,False
52,surgical_oncology,2,2,0,0,0,0,Surgical Oncology,False,False
52,urology,4,3,0,1,0,0,Urology,False,False
53,burns,1,0,1,0,0,0,Burns Management,False,False
53,ctvs,1,1,0,0,0,0,Cardio-thoracic & Vascular Surgery,True,False
53,emergency_room,8,7,1,0,0,4,Emergency Room Packages,False,False
53,ent,2,1,1,0,0,0,Otorhinolaryngology (ENT),False,False
53,general_medicine,8,7,1,0,0,4,General Medicine,False,False
53,general_surgery,8,6,2,0,0,3,General Surgery,False,False
53,neonatal,1,0,1,0,0,0,Neo-natal Care,False,False
53,obgyn,4,2,2,0,0,0,Obstetrics & Gynaecology,False,False
53,ophthalmology,3,1,2,0,0,0,Ophthalmology,False,False
53,oral_maxillofacial,2,1,1,0,0,0,Oral & Maxillofacial Surgery,False,False
53,orthopaedics,6,3,3,0,0,2,Orthopaedics,False,False
53,paediatric_medicine,3,2,1,0,0,0,Paediatric Medical Management,False,False
53,paediatric_surgery,1,1,0,0,0,0,Paediatric Surgery,False,False
53,polytrauma,1,0,1,0,0,0,Polytrauma,False,False
54,emergency_room,3,3,0,0,0,2,Emergency Room Packages,False,False
54,ent,1,1,0,0,0,0,Otorhinolaryngology (ENT),False,False
54,general_medicine,3,3,0,0,0,2,General Medicine,False,False
54,general_surgery,2,2,0,0,0,1,General Surgery,False,False
54,obgyn,1,1,0,0,0,0,Obstetrics & Gynaecology,False,False
54,ophthalmology,1,1,0,0,0,0,Ophthalmology,False,False
54,oral_maxillofacial,1,1,0,0,0,0,Oral & Maxillofacial Surgery,False,False
54,orthopaedics,1,1,0,0,0,0,Orthopaedics,False,False
54,paediatric_medicine,1,1,0,0,0,0,Paediatric Medical Management,False,False
55,burns,1,1,0,0,0,1,Burns Management,False,False
55,emergency_room,10,10,0,0,0,8,Emergency Room Packages,False,False
55,ent,2,2,0,0,0,0,Otorhinolaryngology (ENT),False,False
55,general_medicine,10,10,0,0,0,8,General Medicine,False,False
55,general_surgery,4,4,0,0,0,2,General Surgery,False,False
55,mental_disorders,1,1,0,0,0,0,Mental Disorders,False,False
55,obgyn,4,4,0,0,0,2,Obstetrics & Gynaecology,False,False
55,ophthalmology,2,2,0,0,0,0,Ophthalmology,False,False
55,oral_maxillofacial,1,1,0,0,0,0,Oral & Maxillofacial Surgery,False,False
55,orthopaedics,3,3,0,0,0,1,Orthopaedics,False,False
55,paediatric_medicine,4,4,0,0,0,2,Paediatric Medical Management,False,False
55,plastic_surgery,1,1,0,0,0,1,Plastic & Reconstructive Surgery,False,False
55,urology,1,1,0,0,0,1,Urology,False,False
56,burns,10,1,6,3,0,0,Burns Management,False,True
56,cardiology,7,0,5,2,0,0,Cardiology,True,True
56,ctvs,1,0,1,0,0,0,Cardio-thoracic & Vascular Surgery,True,True
56,emergency_room,32,5,22,5,0,2,Emergency Room Packages,False,True
56,ent,13,1,11,1,0,0,Otorhinolaryngology (ENT),False,True
56,general_medicine,52,7,37,7,1,3,General Medicine,False,True
56,general_surgery,46,4,36,6,0,1,General Surgery,False,True
56,interventional_neuroradiology,1,0,1,0,0,0,Interventional Neuroradiology,True,True
56,medical_oncology,1,0,1,0,0,0,Medical Oncology,False,True
56,mental_disorders,1,1,0,0,0,0,Mental Disorders,False,True
56,neonatal,29,2,22,5,0,0,Neo-natal Care,False,True
56,neurosurgery,3,0,3,0,0,0,Neurosurgery,True,True
56,obgyn,46,5,36,5,0,2,Obstetrics & Gynaecology,False,True
56,ophthalmology,26,3,21,2,0,1,Ophthalmology,False,True
56,oral_maxillofacial,7,1,4,2,0,0,Oral & Maxillofacial Surgery,False,True
56,orthopaedics,40,3,31,6,0,1,Orthopaedics,False,True
56,paediatric_cancer,2,0,1,1,0,0,Paediatric Cancer,False,True
56,paediatric_medicine,31,3,23,5,0,0,Paediatric Medical Management,False,True
56,paediatric_surgery,4,0,3,1,0,0,Paediatric Surgery,False,True
56,plastic_surgery,5,0,3,2,0,0,Plastic & Reconstructive Surgery,False,True
56,polytrauma,12,0,8,4,0,0,Polytrauma,False,True
56,radiation_oncology,1,0,1,0,0,0,Radiation Oncology,True,True
56,surgical_oncology,4,1,3,0,0,0,Surgical Oncology,False,True
56,urology,20,1,14,5,0,0,Urology,False,True
57,cardiology,1,1,0,0,0,0,Cardiology,True,False
57,ctvs,1,1,0,0,0,0,Cardio-thoracic & Vascular Surgery,True,False
57,emergency_room,1,1,0,0,0,0,Emergency Room Packages,False,False
57,ent,2,2,0,0,0,1,Otorhinolaryngology (ENT),False,False
57,general_medicine,3,3,0,0,0,2,General Medicine,False,False
57,general_surgery,2,2,0,0,0,1,General Surgery,False,False
57,neonatal,1,1,0,0,0,0,Neo-natal Care,False,False
57,obgyn,2,2,0,0,0,1,Obstetrics & Gynaecology,False,False
57,ophthalmology,1,1,0,0,0,0,Ophthalmology,False,False
57,oral_maxillofacial,2,2,0,0,0,1,Oral & Maxillofacial Surgery,False,False
57,orthopaedics,1,1,0,0,0,0,Orthopaedics,False,False
57,paediatric_medicine,2,2,0,0,0,1,Paediatric Medical Management,False,False
57,paediatric_surgery,1,1,0,0,0,0,Paediatric Surgery,False,False
57,polytrauma,1,1,0,0,0,0,Polytrauma,False,False
57,surgical_oncology,1,1,0,0,0,0,Surgical Oncology,False,False
57,urology,1,1,0,0,0,0,Urology,False,False
58,burns,8,2,5,1,0,1,Burns Management,False,False
58,cardiology,10,2,6,2,0,1,Cardiology,True,False
58,ctvs,2,0,2,0,0,0,Cardio-thoracic & Vascular Surgery,True,False
58,emergency_room,38,23,13,2,0,19,Emergency Room Packages,False,False
58,ent,14,3,8,3,0,1,Otorhinolaryngology (ENT),False,False
58,general_medicine,39,23,13,2,1,19,General Medicine,False,False
58,general_surgery,35,7,24,4,0,4,General Surgery,False,False
58,interventional_neuroradiology,7,1,6,0,0,0,Interventional Neuroradiology,True,False
58,medical_oncology,8,2,5,1,0,1,Medical Oncology,False,False
58,mental_disorders,4,3,0,0,1,1,Mental Disorders,False,False
58,neonatal,8,3,4,1,0,1,Neo-natal Care,False,False
58,neurosurgery,8,1,6,1,0,0,Neurosurgery,True,False
58,obgyn,27,9,17,1,0,6,Obstetrics & Gynaecology,False,False
58,ophthalmology,23,3,19,1,0,1,Ophthalmology,False,False
58,oral_maxillofacial,13,9,4,0,0,6,Oral & Maxillofacial Surgery,False,False
58,orthopaedics,21,3,16,1,1,1,Orthopaedics,False,False
58,paediatric_cancer,2,0,1,1,0,0,Paediatric Cancer,False,False
58,paediatric_medicine,11,3,7,1,0,1,Paediatric Medical Management,False,False
58,paediatric_surgery,5,0,4,1,0,0,Paediatric Surgery,False,False
58,plastic_surgery,8,2,5,1,0,1,Plastic & Reconstructive Surgery,False,False
58,polytrauma,10,3,6,1,0,2,Polytrauma,False,False
58,radiation_oncology,2,1,1,0,0,0,Radiation Oncology,True,False
58,surgical_oncology,6,1,4,1,0,0,Surgical Oncology,False,False
58,urology,19,2,16,1,0,1,Urology,False,False
59,burns,1,0,1,0,0,0,Burns Management,False,False
59,cardiology,5,0,4,1,0,0,Cardiology,True,False
59,ctvs,1,0,1,0,0,0,Cardio-thoracic & Vascular Surgery,True,False
59,emergency_room,60,34,18,8,0,26,Emergency Room Packages,False,False
59,ent,11,2,6,3,0,0,Otorhinolaryngology (ENT),False,False
59,general_medicine,63,35,20,8,0,27,General Medicine,False,False
59,general_surgery,27,4,14,9,0,1,General Surgery,False,False
59,interventional_neuroradiology,2,0,2,0,0,0,Interventional Neuroradiology,True,False
59,medical_oncology,2,0,2,0,0,0,Medical Oncology,False,False
59,neonatal,4,0,3,1,0,0,Neo-natal Care,False,False
59,neurosurgery,3,0,3,0,0,0,Neurosurgery,True,False
59,obgyn,19,6,9,4,0,2,Obstetrics & Gynaecology,False,False
59,ophthalmology,11,2,7,2,0,0,Ophthalmology,False,False
59,oral_maxillofacial,9,4,5,0,0,2,Oral & Maxillofacial Surgery,False,False
59,orthopaedics,18,2,9,7,0,0,Orthopaedics,False,False
59,paediatric_cancer,1,0,1,0,0,0,Paediatric Cancer,False,False
59,paediatric_medicine,14,4,7,3,0,1,Paediatric Medical Management,False,False
59,paediatric_surgery,1,0,1,0,0,0,Paediatric Surgery,False,False
59,plastic_surgery,1,0,1,0,0,0,Plastic & Reconstructive Surgery,False,False
59,polytrauma,1,0,1,0,0,0,Polytrauma,False,False
59,surgical_oncology,1,0,1,0,0,0,Surgical Oncology,False,False
59,urology,10,0,8,2,0,0,Urology,False,False
60,burns,8,0,5,3,0,0,Burns Management,False,False
60,cardiology,9,1,5,3,0,0,Cardiology,True,False
60,ctvs,3,0,2,1,0,0,Cardio-thoracic & Vascular Surgery,True,False
60,emergency_room,32,17,11,4,0,14,Emergency Room Packages,False,False
60,ent,14,1,10,3,0,0,Otorhinolaryngology (ENT),False,False
60,general_medicine,32,17,11,4,0,14,General Medicine,False,False
60,general_surgery,16,3,9,4,0,0,General Surgery,False,False
60,interventional_neuroradiology,5,0,3,2,0,0,Interventional Neuroradiology,True,False
60,medical_oncology,5,0,4,1,0,0,Medical Oncology,False,False
60,neonatal,8,1,4,3,0,0,Neo-natal Care,False,False
60,neurosurgery,6,0,4,2,0,0,Neurosurgery,True,False
60,obgyn,19,6,9,4,0,1,Obstetrics & Gynaecology,False,False
60,ophthalmology,15,3,9,3,0,0,Ophthalmology,False,False
60,oral_maxillofacial,11,3,5,3,0,1,Oral & Maxillofacial Surgery,False,False
60,orthopaedics,18,3,11,4,0,0,Orthopaedics,False,False
60,paediatric_cancer,1,0,1,0,0,0,Paediatric Cancer,False,False
60,paediatric_medicine,19,5,10,4,0,0,Paediatric Medical Management,False,False
60,paediatric_surgery,4,1,1,2,0,0,Paediatric Surgery,False,False
60,plastic_surgery,8,0,5,3,0,0,Plastic & Reconstructive Surgery,False,False
60,polytrauma,7,0,3,4,0,0,Polytrauma,False,False
60,radiation_oncology,3,0,2,1,0,0,Radiation Oncology,True,False
60,surgical_oncology,3,0,2,1,0,0,Surgical Oncology,False,False
60,urology,11,1,7,3,0,0,Urology,False,False
61,cardiology,3,0,3,0,0,0,Cardiology,True,False
61,emergency_room,29,21,7,1,0,19,Emergency Room Packages,False,False
61,ent,6,2,3,1,0,0,Otorhinolaryngology (ENT),False,False
61,general_medicine,29,21,7,1,0,19,General Medicine,False,False
61,general_surgery,14,2,11,1,0,0,General Surgery,False,False
61,interventional_neuroradiology,3,0,3,0,0,0,Interventional Neuroradiology,True,False
61,mental_disorders,1,1,0,0,0,0,Mental Disorders,False,False
61,neonatal,3,1,2,0,0,0,Neo-natal Care,False,False
61,neurosurgery,3,0,3,0,0,0,Neurosurgery,True,False
61,obgyn,26,15,10,1,0,13,Obstetrics & Gynaecology,False,False
61,ophthalmology,7,1,6,0,0,0,Ophthalmology,False,False
61,oral_maxillofacial,4,4,0,0,0,3,Oral & Maxillofacial Surgery,False,False
61,orthopaedics,9,1,7,1,0,0,Orthopaedics,False,False
61,paediatric_medicine,8,2,6,0,0,0,Paediatric Medical Management,False,False
61,urology,6,0,5,1,0,0,Urology,False,False
62,burns,8,0,6,2,0,0,Burns Management,False,False
62,cardiology,8,1,5,2,0,0,Cardiology,True,False
62,ctvs,3,0,3,0,0,0,Cardio-thoracic & Vascular Surgery,True,False
62,emergency_room,44,29,11,4,0,14,Emergency Room Packages,False,False
62,ent,14,2,8,4,0,0,Otorhinolaryngology (ENT),False,False
62,general_medicine,46,29,11,6,0,14,General Medicine,False,False
62,general_surgery,20,4,12,4,0,0,General Surgery,False,False
62,interventional_neuroradiology,7,0,5,2,0,0,Interventional Neuroradiology,True,False
62,medical_oncology,5,1,3,1,0,0,Medical Oncology,False,False
62,mental_disorders,1,1,0,0,0,0,Mental Disorders,False,False
62,neonatal,8,1,5,2,0,0,Neo-natal Care,False,False
62,neurosurgery,7,0,5,2,0,0,Neurosurgery,True,False
62,obgyn,20,4,12,4,0,0,Obstetrics & Gynaecology,False,False
62,ophthalmology,22,3,14,4,1,0,Ophthalmology,False,False
62,oral_maxillofacial,19,6,8,5,0,1,Oral & Maxillofacial Surgery,False,False
62,orthopaedics,21,3,13,5,0,0,Orthopaedics,False,False
62,paediatric_cancer,3,0,2,1,0,0,Paediatric Cancer,False,False
62,paediatric_medicine,17,2,12,3,0,0,Paediatric Medical Management,False,False
62,paediatric_surgery,4,0,3,1,0,0,Paediatric Surgery,False,False
62,plastic_surgery,8,0,6,2,0,0,Plastic & Reconstructive Surgery,False,False
62,polytrauma,11,1,8,2,0,0,Polytrauma,False,False
62,radiation_oncology,1,0,1,0,0,0,Radiation Oncology,True,False
62,surgical_oncology,4,0,4,0,0,0,Surgical Oncology,False,False
62,urology,11,1,4,6,0,0,Urology,False,False
63,burns,9,1,8,0,0,0,Burns Management,False,False
63,cardiology,10,1,9,0,0,0,Cardiology,True,False
63,ctvs,2,0,2,0,0,0,Cardio-thoracic & Vascular Surgery,True,False
63,emergency_room,83,31,45,7,0,25,Emergency Room Packages,False,False
63,ent,35,2,28,5,0,0,Otorhinolaryngology (ENT),False,False
63,general_medicine,84,31,46,7,0,25,General Medicine,False,False
63,general_surgery,63,4,52,7,0,0,General Surgery,False,False
63,interventional_neuroradiology,14,1,12,1,0,0,Interventional Neuroradiology,True,False
63,medical_oncology,4,0,4,0,0,0,Medical Oncology,False,False
63,mental_disorders,2,2,0,0,0,0,Mental Disorders,False,False
63,neonatal,31,4,24,3,0,0,Neo-natal Care,False,False
63,neurosurgery,16,1,14,1,0,0,Neurosurgery,True,False
63,obgyn,64,19,39,6,0,14,Obstetrics & Gynaecology,False,False
63,ophthalmology,27,3,20,4,0,0,Ophthalmology,False,False
63,oral_maxillofacial,28,9,15,4,0,5,Oral & Maxillofacial Surgery,False,False
63,orthopaedics,55,2,46,7,0,0,Orthopaedics,False,False
63,paediatric_cancer,1,0,1,0,0,0,Paediatric Cancer,False,False
63,paediatric_medicine,39,5,29,5,0,0,Paediatric Medical Management,False,False
63,paediatric_surgery,5,0,4,1,0,0,Paediatric Surgery,False,False
63,plastic_surgery,9,1,8,0,0,0,Plastic & Reconstructive Surgery,False,False
63,polytrauma,12,3,8,1,0,1,Polytrauma,False,False
63,radiation_oncology,4,0,4,0,0,0,Radiation Oncology,True,False
63,surgical_oncology,4,0,4,0,0,0,Surgical Oncology,False,False
63,urology,35,2,28,5,0,0,Urology,False,False
64,burns,5,0,4,1,0,0,Burns Management,False,False
64,cardiology,6,0,5,1,0,0,Cardiology,True,False
64,ctvs,2,0,2,0,0,0,Cardio-thoracic & Vascular Surgery,True,False
64,emergency_room,44,20,20,4,0,16,Emergency Room Packages,False,False
64,ent,15,2,11,2,0,0,Otorhinolaryngology (ENT),False,False
64,general_medicine,45,20,21,4,0,16,General Medicine,False,False
64,general_surgery,30,7,20,3,0,4,General Surgery,False,False
64,interventional_neuroradiology,3,0,2,1,0,0,Interventional Neuroradiology,True,False
64,neonatal,16,11,5,0,0,7,Neo-natal Care,False,False
64,neurosurgery,4,0,3,1,0,0,Neurosurgery,True,False
64,obgyn,38,17,18,3,0,13,Obstetrics & Gynaecology,False,False
64,ophthalmology,13,2,8,3,0,0,Ophthalmology,False,False
64,oral_maxillofacial,14,8,4,2,0,4,Oral & Maxillofacial Surgery,False,False
64,orthopaedics,26,2,21,3,0,0,Orthopaedics,False,False
64,paediatric_medicine,20,6,11,3,0,3,Paediatric Medical Management,False,False
64,paediatric_surgery,3,0,2,1,0,0,Paediatric Surgery,False,False
64,plastic_surgery,5,0,4,1,0,0,Plastic & Reconstructive Surgery,False,False
64,polytrauma,15,4,9,2,0,2,Polytrauma,False,False
64,urology,16,0,14,2,0,0,Urology,False,False
65,burns,1,0,1,0,0,0,Burns Management,False,False
65,cardiology,2,0,2,0,0,0,Cardiology,True,False
65,emergency_room,30,23,4,3,0,19,Emergency Room Packages,False,False
65,ent,1,1,0,0,0,0,Otorhinolaryngology (ENT),False,False
65,general_medicine,31,23,5,3,0,19,General Medicine,False,False
65,general_surgery,12,3,5,4,0,0,General Surgery,False,False
65,mental_disorders,1,1,0,0,0,0,Mental Disorders,False,False
65,neonatal,2,1,1,0,0,0,Neo-natal Care,False,False
65,obgyn,25,17,3,5,0,13,Obstetrics & Gynaecology,False,False
65,ophthalmology,7,2,3,2,0,0,Ophthalmology,False,False
65,oral_maxillofacial,10,9,1,0,0,5,Oral & Maxillofacial Surgery,False,False
65,orthopaedics,8,1,4,3,0,0,Orthopaedics,False,False
65,paediatric_medicine,4,3,1,0,0,2,Paediatric Medical Management,False,False
65,paediatric_surgery,1,0,1,0,0,0,Paediatric Surgery,False,False
65,plastic_surgery,1,0,1,0,0,0,Plastic & Reconstructive Surgery,False,False
65,polytrauma,1,0,1,0,0,0,Polytrauma,False,False
65,urology,8,1,4,3,0,0,Urology,False,False
66,burns,1,1,0,0,0,1,Burns Management,False,False
66,emergency_room,17,12,5,0,0,10,Emergency Room Packages,False,False
66,ent,4,2,2,0,0,1,Otorhinolaryngology (ENT),False,False
66,general_medicine,18,12,6,0,0,10,General Medicine,False,False
66,general_surgery,15,3,9,3,0,2,General Surgery,False,False
66,interventional_neuroradiology,1,0,1,0,0,0,Interventional Neuroradiology,True,False
66,mental_disorders,1,1,0,0,0,0,Mental Disorders,False,False
66,neonatal,1,1,0,0,0,0,Neo-natal Care,False,False
66,neurosurgery,1,0,1,0,0,0,Neurosurgery,True,False
66,obgyn,16,6,8,2,0,4,Obstetrics & Gynaecology,False,False
66,ophthalmology,3,1,1,1,0,0,Ophthalmology,False,False
66,oral_maxillofacial,5,5,0,0,0,3,Oral & Maxillofacial Surgery,False,False
66,orthopaedics,8,1,4,3,0,0,Orthopaedics,False,False
66,paediatric_medicine,4,3,1,0,0,2,Paediatric Medical Management,False,False
66,plastic_surgery,1,1,0,0,0,1,Plastic & Reconstructive Surgery,False,False
66,polytrauma,2,1,0,1,0,1,Polytrauma,False,False
66,urology,7,0,5,2,0,0,Urology,False,False
67,burns,14,3,9,2,0,2,Burns Management,False,False
67,cardiology,11,3,7,1,0,2,Cardiology,True,False
67,ctvs,5,3,1,1,0,2,Cardio-thoracic & Vascular Surgery,True,False
67,emergency_room,48,25,16,7,0,21,Emergency Room Packages,False,False
67,ent,12,4,6,2,0,2,Otorhinolaryngology (ENT),False,False
67,general_medicine,49,25,18,6,0,21,General Medicine,False,False
67,general_surgery,36,6,22,8,0,3,General Surgery,False,False
67,interventional_neuroradiology,16,4,10,2,0,2,Interventional Neuroradiology,True,False
67,medical_oncology,4,3,1,0,0,2,Medical Oncology,False,False
67,mental_disorders,4,4,0,0,0,2,Mental Disorders,False,False
67,neonatal,12,5,5,2,0,4,Neo-natal Care,False,False
67,neurosurgery,16,4,10,2,0,2,Neurosurgery,True,False
67,obgyn,40,13,20,7,0,9,Obstetrics & Gynaecology,False,False
67,ophthalmology,19,5,10,4,0,2,Ophthalmology,False,False
67,oral_maxillofacial,16,11,4,1,0,9,Oral & Maxillofacial Surgery,False,False
67,orthopaedics,29,4,18,7,0,2,Orthopaedics,False,False
67,paediatric_cancer,4,3,1,0,0,2,Paediatric Cancer,False,False
67,paediatric_medicine,30,8,16,6,0,4,Paediatric Medical Management,False,False
67,paediatric_surgery,14,3,8,3,0,2,Paediatric Surgery,False,False
67,plastic_surgery,14,3,9,2,0,2,Plastic & Reconstructive Surgery,False,False
67,polytrauma,12,4,7,1,0,2,Polytrauma,False,False
67,radiation_oncology,4,3,1,0,0,2,Radiation Oncology,True,False
67,surgical_oncology,5,3,2,0,0,2,Surgical Oncology,False,False
67,urology,23,3,16,4,0,2,Urology,False,False
68,burns,10,0,9,1,0,0,Burns Management,False,False
68,cardiology,9,0,7,2,0,0,Cardiology,True,False
68,ctvs,3,0,2,1,0,0,Cardio-thoracic & Vascular Surgery,True,False
68,emergency_room,41,18,19,4,0,14,Emergency Room Packages,False,False
68,ent,14,1,10,3,0,0,Otorhinolaryngology (ENT),False,False
68,general_medicine,42,18,20,4,0,14,General Medicine,False,False
68,general_surgery,29,1,24,4,0,0,General Surgery,False,False
68,interventional_neuroradiology,8,0,6,2,0,0,Interventional Neuroradiology,True,False
68,medical_oncology,4,1,3,0,0,0,Medical Oncology,False,False
68,mental_disorders,1,1,0,0,0,0,Mental Disorders,False,False
68,neonatal,8,1,6,1,0,0,Neo-natal Care,False,False
68,neurosurgery,8,0,6,2,0,0,Neurosurgery,True,False
68,obgyn,23,4,16,3,0,3,Obstetrics & Gynaecology,False,False
68,ophthalmology,13,1,9,3,0,0,Ophthalmology,False,False
68,oral_maxillofacial,9,2,5,2,0,2,Oral & Maxillofacial Surgery,False,False
68,orthopaedics,20,1,16,3,0,0,Orthopaedics,False,False
68,paediatric_medicine,12,1,8,3,0,0,Paediatric Medical Management,False,False
68,paediatric_surgery,5,0,5,0,0,0,Paediatric Surgery,False,False
68,plastic_surgery,10,0,9,1,0,0,Plastic & Reconstructive Surgery,False,False
68,polytrauma,7,0,5,2,0,0,Polytrauma,False,False
68,radiation_oncology,1,1,0,0,0,0,Radiation Oncology,True,False
68,surgical_oncology,3,0,2,1,0,0,Surgical Oncology,False,False
68,urology,19,1,15,3,0,0,Urology,False,False
69,cardiology,3,0,3,0,0,0,Cardiology,True,False
69,emergency_room,47,29,15,3,0,26,Emergency Room Packages,False,False
69,ent,10,1,8,1,0,0,Otorhinolaryngology (ENT),False,False
69,general_medicine,47,29,15,3,0,26,General Medicine,False,False
69,general_surgery,21,2,16,3,0,1,General Surgery,False,False
69,interventional_neuroradiology,2,0,2,0,0,0,Interventional Neuroradiology,True,False
69,neonatal,4,1,3,0,0,0,Neo-natal Care,False,False
69,neurosurgery,2,0,2,0,0,0,Neurosurgery,True,False
69,obgyn,25,7,15,3,0,5,Obstetrics & Gynaecology,False,False
69,ophthalmology,13,1,10,2,0,0,Ophthalmology,False,False
69,oral_maxillofacial,14,10,2,2,0,8,Oral & Maxillofacial Surgery,False,False
69,orthopaedics,20,1,15,4,0,0,Orthopaedics,False,False
69,paediatric_medicine,19,11,7,1,0,9,Paediatric Medical Management,False,False
69,polytrauma,4,2,1,1,0,2,Polytrauma,False,False
69,urology,14,0,11,3,0,0,Urology,False,False
70,cardiology,1,1,0,0,0,0,Cardiology,True,False
70,emergency_room,15,11,3,1,0,7,Emergency Room Packages,False,False
70,ent,4,2,1,1,0,1,Otorhinolaryngology (ENT),False,False
70,general_medicine,18,11,6,1,0,7,General Medicine,False,False
70,general_surgery,9,3,5,1,0,2,General Surgery,False,False
70,medical_oncology,2,1,1,0,0,0,Medical Oncology,False,False
70,mental_disorders,1,1,0,0,0,0,Mental Disorders,False,False
70,neonatal,2,1,1,0,0,0,Neo-natal Care,False,False
70,obgyn,12,7,4,1,0,3,Obstetrics & Gynaecology,False,False
70,ophthalmology,8,2,5,1,0,1,Ophthalmology,False,False
70,oral_maxillofacial,6,5,0,1,0,2,Oral & Maxillofacial Surgery,False,False
70,orthopaedics,8,4,3,1,0,1,Orthopaedics,False,False
70,paediatric_medicine,6,2,3,1,0,0,Paediatric Medical Management,False,False
70,urology,6,1,5,0,0,0,Urology,False,False
71,burns,15,6,7,2,0,5,Burns Management,False,False
71,cardiology,10,1,6,3,0,1,Cardiology,True,False
71,ctvs,7,1,5,1,0,1,Cardio-thoracic & Vascular Surgery,True,False
71,emergency_room,46,14,24,8,0,12,Emergency Room Packages,False,False
71,ent,18,8,6,4,0,5,Otorhinolaryngology (ENT),False,False
71,general_medicine,46,14,24,8,0,12,General Medicine,False,False
71,general_surgery,52,8,31,13,0,5,General Surgery,False,False
71,interventional_neuroradiology,12,1,6,5,0,1,Interventional Neuroradiology,True,False
71,medical_oncology,3,1,1,1,0,1,Medical Oncology,False,False
71,mental_disorders,8,8,0,0,0,5,Mental Disorders,False,False
71,neonatal,21,8,9,4,0,6,Neo-natal Care,False,False
71,neurosurgery,12,1,6,5,0,1,Neurosurgery,True,False
71,obgyn,58,16,30,12,0,13,Obstetrics & Gynaecology,False,False
71,ophthalmology,17,8,6,3,0,4,Ophthalmology,False,False
71,oral_maxillofacial,19,11,4,4,0,8,Oral & Maxillofacial Surgery,False,False
71,orthopaedics,38,8,20,10,0,5,Orthopaedics,False,False
71,paediatric_cancer,1,0,1,0,0,0,Paediatric Cancer,False,False
71,paediatric_medicine,30,9,16,5,0,6,Paediatric Medical Management,False,False
71,paediatric_surgery,7,1,6,0,0,1,Paediatric Surgery,False,False
71,plastic_surgery,15,6,7,2,0,5,Plastic & Reconstructive Surgery,False,False
71,polytrauma,14,6,4,4,0,5,Polytrauma,False,False
71,radiation_oncology,2,0,1,1,0,0,Radiation Oncology,True,False
71,surgical_oncology,3,1,1,1,0,1,Surgical Oncology,False,False
71,urology,31,1,19,11,0,1,Urology,False,False
72,burns,5,2,3,0,0,0,Burns Management,False,False
72,cardiology,7,1,6,0,0,0,Cardiology,True,False
72,emergency_room,36,20,14,2,0,17,Emergency Room Packages,False,False
72,ent,6,2,4,0,0,0,Otorhinolaryngology (ENT),False,False
72,general_medicine,36,20,14,2,0,17,General Medicine,False,False
72,general_surgery,23,2,19,2,0,0,General Surgery,False,False
72,interventional_neuroradiology,7,0,7,0,0,0,Interventional Neuroradiology,True,False
72,medical_oncology,3,1,2,0,0,0,Medical Oncology,False,False
72,mental_disorders,2,2,0,0,0,0,Mental Disorders,False,False
72,neonatal,18,14,4,0,0,11,Neo-natal Care,False,False
72,neurosurgery,7,0,7,0,0,0,Neurosurgery,True,False
72,obgyn,30,14,16,0,0,11,Obstetrics & Gynaecology,False,False
72,ophthalmology,15,2,10,3,0,0,Ophthalmology,False,False
72,oral_maxillofacial,13,10,3,0,0,7,Oral & Maxillofacial Surgery,False,False
72,orthopaedics,15,2,11,2,0,0,Orthopaedics,False,False
72,paediatric_medicine,25,15,10,0,0,12,Paediatric Medical Management,False,False
72,paediatric_surgery,2,1,1,0,0,0,Paediatric Surgery,False,False
72,plastic_surgery,5,2,3,0,0,0,Plastic & Reconstructive Surgery,False,False
72,polytrauma,16,10,6,0,0,8,Polytrauma,False,False
72,surgical_oncology,2,0,2,0,0,0,Surgical Oncology,False,False
72,urology,14,0,13,1,0,0,Urology,False,False
73,burns,3,2,1,0,0,0,Burns Management,False,False
73,cardiology,9,2,7,0,0,0,Cardiology,True,False
73,ctvs,7,2,4,1,0,0,Cardio-thoracic & Vascular Surgery,True,False
73,emergency_room,44,21,19,4,0,18,Emergency Room Packages,False,False
73,ent,14,4,8,2,0,1,Otorhinolaryngology (ENT),False,False
73,general_medicine,46,21,21,4,0,18,General Medicine,False,False
73,general_surgery,33,9,20,4,0,6,General Surgery,False,False
73,interventional_neuroradiology,8,2,6,0,0,0,Interventional Neuroradiology,True,False
73,medical_oncology,4,2,2,0,0,0,Medical Oncology,False,False
73,mental_disorders,2,2,0,0,0,0,Mental Disorders,False,False
73,neonatal,5,3,2,0,0,1,Neo-natal Care,False,False
73,neurosurgery,10,2,8,0,0,0,Neurosurgery,True,False
73,obgyn,34,21,11,2,0,18,Obstetrics & Gynaecology,False,False
73,ophthalmology,12,4,8,0,0,1,Ophthalmology,False,False
73,oral_maxillofacial,21,21,0,0,0,18,Oral & Maxillofacial Surgery,False,False
73,orthopaedics,20,3,14,3,0,1,Orthopaedics,False,False
73,paediatric_cancer,3,2,1,0,0,0,Paediatric Cancer,False,False
73,paediatric_medicine,9,3,6,0,0,1,Paediatric Medical Management,False,False
73,paediatric_surgery,5,2,3,0,0,0,Paediatric Surgery,False,False
73,plastic_surgery,3,2,1,0,0,0,Plastic & Reconstructive Surgery,False,False
73,polytrauma,9,2,6,1,0,0,Polytrauma,False,False
73,radiation_oncology,3,2,1,0,0,0,Radiation Oncology,True,False
73,surgical_oncology,4,2,2,0,0,0,Surgical Oncology,False,False
73,urology,21,2,17,2,0,0,Urology,False,False
74,burns,9,5,4,0,0,3,Burns Management,False,False
74,cardiology,11,5,6,0,0,3,Cardiology,True,False
74,ctvs,6,5,1,0,0,3,Cardio-thoracic & Vascular Surgery,True,False
74,emergency_room,56,31,22,3,0,25,Emergency Room Packages,False,False
74,ent,20,9,10,1,0,5,Otorhinolaryngology (ENT),False,False
74,general_medicine,56,31,22,3,0,25,General Medicine,False,False
74,general_surgery,45,9,33,3,0,5,General Surgery,False,False
74,interventional_neuroradiology,10,5,4,1,0,3,Interventional Neuroradiology,True,False
74,medical_oncology,7,5,2,0,0,3,Medical Oncology,False,False
74,mental_disorders,3,3,0,0,0,0,Mental Disorders,False,False
74,neonatal,11,6,5,0,0,3,Neo-natal Care,False,False
74,neurosurgery,10,5,4,1,0,3,Neurosurgery,True,False
74,obgyn,56,23,30,3,0,18,Obstetrics & Gynaecology,False,False
74,ophthalmology,20,8,11,1,0,4,Ophthalmology,False,False
74,oral_maxillofacial,15,7,7,1,0,3,Oral & Maxillofacial Surgery,False,False
74,orthopaedics,34,8,24,2,0,4,Orthopaedics,False,False
74,paediatric_cancer,6,6,0,0,0,3,Paediatric Cancer,False,False
74,paediatric_medicine,17,7,9,1,0,3,Paediatric Medical Management,False,False
74,paediatric_surgery,6,5,1,0,0,3,Paediatric Surgery,False,False
74,plastic_surgery,9,5,4,0,0,3,Plastic & Reconstructive Surgery,False,False
74,polytrauma,12,7,5,0,0,3,Polytrauma,False,False
74,radiation_oncology,5,5,0,0,0,3,Radiation Oncology,True,False
74,surgical_oncology,7,5,2,0,0,3,Surgical Oncology,False,False
74,urology,23,6,14,3,0,3,Urology,False,False
75,burns,6,1,4,1,0,0,Burns Management,False,False
75,cardiology,10,1,5,4,0,0,Cardiology,True,False
75,ctvs,2,0,1,1,0,0,Cardio-thoracic & Vascular Surgery,True,False
75,emergency_room,57,31,18,8,0,22,Emergency Room Packages,False,False
75,ent,16,4,8,4,0,2,Otorhinolaryngology (ENT),False,False
75,general_medicine,58,31,19,8,0,22,General Medicine,False,False
75,general_surgery,34,5,20,9,0,2,General Surgery,False,False
75,interventional_neuroradiology,9,1,5,3,0,0,Interventional Neuroradiology,True,False
75,medical_oncology,2,0,1,1,0,0,Medical Oncology,False,False
75,mental_disorders,1,1,0,0,0,0,Mental Disorders,False,False
75,neonatal,8,1,5,2,0,1,Neo-natal Care,False,False
75,neurosurgery,9,1,5,3,0,0,Neurosurgery,True,False
75,obgyn,43,13,22,8,0,8,Obstetrics & Gynaecology,False,False
75,ophthalmology,26,4,14,8,0,2,Ophthalmology,False,False
75,oral_maxillofacial,13,8,2,3,0,3,Oral & Maxillofacial Surgery,False,False
75,orthopaedics,30,4,18,8,0,2,Orthopaedics,False,False
75,paediatric_medicine,15,3,8,4,0,1,Paediatric Medical Management,False,False
75,paediatric_surgery,7,1,5,1,0,0,Paediatric Surgery,False,False
75,plastic_surgery,6,1,4,1,0,0,Plastic & Reconstructive Surgery,False,False
75,polytrauma,7,1,5,1,0,0,Polytrauma,False,False
75,surgical_oncology,2,0,1,1,0,0,Surgical Oncology,False,False
75,urology,24,2,15,7,0,0,Urology,False,False
76,burns,6,3,2,1,0,2,Burns Management,False,False
76,cardiology,5,0,5,0,0,0,Cardiology,True,False
76,emergency_room,30,14,14,2,0,11,Emergency Room Packages,False,False
76,ent,7,3,3,1,0,1,Otorhinolaryngology (ENT),False,False
76,general_medicine,32,14,16,2,0,11,General Medicine,False,False
76,general_surgery,31,8,20,3,0,6,General Surgery,False,False
76,interventional_neuroradiology,6,1,3,2,0,0,Interventional Neuroradiology,True,False
76,medical_oncology,3,1,0,2,0,0,Medical Oncology,False,False
76,mental_disorders,1,1,0,0,0,0,Mental Disorders,False,False
76,neonatal,7,0,6,1,0,0,Neo-natal Care,False,False
76,neurosurgery,9,2,5,2,0,1,Neurosurgery,True,False
76,obgyn,29,10,17,2,0,7,Obstetrics & Gynaecology,False,False
76,ophthalmology,8,2,6,0,0,0,Ophthalmology,False,False
76,oral_maxillofacial,10,8,1,1,0,6,Oral & Maxillofacial Surgery,False,False
76,orthopaedics,17,4,11,2,0,1,Orthopaedics,False,False
76,paediatric_cancer,1,0,0,1,0,0,Paediatric Cancer,False,False
76,paediatric_medicine,20,7,11,2,0,4,Paediatric Medical Management,False,False
76,paediatric_surgery,2,0,2,0,0,0,Paediatric Surgery,False,False
76,plastic_surgery,6,3,2,1,0,2,Plastic & Reconstructive Surgery,False,False
76,polytrauma,7,4,2,1,0,3,Polytrauma,False,False
76,radiation_oncology,1,0,0,1,0,0,Radiation Oncology,True,False
76,surgical_oncology,3,0,1,2,0,0,Surgical Oncology,False,False
76,urology,15,1,11,3,0,0,Urology,False,False
86,burns,4,2,2,0,0,0,Burns Management,False,False
86,cardiology,3,2,1,0,0,0,Cardiology,True,False
86,emergency_room,26,13,11,0,2,6,Emergency Room Packages,False,False
86,ent,15,4,10,0,1,0,Otorhinolaryngology (ENT),False,False
86,general_medicine,26,13,11,0,2,6,General Medicine,False,False
86,general_surgery,17,6,10,0,1,0,General Surgery,False,False
86,interventional_neuroradiology,3,1,2,0,0,0,Interventional Neuroradiology,True,False
86,mental_disorders,1,0,0,0,1,0,Mental Disorders,False,False
86,neurosurgery,3,1,2,0,0,0,Neurosurgery,True,False
86,obgyn,14,5,9,0,0,0,Obstetrics & Gynaecology,False,False
86,ophthalmology,13,4,8,0,1,0,Ophthalmology,False,False
86,oral_maxillofacial,8,6,0,0,2,0,Oral & Maxillofacial Surgery,False,False
86,orthopaedics,15,4,10,0,1,0,Orthopaedics,False,False
86,paediatric_medicine,12,6,6,0,0,0,Paediatric Medical Management,False,False
86,plastic_surgery,4,2,2,0,0,0,Plastic & Reconstructive Surgery,False,False
87,burns,6,0,6,0,0,0,Burns Management,False,False
87,cardiology,2,0,2,0,0,0,Cardiology,True,False
87,emergency_room,52,34,16,0,2,32,Emergency Room Packages,False,False
87,ent,12,2,9,0,1,0,Otorhinolaryngology (ENT),False,False
87,general_medicine,53,34,17,0,2,32,General Medicine,False,False
87,general_surgery,20,2,17,0,1,0,General Surgery,False,False
87,interventional_neuroradiology,6,0,6,0,0,0,Interventional Neuroradiology,True,False
87,mental_disorders,1,0,1,0,0,0,Mental Disorders,False,False
87,neurosurgery,6,0,6,0,0,0,Neurosurgery,True,False
87,obgyn,16,2,12,0,2,0,Obstetrics & Gynaecology,False,False
87,ophthalmology,4,0,3,0,1,0,Ophthalmology,False,False
87,oral_maxillofacial,2,1,0,0,1,0,Oral & Maxillofacial Surgery,False,False
87,orthopaedics,16,2,13,0,1,0,Orthopaedics,False,False
87,paediatric_medicine,16,2,12,0,2,0,Paediatric Medical Management,False,False
87,paediatric_surgery,3,0,3,0,0,0,Paediatric Surgery,False,False
87,plastic_surgery,6,0,6,0,0,0,Plastic & Reconstructive Surgery,False,False
87,urology,3,0,3,0,0,0,Urology,False,False
88,emergency_room,22,21,1,0,0,20,Emergency Room Packages,False,False
88,ent,1,1,0,0,0,0,Otorhinolaryngology (ENT),False,False
88,general_medicine,22,21,1,0,0,20,General Medicine,False,False
88,general_surgery,2,1,1,0,0,0,General Surgery,False,False
88,obgyn,2,1,1,0,0,0,Obstetrics & Gynaecology,False,False
88,ophthalmology,1,1,0,0,0,0,Ophthalmology,False,False
88,oral_maxillofacial,1,1,0,0,0,0,Oral & Maxillofacial Surgery,False,False
88,orthopaedics,2,1,1,0,0,0,Orthopaedics,False,False
88,paediatric_medicine,1,1,0,0,0,0,Paediatric Medical Management,False,False
89,burns,1,0,1,0,0,0,Burns Management,False,True
89,emergency_room,18,14,4,0,0,13,Emergency Room Packages,False,True
89,ent,3,1,2,0,0,0,Otorhinolaryngology (ENT),False,True
89,general_medicine,18,14,4,0,0,13,General Medicine,False,True
89,general_surgery,7,3,4,0,0,2,General Surgery,False,True
89,interventional_neuroradiology,1,0,1,0,0,0,Interventional Neuroradiology,True,True
89,neurosurgery,1,0,1,0,0,0,Neurosurgery,True,True
89,obgyn,5,1,4,0,0,0,Obstetrics & Gynaecology,False,True
89,ophthalmology,2,0,2,0,0,0,Ophthalmology,False,True
89,oral_maxillofacial,1,1,0,0,0,0,Oral & Maxillofacial Surgery,False,True
89,orthopaedics,5,1,4,0,0,0,Orthopaedics,False,True
89,paediatric_medicine,5,1,4,0,0,0,Paediatric Medical Management,False,True
89,paediatric_surgery,1,0,1,0,0,0,Paediatric Surgery,False,True
89,plastic_surgery,1,0,1,0,0,0,Plastic & Reconstructive Surgery,False,True
89,urology,1,0,1,0,0,0,Urology,False,True
90,burns,1,0,1,0,0,0,Burns Management,False,False
90,emergency_room,21,18,3,0,0,16,Emergency Room Packages,False,False
90,ent,3,1,2,0,0,0,Otorhinolaryngology (ENT),False,False
90,general_medicine,21,18,3,0,0,16,General Medicine,False,False
90,general_surgery,7,2,5,0,0,0,General Surgery,False,False
90,obgyn,6,1,5,0,0,0,Obstetrics & Gynaecology,False,False
90,ophthalmology,2,1,1,0,0,0,Ophthalmology,False,False
90,oral_maxillofacial,2,2,0,0,0,0,Oral & Maxillofacial Surgery,False,False
90,orthopaedics,6,2,4,0,0,0,Orthopaedics,False,False
90,paediatric_medicine,5,2,3,0,0,0,Paediatric Medical Management,False,False
90,plastic_surgery,1,0,1,0,0,0,Plastic & Reconstructive Surgery,False,False
91,burns,8,0,8,0,0,0,Burns Management,False,False
91,cardiology,3,0,3,0,0,0,Cardiology,True,False
91,emergency_room,27,10,17,0,0,9,Emergency Room Packages,False,False
91,ent,10,1,9,0,0,0,Otorhinolaryngology (ENT),False,False
91,general_medicine,27,10,17,0,0,9,General Medicine,False,False
91,general_surgery,18,1,17,0,0,0,General Surgery,False,False
91,interventional_neuroradiology,4,0,4,0,0,0,Interventional Neuroradiology,True,False
91,mental_disorders,1,0,1,0,0,0,Mental Disorders,False,False
91,neurosurgery,4,0,4,0,0,0,Neurosurgery,True,False
91,obgyn,16,1,15,0,0,0,Obstetrics & Gynaecology,False,False
91,ophthalmology,10,1,9,0,0,0,Ophthalmology,False,False
91,orthopaedics,13,1,12,0,0,0,Orthopaedics,False,False
91,paediatric_medicine,9,1,8,0,0,0,Paediatric Medical Management,False,False
91,paediatric_surgery,1,0,1,0,0,0,Paediatric Surgery,False,False
91,plastic_surgery,8,0,8,0,0,0,Plastic & Reconstructive Surgery,False,False
92,burns,4,0,4,0,0,0,Burns Management,False,False
92,cardiology,4,0,4,0,0,0,Cardiology,True,False
92,emergency_room,33,23,10,0,0,21,Emergency Room Packages,False,False
92,ent,7,0,7,0,0,0,Otorhinolaryngology (ENT),False,False
92,general_medicine,33,23,10,0,0,21,General Medicine,False,False
92,general_surgery,12,2,10,0,0,0,General Surgery,False,False
92,interventional_neuroradiology,4,0,4,0,0,0,Interventional Neuroradiology,True,False
92,medical_oncology,1,0,1,0,0,0,Medical Oncology,False,False
92,mental_disorders,1,0,1,0,0,0,Mental Disorders,False,False
92,neurosurgery,4,0,4,0,0,0,Neurosurgery,True,False
92,obgyn,10,1,9,0,0,0,Obstetrics & Gynaecology,False,False
92,ophthalmology,6,0,6,0,0,0,Ophthalmology,False,False
92,oral_maxillofacial,1,1,0,0,0,0,Oral & Maxillofacial Surgery,False,False
92,orthopaedics,10,0,10,0,0,0,Orthopaedics,False,False
92,paediatric_medicine,9,1,8,0,0,0,Paediatric Medical Management,False,False
92,paediatric_surgery,1,0,1,0,0,0,Paediatric Surgery,False,False
92,plastic_surgery,4,0,4,0,0,0,Plastic & Reconstructive Surgery,False,False
92,surgical_oncology,1,0,1,0,0,0,Surgical Oncology,False,False
92,urology,1,0,1,0,0,0,Urology,False,False
93,burns,3,1,2,0,0,0,Burns Management,False,False
93,cardiology,3,2,1,0,0,0,Cardiology,True,False
93,emergency_room,25,20,4,0,1,13,Emergency Room Packages,False,False
93,ent,6,3,3,0,0,0,Otorhinolaryngology (ENT),False,False
93,general_medicine,25,20,4,0,1,13,General Medicine,False,False
93,general_surgery,11,6,4,0,1,0,General Surgery,False,False
93,interventional_neuroradiology,5,1,4,0,0,0,Interventional Neuroradiology,True,False
93,medical_oncology,2,0,2,0,0,0,Medical Oncology,False,False
93,mental_disorders,2,0,2,0,0,0,Mental Disorders,False,False
93,neurosurgery,5,1,4,0,0,0,Neurosurgery,True,False
93,obgyn,8,3,5,0,0,0,Obstetrics & Gynaecology,False,False
93,ophthalmology,8,2,5,0,1,0,Ophthalmology,False,False
93,oral_maxillofacial,2,1,0,0,1,0,Oral & Maxillofacial Surgery,False,False
93,orthopaedics,7,2,5,0,0,0,Orthopaedics,False,False
93,paediatric_medicine,9,4,4,0,1,0,Paediatric Medical Management,False,False
93,paediatric_surgery,2,0,2,0,0,0,Paediatric Surgery,False,False
93,plastic_surgery,3,1,2,0,0,0,Plastic & Reconstructive Surgery,False,False
93,radiation_oncology,1,0,1,0,0,0,Radiation Oncology,True,False
93,surgical_oncology,2,0,2,0,0,0,Surgical Oncology,False,False
93,urology,2,0,2,0,0,0,Urology,False,False
94,emergency_room,9,7,2,0,0,7,Emergency Room Packages,False,False
94,ent,3,1,2,0,0,0,Otorhinolaryngology (ENT),False,False
94,general_medicine,9,7,2,0,0,7,General Medicine,False,False
94,general_surgery,7,5,2,0,0,4,General Surgery,False,False
94,obgyn,3,1,2,0,0,0,Obstetrics & Gynaecology,False,False
94,ophthalmology,3,1,2,0,0,0,Ophthalmology,False,False
94,oral_maxillofacial,1,1,0,0,0,0,Oral & Maxillofacial Surgery,False,False
94,orthopaedics,3,1,2,0,0,0,Orthopaedics,False,False
94,paediatric_medicine,3,1,2,0,0,0,Paediatric Medical Management,False,False
95,emergency_room,15,13,2,0,0,13,Emergency Room Packages,False,False
95,ent,2,1,1,0,0,0,Otorhinolaryngology (ENT),False,False
95,general_medicine,15,13,2,0,0,13,General Medicine,False,False
95,general_surgery,3,1,2,0,0,0,General Surgery,False,False
95,mental_disorders,1,0,1,0,0,0,Mental Disorders,False,False
95,neurosurgery,1,0,1,0,0,0,Neurosurgery,True,False
95,obgyn,4,2,2,0,0,0,Obstetrics & Gynaecology,False,False
95,ophthalmology,1,1,0,0,0,0,Ophthalmology,False,False
95,oral_maxillofacial,3,3,0,0,0,1,Oral & Maxillofacial Surgery,False,False
95,orthopaedics,4,2,2,0,0,0,Orthopaedics,False,False
95,paediatric_medicine,3,1,2,0,0,0,Paediatric Medical Management,False,False
95,surgical_oncology,1,0,1,0,0,0,Surgical Oncology,False,False
95,urology,1,0,1,0,0,0,Urology,False,False
96,burns,2,0,2,0,0,0,Burns Management,False,False
96,cardiology,2,0,2,0,0,0,Cardiology,True,False
96,emergency_room,26,13,13,0,0,11,Emergency Room Packages,False,False
96,ent,8,3,5,0,0,0,Otorhinolaryngology (ENT),False,False
96,general_medicine,26,13,13,0,0,11,General Medicine,False,False
96,general_surgery,14,3,11,0,0,0,General Surgery,False,False
96,interventional_neuroradiology,2,0,2,0,0,0,Interventional Neuroradiology,True,False
96,medical_oncology,1,0,1,0,0,0,Medical Oncology,False,False
96,neurosurgery,2,0,2,0,0,0,Neurosurgery,True,False
96,obgyn,11,2,9,0,0,0,Obstetrics & Gynaecology,False,False
96,ophthalmology,4,1,3,0,0,0,Ophthalmology,False,False
96,oral_maxillofacial,1,1,0,0,0,0,Oral & Maxillofacial Surgery,False,False
96,orthopaedics,13,3,10,0,0,0,Orthopaedics,False,False
96,paediatric_medicine,10,3,7,0,0,0,Paediatric Medical Management,False,False
96,paediatric_surgery,2,0,2,0,0,0,Paediatric Surgery,False,False
96,plastic_surgery,2,0,2,0,0,0,Plastic & Reconstructive Surgery,False,False
97,burns,2,0,2,0,0,0,Burns Management,False,False
97,emergency_room,15,9,6,0,0,8,Emergency Room Packages,False,False
97,ent,5,1,4,0,0,0,Otorhinolaryngology (ENT),False,False
97,general_medicine,15,9,6,0,0,8,General Medicine,False,False
97,general_surgery,10,3,7,0,0,2,General Surgery,False,False
97,interventional_neuroradiology,1,0,1,0,0,0,Interventional Neuroradiology,True,False
97,mental_disorders,1,0,1,0,0,0,Mental Disorders,False,False
97,neurosurgery,1,0,1,0,0,0,Neurosurgery,True,False
97,obgyn,7,1,6,0,0,0,Obstetrics & Gynaecology,False,False
97,ophthalmology,3,1,2,0,0,0,Ophthalmology,False,False
97,oral_maxillofacial,2,2,0,0,0,2,Oral & Maxillofacial Surgery,False,False
97,orthopaedics,7,1,6,0,0,0,Orthopaedics,False,False
97,paediatric_medicine,6,1,5,0,0,0,Paediatric Medical Management,False,False
97,plastic_surgery,2,0,2,0,0,0,Plastic & Reconstructive Surgery,False,False
98,emergency_room,4,4,0,0,0,2,Emergency Room Packages,False,True
98,ent,2,1,1,0,0,0,Otorhinolaryngology (ENT),False,True
98,general_medicine,4,4,0,0,0,2,General Medicine,False,True
98,general_surgery,3,2,1,0,0,1,General Surgery,False,True
98,obgyn,1,1,0,0,0,0,Obstetrics & Gynaecology,False,True
98,ophthalmology,1,1,0,0,0,0,Ophthalmology,False,True
98,oral_maxillofacial,2,2,0,0,0,1,Oral & Maxillofacial Surgery,False,True
98,orthopaedics,1,0,1,0,0,0,Orthopaedics,False,True
98,paediatric_medicine,2,1,1,0,0,0,Paediatric Medical Management,False,True
99,emergency_room,10,9,1,0,0,7,Emergency Room Packages,False,False
99,ent,3,2,1,0,0,0,Otorhinolaryngology (ENT),False,False
99,general_medicine,10,9,1,0,0,7,General Medicine,False,False
99,general_surgery,5,4,1,0,0,2,General Surgery,False,False
99,interventional_neuroradiology,1,0,1,0,0,0,Interventional Neuroradiology,True,False
99,neurosurgery,1,0,1,0,0,0,Neurosurgery,True,False
99,obgyn,2,1,1,0,0,0,Obstetrics & Gynaecology,False,False
99,ophthalmology,1,0,1,0,0,0,Ophthalmology,False,False
99,orthopaedics,3,2,1,0,0,0,Orthopaedics,False,False
99,paediatric_medicine,1,1,0,0,0,0,Paediatric Medical Management,False,False
100,burns,5,0,5,0,0,0,Burns Management,False,False
100,cardiology,6,0,6,0,0,0,Cardiology,True,False
100,emergency_room,34,12,22,0,0,12,Emergency Room Packages,False,False
100,ent,13,1,12,0,0,0,Otorhinolaryngology (ENT),False,False
100,general_medicine,34,12,22,0,0,12,General Medicine,False,False
100,general_surgery,29,1,28,0,0,0,General Surgery,False,False
100,interventional_neuroradiology,8,0,8,0,0,0,Interventional Neuroradiology,True,False
100,mental_disorders,1,0,1,0,0,0,Mental Disorders,False,False
100,neurosurgery,8,0,8,0,0,0,Neurosurgery,True,False
100,obgyn,21,0,21,0,0,0,Obstetrics & Gynaecology,False,False
100,ophthalmology,7,1,6,0,0,0,Ophthalmology,False,False
100,oral_maxillofacial,1,1,0,0,0,0,Oral & Maxillofacial Surgery,False,False
100,orthopaedics,19,1,18,0,0,0,Orthopaedics,False,False
100,paediatric_medicine,14,1,13,0,0,0,Paediatric Medical Management,False,False
100,plastic_surgery,5,0,5,0,0,0,Plastic & Reconstructive Surgery,False,False
100,urology,1,0,1,0,0,0,Urology,False,False
101,emergency_room,11,7,4,0,0,6,Emergency Room Packages,False,False
101,ent,2,1,1,0,0,0,Otorhinolaryngology (ENT),False,False
101,general_medicine,11,7,4,0,0,6,General Medicine,False,False
101,general_surgery,6,1,5,0,0,0,General Surgery,False,False
101,interventional_neuroradiology,1,0,1,0,0,0,Interventional Neuroradiology,True,False
101,neurosurgery,1,0,1,0,0,0,Neurosurgery,True,False
101,obgyn,4,1,3,0,0,0,Obstetrics & Gynaecology,False,False
101,ophthalmology,1,1,0,0,0,0,Ophthalmology,False,False
101,oral_maxillofacial,1,1,0,0,0,0,Oral & Maxillofacial Surgery,False,False
101,orthopaedics,7,1,6,0,0,0,Orthopaedics,False,False
101,paediatric_medicine,1,1,0,0,0,0,Paediatric Medical Management,False,False
102,burns,83,2,81,0,0,0,Burns Management,False,False
102,cardiology,50,4,46,0,0,0,Cardiology,True,False
102,emergency_room,170,23,145,0,2,13,Emergency Room Packages,False,False
102,ent,123,8,113,0,2,0,Otorhinolaryngology (ENT),False,False
102,general_medicine,170,23,145,0,2,13,General Medicine,False,False
102,general_surgery,163,14,147,0,2,2,General Surgery,False,False
102,interventional_neuroradiology,64,2,62,0,0,0,Interventional Neuroradiology,True,False
102,medical_oncology,15,0,15,0,0,0,Medical Oncology,False,False
102,mental_disorders,9,0,7,0,2,0,Mental Disorders,False,False
102,neurosurgery,69,2,67,0,0,0,Neurosurgery,True,False
102,obgyn,130,10,118,0,2,2,Obstetrics & Gynaecology,False,False
102,ophthalmology,70,6,62,0,2,0,Ophthalmology,False,False
102,oral_maxillofacial,12,10,1,0,1,2,Oral & Maxillofacial Surgery,False,False
102,orthopaedics,136,7,127,0,2,0,Orthopaedics,False,False
102,paediatric_medicine,119,11,106,0,2,1,Paediatric Medical Management,False,False
102,paediatric_surgery,14,0,14,0,0,0,Paediatric Surgery,False,False
102,plastic_surgery,83,2,81,0,0,0,Plastic & Reconstructive Surgery,False,False
102,radiation_oncology,5,0,5,0,0,0,Radiation Oncology,True,False
102,surgical_oncology,17,0,17,0,0,0,Surgical Oncology,False,False
102,urology,8,0,8,0,0,0,Urology,False,False
103,emergency_room,4,3,0,0,1,2,Emergency Room Packages,False,True
103,general_medicine,4,3,0,0,1,2,General Medicine,False,True
103,general_surgery,1,1,0,0,0,0,General Surgery,False,True
103,obgyn,1,1,0,0,0,0,Obstetrics & Gynaecology,False,True
103,oral_maxillofacial,1,1,0,0,0,0,Oral & Maxillofacial Surgery,False,True
104,burns,1,0,1,0,0,0,Burns Management,False,False
104,cardiology,1,0,1,0,0,0,Cardiology,True,False
104,emergency_room,18,9,9,0,0,8,Emergency Room Packages,False,False
104,ent,6,2,4,0,0,1,Otorhinolaryngology (ENT),False,False
104,general_medicine,18,9,9,0,0,8,General Medicine,False,False
104,general_surgery,14,4,10,0,0,3,General Surgery,False,False
104,interventional_neuroradiology,2,0,2,0,0,0,Interventional Neuroradiology,True,False
104,mental_disorders,2,0,2,0,0,0,Mental Disorders,False,False
104,neurosurgery,2,0,2,0,0,0,Neurosurgery,True,False
104,obgyn,13,2,11,0,0,1,Obstetrics & Gynaecology,False,False
104,ophthalmology,5,2,3,0,0,1,Ophthalmology,False,False
104,oral_maxillofacial,1,1,0,0,0,1,Oral & Maxillofacial Surgery,False,False
104,orthopaedics,8,0,8,0,0,0,Orthopaedics,False,False
104,paediatric_medicine,9,1,8,0,0,0,Paediatric Medical Management,False,False
104,plastic_surgery,1,0,1,0,0,0,Plastic & Reconstructive Surgery,False,False
105,burns,5,0,5,0,0,0,Burns Management,False,False
105,cardiology,1,0,1,0,0,0,Cardiology,True,False
105,emergency_room,22,15,7,0,0,14,Emergency Room Packages,False,False
105,ent,6,1,5,0,0,0,Otorhinolaryngology (ENT),False,False
105,general_medicine,22,15,7,0,0,14,General Medicine,False,False
105,general_surgery,8,2,6,0,0,1,General Surgery,False,False
105,interventional_neuroradiology,3,1,2,0,0,0,Interventional Neuroradiology,True,False
105,neurosurgery,3,1,2,0,0,0,Neurosurgery,True,False
105,obgyn,6,1,5,0,0,0,Obstetrics & Gynaecology,False,False
105,ophthalmology,3,1,2,0,0,0,Ophthalmology,False,False
105,oral_maxillofacial,1,1,0,0,0,0,Oral & Maxillofacial Surgery,False,False
105,orthopaedics,8,1,7,0,0,0,Orthopaedics,False,False
105,paediatric_medicine,7,1,6,0,0,0,Paediatric Medical Management,False,False
105,plastic_surgery,5,0,5,0,0,0,Plastic & Reconstructive Surgery,False,False
105,surgical_oncology,1,0,1,0,0,0,Surgical Oncology,False,False
106,burns,5,1,4,0,0,0,Burns Management,False,False
106,cardiology,3,1,2,0,0,0,Cardiology,True,False
106,emergency_room,37,17,19,0,1,16,Emergency Room Packages,False,False
106,ent,12,2,9,0,1,1,Otorhinolaryngology (ENT),False,False
106,general_medicine,37,17,19,0,1,16,General Medicine,False,False
106,general_surgery,21,2,19,0,0,1,General Surgery,False,False
106,interventional_neuroradiology,2,0,2,0,0,0,Interventional Neuroradiology,True,False
106,medical_oncology,3,0,3,0,0,0,Medical Oncology,False,False
106,neurosurgery,3,0,3,0,0,0,Neurosurgery,True,False
106,obgyn,19,1,17,0,1,1,Obstetrics & Gynaecology,False,False
106,ophthalmology,7,1,6,0,0,0,Ophthalmology,False,False
106,oral_maxillofacial,2,1,0,0,1,0,Oral & Maxillofacial Surgery,False,False
106,orthopaedics,20,2,18,0,0,1,Orthopaedics,False,False
106,paediatric_medicine,17,2,15,0,0,1,Paediatric Medical Management,False,False
106,paediatric_surgery,2,0,2,0,0,0,Paediatric Surgery,False,False
106,plastic_surgery,5,1,4,0,0,0,Plastic & Reconstructive Surgery,False,False
106,surgical_oncology,2,0,2,0,0,0,Surgical Oncology,False,False
106,urology,1,0,1,0,0,0,Urology,False,False
107,burns,17,1,15,0,1,0,Burns Management,False,False
107,cardiology,16,2,13,0,1,0,Cardiology,True,False
107,ctvs,1,0,0,0,1,0,Cardio-thoracic & Vascular Surgery,True,False
107,emergency_room,57,23,31,0,3,13,Emergency Room Packages,False,False
107,ent,28,5,21,0,2,0,Otorhinolaryngology (ENT),False,False
107,general_medicine,57,23,31,0,3,13,General Medicine,False,False
107,general_surgery,42,9,30,0,3,1,General Surgery,False,False
107,interventional_neuroradiology,18,2,15,0,1,0,Interventional Neuroradiology,True,False
107,medical_oncology,4,0,4,0,0,0,Medical Oncology,False,False
107,mental_disorders,3,0,3,0,0,0,Mental Disorders,False,False
107,neonatal,1,0,0,0,1,0,Neo-natal Care,False,False
107,neurosurgery,18,2,15,0,1,0,Neurosurgery,True,False
107,obgyn,37,7,27,0,3,0,Obstetrics & Gynaecology,False,False
107,ophthalmology,21,2,16,0,3,0,Ophthalmology,False,False
107,oral_maxillofacial,6,3,0,0,3,0,Oral & Maxillofacial Surgery,False,False
107,orthopaedics,36,6,27,0,3,0,Orthopaedics,False,False
107,paediatric_medicine,35,6,26,0,3,0,Paediatric Medical Management,False,False
107,paediatric_surgery,3,0,2,0,1,0,Paediatric Surgery,False,False
107,plastic_surgery,17,1,15,0,1,0,Plastic & Reconstructive Surgery,False,False
107,radiation_oncology,1,0,0,0,1,0,Radiation Oncology,True,False
107,surgical_oncology,4,0,3,0,1,0,Surgical Oncology,False,False
107,urology,6,0,5,0,1,0,Urology,False,False
108,emergency_room,16,12,4,0,0,10,Emergency Room Packages,False,True
108,ent,4,2,2,0,0,0,Otorhinolaryngology (ENT),False,True
108,general_medicine,16,12,4,0,0,10,General Medicine,False,True
108,general_surgery,10,4,6,0,0,2,General Surgery,False,True
108,obgyn,9,3,6,0,0,1,Obstetrics & Gynaecology,False,True
108,ophthalmology,2,1,1,0,0,1,Ophthalmology,False,True
108,oral_maxillofacial,3,3,0,0,0,2,Oral & Maxillofacial Surgery,False,True
108,orthopaedics,4,2,2,0,0,0,Orthopaedics,False,True
108,paediatric_medicine,8,3,5,0,0,1,Paediatric Medical Management,False,True
109,burns,8,0,8,0,0,0,Burns Management,False,False
109,cardiology,6,2,4,0,0,0,Cardiology,True,False
109,emergency_room,22,9,13,0,0,6,Emergency Room Packages,False,False
109,ent,16,3,13,0,0,0,Otorhinolaryngology (ENT),False,False
109,general_medicine,22,9,13,0,0,6,General Medicine,False,False
109,general_surgery,16,3,12,0,1,0,General Surgery,False,False
109,interventional_neuroradiology,9,2,7,0,0,0,Interventional Neuroradiology,True,False
109,medical_oncology,2,0,2,0,0,0,Medical Oncology,False,False
109,mental_disorders,2,0,2,0,0,0,Mental Disorders,False,False
109,neurosurgery,10,2,8,0,0,0,Neurosurgery,True,False
109,obgyn,12,2,10,0,0,0,Obstetrics & Gynaecology,False,False
109,ophthalmology,9,2,6,0,1,0,Ophthalmology,False,False
109,oral_maxillofacial,3,3,0,0,0,0,Oral & Maxillofacial Surgery,False,False
109,orthopaedics,16,3,13,0,0,0,Orthopaedics,False,False
109,paediatric_medicine,14,2,11,0,1,0,Paediatric Medical Management,False,False
109,paediatric_surgery,3,0,3,0,0,0,Paediatric Surgery,False,False
109,plastic_surgery,8,0,8,0,0,0,Plastic & Reconstructive Surgery,False,False
109,radiation_oncology,1,0,1,0,0,0,Radiation Oncology,True,False
109,surgical_oncology,1,0,1,0,0,0,Surgical Oncology,False,False
109,urology,1,0,1,0,0,0,Urology,False,False
110,burns,1,0,1,0,0,0,Burns Management,False,False
110,cardiology,3,0,3,0,0,0,Cardiology,True,False
110,emergency_room,38,27,11,0,0,24,Emergency Room Packages,False,False
110,ent,10,3,7,0,0,1,Otorhinolaryngology (ENT),False,False
110,general_medicine,38,27,11,0,0,24,General Medicine,False,False
110,general_surgery,19,3,16,0,0,1,General Surgery,False,False
110,interventional_neuroradiology,3,0,3,0,0,0,Interventional Neuroradiology,True,False
110,neurosurgery,3,0,3,0,0,0,Neurosurgery,True,False
110,obgyn,16,3,13,0,0,1,Obstetrics & Gynaecology,False,False
110,ophthalmology,3,2,1,0,0,1,Ophthalmology,False,False
110,oral_maxillofacial,1,1,0,0,0,1,Oral & Maxillofacial Surgery,False,False
110,orthopaedics,16,3,13,0,0,1,Orthopaedics,False,False
110,paediatric_medicine,16,3,13,0,0,1,Paediatric Medical Management,False,False
110,plastic_surgery,1,0,1,0,0,0,Plastic & Reconstructive Surgery,False,False
110,urology,1,0,1,0,0,0,Urology,False,False
111,burns,2,0,2,0,0,0,Burns Management,False,False
111,cardiology,1,0,1,0,0,0,Cardiology,True,False
111,emergency_room,27,22,5,0,0,20,Emergency Room Packages,False,False
111,ent,5,1,4,0,0,0,Otorhinolaryngology (ENT),False,False
111,general_medicine,27,22,5,0,0,20,General Medicine,False,False
111,general_surgery,8,2,6,0,0,0,General Surgery,False,False
111,interventional_neuroradiology,1,0,1,0,0,0,Interventional Neuroradiology,True,False
111,neurosurgery,1,0,1,0,0,0,Neurosurgery,True,False
111,obgyn,8,2,6,0,0,0,Obstetrics & Gynaecology,False,False
111,ophthalmology,5,2,3,0,0,0,Ophthalmology,False,False
111,oral_maxillofacial,2,2,0,0,0,0,Oral & Maxillofacial Surgery,False,False
111,orthopaedics,9,2,7,0,0,0,Orthopaedics,False,False
111,paediatric_medicine,6,2,4,0,0,0,Paediatric Medical Management,False,False
111,paediatric_surgery,1,0,1,0,0,0,Paediatric Surgery,False,False
111,plastic_surgery,2,0,2,0,0,0,Plastic & Reconstructive Surgery,False,False
112,burns,1,0,1,0,0,0,Burns Management,False,False
112,emergency_room,14,10,4,0,0,9,Emergency Room Packages,False,False
112,ent,3,2,1,0,0,0,Otorhinolaryngology (ENT),False,False
112,general_medicine,14,10,4,0,0,9,General Medicine,False,False
112,general_surgery,5,1,4,0,0,0,General Surgery,False,False
112,obgyn,5,1,4,0,0,0,Obstetrics & Gynaecology,False,False
112,ophthalmology,3,1,2,0,0,0,Ophthalmology,False,False
112,orthopaedics,6,2,4,0,0,0,Orthopaedics,False,False
112,paediatric_medicine,2,1,1,0,0,0,Paediatric Medical Management,False,False
112,plastic_surgery,1,0,1,0,0,0,Plastic & Reconstructive Surgery,False,False
113,burns,4,0,4,0,0,0,Burns Management,False,False
113,cardiology,2,0,2,0,0,0,Cardiology,True,False
113,emergency_room,17,7,10,0,0,5,Emergency Room Packages,False,False
113,ent,6,1,5,0,0,0,Otorhinolaryngology (ENT),False,False
113,general_medicine,17,7,10,0,0,5,General Medicine,False,False
113,general_surgery,12,2,10,0,0,0,General Surgery,False,False
113,interventional_neuroradiology,1,0,1,0,0,0,Interventional Neuroradiology,True,False
113,neurosurgery,1,0,1,0,0,0,Neurosurgery,True,False
113,obgyn,11,2,9,0,0,0,Obstetrics & Gynaecology,False,False
113,ophthalmology,5,2,3,0,0,0,Ophthalmology,False,False
113,oral_maxillofacial,2,2,0,0,0,0,Oral & Maxillofacial Surgery,False,False
113,orthopaedics,9,2,7,0,0,0,Orthopaedics,False,False
113,paediatric_medicine,8,2,6,0,0,0,Paediatric Medical Management,False,False
113,plastic_surgery,4,0,4,0,0,0,Plastic & Reconstructive Surgery,False,False
114,burns,12,0,12,0,0,0,Burns Management,False,False
114,cardiology,7,1,6,0,0,0,Cardiology,True,False
114,emergency_room,43,15,28,0,0,13,Emergency Room Packages,False,False
114,ent,25,2,23,0,0,0,Otorhinolaryngology (ENT),False,False
114,general_medicine,44,15,29,0,0,13,General Medicine,False,False
114,general_surgery,42,8,34,0,0,6,General Surgery,False,False
114,interventional_neuroradiology,9,0,9,0,0,0,Interventional Neuroradiology,True,False
114,medical_oncology,6,0,6,0,0,0,Medical Oncology,False,False
114,mental_disorders,5,0,5,0,0,0,Mental Disorders,False,False
114,neurosurgery,9,0,9,0,0,0,Neurosurgery,True,False
114,obgyn,37,4,33,0,0,3,Obstetrics & Gynaecology,False,False
114,ophthalmology,14,2,12,0,0,1,Ophthalmology,False,False
114,oral_maxillofacial,4,4,0,0,0,4,Oral & Maxillofacial Surgery,False,False
114,orthopaedics,32,2,30,0,0,0,Orthopaedics,False,False
114,paediatric_medicine,33,4,29,0,0,2,Paediatric Medical Management,False,False
114,paediatric_surgery,6,0,6,0,0,0,Paediatric Surgery,False,False
114,plastic_surgery,12,0,12,0,0,0,Plastic & Reconstructive Surgery,False,False
114,radiation_oncology,1,0,1,0,0,0,Radiation Oncology,True,False
114,surgical_oncology,6,0,6,0,0,0,Surgical Oncology,False,False
114,urology,8,0,8,0,0,0,Urology,False,False
115,burns,2,1,1,0,0,1,Burns Management,False,True
115,emergency_room,14,9,5,0,0,8,Emergency Room Packages,False,True
115,ent,3,2,1,0,0,1,Otorhinolaryngology (ENT),False,True
115,general_medicine,14,9,5,0,0,8,General Medicine,False,True
115,general_surgery,5,2,3,0,0,1,General Surgery,False,True
115,interventional_neuroradiology,1,0,1,0,0,0,Interventional Neuroradiology,True,True
115,neurosurgery,1,0,1,0,0,0,Neurosurgery,True,True
115,obgyn,4,2,2,0,0,1,Obstetrics & Gynaecology,False,True
115,ophthalmology,2,1,1,0,0,1,Ophthalmology,False,True
115,oral_maxillofacial,1,1,0,0,0,1,Oral & Maxillofacial Surgery,False,True
115,orthopaedics,5,2,3,0,0,1,Orthopaedics,False,True
115,paediatric_medicine,4,2,2,0,0,1,Paediatric Medical Management,False,True
115,plastic_surgery,2,1,1,0,0,1,Plastic & Reconstructive Surgery,False,True
116,burns,5,0,5,0,0,0,Burns Management,False,False
116,cardiology,3,0,3,0,0,0,Cardiology,True,False
116,emergency_room,13,7,6,0,0,6,Emergency Room Packages,False,False
116,ent,6,1,5,0,0,0,Otorhinolaryngology (ENT),False,False
116,general_medicine,13,7,6,0,0,6,General Medicine,False,False
116,general_surgery,8,1,7,0,0,0,General Surgery,False,False
116,interventional_neuroradiology,4,0,4,0,0,0,Interventional Neuroradiology,True,False
116,medical_oncology,1,0,1,0,0,0,Medical Oncology,False,False
116,mental_disorders,1,0,1,0,0,0,Mental Disorders,False,False
116,neurosurgery,4,0,4,0,0,0,Neurosurgery,True,False
116,obgyn,4,1,3,0,0,0,Obstetrics & Gynaecology,False,False
116,ophthalmology,6,1,5,0,0,0,Ophthalmology,False,False
116,oral_maxillofacial,1,1,0,0,0,0,Oral & Maxillofacial Surgery,False,False
116,orthopaedics,9,1,8,0,0,0,Orthopaedics,False,False
116,paediatric_medicine,5,1,4,0,0,0,Paediatric Medical Management,False,False
116,plastic_surgery,5,0,5,0,0,0,Plastic & Reconstructive Surgery,False,False
116,radiation_oncology,1,0,1,0,0,0,Radiation Oncology,True,False
116,surgical_oncology,1,0,1,0,0,0,Surgical Oncology,False,False
117,burns,5,0,5,0,0,0,Burns Management,False,False
117,cardiology,3,0,3,0,0,0,Cardiology,True,False
117,emergency_room,44,32,12,0,0,26,Emergency Room Packages,False,False
117,ent,8,2,6,0,0,0,Otorhinolaryngology (ENT),False,False
117,general_medicine,44,32,12,0,0,26,General Medicine,False,False
117,general_surgery,14,4,10,0,0,0,General Surgery,False,False
117,interventional_neuroradiology,5,0,5,0,0,0,Interventional Neuroradiology,True,False
117,neurosurgery,5,0,5,0,0,0,Neurosurgery,True,False
117,obgyn,12,4,8,0,0,0,Obstetrics & Gynaecology,False,False
117,ophthalmology,6,1,5,0,0,0,Ophthalmology,False,False
117,orthopaedics,10,2,8,0,0,0,Orthopaedics,False,False
117,paediatric_medicine,10,3,7,0,0,0,Paediatric Medical Management,False,False
117,plastic_surgery,5,0,5,0,0,0,Plastic & Reconstructive Surgery,False,False
118,burns,18,0,17,1,0,0,Burns Management,False,False
118,cardiology,21,1,18,2,0,0,Cardiology,True,False
118,ctvs,10,0,10,0,0,0,Cardio-thoracic & Vascular Surgery,True,False
118,emergency_room,98,51,43,3,1,49,Emergency Room Packages,False,False
118,ent,34,2,31,1,0,0,Otorhinolaryngology (ENT),False,False
118,general_medicine,107,56,47,3,1,54,General Medicine,False,False
118,general_surgery,62,2,56,3,1,0,General Surgery,False,False
118,interventional_neuroradiology,14,0,14,0,0,0,Interventional Neuroradiology,True,False
118,medical_oncology,10,1,9,0,0,0,Medical Oncology,False,False
118,mental_disorders,3,3,0,0,0,0,Mental Disorders,False,False
118,neonatal,26,0,25,1,0,0,Neo-natal Care,False,False
118,neurosurgery,24,0,24,0,0,0,Neurosurgery,True,False
118,obgyn,80,29,48,3,0,27,Obstetrics & Gynaecology,False,False
118,ophthalmology,23,2,19,2,0,0,Ophthalmology,False,False
118,oral_maxillofacial,17,1,15,1,0,0,Oral & Maxillofacial Surgery,False,False
118,orthopaedics,60,2,55,3,0,0,Orthopaedics,False,False
118,paediatric_cancer,6,0,6,0,0,0,Paediatric Cancer,False,False
118,paediatric_medicine,37,3,32,2,0,1,Paediatric Medical Management,False,False
118,paediatric_surgery,15,0,15,0,0,0,Paediatric Surgery,False,False
118,plastic_surgery,20,0,20,0,0,0,Plastic & Reconstructive Surgery,False,False
118,polytrauma,30,1,26,3,0,0,Polytrauma,False,False
118,radiation_oncology,4,1,3,0,0,0,Radiation Oncology,True,False
118,surgical_oncology,8,0,7,1,0,0,Surgical Oncology,False,False
118,urology,46,0,43,3,0,0,Urology,False,False
119,burns,12,1,11,0,0,0,Burns Management,False,False
119,cardiology,6,1,4,1,0,0,Cardiology,True,False
119,ctvs,1,1,0,0,0,0,Cardio-thoracic & Vascular Surgery,True,False
119,emergency_room,31,15,15,1,0,11,Emergency Room Packages,False,False
119,ent,12,4,8,0,0,1,Otorhinolaryngology (ENT),False,False
119,general_medicine,59,27,29,3,0,23,General Medicine,False,False
119,general_surgery,40,6,32,2,0,1,General Surgery,False,False
119,interventional_neuroradiology,6,1,5,0,0,0,Interventional Neuroradiology,True,False
119,medical_oncology,3,1,2,0,0,0,Medical Oncology,False,False
119,mental_disorders,1,1,0,0,0,1,Mental Disorders,False,False
119,neonatal,12,2,10,0,0,0,Neo-natal Care,False,False
119,neurosurgery,10,1,9,0,0,0,Neurosurgery,True,False
119,obgyn,60,24,33,3,0,19,Obstetrics & Gynaecology,False,False
119,ophthalmology,29,6,21,2,0,2,Ophthalmology,False,False
119,oral_maxillofacial,10,3,7,0,0,1,Oral & Maxillofacial Surgery,False,False
119,orthopaedics,39,5,32,2,0,1,Orthopaedics,False,False
119,paediatric_cancer,1,1,0,0,0,0,Paediatric Cancer,False,False
119,paediatric_medicine,19,3,14,2,0,1,Paediatric Medical Management,False,False
119,paediatric_surgery,3,1,2,0,0,0,Paediatric Surgery,False,False
119,plastic_surgery,12,1,11,0,0,0,Plastic & Reconstructive Surgery,False,False
119,polytrauma,10,1,8,1,0,0,Polytrauma,False,False
119,radiation_oncology,1,1,0,0,0,0,Radiation Oncology,True,False
119,surgical_oncology,1,1,0,0,0,0,Surgical Oncology,False,False
119,urology,22,1,20,1,0,0,Urology,False,False
120,burns,23,0,16,7,0,0,Burns Management,False,False
120,cardiology,19,0,15,4,0,0,Cardiology,True,False
120,ctvs,2,0,1,1,0,0,Cardio-thoracic & Vascular Surgery,True,False
120,emergency_room,94,17,55,21,1,14,Emergency Room Packages,False,False
120,ent,33,0,28,5,0,0,Otorhinolaryngology (ENT),False,False
120,general_medicine,147,55,65,25,2,49,General Medicine,False,False
120,general_surgery,107,11,70,26,0,9,General Surgery,False,False
120,interventional_neuroradiology,21,0,12,9,0,0,Interventional Neuroradiology,True,False
120,medical_oncology,10,0,8,2,0,0,Medical Oncology,False,False
120,neonatal,31,1,26,4,0,0,Neo-natal Care,False,False
120,neurosurgery,36,0,26,10,0,0,Neurosurgery,True,False
120,obgyn,83,2,61,19,1,1,Obstetrics & Gynaecology,False,False
120,ophthalmology,42,2,28,10,2,1,Ophthalmology,False,False
120,oral_maxillofacial,21,0,13,7,1,0,Oral & Maxillofacial Surgery,False,False
120,orthopaedics,84,1,61,21,1,0,Orthopaedics,False,False
120,paediatric_cancer,3,0,1,2,0,0,Paediatric Cancer,False,False
120,paediatric_medicine,55,4,40,9,2,2,Paediatric Medical Management,False,False
120,paediatric_surgery,10,0,8,2,0,0,Paediatric Surgery,False,False
120,plastic_surgery,22,0,15,7,0,0,Plastic & Reconstructive Surgery,False,False
120,polytrauma,24,0,21,3,0,0,Polytrauma,False,False
120,radiation_oncology,2,0,1,1,0,0,Radiation Oncology,True,False
120,surgical_oncology,14,0,12,2,0,0,Surgical Oncology,False,False
120,urology,49,0,38,11,0,0,Urology,False,False
121,cardiology,1,0,1,0,0,0,Cardiology,True,False
121,emergency_room,14,11,2,1,0,8,Emergency Room Packages,False,False
121,ent,3,2,0,1,0,0,Otorhinolaryngology (ENT),False,False
121,general_medicine,29,23,5,1,0,20,General Medicine,False,False
121,general_surgery,12,5,6,1,0,2,General Surgery,False,False
121,mental_disorders,1,1,0,0,0,0,Mental Disorders,False,False
121,neurosurgery,1,0,0,1,0,0,Neurosurgery,True,False
121,obgyn,11,3,6,1,1,1,Obstetrics & Gynaecology,False,False
121,ophthalmology,6,2,4,0,0,0,Ophthalmology,False,False
121,oral_maxillofacial,4,3,0,0,1,0,Oral & Maxillofacial Surgery,False,False
121,orthopaedics,10,3,6,1,0,1,Orthopaedics,False,False
121,paediatric_medicine,4,2,1,0,1,0,Paediatric Medical Management,False,False
121,urology,6,0,5,1,0,0,Urology,False,False
122,burns,5,5,0,0,0,5,Burns Management,False,False
122,emergency_room,8,8,0,0,0,7,Emergency Room Packages,False,False
122,general_medicine,32,31,1,0,0,29,General Medicine,False,False
122,general_surgery,8,7,1,0,0,7,General Surgery,False,False
122,mental_disorders,3,3,0,0,0,3,Mental Disorders,False,False
122,neonatal,3,3,0,0,0,3,Neo-natal Care,False,False
122,obgyn,9,8,1,0,0,7,Obstetrics & Gynaecology,False,False
122,ophthalmology,3,1,2,0,0,1,Ophthalmology,False,False
122,orthopaedics,2,2,0,0,0,1,Orthopaedics,False,False
122,paediatric_cancer,1,1,0,0,0,1,Paediatric Cancer,False,False
122,paediatric_medicine,6,6,0,0,0,6,Paediatric Medical Management,False,False
122,polytrauma,3,3,0,0,0,3,Polytrauma,False,False
123,burns,3,1,1,1,0,0,Burns Management,False,False
123,cardiology,5,1,3,1,0,0,Cardiology,True,False
123,emergency_room,26,19,6,1,0,17,Emergency Room Packages,False,False
123,ent,4,2,2,0,0,0,Otorhinolaryngology (ENT),False,False
123,general_medicine,68,47,18,3,0,43,General Medicine,False,False
123,general_surgery,26,8,15,3,0,4,General Surgery,False,False
123,interventional_neuroradiology,3,0,3,0,0,0,Interventional Neuroradiology,True,False
123,medical_oncology,1,0,1,0,0,0,Medical Oncology,False,False
123,neonatal,6,0,5,1,0,0,Neo-natal Care,False,False
123,neurosurgery,6,0,6,0,0,0,Neurosurgery,True,False
123,obgyn,40,29,10,1,0,25,Obstetrics & Gynaecology,False,False
123,ophthalmology,9,5,4,0,0,2,Ophthalmology,False,False
123,oral_maxillofacial,11,3,8,0,0,1,Oral & Maxillofacial Surgery,False,False
123,orthopaedics,17,3,13,1,0,0,Orthopaedics,False,False
123,paediatric_medicine,13,5,7,1,0,1,Paediatric Medical Management,False,False
123,plastic_surgery,3,1,1,1,0,0,Plastic & Reconstructive Surgery,False,False
123,polytrauma,3,0,3,0,0,0,Polytrauma,False,False
123,surgical_oncology,2,0,1,1,0,0,Surgical Oncology,False,False
123,urology,7,0,6,1,0,0,Urology,False,False
124,burns,2,0,2,0,0,0,Burns Management,False,False
124,cardiology,2,0,2,0,0,0,Cardiology,True,False
124,emergency_room,16,8,7,1,0,7,Emergency Room Packages,False,False
124,ent,7,1,5,1,0,0,Otorhinolaryngology (ENT),False,False
124,general_medicine,27,14,11,2,0,10,General Medicine,False,False
124,general_surgery,17,5,10,2,0,4,General Surgery,False,False
124,medical_oncology,1,0,1,0,0,0,Medical Oncology,False,False
124,neonatal,1,0,1,0,0,0,Neo-natal Care,False,False
124,neurosurgery,1,0,1,0,0,0,Neurosurgery,True,False
124,obgyn,15,6,8,1,0,5,Obstetrics & Gynaecology,False,False
124,ophthalmology,4,1,2,1,0,0,Ophthalmology,False,False
124,oral_maxillofacial,7,3,3,1,0,2,Oral & Maxillofacial Surgery,False,False
124,orthopaedics,14,0,13,1,0,0,Orthopaedics,False,False
124,paediatric_medicine,6,1,4,1,0,0,Paediatric Medical Management,False,False
124,plastic_surgery,1,0,1,0,0,0,Plastic & Reconstructive Surgery,False,False
124,polytrauma,4,0,3,1,0,0,Polytrauma,False,False
124,urology,6,0,5,1,0,0,Urology,False,False
125,cardiology,1,1,0,0,0,0,Cardiology,True,True
125,emergency_room,35,27,7,1,0,24,Emergency Room Packages,False,True
125,ent,5,1,3,1,0,0,Otorhinolaryngology (ENT),False,True
125,general_medicine,80,70,9,1,0,62,General Medicine,False,True
125,general_surgery,13,2,10,1,0,0,General Surgery,False,True
125,neonatal,8,1,6,1,0,1,Neo-natal Care,False,True
125,neurosurgery,3,0,3,0,0,0,Neurosurgery,True,True
125,obgyn,17,8,8,1,0,5,Obstetrics & Gynaecology,False,True
125,ophthalmology,4,3,1,0,0,2,Ophthalmology,False,True
125,oral_maxillofacial,4,3,1,0,0,1,Oral & Maxillofacial Surgery,False,True
125,orthopaedics,11,2,8,1,0,0,Orthopaedics,False,True
125,paediatric_medicine,13,4,8,1,0,3,Paediatric Medical Management,False,True
125,paediatric_surgery,4,0,4,0,0,0,Paediatric Surgery,False,True
125,plastic_surgery,1,0,1,0,0,0,Plastic & Reconstructive Surgery,False,True
125,polytrauma,2,0,2,0,0,0,Polytrauma,False,True
125,surgical_oncology,1,0,1,0,0,0,Surgical Oncology,False,True
125,urology,7,0,6,1,0,0,Urology,False,True
126,burns,2,0,1,1,0,0,Burns Management,False,False
126,emergency_room,19,10,4,5,0,8,Emergency Room Packages,False,False
126,ent,1,1,0,0,0,0,Otorhinolaryngology (ENT),False,False
126,general_medicine,56,46,5,5,0,44,General Medicine,False,False
126,general_surgery,12,1,6,5,0,0,General Surgery,False,False
126,interventional_neuroradiology,1,0,0,1,0,0,Interventional Neuroradiology,True,False
126,neonatal,3,0,1,2,0,0,Neo-natal Care,False,False
126,neurosurgery,2,0,0,2,0,0,Neurosurgery,True,False
126,obgyn,11,1,5,5,0,1,Obstetrics & Gynaecology,False,False
126,ophthalmology,5,2,2,1,0,1,Ophthalmology,False,False
126,oral_maxillofacial,1,1,0,0,0,0,Oral & Maxillofacial Surgery,False,False
126,orthopaedics,5,1,2,2,0,0,Orthopaedics,False,False
126,paediatric_medicine,3,1,1,1,0,0,Paediatric Medical Management,False,False
126,paediatric_surgery,1,0,0,1,0,0,Paediatric Surgery,False,False
126,plastic_surgery,2,0,1,1,0,0,Plastic & Reconstructive Surgery,False,False
126,surgical_oncology,1,0,0,1,0,0,Surgical Oncology,False,False
126,urology,3,0,0,3,0,0,Urology,False,False
127,emergency_room,13,10,3,0,0,7,Emergency Room Packages,False,True
127,general_medicine,45,41,4,0,0,38,General Medicine,False,True
127,general_surgery,8,3,5,0,0,1,General Surgery,False,True
127,mental_disorders,1,1,0,0,0,1,Mental Disorders,False,True
127,neonatal,3,2,1,0,0,1,Neo-natal Care,False,True
127,obgyn,5,3,2,0,0,1,Obstetrics & Gynaecology,False,True
127,ophthalmology,6,3,3,0,0,1,Ophthalmology,False,True
127,oral_maxillofacial,1,1,0,0,0,0,Oral & Maxillofacial Surgery,False,True
127,orthopaedics,5,3,2,0,0,0,Orthopaedics,False,True
127,paediatric_medicine,6,4,2,0,0,1,Paediatric Medical Management,False,True
127,surgical_oncology,1,1,0,0,0,0,Surgical Oncology,False,True
127,urology,2,1,1,0,0,0,Urology,False,True
128,emergency_room,11,8,2,1,0,6,Emergency Room Packages,False,False
128,ent,2,2,0,0,0,0,Otorhinolaryngology (ENT),False,False
128,general_medicine,23,20,2,1,0,17,General Medicine,False,False
128,general_surgery,3,3,0,0,0,2,General Surgery,False,False
128,neonatal,1,0,1,0,0,0,Neo-natal Care,False,False
128,obgyn,5,4,0,1,0,2,Obstetrics & Gynaecology,False,False
128,ophthalmology,2,2,0,0,0,0,Ophthalmology,False,False
128,oral_maxillofacial,2,1,1,0,0,0,Oral & Maxillofacial Surgery,False,False
128,orthopaedics,1,1,0,0,0,0,Orthopaedics,False,False
128,paediatric_medicine,3,2,1,0,0,1,Paediatric Medical Management,False,False
129,burns,1,0,0,1,0,0,Burns Management,False,False
129,cardiology,2,1,0,1,0,0,Cardiology,True,False
129,ctvs,1,0,0,1,0,0,Cardio-thoracic & Vascular Surgery,True,False
129,emergency_room,34,23,6,5,0,21,Emergency Room Packages,False,False
129,ent,5,0,3,2,0,0,Otorhinolaryngology (ENT),False,False
129,general_medicine,64,44,12,8,0,37,General Medicine,False,False
129,general_surgery,27,6,13,8,0,4,General Surgery,False,False
129,interventional_neuroradiology,1,0,0,1,0,0,Interventional Neuroradiology,True,False
129,medical_oncology,2,0,1,1,0,0,Medical Oncology,False,False
129,mental_disorders,1,1,0,0,0,1,Mental Disorders,False,False
129,neonatal,5,1,1,3,0,1,Neo-natal Care,False,False
129,neurosurgery,3,0,2,1,0,0,Neurosurgery,True,False
129,obgyn,23,8,7,8,0,7,Obstetrics & Gynaecology,False,False
129,ophthalmology,11,3,4,4,0,1,Ophthalmology,False,False
129,oral_maxillofacial,6,2,2,2,0,1,Oral & Maxillofacial Surgery,False,False
129,orthopaedics,17,4,8,5,0,2,Orthopaedics,False,False
129,paediatric_cancer,1,0,0,1,0,0,Paediatric Cancer,False,False
129,paediatric_medicine,17,10,3,4,0,7,Paediatric Medical Management,False,False
129,paediatric_surgery,2,0,1,1,0,0,Paediatric Surgery,False,False
129,plastic_surgery,2,0,1,1,0,0,Plastic & Reconstructive Surgery,False,False
129,polytrauma,3,0,2,1,0,0,Polytrauma,False,False
129,radiation_oncology,1,0,0,1,0,0,Radiation Oncology,True,False
129,surgical_oncology,3,0,2,1,0,0,Surgical Oncology,False,False
129,urology,7,0,4,3,0,0,Urology,False,False
130,burns,35,0,32,3,0,0,Burns Management,False,False
130,cardiology,20,0,16,4,0,0,Cardiology,True,False
130,ctvs,2,0,2,0,0,0,Cardio-thoracic & Vascular Surgery,True,False
130,emergency_room,108,15,76,15,2,13,Emergency Room Packages,False,False
130,ent,46,0,37,9,0,0,Otorhinolaryngology (ENT),False,False
130,general_medicine,184,56,110,16,2,51,General Medicine,False,False
130,general_surgery,155,2,131,21,1,1,General Surgery,False,False
130,interventional_neuroradiology,28,0,24,4,0,0,Interventional Neuroradiology,True,False
130,medical_oncology,14,0,11,3,0,0,Medical Oncology,False,False
130,mental_disorders,1,1,0,0,0,0,Mental Disorders,False,False
130,neonatal,58,0,51,7,0,0,Neo-natal Care,False,False
130,neurosurgery,57,0,48,9,0,0,Neurosurgery,True,False
130,obgyn,139,6,115,17,1,5,Obstetrics & Gynaecology,False,False
130,ophthalmology,73,2,54,16,1,1,Ophthalmology,False,False
130,oral_maxillofacial,34,0,28,6,0,0,Oral & Maxillofacial Surgery,False,False
130,orthopaedics,130,1,110,19,0,0,Orthopaedics,False,False
130,paediatric_cancer,8,0,6,2,0,0,Paediatric Cancer,False,False
130,paediatric_medicine,85,1,70,14,0,0,Paediatric Medical Management,False,False
130,paediatric_surgery,21,0,18,3,0,0,Paediatric Surgery,False,False
130,plastic_surgery,40,0,37,3,0,0,Plastic & Reconstructive Surgery,False,False
130,polytrauma,54,0,49,5,0,0,Polytrauma,False,False
130,radiation_oncology,3,0,2,1,0,0,Radiation Oncology,True,False
130,surgical_oncology,18,0,15,3,0,0,Surgical Oncology,False,False
130,urology,114,0,100,14,0,0,Urology,False,False
131,cardiology,2,0,2,0,0,0,Cardiology,True,False
131,emergency_room,30,18,10,2,0,15,Emergency Room Packages,False,False
131,ent,6,2,1,3,0,0,Otorhinolaryngology (ENT),False,False
131,general_medicine,74,47,22,5,0,40,General Medicine,False,False
131,general_surgery,45,4,36,5,0,1,General Surgery,False,False
131,medical_oncology,2,0,2,0,0,0,Medical Oncology,False,False
131,mental_disorders,1,1,0,0,0,0,Mental Disorders,False,False
131,neonatal,5,0,5,0,0,0,Neo-natal Care,False,False
131,neurosurgery,1,0,1,0,0,0,Neurosurgery,True,False
131,obgyn,41,18,20,3,0,16,Obstetrics & Gynaecology,False,False
131,ophthalmology,19,4,10,5,0,2,Ophthalmology,False,False
131,oral_maxillofacial,8,1,6,1,0,1,Oral & Maxillofacial Surgery,False,False
131,orthopaedics,20,2,17,1,0,0,Orthopaedics,False,False
131,paediatric_cancer,1,0,1,0,0,0,Paediatric Cancer,False,False
131,paediatric_medicine,14,5,8,1,0,3,Paediatric Medical Management,False,False
131,plastic_surgery,1,0,1,0,0,0,Plastic & Reconstructive Surgery,False,False
131,polytrauma,2,1,1,0,0,0,Polytrauma,False,False
131,surgical_oncology,3,0,3,0,0,0,Surgical Oncology,False,False
131,urology,17,0,15,2,0,0,Urology,False,False
132,burns,2,0,2,0,0,0,Burns Management,False,False
132,cardiology,3,0,3,0,0,0,Cardiology,True,False
132,emergency_room,34,9,24,1,0,9,Emergency Room Packages,False,False
132,ent,8,0,7,1,0,0,Otorhinolaryngology (ENT),False,False
132,general_medicine,80,27,49,4,0,17,General Medicine,False,False
132,general_surgery,64,1,59,4,0,1,General Surgery,False,False
132,interventional_neuroradiology,1,0,1,0,0,0,Interventional Neuroradiology,True,False
132,medical_oncology,1,0,0,1,0,0,Medical Oncology,False,False
132,neonatal,6,0,6,0,0,0,Neo-natal Care,False,False
132,neurosurgery,3,0,2,1,0,0,Neurosurgery,True,False
132,obgyn,50,1,45,4,0,0,Obstetrics & Gynaecology,False,False
132,ophthalmology,19,0,17,2,0,0,Ophthalmology,False,False
132,oral_maxillofacial,9,0,8,1,0,0,Oral & Maxillofacial Surgery,False,False
132,orthopaedics,29,1,27,1,0,1,Orthopaedics,False,False
132,paediatric_medicine,11,1,10,0,0,1,Paediatric Medical Management,False,False
132,plastic_surgery,1,0,1,0,0,0,Plastic & Reconstructive Surgery,False,False
132,polytrauma,11,0,10,1,0,0,Polytrauma,False,False
132,surgical_oncology,1,0,0,1,0,0,Surgical Oncology,False,False
132,urology,28,0,27,1,0,0,Urology,False,False
133,cardiology,1,1,0,0,0,0,Cardiology,True,False
133,emergency_room,18,15,3,0,0,13,Emergency Room Packages,False,False
133,ent,2,2,0,0,0,0,Otorhinolaryngology (ENT),False,False
133,general_medicine,39,32,7,0,0,29,General Medicine,False,False
133,general_surgery,10,3,7,0,0,1,General Surgery,False,False
133,medical_oncology,1,0,1,0,0,0,Medical Oncology,False,False
133,neonatal,3,2,1,0,0,0,Neo-natal Care,False,False
133,neurosurgery,1,0,1,0,0,0,Neurosurgery,True,False
133,obgyn,9,4,5,0,0,2,Obstetrics & Gynaecology,False,False
133,ophthalmology,7,2,5,0,0,0,Ophthalmology,False,False
133,oral_maxillofacial,4,2,2,0,0,0,Oral & Maxillofacial Surgery,False,False
133,orthopaedics,6,2,4,0,0,0,Orthopaedics,False,False
133,paediatric_medicine,3,2,1,0,0,0,Paediatric Medical Management,False,False
133,plastic_surgery,1,0,1,0,0,0,Plastic & Reconstructive Surgery,False,False
133,polytrauma,3,1,2,0,0,0,Polytrauma,False,False
133,surgical_oncology,1,0,1,0,0,0,Surgical Oncology,False,False
133,urology,5,0,5,0,0,0,Urology,False,False
134,cardiology,3,0,3,0,0,0,Cardiology,True,False
134,emergency_room,56,14,32,10,0,13,Emergency Room Packages,False,False
134,ent,7,1,6,0,0,0,Otorhinolaryngology (ENT),False,False
134,general_medicine,132,66,56,10,0,62,General Medicine,False,False
134,general_surgery,70,2,58,10,0,1,General Surgery,False,False
134,medical_oncology,2,0,2,0,0,0,Medical Oncology,False,False
134,neonatal,20,2,14,4,0,2,Neo-natal Care,False,False
134,neurosurgery,4,0,4,0,0,0,Neurosurgery,True,False
134,obgyn,58,12,39,7,0,8,Obstetrics & Gynaecology,False,False
134,ophthalmology,14,1,12,1,0,0,Ophthalmology,False,False
134,oral_maxillofacial,5,1,4,0,0,0,Oral & Maxillofacial Surgery,False,False
134,orthopaedics,37,1,30,6,0,0,Orthopaedics,False,False
134,paediatric_medicine,27,2,20,5,0,1,Paediatric Medical Management,False,False
134,polytrauma,5,0,4,1,0,0,Polytrauma,False,False
134,surgical_oncology,1,0,1,0,0,0,Surgical Oncology,False,False
134,urology,14,0,12,2,0,0,Urology,False,False
135,burns,2,2,0,0,0,1,Burns Management,False,True
135,cardiology,2,0,0,1,1,0,Cardiology,True,True
135,emergency_room,27,6,17,3,1,3,Emergency Room Packages,False,True
135,ent,22,3,14,5,0,1,Otorhinolaryngology (ENT),False,True
135,general_medicine,48,13,29,5,1,10,General Medicine,False,True
135,general_surgery,47,5,36,5,1,2,General Surgery,False,True
135,medical_oncology,2,2,0,0,0,1,Medical Oncology,False,True
135,neonatal,4,0,2,1,1,0,Neo-natal Care,False,True
135,neurosurgery,2,0,1,0,1,0,Neurosurgery,True,True
135,obgyn,39,5,30,4,0,2,Obstetrics & Gynaecology,False,True
135,ophthalmology,12,4,5,2,1,2,Ophthalmology,False,True
135,oral_maxillofacial,7,4,2,1,0,2,Oral & Maxillofacial Surgery,False,True
135,orthopaedics,33,4,23,5,1,2,Orthopaedics,False,True
135,paediatric_medicine,10,4,4,1,1,2,Paediatric Medical Management,False,True
135,paediatric_surgery,1,1,0,0,0,0,Paediatric Surgery,False,True
135,plastic_surgery,3,2,1,0,0,1,Plastic & Reconstructive Surgery,False,True
135,polytrauma,5,1,3,1,0,1,Polytrauma,False,True
135,radiation_oncology,1,1,0,0,0,0,Radiation Oncology,True,True
135,surgical_oncology,1,1,0,0,0,0,Surgical Oncology,False,True
135,urology,24,1,17,5,1,1,Urology,False,True
136,emergency_room,6,6,0,0,0,5,Emergency Room Packages,False,True
136,general_medicine,30,27,3,0,0,25,General Medicine,False,True
136,general_surgery,3,2,1,0,0,1,General Surgery,False,True
136,obgyn,1,1,0,0,0,0,Obstetrics & Gynaecology,False,True
136,oral_maxillofacial,1,0,1,0,0,0,Oral & Maxillofacial Surgery,False,True
136,orthopaedics,2,1,1,0,0,0,Orthopaedics,False,True
136,paediatric_medicine,2,1,1,0,0,0,Paediatric Medical Management,False,True
137,burns,1,0,0,1,0,0,Burns Management,False,False
137,emergency_room,19,14,4,1,0,12,Emergency Room Packages,False,False
137,ent,2,2,0,0,0,0,Otorhinolaryngology (ENT),False,False
137,general_medicine,42,24,12,6,0,21,General Medicine,False,False
137,general_surgery,28,8,14,6,0,6,General Surgery,False,False
137,mental_disorders,1,1,0,0,0,0,Mental Disorders,False,False
137,neonatal,2,1,1,0,0,0,Neo-natal Care,False,False
137,obgyn,18,7,6,5,0,5,Obstetrics & Gynaecology,False,False
137,ophthalmology,12,6,3,3,0,4,Ophthalmology,False,False
137,oral_maxillofacial,5,3,1,1,0,1,Oral & Maxillofacial Surgery,False,False
137,orthopaedics,13,2,5,6,0,0,Orthopaedics,False,False
137,paediatric_medicine,8,6,1,1,0,4,Paediatric Medical Management,False,False
137,plastic_surgery,1,0,0,1,0,0,Plastic & Reconstructive Surgery,False,False
137,urology,6,1,1,4,0,1,Urology,False,False
138,emergency_room,11,9,0,2,0,8,Emergency Room Packages,False,False
138,ent,1,0,0,1,0,0,Otorhinolaryngology (ENT),False,False
138,general_medicine,17,15,0,2,0,14,General Medicine,False,False
138,general_surgery,2,0,0,2,0,0,General Surgery,False,False
138,obgyn,3,2,0,1,0,1,Obstetrics & Gynaecology,False,False
138,ophthalmology,4,1,1,2,0,0,Ophthalmology,False,False
138,oral_maxillofacial,4,2,1,1,0,1,Oral & Maxillofacial Surgery,False,False
138,orthopaedics,3,1,0,2,0,0,Orthopaedics,False,False
138,paediatric_medicine,2,1,0,1,0,0,Paediatric Medical Management,False,False
139,cardiology,1,1,0,0,0,0,Cardiology,True,False
139,ctvs,1,1,0,0,0,0,Cardio-thoracic & Vascular Surgery,True,False
139,emergency_room,9,8,1,0,0,6,Emergency Room Packages,False,False
139,ent,3,2,1,0,0,0,Otorhinolaryngology (ENT),False,False
139,general_medicine,37,35,2,0,0,32,General Medicine,False,False
139,general_surgery,5,2,3,0,0,0,General Surgery,False,False
139,interventional_neuroradiology,1,1,0,0,0,0,Interventional Neuroradiology,True,False
139,neurosurgery,1,1,0,0,0,0,Neurosurgery,True,False
139,obgyn,4,3,1,0,0,1,Obstetrics & Gynaecology,False,False
139,ophthalmology,6,2,3,1,0,0,Ophthalmology,False,False
139,oral_maxillofacial,2,2,0,0,0,0,Oral & Maxillofacial Surgery,False,False
139,orthopaedics,4,2,2,0,0,0,Orthopaedics,False,False
139,paediatric_medicine,2,1,1,0,0,0,Paediatric Medical Management,False,False
139,paediatric_surgery,1,1,0,0,0,0,Paediatric Surgery,False,False
139,polytrauma,1,1,0,0,0,0,Polytrauma,False,False
139,urology,1,1,0,0,0,0,Urology,False,False
140,burns,3,1,2,0,0,0,Burns Management,False,False
140,cardiology,1,1,0,0,0,0,Cardiology,True,False
140,emergency_room,46,40,4,2,0,33,Emergency Room Packages,False,False
140,ent,3,1,1,1,0,0,Otorhinolaryngology (ENT),False,False
140,general_medicine,61,47,12,2,0,39,General Medicine,False,False
140,general_surgery,19,4,13,2,0,0,General Surgery,False,False
140,interventional_neuroradiology,2,0,1,1,0,0,Interventional Neuroradiology,True,False
140,mental_disorders,1,1,0,0,0,0,Mental Disorders,False,False
140,neonatal,2,0,1,1,0,0,Neo-natal Care,False,False
140,neurosurgery,3,0,2,1,0,0,Neurosurgery,True,False
140,obgyn,17,3,12,2,0,0,Obstetrics & Gynaecology,False,False
140,ophthalmology,10,3,3,4,0,0,Ophthalmology,False,False
140,oral_maxillofacial,3,0,3,0,0,0,Oral & Maxillofacial Surgery,False,False
140,orthopaedics,14,4,8,2,0,0,Orthopaedics,False,False
140,paediatric_medicine,10,5,4,1,0,0,Paediatric Medical Management,False,False
140,plastic_surgery,3,1,2,0,0,0,Plastic & Reconstructive Surgery,False,False
140,polytrauma,1,0,0,1,0,0,Polytrauma,False,False
140,surgical_oncology,1,0,1,0,0,0,Surgical Oncology,False,False
140,urology,13,0,11,2,0,0,Urology,False,False
141,burns,1,1,0,0,0,1,Burns Management,False,False
141,cardiology,1,1,0,0,0,1,Cardiology,True,False
141,ctvs,1,1,0,0,0,1,Cardio-thoracic & Vascular Surgery,True,False
141,emergency_room,17,9,5,3,0,6,Emergency Room Packages,False,False
141,ent,3,1,2,0,0,1,Otorhinolaryngology (ENT),False,False
141,general_medicine,23,10,8,5,0,7,General Medicine,False,False
141,general_surgery,19,5,9,5,0,3,General Surgery,False,False
141,interventional_neuroradiology,1,1,0,0,0,1,Interventional Neuroradiology,True,False
141,medical_oncology,1,1,0,0,0,1,Medical Oncology,False,False
141,mental_disorders,1,1,0,0,0,1,Mental Disorders,False,False
141,neonatal,1,1,0,0,0,1,Neo-natal Care,False,False
141,neurosurgery,1,1,0,0,0,1,Neurosurgery,True,False
141,obgyn,13,4,6,3,0,2,Obstetrics & Gynaecology,False,False
141,ophthalmology,6,3,1,2,0,1,Ophthalmology,False,False
141,oral_maxillofacial,5,3,2,0,0,1,Oral & Maxillofacial Surgery,False,False
141,orthopaedics,7,2,4,1,0,1,Orthopaedics,False,False
141,paediatric_cancer,1,1,0,0,0,1,Paediatric Cancer,False,False
141,paediatric_medicine,7,3,2,2,0,1,Paediatric Medical Management,False,False
141,paediatric_surgery,1,1,0,0,0,1,Paediatric Surgery,False,False
141,plastic_surgery,1,1,0,0,0,1,Plastic & Reconstructive Surgery,False,False
141,polytrauma,1,1,0,0,0,1,Polytrauma,False,False
141,surgical_oncology,1,1,0,0,0,1,Surgical Oncology,False,False
141,urology,2,1,1,0,0,1,Urology,False,False
142,burns,1,0,0,1,0,0,Burns Management,False,True
142,cardiology,1,1,0,0,0,0,Cardiology,True,True
142,emergency_room,16,10,4,2,0,9,Emergency Room Packages,False,True
142,ent,2,0,1,1,0,0,Otorhinolaryngology (ENT),False,True
142,general_medicine,51,42,7,2,0,41,General Medicine,False,True
142,general_surgery,13,4,7,2,0,3,General Surgery,False,True
142,obgyn,8,2,5,1,0,1,Obstetrics & Gynaecology,False,True
142,ophthalmology,2,1,0,1,0,0,Ophthalmology,False,True
142,oral_maxillofacial,4,2,1,1,0,1,Oral & Maxillofacial Surgery,False,True
142,orthopaedics,6,2,3,1,0,1,Orthopaedics,False,True
142,paediatric_medicine,3,1,2,0,0,0,Paediatric Medical Management,False,True
142,plastic_surgery,1,0,0,1,0,0,Plastic & Reconstructive Surgery,False,True
143,cardiology,2,1,0,1,0,0,Cardiology,True,False
143,emergency_room,17,10,4,3,0,8,Emergency Room Packages,False,False
143,ent,4,1,1,2,0,0,Otorhinolaryngology (ENT),False,False
143,general_medicine,46,40,3,3,0,38,General Medicine,False,False
143,general_surgery,10,2,5,3,0,0,General Surgery,False,False
143,interventional_neuroradiology,1,0,0,1,0,0,Interventional Neuroradiology,True,False
143,medical_oncology,2,0,0,2,0,0,Medical Oncology,False,False
143,mental_disorders,1,1,0,0,0,0,Mental Disorders,False,False
143,neonatal,3,0,1,2,0,0,Neo-natal Care,False,False
143,neurosurgery,1,0,0,1,0,0,Neurosurgery,True,False
143,obgyn,10,3,4,3,0,1,Obstetrics & Gynaecology,False,False
143,ophthalmology,8,1,4,3,0,0,Ophthalmology,False,False
143,oral_maxillofacial,5,2,1,2,0,1,Oral & Maxillofacial Surgery,False,False
143,orthopaedics,5,1,1,3,0,0,Orthopaedics,False,False
143,paediatric_cancer,1,0,0,1,0,0,Paediatric Cancer,False,False
143,paediatric_medicine,8,3,2,2,1,0,Paediatric Medical Management,False,False
143,paediatric_surgery,2,0,1,1,0,0,Paediatric Surgery,False,False
143,plastic_surgery,2,0,0,2,0,0,Plastic & Reconstructive Surgery,False,False
143,polytrauma,3,0,1,2,0,0,Polytrauma,False,False
143,radiation_oncology,1,0,0,1,0,0,Radiation Oncology,True,False
143,surgical_oncology,1,0,0,1,0,0,Surgical Oncology,False,False
143,urology,3,0,2,1,0,0,Urology,False,False
144,burns,8,1,5,2,0,0,Burns Management,False,False
144,cardiology,7,0,6,1,0,0,Cardiology,True,False
144,ctvs,4,1,2,1,0,0,Cardio-thoracic & Vascular Surgery,True,False
144,emergency_room,44,6,31,6,1,4,Emergency Room Packages,False,False
144,ent,26,3,19,3,1,0,Otorhinolaryngology (ENT),False,False
144,general_medicine,66,17,41,7,1,15,General Medicine,False,False
144,general_surgery,54,5,41,7,1,3,General Surgery,False,False
144,interventional_neuroradiology,8,0,7,1,0,0,Interventional Neuroradiology,True,False
144,medical_oncology,8,0,7,1,0,0,Medical Oncology,False,False
144,mental_disorders,2,0,1,0,1,0,Mental Disorders,False,False
144,neonatal,25,2,19,3,1,1,Neo-natal Care,False,False
144,neurosurgery,17,0,16,1,0,0,Neurosurgery,True,False
144,obgyn,54,6,40,7,1,4,Obstetrics & Gynaecology,False,False
144,ophthalmology,34,3,23,7,1,0,Ophthalmology,False,False
144,oral_maxillofacial,21,2,14,5,0,1,Oral & Maxillofacial Surgery,False,False
144,orthopaedics,46,3,36,6,1,0,Orthopaedics,False,False
144,paediatric_cancer,2,1,0,1,0,0,Paediatric Cancer,False,False
144,paediatric_medicine,40,5,30,4,1,2,Paediatric Medical Management,False,False
144,paediatric_surgery,10,1,8,1,0,0,Paediatric Surgery,False,False
144,plastic_surgery,11,1,8,2,0,0,Plastic & Reconstructive Surgery,False,False
144,polytrauma,13,0,11,2,0,0,Polytrauma,False,False
144,radiation_oncology,1,0,1,0,0,0,Radiation Oncology,True,False
144,surgical_oncology,4,0,3,1,0,0,Surgical Oncology,False,False
144,urology,26,0,21,5,0,0,Urology,False,False
145,burns,7,0,6,1,0,0,Burns Management,False,False
145,cardiology,9,1,5,3,0,0,Cardiology,True,False
145,ctvs,3,0,1,2,0,0,Cardio-thoracic & Vascular Surgery,True,False
145,emergency_room,55,5,42,8,0,4,Emergency Room Packages,False,False
145,ent,28,1,23,4,0,0,Otorhinolaryngology (ENT),False,False
145,general_medicine,81,17,55,9,0,16,General Medicine,False,False
145,general_surgery,71,1,60,10,0,0,General Surgery,False,False
145,interventional_neuroradiology,4,0,3,1,0,0,Interventional Neuroradiology,True,False
145,medical_oncology,7,0,4,3,0,0,Medical Oncology,False,False
145,mental_disorders,1,1,0,0,0,1,Mental Disorders,False,False
145,neonatal,18,0,16,2,0,0,Neo-natal Care,False,False
145,neurosurgery,11,0,9,2,0,0,Neurosurgery,True,False
145,obgyn,63,7,49,7,0,5,Obstetrics & Gynaecology,False,False
145,ophthalmology,24,1,17,6,0,0,Ophthalmology,False,False
145,oral_maxillofacial,21,0,17,4,0,0,Oral & Maxillofacial Surgery,False,False
145,orthopaedics,64,3,52,9,0,2,Orthopaedics,False,False
145,paediatric_cancer,1,0,1,0,0,0,Paediatric Cancer,False,False
145,paediatric_medicine,49,2,40,7,0,1,Paediatric Medical Management,False,False
145,paediatric_surgery,7,0,6,1,0,0,Paediatric Surgery,False,False
145,plastic_surgery,11,0,10,1,0,0,Plastic & Reconstructive Surgery,False,False
145,polytrauma,10,0,10,0,0,0,Polytrauma,False,False
145,radiation_oncology,1,0,0,1,0,0,Radiation Oncology,True,False
145,surgical_oncology,8,0,5,3,0,0,Surgical Oncology,False,False
145,urology,34,0,26,8,0,0,Urology,False,False
146,burns,2,1,0,1,0,0,Burns Management,False,False
146,emergency_room,18,15,1,2,0,13,Emergency Room Packages,False,False
146,ent,2,2,0,0,0,0,Otorhinolaryngology (ENT),False,False
146,general_medicine,23,18,3,2,0,16,General Medicine,False,False
146,general_surgery,13,3,7,3,0,2,General Surgery,False,False
146,mental_disorders,1,1,0,0,0,0,Mental Disorders,False,False
146,neonatal,1,0,0,1,0,0,Neo-natal Care,False,False
146,obgyn,10,2,5,3,0,0,Obstetrics & Gynaecology,False,False
146,ophthalmology,7,1,5,1,0,0,Ophthalmology,False,False
146,oral_maxillofacial,2,1,0,1,0,0,Oral & Maxillofacial Surgery,False,False
146,orthopaedics,7,1,3,3,0,0,Orthopaedics,False,False
146,paediatric_medicine,6,2,2,2,0,1,Paediatric Medical Management,False,False
146,paediatric_surgery,1,1,0,0,0,0,Paediatric Surgery,False,False
146,plastic_surgery,1,0,0,1,0,0,Plastic & Reconstructive Surgery,False,False
146,polytrauma,1,1,0,0,0,0,Polytrauma,False,False
146,urology,3,1,1,1,0,0,Urology,False,False
147,burns,3,0,2,1,0,0,Burns Management,False,False
147,cardiology,1,0,0,1,0,0,Cardiology,True,False
147,emergency_room,67,57,9,1,0,48,Emergency Room Packages,False,False
147,ent,2,0,1,1,0,0,Otorhinolaryngology (ENT),False,False
147,general_medicine,85,72,12,1,0,63,General Medicine,False,False
147,general_surgery,13,1,11,1,0,0,General Surgery,False,False
147,interventional_neuroradiology,2,0,2,0,0,0,Interventional Neuroradiology,True,False
147,medical_oncology,3,0,3,0,0,0,Medical Oncology,False,False
147,neonatal,1,0,1,0,0,0,Neo-natal Care,False,False
147,neurosurgery,4,0,3,1,0,0,Neurosurgery,True,False
147,obgyn,15,2,12,1,0,1,Obstetrics & Gynaecology,False,False
147,ophthalmology,6,1,5,0,0,0,Ophthalmology,False,False
147,oral_maxillofacial,2,1,1,0,0,0,Oral & Maxillofacial Surgery,False,False
147,orthopaedics,11,1,9,1,0,0,Orthopaedics,False,False
147,paediatric_medicine,8,2,4,1,1,0,Paediatric Medical Management,False,False
147,paediatric_surgery,2,0,1,1,0,0,Paediatric Surgery,False,False
147,plastic_surgery,4,0,3,1,0,0,Plastic & Reconstructive Surgery,False,False
147,polytrauma,2,0,1,1,0,0,Polytrauma,False,False
147,surgical_oncology,3,0,3,0,0,0,Surgical Oncology,False,False
147,urology,8,0,7,1,0,0,Urology,False,False
148,burns,15,1,13,1,0,0,Burns Management,False,False
148,cardiology,18,2,13,3,0,0,Cardiology,True,False
148,ctvs,3,1,0,2,0,0,Cardio-thoracic & Vascular Surgery,True,False
148,emergency_room,80,31,39,9,1,26,Emergency Room Packages,False,False
148,ent,49,3,44,2,0,0,Otorhinolaryngology (ENT),False,False
148,general_medicine,203,87,103,12,1,82,General Medicine,False,False
148,general_surgery,165,19,133,12,1,16,General Surgery,False,False
148,interventional_neuroradiology,10,1,7,2,0,0,Interventional Neuroradiology,True,False
148,medical_oncology,11,2,7,2,0,0,Medical Oncology,False,False
148,mental_disorders,3,3,0,0,0,0,Mental Disorders,False,False
148,neonatal,38,2,33,3,0,0,Neo-natal Care,False,False
148,neurosurgery,42,2,37,3,0,0,Neurosurgery,True,False
148,obgyn,170,48,111,10,1,45,Obstetrics & Gynaecology,False,False
148,ophthalmology,48,3,35,9,1,0,Ophthalmology,False,False
148,oral_maxillofacial,32,3,25,3,1,0,Oral & Maxillofacial Surgery,False,False
148,orthopaedics,123,5,108,10,0,2,Orthopaedics,False,False
148,paediatric_cancer,5,1,2,2,0,0,Paediatric Cancer,False,False
148,paediatric_medicine,62,5,50,7,0,1,Paediatric Medical Management,False,False
148,paediatric_surgery,11,1,8,2,0,0,Paediatric Surgery,False,False
148,plastic_surgery,18,1,15,2,0,0,Plastic & Reconstructive Surgery,False,False
148,polytrauma,22,2,19,1,0,0,Polytrauma,False,False
148,radiation_oncology,4,2,0,2,0,0,Radiation Oncology,True,False
148,surgical_oncology,16,1,12,3,0,0,Surgical Oncology,False,False
148,urology,98,1,91,6,0,0,Urology,False,False
149,burns,1,1,0,0,0,0,Burns Management,False,False
149,cardiology,1,1,0,0,0,0,Cardiology,True,False
149,ctvs,1,1,0,0,0,0,Cardio-thoracic & Vascular Surgery,True,False
149,emergency_room,6,5,1,0,0,4,Emergency Room Packages,False,False
149,ent,1,1,0,0,0,0,Otorhinolaryngology (ENT),False,False
149,general_medicine,29,28,1,0,0,27,General Medicine,False,False
149,general_surgery,3,1,2,0,0,0,General Surgery,False,False
149,interventional_neuroradiology,1,1,0,0,0,0,Interventional Neuroradiology,True,False
149,medical_oncology,1,1,0,0,0,0,Medical Oncology,False,False
149,mental_disorders,1,1,0,0,0,0,Mental Disorders,False,False
149,neonatal,1,1,0,0,0,0,Neo-natal Care,False,False
149,neurosurgery,1,1,0,0,0,0,Neurosurgery,True,False
149,obgyn,5,2,3,0,0,0,Obstetrics & Gynaecology,False,False
149,ophthalmology,1,1,0,0,0,0,Ophthalmology,False,False
149,oral_maxillofacial,2,2,0,0,0,1,Oral & Maxillofacial Surgery,False,False
149,orthopaedics,2,1,1,0,0,0,Orthopaedics,False,False
149,paediatric_cancer,1,1,0,0,0,0,Paediatric Cancer,False,False
149,paediatric_medicine,1,1,0,0,0,0,Paediatric Medical Management,False,False
149,paediatric_surgery,1,1,0,0,0,0,Paediatric Surgery,False,False
149,plastic_surgery,1,1,0,0,0,0,Plastic & Reconstructive Surgery,False,False
149,polytrauma,1,1,0,0,0,0,Polytrauma,False,False
149,surgical_oncology,1,1,0,0,0,0,Surgical Oncology,False,False
149,urology,2,2,0,0,0,1,Urology,False,False
150,emergency_room,42,33,8,1,0,29,Emergency Room Packages,False,False
150,ent,1,1,0,0,0,0,Otorhinolaryngology (ENT),False,False
150,general_medicine,52,42,8,2,0,37,General Medicine,False,False
150,general_surgery,12,2,8,2,0,1,General Surgery,False,False
150,mental_disorders,1,1,0,0,0,1,Mental Disorders,False,False
150,neonatal,2,0,2,0,0,0,Neo-natal Care,False,False
150,obgyn,13,4,9,0,0,2,Obstetrics & Gynaecology,False,False
150,ophthalmology,7,1,5,1,0,0,Ophthalmology,False,False
150,oral_maxillofacial,1,1,0,0,0,0,Oral & Maxillofacial Surgery,False,False
150,orthopaedics,10,2,6,2,0,0,Orthopaedics,False,False
150,paediatric_medicine,7,3,4,0,0,1,Paediatric Medical Management,False,False
150,polytrauma,1,0,1,0,0,0,Polytrauma,False,False
150,urology,1,0,1,0,0,0,Urology,False,False
151,emergency_room,12,9,3,0,0,7,Emergency Room Packages,False,False
151,ent,3,3,0,0,0,1,Otorhinolaryngology (ENT),False,False
151,general_medicine,35,30,5,0,0,28,General Medicine,False,False
151,general_surgery,8,3,5,0,0,1,General Surgery,False,False
151,obgyn,8,5,3,0,0,3,Obstetrics & Gynaecology,False,False
151,ophthalmology,3,1,2,0,0,0,Ophthalmology,False,False
151,oral_maxillofacial,3,1,2,0,0,0,Oral & Maxillofacial Surgery,False,False
151,orthopaedics,5,2,3,0,0,0,Orthopaedics,False,False
151,paediatric_medicine,5,4,1,0,0,1,Paediatric Medical Management,False,False
151,urology,1,0,1,0,0,0,Urology,False,False
152,burns,3,1,2,0,0,0,Burns Management,False,False
152,cardiology,1,0,1,0,0,0,Cardiology,True,False
152,emergency_room,40,30,10,0,0,29,Emergency Room Packages,False,False
152,ent,4,1,3,0,0,0,Otorhinolaryngology (ENT),False,False
152,general_medicine,128,110,18,0,0,102,General Medicine,False,False
152,general_surgery,28,3,25,0,0,2,General Surgery,False,False
152,interventional_neuroradiology,1,0,1,0,0,0,Interventional Neuroradiology,True,False
152,neonatal,5,0,5,0,0,0,Neo-natal Care,False,False
152,neurosurgery,2,0,2,0,0,0,Neurosurgery,True,False
152,obgyn,18,2,16,0,0,1,Obstetrics & Gynaecology,False,False
152,ophthalmology,7,2,5,0,0,1,Ophthalmology,False,False
152,oral_maxillofacial,3,2,1,0,0,1,Oral & Maxillofacial Surgery,False,False
152,orthopaedics,18,1,17,0,0,0,Orthopaedics,False,False
152,paediatric_medicine,7,1,6,0,0,0,Paediatric Medical Management,False,False
152,plastic_surgery,3,1,2,0,0,0,Plastic & Reconstructive Surgery,False,False
152,polytrauma,1,0,1,0,0,0,Polytrauma,False,False
152,radiation_oncology,1,1,0,0,0,0,Radiation Oncology,True,False
152,urology,9,0,9,0,0,0,Urology,False,False
153,burns,8,2,6,0,0,1,Burns Management,False,False
153,cardiology,5,0,5,0,0,0,Cardiology,True,False
153,ctvs,4,0,4,0,0,0,Cardio-thoracic & Vascular Surgery,True,False
153,emergency_room,38,12,24,0,2,10,Emergency Room Packages,False,False
153,ent,18,2,16,0,0,0,Otorhinolaryngology (ENT),False,False
153,general_medicine,56,13,40,1,2,11,General Medicine,False,False
153,general_surgery,47,3,41,1,2,1,General Surgery,False,False
153,interventional_neuroradiology,2,0,2,0,0,0,Interventional Neuroradiology,True,False
153,medical_oncology,1,0,1,0,0,0,Medical Oncology,False,False
153,neonatal,13,1,12,0,0,1,Neo-natal Care,False,False
153,neurosurgery,17,0,17,0,0,0,Neurosurgery,True,False
153,obgyn,39,3,33,1,2,1,Obstetrics & Gynaecology,False,False
153,ophthalmology,6,2,4,0,0,0,Ophthalmology,False,False
153,oral_maxillofacial,20,1,18,0,1,1,Oral & Maxillofacial Surgery,False,False
153,orthopaedics,42,4,35,1,2,2,Orthopaedics,False,False
153,paediatric_medicine,21,4,15,0,2,1,Paediatric Medical Management,False,False
153,paediatric_surgery,9,0,9,0,0,0,Paediatric Surgery,False,False
153,plastic_surgery,5,0,5,0,0,0,Plastic & Reconstructive Surgery,False,False
153,polytrauma,13,0,13,0,0,0,Polytrauma,False,False
153,surgical_oncology,2,0,2,0,0,0,Surgical Oncology,False,False
153,urology,37,0,36,1,0,0,Urology,False,False
154,cardiology,1,0,1,0,0,0,Cardiology,True,False
154,emergency_room,13,6,5,2,0,5,Emergency Room Packages,False,False
154,ent,2,0,0,2,0,0,Otorhinolaryngology (ENT),False,False
154,general_medicine,43,28,9,6,0,26,General Medicine,False,False
154,general_surgery,14,0,9,5,0,0,General Surgery,False,False
154,interventional_neuroradiology,2,0,1,1,0,0,Interventional Neuroradiology,True,False
154,medical_oncology,1,0,0,1,0,0,Medical Oncology,False,False
154,neonatal,1,0,1,0,0,0,Neo-natal Care,False,False
154,neurosurgery,2,0,1,1,0,0,Neurosurgery,True,False
154,obgyn,14,2,9,3,0,1,Obstetrics & Gynaecology,False,False
154,ophthalmology,9,0,5,4,0,0,Ophthalmology,False,False
154,oral_maxillofacial,4,0,2,2,0,0,Oral & Maxillofacial Surgery,False,False
154,orthopaedics,9,0,5,4,0,0,Orthopaedics,False,False
154,paediatric_medicine,5,0,3,2,0,0,Paediatric Medical Management,False,False
154,polytrauma,2,0,1,1,0,0,Polytrauma,False,False
154,radiation_oncology,1,0,0,1,0,0,Radiation Oncology,True,False
154,surgical_oncology,1,0,0,1,0,0,Surgical Oncology,False,False
154,urology,5,0,3,2,0,0,Urology,False,False
155,cardiology,1,1,0,0,0,0,Cardiology,True,False
155,emergency_room,12,11,1,0,0,9,Emergency Room Packages,False,False
155,ent,2,2,0,0,0,0,Otorhinolaryngology (ENT),False,False
155,general_medicine,37,36,1,0,0,34,General Medicine,False,False
155,general_surgery,5,2,2,1,0,0,General Surgery,False,False
155,medical_oncology,2,2,0,0,0,1,Medical Oncology,False,False
155,mental_disorders,1,1,0,0,0,0,Mental Disorders,False,False
155,obgyn,3,3,0,0,0,1,Obstetrics & Gynaecology,False,False
155,ophthalmology,6,3,2,1,0,0,Ophthalmology,False,False
155,oral_maxillofacial,3,2,1,0,0,0,Oral & Maxillofacial Surgery,False,False
155,orthopaedics,3,2,1,0,0,0,Orthopaedics,False,False
155,paediatric_cancer,1,1,0,0,0,0,Paediatric Cancer,False,False
155,paediatric_medicine,2,2,0,0,0,0,Paediatric Medical Management,False,False
155,polytrauma,2,1,1,0,0,0,Polytrauma,False,False
155,radiation_oncology,1,1,0,0,0,0,Radiation Oncology,True,False
156,burns,3,0,3,0,0,0,Burns Management,False,False
156,emergency_room,18,10,6,2,0,9,Emergency Room Packages,False,False
156,ent,5,3,2,0,0,1,Otorhinolaryngology (ENT),False,False
156,general_medicine,34,25,8,1,0,22,General Medicine,False,False
156,general_surgery,12,2,8,2,0,1,General Surgery,False,False
156,interventional_neuroradiology,1,0,0,1,0,0,Interventional Neuroradiology,True,False
156,medical_oncology,1,0,0,1,0,0,Medical Oncology,False,False
156,mental_disorders,1,1,0,0,0,1,Mental Disorders,False,False
156,neonatal,4,0,3,1,0,0,Neo-natal Care,False,False
156,neurosurgery,4,1,2,1,0,1,Neurosurgery,True,False
156,obgyn,17,6,9,2,0,3,Obstetrics & Gynaecology,False,False
156,ophthalmology,4,2,1,1,0,0,Ophthalmology,False,False
156,oral_maxillofacial,6,3,2,1,0,0,Oral & Maxillofacial Surgery,False,False
156,orthopaedics,12,2,8,2,0,0,Orthopaedics,False,False
156,paediatric_cancer,1,1,0,0,0,1,Paediatric Cancer,False,False
156,paediatric_medicine,7,2,5,0,0,1,Paediatric Medical Management,False,False
156,paediatric_surgery,1,0,1,0,0,0,Paediatric Surgery,False,False
156,plastic_surgery,4,0,3,1,0,0,Plastic & Reconstructive Surgery,False,False
156,polytrauma,1,0,0,1,0,0,Polytrauma,False,False
156,surgical_oncology,1,0,0,1,0,0,Surgical Oncology,False,False
156,urology,3,0,2,1,0,0,Urology,False,False
157,burns,37,2,26,9,0,1,Burns Management,False,False
157,cardiology,17,2,12,3,0,0,Cardiology,True,False
157,ctvs,3,1,2,0,0,0,Cardio-thoracic & Vascular Surgery,True,False
157,emergency_room,96,14,63,17,2,10,Emergency Room Packages,False,False
157,ent,51,1,38,11,1,0,Otorhinolaryngology (ENT),False,False
157,general_medicine,170,50,92,26,2,40,General Medicine,False,False
157,general_surgery,133,11,95,25,2,7,General Surgery,False,False
157,interventional_neuroradiology,30,1,22,7,0,0,Interventional Neuroradiology,True,False
157,medical_oncology,16,0,13,3,0,0,Medical Oncology,False,False
157,mental_disorders,3,3,0,0,0,1,Mental Disorders,False,False
157,neonatal,37,5,25,7,0,2,Neo-natal Care,False,False
157,neurosurgery,51,1,39,11,0,0,Neurosurgery,True,False
157,obgyn,126,12,89,23,2,9,Obstetrics & Gynaecology,False,False
157,ophthalmology,71,6,48,15,2,3,Ophthalmology,False,False
157,oral_maxillofacial,38,3,23,10,2,2,Oral & Maxillofacial Surgery,False,False
157,orthopaedics,117,6,86,23,2,3,Orthopaedics,False,False
157,paediatric_cancer,8,1,6,1,0,1,Paediatric Cancer,False,False
157,paediatric_medicine,82,8,58,15,1,5,Paediatric Medical Management,False,False
157,paediatric_surgery,37,2,26,9,0,1,Paediatric Surgery,False,False
157,plastic_surgery,34,2,24,8,0,1,Plastic & Reconstructive Surgery,False,False
157,polytrauma,38,4,26,8,0,0,Polytrauma,False,False
157,radiation_oncology,4,0,4,0,0,0,Radiation Oncology,True,False
157,surgical_oncology,23,1,18,4,0,0,Surgical Oncology,False,False
157,urology,61,1,46,14,0,0,Urology,False,False
158,cardiology,2,2,0,0,0,1,Cardiology,True,False
158,emergency_room,14,10,3,1,0,9,Emergency Room Packages,False,False
158,general_medicine,30,25,4,1,0,22,General Medicine,False,False
158,general_surgery,20,13,4,3,0,11,General Surgery,False,False
158,neonatal,1,0,1,0,0,0,Neo-natal Care,False,False
158,neurosurgery,1,1,0,0,0,1,Neurosurgery,True,False
158,obgyn,13,7,3,3,0,6,Obstetrics & Gynaecology,False,False
158,oral_maxillofacial,1,1,0,0,0,0,Oral & Maxillofacial Surgery,False,False
158,orthopaedics,8,2,3,3,0,1,Orthopaedics,False,False
158,paediatric_medicine,7,3,4,0,0,2,Paediatric Medical Management,False,False
158,polytrauma,1,0,1,0,0,0,Polytrauma,False,False
158,urology,1,1,0,0,0,1,Urology,False,False
159,emergency_room,17,15,1,1,0,12,Emergency Room Packages,False,False
159,ent,1,1,0,0,0,0,Otorhinolaryngology (ENT),False,False
159,general_medicine,67,63,3,1,0,56,General Medicine,False,False
159,general_surgery,11,2,8,1,0,0,General Surgery,False,False
159,neonatal,1,0,1,0,0,0,Neo-natal Care,False,False
159,obgyn,6,3,2,1,0,2,Obstetrics & Gynaecology,False,False
159,ophthalmology,7,2,3,2,0,1,Ophthalmology,False,False
159,oral_maxillofacial,1,0,0,1,0,0,Oral & Maxillofacial Surgery,False,False
159,orthopaedics,4,2,2,0,0,1,Orthopaedics,False,False
159,paediatric_medicine,3,1,1,1,0,0,Paediatric Medical Management,False,False
159,urology,2,0,1,1,0,0,Urology,False,False
160,cardiology,1,1,0,0,0,1,Cardiology,True,False
160,emergency_room,27,14,10,3,0,13,Emergency Room Packages,False,False
160,ent,5,1,4,0,0,0,Otorhinolaryngology (ENT),False,False
160,general_medicine,69,47,19,3,0,45,General Medicine,False,False
160,general_surgery,32,2,26,4,0,1,General Surgery,False,False
160,neonatal,1,0,1,0,0,0,Neo-natal Care,False,False
160,obgyn,29,8,19,2,0,7,Obstetrics & Gynaecology,False,False
160,ophthalmology,4,1,3,0,0,0,Ophthalmology,False,False
160,oral_maxillofacial,2,1,1,0,0,0,Oral & Maxillofacial Surgery,False,False
160,orthopaedics,13,3,9,1,0,2,Orthopaedics,False,False
160,paediatric_medicine,11,8,2,1,0,7,Paediatric Medical Management,False,False
160,urology,5,0,4,1,0,0,Urology,False,False
161,emergency_room,6,2,2,2,0,0,Emergency Room Packages,False,False
161,ent,3,1,2,0,0,0,Otorhinolaryngology (ENT),False,False
161,general_medicine,16,12,2,2,0,8,General Medicine,False,False
161,general_surgery,4,3,1,0,0,1,General Surgery,False,False
161,neonatal,2,1,1,0,0,0,Neo-natal Care,False,False
161,obgyn,2,2,0,0,0,1,Obstetrics & Gynaecology,False,False
161,ophthalmology,2,1,1,0,0,0,Ophthalmology,False,False
161,oral_maxillofacial,1,1,0,0,0,0,Oral & Maxillofacial Surgery,False,False
161,orthopaedics,3,1,2,0,0,0,Orthopaedics,False,False
161,paediatric_medicine,2,1,1,0,0,1,Paediatric Medical Management,False,False
162,burns,34,7,18,9,0,0,Burns Management,False,False
162,cardiology,40,7,25,8,0,0,Cardiology,True,False
162,ctvs,14,5,5,4,0,0,Cardio-thoracic & Vascular Surgery,True,False
162,emergency_room,159,20,104,32,3,7,Emergency Room Packages,False,False
162,ent,114,11,76,25,2,0,Otorhinolaryngology (ENT),False,False
162,general_medicine,247,35,158,51,3,20,General Medicine,False,False
162,general_surgery,228,15,159,52,2,5,General Surgery,False,False
162,interventional_neuroradiology,33,5,20,8,0,0,Interventional Neuroradiology,True,False
162,medical_oncology,50,3,33,14,0,0,Medical Oncology,False,False
162,mental_disorders,6,5,1,0,0,0,Mental Disorders,False,False
162,neonatal,75,4,54,17,0,0,Neo-natal Care,False,False
162,neurosurgery,103,5,71,27,0,0,Neurosurgery,True,False
162,obgyn,221,28,139,51,3,9,Obstetrics & Gynaecology,False,False
162,ophthalmology,96,10,62,22,2,1,Ophthalmology,False,False
162,oral_maxillofacial,82,14,51,17,0,4,Oral & Maxillofacial Surgery,False,False
162,orthopaedics,195,12,135,46,2,0,Orthopaedics,False,False
162,paediatric_cancer,15,3,10,2,0,0,Paediatric Cancer,False,False
162,paediatric_medicine,146,21,91,32,2,6,Paediatric Medical Management,False,False
162,paediatric_surgery,47,4,31,12,0,0,Paediatric Surgery,False,False
162,plastic_surgery,53,7,32,14,0,0,Plastic & Reconstructive Surgery,False,False
162,polytrauma,65,3,48,14,0,0,Polytrauma,False,False
162,radiation_oncology,11,4,7,0,0,0,Radiation Oncology,True,False
162,surgical_oncology,71,5,51,15,0,0,Surgical Oncology,False,False
162,urology,131,7,92,32,0,0,Urology,False,False
163,emergency_room,12,9,0,3,0,5,Emergency Room Packages,False,False
163,ent,3,1,1,1,0,0,Otorhinolaryngology (ENT),False,False
163,general_medicine,34,30,0,4,0,26,General Medicine,False,False
163,general_surgery,8,3,0,5,0,0,General Surgery,False,False
163,mental_disorders,1,1,0,0,0,0,Mental Disorders,False,False
163,neonatal,2,0,0,2,0,0,Neo-natal Care,False,False
163,neurosurgery,1,0,0,1,0,0,Neurosurgery,True,False
163,obgyn,7,2,1,4,0,0,Obstetrics & Gynaecology,False,False
163,ophthalmology,5,1,0,4,0,0,Ophthalmology,False,False
163,oral_maxillofacial,3,1,0,2,0,0,Oral & Maxillofacial Surgery,False,False
163,orthopaedics,7,2,1,4,0,0,Orthopaedics,False,False
163,paediatric_medicine,5,1,0,4,0,0,Paediatric Medical Management,False,False
163,polytrauma,1,0,0,1,0,0,Polytrauma,False,False
163,urology,3,1,0,2,0,0,Urology,False,False
164,burns,1,1,0,0,0,0,Burns Management,False,False
164,cardiology,1,0,0,1,0,0,Cardiology,True,False
164,ctvs,1,0,0,1,0,0,Cardio-thoracic & Vascular Surgery,True,False
164,emergency_room,39,36,2,1,0,33,Emergency Room Packages,False,False
164,ent,4,1,2,1,0,0,Otorhinolaryngology (ENT),False,False
164,general_medicine,41,37,3,1,0,34,General Medicine,False,False
164,general_surgery,11,2,7,2,0,1,General Surgery,False,False
164,interventional_neuroradiology,1,0,0,1,0,0,Interventional Neuroradiology,True,False
164,neonatal,1,1,0,0,0,0,Neo-natal Care,False,False
164,neurosurgery,1,0,0,1,0,0,Neurosurgery,True,False
164,obgyn,38,30,7,1,0,27,Obstetrics & Gynaecology,False,False
164,ophthalmology,5,1,2,2,0,0,Ophthalmology,False,False
164,oral_maxillofacial,4,3,0,1,0,2,Oral & Maxillofacial Surgery,False,False
164,orthopaedics,6,1,4,1,0,0,Orthopaedics,False,False
164,paediatric_medicine,13,12,0,1,0,10,Paediatric Medical Management,False,False
164,plastic_surgery,1,1,0,0,0,0,Plastic & Reconstructive Surgery,False,False
164,polytrauma,1,0,0,1,0,0,Polytrauma,False,False
164,urology,3,0,2,1,0,0,Urology,False,False
165,emergency_room,3,3,0,0,0,3,Emergency Room Packages,False,False
165,general_medicine,21,20,1,0,0,19,General Medicine,False,False
165,general_surgery,1,1,0,0,0,1,General Surgery,False,False
165,obgyn,1,1,0,0,0,1,Obstetrics & Gynaecology,False,False
165,oral_maxillofacial,1,1,0,0,0,1,Oral & Maxillofacial Surgery,False,False
165,paediatric_surgery,2,2,0,0,0,2,Paediatric Surgery,False,False
165,urology,1,1,0,0,0,0,Urology,False,False
166,emergency_room,19,14,5,0,0,10,Emergency Room Packages,False,False
166,ent,1,0,1,0,0,0,Otorhinolaryngology (ENT),False,False
166,general_medicine,26,16,10,0,0,12,General Medicine,False,False
166,general_surgery,12,1,11,0,0,0,General Surgery,False,False
166,neonatal,3,0,3,0,0,0,Neo-natal Care,False,False
166,obgyn,16,5,11,0,0,3,Obstetrics & Gynaecology,False,False
166,ophthalmology,2,1,1,0,0,0,Ophthalmology,False,False
166,oral_maxillofacial,1,1,0,0,0,0,Oral & Maxillofacial Surgery,False,False
166,orthopaedics,7,1,6,0,0,0,Orthopaedics,False,False
166,paediatric_medicine,5,1,4,0,0,0,Paediatric Medical Management,False,False
166,surgical_oncology,1,0,1,0,0,0,Surgical Oncology,False,False
166,urology,3,0,3,0,0,0,Urology,False,False
167,burns,9,5,2,2,0,3,Burns Management,False,False
167,cardiology,7,2,2,3,0,1,Cardiology,True,False
167,ctvs,2,1,0,1,0,1,Cardio-thoracic & Vascular Surgery,True,False
167,emergency_room,36,17,12,7,0,14,Emergency Room Packages,False,False
167,ent,14,3,7,4,0,1,Otorhinolaryngology (ENT),False,False
167,general_medicine,61,32,17,12,0,28,General Medicine,False,False
167,general_surgery,42,6,25,11,0,3,General Surgery,False,False
167,interventional_neuroradiology,2,1,1,0,0,1,Interventional Neuroradiology,True,False
167,medical_oncology,5,3,0,2,0,3,Medical Oncology,False,False
167,mental_disorders,2,2,0,0,0,1,Mental Disorders,False,False
167,neonatal,8,3,2,3,0,1,Neo-natal Care,False,False
167,neurosurgery,10,1,3,6,0,1,Neurosurgery,True,False
167,obgyn,36,6,21,9,0,3,Obstetrics & Gynaecology,False,False
167,ophthalmology,18,4,6,8,0,1,Ophthalmology,False,False
167,oral_maxillofacial,16,4,7,5,0,2,Oral & Maxillofacial Surgery,False,False
167,orthopaedics,33,4,19,10,0,1,Orthopaedics,False,False
167,paediatric_cancer,3,1,0,2,0,1,Paediatric Cancer,False,False
167,paediatric_medicine,21,4,11,6,0,1,Paediatric Medical Management,False,False
167,paediatric_surgery,5,1,1,3,0,1,Paediatric Surgery,False,False
167,plastic_surgery,5,2,2,1,0,1,Plastic & Reconstructive Surgery,False,False
167,polytrauma,14,3,7,4,0,1,Polytrauma,False,False
167,radiation_oncology,1,0,0,1,0,0,Radiation Oncology,True,False
167,surgical_oncology,3,1,0,2,0,1,Surgical Oncology,False,False
167,urology,25,2,17,6,0,1,Urology,False,False
168,burns,1,1,0,0,0,0,Burns Management,False,False
168,cardiology,1,0,1,0,0,0,Cardiology,True,False
168,emergency_room,15,7,7,1,0,6,Emergency Room Packages,False,False
168,ent,4,1,3,0,0,0,Otorhinolaryngology (ENT),False,False
168,general_medicine,39,25,12,2,0,23,General Medicine,False,False
168,general_surgery,18,3,13,2,0,2,General Surgery,False,False
168,interventional_neuroradiology,2,0,2,0,0,0,Interventional Neuroradiology,True,False
168,medical_oncology,1,0,1,0,0,0,Medical Oncology,False,False
168,neonatal,3,0,3,0,0,0,Neo-natal Care,False,False
168,neurosurgery,2,0,2,0,0,0,Neurosurgery,True,False
168,obgyn,14,5,8,1,0,4,Obstetrics & Gynaecology,False,False
168,ophthalmology,10,1,9,0,0,0,Ophthalmology,False,False
168,oral_maxillofacial,3,0,3,0,0,0,Oral & Maxillofacial Surgery,False,False
168,orthopaedics,14,1,12,1,0,0,Orthopaedics,False,False
168,paediatric_cancer,1,0,1,0,0,0,Paediatric Cancer,False,False
168,paediatric_medicine,10,3,6,1,0,1,Paediatric Medical Management,False,False
168,plastic_surgery,1,1,0,0,0,0,Plastic & Reconstructive Surgery,False,False
168,polytrauma,2,0,2,0,0,0,Polytrauma,False,False
168,surgical_oncology,1,0,1,0,0,0,Surgical Oncology,False,False
168,urology,7,0,7,0,0,0,Urology,False,False
169,burns,11,0,8,3,0,0,Burns Management,False,False
169,cardiology,17,1,12,4,0,0,Cardiology,True,False
169,ctvs,6,0,4,2,0,0,Cardio-thoracic & Vascular Surgery,True,False
169,emergency_room,43,12,21,10,0,9,Emergency Room Packages,False,False
169,ent,30,4,18,8,0,1,Otorhinolaryngology (ENT),False,False
169,general_medicine,119,42,59,18,0,38,General Medicine,False,False
169,general_surgery,88,2,67,19,0,0,General Surgery,False,False
169,interventional_neuroradiology,13,0,9,4,0,0,Interventional Neuroradiology,True,False
169,medical_oncology,4,0,3,1,0,0,Medical Oncology,False,False
169,mental_disorders,2,2,0,0,0,0,Mental Disorders,False,False
169,neonatal,23,1,16,6,0,0,Neo-natal Care,False,False
169,neurosurgery,21,0,15,6,0,0,Neurosurgery,True,False
169,obgyn,75,5,52,18,0,2,Obstetrics & Gynaecology,False,False
169,ophthalmology,29,3,17,9,0,0,Ophthalmology,False,False
169,oral_maxillofacial,22,2,13,7,0,1,Oral & Maxillofacial Surgery,False,False
169,orthopaedics,77,3,57,17,0,1,Orthopaedics,False,False
169,paediatric_cancer,4,0,2,2,0,0,Paediatric Cancer,False,False
169,paediatric_medicine,53,5,34,14,0,3,Paediatric Medical Management,False,False
169,paediatric_surgery,12,0,9,3,0,0,Paediatric Surgery,False,False
169,plastic_surgery,18,0,14,4,0,0,Plastic & Reconstructive Surgery,False,False
169,polytrauma,13,0,8,5,0,0,Polytrauma,False,False
169,radiation_oncology,3,0,2,1,0,0,Radiation Oncology,True,False
169,surgical_oncology,4,0,3,1,0,0,Surgical Oncology,False,False
169,urology,40,0,29,11,0,0,Urology,False,False
170,cardiology,1,0,1,0,0,0,Cardiology,True,False
170,emergency_room,37,29,6,2,0,29,Emergency Room Packages,False,False
170,ent,13,4,7,2,0,3,Otorhinolaryngology (ENT),False,False
170,general_medicine,61,46,11,4,0,45,General Medicine,False,False
170,general_surgery,60,36,20,4,0,34,General Surgery,False,False
170,medical_oncology,1,0,1,0,0,0,Medical Oncology,False,False
170,obgyn,62,44,15,3,0,42,Obstetrics & Gynaecology,False,False
170,ophthalmology,12,5,5,2,0,4,Ophthalmology,False,False
170,oral_maxillofacial,6,1,2,3,0,0,Oral & Maxillofacial Surgery,False,False
170,orthopaedics,30,11,15,4,0,10,Orthopaedics,False,False
170,paediatric_medicine,2,1,1,0,0,0,Paediatric Medical Management,False,False
170,polytrauma,2,0,2,0,0,0,Polytrauma,False,False
170,surgical_oncology,2,0,2,0,0,0,Surgical Oncology,False,False
170,urology,10,0,9,1,0,0,Urology,False,False
171,burns,4,0,3,1,0,0,Burns Management,False,False
171,cardiology,11,0,9,2,0,0,Cardiology,True,False
171,ctvs,3,0,2,1,0,0,Cardio-thoracic & Vascular Surgery,True,False
171,emergency_room,27,7,15,4,1,6,Emergency Room Packages,False,False
171,ent,17,1,13,2,1,0,Otorhinolaryngology (ENT),False,False
171,general_medicine,68,26,35,6,1,24,General Medicine,False,False
171,general_surgery,56,1,47,6,1,0,General Surgery,False,False
171,interventional_neuroradiology,7,0,5,2,0,0,Interventional Neuroradiology,True,False
171,medical_oncology,4,0,4,0,0,0,Medical Oncology,False,False
171,mental_disorders,2,1,0,1,0,0,Mental Disorders,False,False
171,neonatal,30,0,27,3,0,0,Neo-natal Care,False,False
171,neurosurgery,17,0,14,3,0,0,Neurosurgery,True,False
171,obgyn,53,5,39,7,1,4,Obstetrics & Gynaecology,False,False
171,ophthalmology,31,0,19,11,1,0,Ophthalmology,False,False
171,oral_maxillofacial,7,0,3,4,0,0,Oral & Maxillofacial Surgery,False,False
171,orthopaedics,40,1,32,7,0,0,Orthopaedics,False,False
171,paediatric_medicine,40,1,33,5,1,0,Paediatric Medical Management,False,False
171,paediatric_surgery,5,0,3,2,0,0,Paediatric Surgery,False,False
171,plastic_surgery,5,0,4,1,0,0,Plastic & Reconstructive Surgery,False,False
171,polytrauma,9,0,7,2,0,0,Polytrauma,False,False
171,surgical_oncology,1,0,1,0,0,0,Surgical Oncology,False,False
171,urology,29,0,23,5,0,0,Urology,False,False
172,burns,1,0,1,0,0,0,Burns Management,False,False
172,cardiology,7,1,6,0,0,0,Cardiology,True,False
172,emergency_room,16,12,4,0,0,10,Emergency Room Packages,False,False
172,ent,6,1,5,0,0,0,Otorhinolaryngology (ENT),False,False
172,general_medicine,75,59,15,1,0,51,General Medicine,False,False
172,general_surgery,24,2,21,1,0,1,General Surgery,False,False
172,mental_disorders,1,1,0,0,0,0,Mental Disorders,False,False
172,neonatal,2,1,1,0,0,0,Neo-natal Care,False,False
172,neurosurgery,2,0,2,0,0,0,Neurosurgery,True,False
172,obgyn,17,2,14,1,0,0,Obstetrics & Gynaecology,False,False
172,ophthalmology,10,1,8,1,0,0,Ophthalmology,False,False
172,oral_maxillofacial,6,1,4,1,0,0,Oral & Maxillofacial Surgery,False,False
172,orthopaedics,9,2,7,0,0,0,Orthopaedics,False,False
172,paediatric_medicine,7,3,4,0,0,0,Paediatric Medical Management,False,False
172,paediatric_surgery,1,1,0,0,0,0,Paediatric Surgery,False,False
172,plastic_surgery,2,0,2,0,0,0,Plastic & Reconstructive Surgery,False,False
172,urology,8,0,8,0,0,0,Urology,False,False
173,burns,1,0,1,0,0,0,Burns Management,False,False
173,emergency_room,10,7,2,1,0,7,Emergency Room Packages,False,False
173,ent,3,1,2,0,0,0,Otorhinolaryngology (ENT),False,False
173,general_medicine,34,26,6,2,0,23,General Medicine,False,False
173,general_surgery,12,2,8,2,0,1,General Surgery,False,False
173,neonatal,1,0,0,1,0,0,Neo-natal Care,False,False
173,neurosurgery,2,0,2,0,0,0,Neurosurgery,True,False
173,obgyn,9,4,3,2,0,3,Obstetrics & Gynaecology,False,False
173,ophthalmology,11,1,8,2,0,0,Ophthalmology,False,False
173,oral_maxillofacial,1,0,1,0,0,0,Oral & Maxillofacial Surgery,False,False
173,orthopaedics,9,1,7,1,0,0,Orthopaedics,False,False
173,paediatric_medicine,5,3,1,1,0,1,Paediatric Medical Management,False,False
173,plastic_surgery,1,0,1,0,0,0,Plastic & Reconstructive Surgery,False,False
173,urology,5,0,3,2,0,0,Urology,False,False
174,burns,1,1,0,0,0,0,Burns Management,False,False
174,emergency_room,37,34,3,0,0,30,Emergency Room Packages,False,False
174,ent,1,1,0,0,0,0,Otorhinolaryngology (ENT),False,False
174,general_medicine,83,79,4,0,0,74,General Medicine,False,False
174,general_surgery,20,13,6,1,0,11,General Surgery,False,False
174,mental_disorders,1,1,0,0,0,0,Mental Disorders,False,False
174,neonatal,1,1,0,0,0,0,Neo-natal Care,False,False
174,obgyn,21,16,5,0,0,14,Obstetrics & Gynaecology,False,False
174,ophthalmology,3,2,1,0,0,0,Ophthalmology,False,False
174,oral_maxillofacial,3,1,2,0,0,0,Oral & Maxillofacial Surgery,False,False
174,orthopaedics,7,3,3,1,0,1,Orthopaedics,False,False
174,paediatric_medicine,1,1,0,0,0,0,Paediatric Medical Management,False,False
174,polytrauma,1,0,1,0,0,0,Polytrauma,False,False
174,urology,3,0,3,0,0,0,Urology,False,False
175,burns,2,0,1,0,1,0,Burns Management,False,False
175,cardiology,1,0,0,0,1,0,Cardiology,True,False
175,ctvs,1,0,0,0,1,0,Cardio-thoracic & Vascular Surgery,True,False
175,emergency_room,74,69,2,1,2,61,Emergency Room Packages,False,False
175,ent,1,0,0,0,1,0,Otorhinolaryngology (ENT),False,False
175,general_medicine,77,70,4,1,2,62,General Medicine,False,False
175,general_surgery,10,4,4,1,1,4,General Surgery,False,False
175,interventional_neuroradiology,1,0,0,0,1,0,Interventional Neuroradiology,True,False
175,medical_oncology,3,0,2,0,1,0,Medical Oncology,False,False
175,mental_disorders,1,0,0,0,1,0,Mental Disorders,False,False
175,neonatal,1,0,0,0,1,0,Neo-natal Care,False,False
175,neurosurgery,1,0,0,0,1,0,Neurosurgery,True,False
175,obgyn,8,4,2,1,1,3,Obstetrics & Gynaecology,False,False
175,ophthalmology,5,0,3,1,1,0,Ophthalmology,False,False
175,oral_maxillofacial,5,2,1,1,1,1,Oral & Maxillofacial Surgery,False,False
175,orthopaedics,9,3,4,1,1,3,Orthopaedics,False,False
175,paediatric_medicine,2,0,0,1,1,0,Paediatric Medical Management,False,False
175,paediatric_surgery,1,0,0,0,1,0,Paediatric Surgery,False,False
175,plastic_surgery,2,0,1,0,1,0,Plastic & Reconstructive Surgery,False,False
175,polytrauma,2,0,1,0,1,0,Polytrauma,False,False
175,radiation_oncology,2,0,1,0,1,0,Radiation Oncology,True,False
175,surgical_oncology,3,0,2,0,1,0,Surgical Oncology,False,False
175,urology,3,0,1,1,1,0,Urology,False,False
176,burns,2,0,2,0,0,0,Burns Management,False,False
176,cardiology,1,0,1,0,0,0,Cardiology,True,False
176,emergency_room,11,6,4,0,1,5,Emergency Room Packages,False,False
176,ent,2,1,1,0,0,0,Otorhinolaryngology (ENT),False,False
176,general_medicine,27,21,5,0,1,20,General Medicine,False,False
176,general_surgery,10,1,8,0,1,0,General Surgery,False,False
176,obgyn,8,3,4,0,1,2,Obstetrics & Gynaecology,False,False
176,ophthalmology,7,1,4,2,0,0,Ophthalmology,False,False
176,oral_maxillofacial,5,3,1,0,1,2,Oral & Maxillofacial Surgery,False,False
176,orthopaedics,4,1,3,0,0,0,Orthopaedics,False,False
176,paediatric_medicine,1,1,0,0,0,0,Paediatric Medical Management,False,False
176,plastic_surgery,2,0,2,0,0,0,Plastic & Reconstructive Surgery,False,False
176,polytrauma,2,0,2,0,0,0,Polytrauma,False,False
176,urology,3,0,3,0,0,0,Urology,False,False
177,burns,1,1,0,0,0,1,Burns Management,False,False
177,cardiology,6,0,6,0,0,0,Cardiology,True,False
177,emergency_room,36,24,10,2,0,20,Emergency Room Packages,False,False
177,ent,12,2,9,1,0,0,Otorhinolaryngology (ENT),False,False
177,general_medicine,66,25,36,5,0,21,General Medicine,False,False
177,general_surgery,50,4,40,6,0,2,General Surgery,False,False
177,interventional_neuroradiology,3,0,2,1,0,0,Interventional Neuroradiology,True,False
177,medical_oncology,3,0,3,0,0,0,Medical Oncology,False,False
177,mental_disorders,1,1,0,0,0,0,Mental Disorders,False,False
177,neonatal,4,0,3,1,0,0,Neo-natal Care,False,False
177,neurosurgery,4,0,3,1,0,0,Neurosurgery,True,False
177,obgyn,42,6,30,6,0,4,Obstetrics & Gynaecology,False,False
177,ophthalmology,22,2,18,2,0,0,Ophthalmology,False,False
177,oral_maxillofacial,4,1,1,2,0,0,Oral & Maxillofacial Surgery,False,False
177,orthopaedics,32,3,25,4,0,1,Orthopaedics,False,False
177,paediatric_medicine,12,2,9,1,0,0,Paediatric Medical Management,False,False
177,plastic_surgery,1,1,0,0,0,1,Plastic & Reconstructive Surgery,False,False
177,polytrauma,2,0,1,1,0,0,Polytrauma,False,False
177,radiation_oncology,2,0,2,0,0,0,Radiation Oncology,True,False
177,surgical_oncology,2,0,2,0,0,0,Surgical Oncology,False,False
177,urology,18,0,17,1,0,0,Urology,False,False
178,burns,2,1,0,1,0,1,Burns Management,False,False
178,emergency_room,18,12,5,1,0,10,Emergency Room Packages,False,False
178,ent,2,0,1,1,0,0,Otorhinolaryngology (ENT),False,False
178,general_medicine,40,26,12,2,0,22,General Medicine,False,False
178,general_surgery,55,25,27,3,0,22,General Surgery,False,False
178,neonatal,3,1,1,1,0,0,Neo-natal Care,False,False
178,obgyn,27,23,3,1,0,20,Obstetrics & Gynaecology,False,False
178,ophthalmology,10,3,6,1,0,2,Ophthalmology,False,False
178,oral_maxillofacial,4,1,2,1,0,0,Oral & Maxillofacial Surgery,False,False
178,orthopaedics,11,1,8,2,0,0,Orthopaedics,False,False
178,paediatric_medicine,10,4,5,1,0,3,Paediatric Medical Management,False,False
178,paediatric_surgery,4,3,0,1,0,3,Paediatric Surgery,False,False
178,plastic_surgery,1,0,0,1,0,0,Plastic & Reconstructive Surgery,False,False
178,polytrauma,1,0,0,1,0,0,Polytrauma,False,False
178,urology,9,0,7,2,0,0,Urology,False,False
179,burns,2,1,1,0,0,1,Burns Management,False,False
179,cardiology,1,0,1,0,0,0,Cardiology,True,False
179,emergency_room,17,8,8,1,0,5,Emergency Room Packages,False,False
179,ent,11,2,8,1,0,0,Otorhinolaryngology (ENT),False,False
179,general_medicine,36,22,11,3,0,17,General Medicine,False,False
179,general_surgery,30,3,24,3,0,0,General Surgery,False,False
179,interventional_neuroradiology,2,0,2,0,0,0,Interventional Neuroradiology,True,False
179,medical_oncology,1,0,1,0,0,0,Medical Oncology,False,False
179,mental_disorders,1,1,0,0,0,1,Mental Disorders,False,False
179,neonatal,1,0,1,0,0,0,Neo-natal Care,False,False
179,neurosurgery,2,0,2,0,0,0,Neurosurgery,True,False
179,obgyn,24,7,16,1,0,4,Obstetrics & Gynaecology,False,False
179,ophthalmology,7,3,3,1,0,1,Ophthalmology,False,False
179,oral_maxillofacial,6,2,4,0,0,0,Oral & Maxillofacial Surgery,False,False
179,orthopaedics,18,1,14,3,0,0,Orthopaedics,False,False
179,paediatric_medicine,7,4,2,1,0,2,Paediatric Medical Management,False,False
179,paediatric_surgery,1,0,1,0,0,0,Paediatric Surgery,False,False
179,plastic_surgery,1,0,1,0,0,0,Plastic & Reconstructive Surgery,False,False
179,polytrauma,3,0,3,0,0,0,Polytrauma,False,False
179,surgical_oncology,1,0,1,0,0,0,Surgical Oncology,False,False
179,urology,14,0,12,2,0,0,Urology,False,False
180,cardiology,1,1,0,0,0,0,Cardiology,True,False
180,emergency_room,20,16,4,0,0,14,Emergency Room Packages,False,False
180,ent,5,1,3,1,0,0,Otorhinolaryngology (ENT),False,False
180,general_medicine,51,45,5,1,0,40,General Medicine,False,False
180,general_surgery,8,1,4,3,0,0,General Surgery,False,False
180,medical_oncology,1,0,1,0,0,0,Medical Oncology,False,False
180,neonatal,3,1,2,0,0,0,Neo-natal Care,False,False
180,neurosurgery,1,0,1,0,0,0,Neurosurgery,True,False
180,obgyn,14,6,6,2,0,5,Obstetrics & Gynaecology,False,False
180,ophthalmology,7,1,5,1,0,0,Ophthalmology,False,False
180,oral_maxillofacial,2,1,1,0,0,0,Oral & Maxillofacial Surgery,False,False
180,orthopaedics,8,1,6,1,0,0,Orthopaedics,False,False
180,paediatric_medicine,6,3,2,1,0,2,Paediatric Medical Management,False,False
180,paediatric_surgery,1,0,1,0,0,0,Paediatric Surgery,False,False
180,plastic_surgery,1,0,1,0,0,0,Plastic & Reconstructive Surgery,False,False
180,polytrauma,2,0,1,1,0,0,Polytrauma,False,False
180,surgical_oncology,2,0,2,0,0,0,Surgical Oncology,False,False
180,urology,3,0,3,0,0,0,Urology,False,False
181,emergency_room,9,7,2,0,0,6,Emergency Room Packages,False,True
181,ent,2,1,1,0,0,0,Otorhinolaryngology (ENT),False,True
181,general_medicine,22,19,3,0,0,18,General Medicine,False,True
181,general_surgery,3,2,1,0,0,2,General Surgery,False,True
181,neonatal,2,0,2,0,0,0,Neo-natal Care,False,True
181,obgyn,6,4,2,0,0,3,Obstetrics & Gynaecology,False,True
181,ophthalmology,4,2,2,0,0,1,Ophthalmology,False,True
181,oral_maxillofacial,1,1,0,0,0,1,Oral & Maxillofacial Surgery,False,True
181,orthopaedics,2,1,1,0,0,0,Orthopaedics,False,True
181,paediatric_medicine,2,0,2,0,0,0,Paediatric Medical Management,False,True
181,urology,1,0,1,0,0,0,Urology,False,True
182,emergency_room,17,16,1,0,0,16,Emergency Room Packages,False,True
182,ent,1,1,0,0,0,0,Otorhinolaryngology (ENT),False,True
182,general_medicine,22,21,1,0,0,19,General Medicine,False,True
182,general_surgery,4,1,3,0,0,0,General Surgery,False,True
182,obgyn,1,1,0,0,0,0,Obstetrics & Gynaecology,False,True
182,ophthalmology,5,2,2,1,0,1,Ophthalmology,False,True
182,oral_maxillofacial,1,1,0,0,0,1,Oral & Maxillofacial Surgery,False,True
182,orthopaedics,3,2,1,0,0,1,Orthopaedics,False,True
182,paediatric_medicine,5,5,0,0,0,4,Paediatric Medical Management,False,True
183,emergency_room,27,21,5,1,0,20,Emergency Room Packages,False,False
183,ent,4,1,2,1,0,0,Otorhinolaryngology (ENT),False,False
183,general_medicine,77,68,5,4,0,67,General Medicine,False,False
183,general_surgery,33,19,10,4,0,18,General Surgery,False,False
183,interventional_neuroradiology,1,0,0,1,0,0,Interventional Neuroradiology,True,False
183,mental_disorders,1,1,0,0,0,0,Mental Disorders,False,False
183,neonatal,1,0,0,1,0,0,Neo-natal Care,False,False
183,neurosurgery,1,0,0,1,0,0,Neurosurgery,True,False
183,obgyn,29,20,6,3,0,19,Obstetrics & Gynaecology,False,False
183,ophthalmology,6,0,4,2,0,0,Ophthalmology,False,False
183,oral_maxillofacial,7,5,1,1,0,4,Oral & Maxillofacial Surgery,False,False
183,orthopaedics,30,19,8,3,0,18,Orthopaedics,False,False
183,paediatric_medicine,8,2,3,3,0,1,Paediatric Medical Management,False,False
183,urology,3,0,2,1,0,0,Urology,False,False
184,emergency_room,16,7,7,1,1,6,Emergency Room Packages,False,True
184,ent,5,2,2,1,0,1,Otorhinolaryngology (ENT),False,True
184,general_medicine,21,10,8,1,2,9,General Medicine,False,True
184,general_surgery,16,3,11,2,0,2,General Surgery,False,True
184,mental_disorders,1,1,0,0,0,1,Mental Disorders,False,True
184,neonatal,5,2,3,0,0,2,Neo-natal Care,False,True
184,obgyn,13,3,8,2,0,2,Obstetrics & Gynaecology,False,True
184,ophthalmology,7,2,2,1,2,1,Ophthalmology,False,True
184,oral_maxillofacial,4,2,1,0,1,1,Oral & Maxillofacial Surgery,False,True
184,orthopaedics,12,1,9,2,0,0,Orthopaedics,False,True
184,paediatric_medicine,8,3,4,0,1,2,Paediatric Medical Management,False,True
185,burns,1,0,0,1,0,0,Burns Management,False,False
185,cardiology,2,0,2,0,0,0,Cardiology,True,False
185,emergency_room,29,15,11,3,0,14,Emergency Room Packages,False,False
185,ent,4,1,2,1,0,0,Otorhinolaryngology (ENT),False,False
185,general_medicine,70,56,12,2,0,54,General Medicine,False,False
185,general_surgery,30,5,23,2,0,4,General Surgery,False,False
185,mental_disorders,1,1,0,0,0,0,Mental Disorders,False,False
185,obgyn,24,2,19,3,0,1,Obstetrics & Gynaecology,False,False
185,ophthalmology,11,1,10,0,0,0,Ophthalmology,False,False
185,oral_maxillofacial,2,1,1,0,0,0,Oral & Maxillofacial Surgery,False,False
185,orthopaedics,17,1,14,2,0,0,Orthopaedics,False,False
185,paediatric_medicine,5,3,1,1,0,1,Paediatric Medical Management,False,False
185,plastic_surgery,1,0,0,1,0,0,Plastic & Reconstructive Surgery,False,False
185,urology,6,0,6,0,0,0,Urology,False,False
186,cardiology,1,1,0,0,0,0,Cardiology,True,False
186,ctvs,1,1,0,0,0,1,Cardio-thoracic & Vascular Surgery,True,False
186,emergency_room,20,11,7,2,0,10,Emergency Room Packages,False,False
186,ent,6,2,1,3,0,1,Otorhinolaryngology (ENT),False,False
186,general_medicine,66,57,7,2,0,50,General Medicine,False,False
186,general_surgery,14,2,10,2,0,1,General Surgery,False,False
186,mental_disorders,1,1,0,0,0,0,Mental Disorders,False,False
186,neonatal,1,0,1,0,0,0,Neo-natal Care,False,False
186,neurosurgery,1,0,1,0,0,0,Neurosurgery,True,False
186,obgyn,11,1,8,2,0,0,Obstetrics & Gynaecology,False,False
186,ophthalmology,9,4,0,5,0,3,Ophthalmology,False,False
186,oral_maxillofacial,5,2,1,2,0,1,Oral & Maxillofacial Surgery,False,False
186,orthopaedics,8,1,5,2,0,0,Orthopaedics,False,False
186,paediatric_medicine,10,5,3,2,0,3,Paediatric Medical Management,False,False
186,paediatric_surgery,1,0,1,0,0,0,Paediatric Surgery,False,False
186,polytrauma,2,1,1,0,0,0,Polytrauma,False,False
186,urology,1,0,1,0,0,0,Urology,False,False
187,burns,19,2,12,5,0,0,Burns Management,False,False
187,cardiology,18,1,15,2,0,0,Cardiology,True,False
187,ctvs,5,1,4,0,0,0,Cardio-thoracic & Vascular Surgery,True,False
187,emergency_room,96,18,65,12,1,9,Emergency Room Packages,False,False
187,ent,47,4,33,9,1,1,Otorhinolaryngology (ENT),False,False
187,general_medicine,144,24,102,17,1,14,General Medicine,False,False
187,general_surgery,163,17,122,22,2,7,General Surgery,False,False
187,interventional_neuroradiology,18,1,13,4,0,0,Interventional Neuroradiology,True,False
187,medical_oncology,10,2,6,2,0,0,Medical Oncology,False,False
187,mental_disorders,2,2,0,0,0,1,Mental Disorders,False,False
187,neonatal,41,1,32,8,0,0,Neo-natal Care,False,False
187,neurosurgery,46,3,35,8,0,1,Neurosurgery,True,False
187,obgyn,119,15,87,15,2,7,Obstetrics & Gynaecology,False,False
187,ophthalmology,43,5,33,5,0,1,Ophthalmology,False,False
187,oral_maxillofacial,27,9,13,4,1,7,Oral & Maxillofacial Surgery,False,False
187,orthopaedics,139,8,111,18,2,2,Orthopaedics,False,False
187,paediatric_cancer,2,1,1,0,0,0,Paediatric Cancer,False,False
187,paediatric_medicine,67,11,47,9,0,2,Paediatric Medical Management,False,False
187,paediatric_surgery,14,2,12,0,0,0,Paediatric Surgery,False,False
187,plastic_surgery,28,2,20,6,0,0,Plastic & Reconstructive Surgery,False,False
187,polytrauma,18,1,14,3,0,0,Polytrauma,False,False
187,radiation_oncology,4,3,1,0,0,0,Radiation Oncology,True,False
187,surgical_oncology,8,3,5,0,0,0,Surgical Oncology,False,False
187,urology,94,2,81,11,0,0,Urology,False,False
188,emergency_room,7,6,0,1,0,4,Emergency Room Packages,False,True
188,general_medicine,8,6,1,1,0,4,General Medicine,False,True
188,general_surgery,5,4,0,1,0,2,General Surgery,False,True
188,obgyn,1,1,0,0,0,1,Obstetrics & Gynaecology,False,True
188,ophthalmology,3,0,2,1,0,0,Ophthalmology,False,True
188,oral_maxillofacial,1,0,0,1,0,0,Oral & Maxillofacial Surgery,False,True
188,paediatric_medicine,2,2,0,0,0,0,Paediatric Medical Management,False,True
189,burns,1,0,0,1,0,0,Burns Management,False,True
189,emergency_room,5,2,2,1,0,0,Emergency Room Packages,False,True
189,general_medicine,5,2,2,1,0,0,General Medicine,False,True
189,general_surgery,7,4,2,1,0,2,General Surgery,False,True
189,neonatal,1,1,0,0,0,0,Neo-natal Care,False,True
189,obgyn,5,2,2,1,0,0,Obstetrics & Gynaecology,False,True
189,ophthalmology,4,1,2,1,0,0,Ophthalmology,False,True
189,oral_maxillofacial,2,1,1,0,0,0,Oral & Maxillofacial Surgery,False,True
189,orthopaedics,3,1,1,1,0,0,Orthopaedics,False,True
189,paediatric_medicine,1,1,0,0,0,0,Paediatric Medical Management,False,True
189,plastic_surgery,1,0,0,1,0,0,Plastic & Reconstructive Surgery,False,True
189,polytrauma,12,12,0,0,0,7,Polytrauma,False,True
189,urology,2,0,1,1,0,0,Urology,False,True
190,emergency_room,8,8,0,0,0,5,Emergency Room Packages,False,True
190,ent,2,2,0,0,0,1,Otorhinolaryngology (ENT),False,True
190,general_medicine,8,8,0,0,0,5,General Medicine,False,True
190,general_surgery,9,9,0,0,0,5,General Surgery,False,True
190,neonatal,1,1,0,0,0,1,Neo-natal Care,False,True
190,obgyn,5,5,0,0,0,2,Obstetrics & Gynaecology,False,True
190,ophthalmology,3,2,1,0,0,1,Ophthalmology,False,True
190,oral_maxillofacial,1,1,0,0,0,0,Oral & Maxillofacial Surgery,False,True
190,orthopaedics,1,1,0,0,0,1,Orthopaedics,False,True
190,paediatric_medicine,2,2,0,0,0,1,Paediatric Medical Management,False,True
190,polytrauma,1,1,0,0,0,1,Polytrauma,False,True
191,cardiology,2,0,2,0,0,0,Cardiology,True,True
191,emergency_room,10,6,4,0,0,4,Emergency Room Packages,False,True
191,general_medicine,16,6,10,0,0,4,General Medicine,False,True
191,general_surgery,30,13,16,1,0,10,General Surgery,False,True
191,interventional_neuroradiology,1,0,1,0,0,0,Interventional Neuroradiology,True,True
191,neonatal,2,1,1,0,0,0,Neo-natal Care,False,True
191,neurosurgery,1,0,1,0,0,0,Neurosurgery,True,True
191,obgyn,19,3,14,1,1,1,Obstetrics & Gynaecology,False,True
191,ophthalmology,7,2,5,0,0,1,Ophthalmology,False,True
191,oral_maxillofacial,3,2,1,0,0,0,Oral & Maxillofacial Surgery,False,True
191,orthopaedics,15,3,11,1,0,2,Orthopaedics,False,True
191,paediatric_medicine,5,1,3,0,1,0,Paediatric Medical Management,False,True
191,paediatric_surgery,1,0,1,0,0,0,Paediatric Surgery,False,True
191,urology,2,0,2,0,0,0,Urology,False,True
192,burns,1,0,1,0,0,0,Burns Management,False,False
192,cardiology,1,0,1,0,0,0,Cardiology,True,False
192,emergency_room,17,15,1,0,1,9,Emergency Room Packages,False,False
192,ent,5,1,3,0,1,0,Otorhinolaryngology (ENT),False,False
192,general_medicine,25,15,7,2,1,9,General Medicine,False,False
192,general_surgery,20,6,11,2,1,1,General Surgery,False,False
192,interventional_neuroradiology,2,1,1,0,0,0,Interventional Neuroradiology,True,False
192,mental_disorders,1,1,0,0,0,0,Mental Disorders,False,False
192,neonatal,6,1,4,1,0,0,Neo-natal Care,False,False
192,neurosurgery,2,1,1,0,0,0,Neurosurgery,True,False
192,obgyn,16,5,10,0,1,0,Obstetrics & Gynaecology,False,False
192,ophthalmology,11,2,8,0,1,0,Ophthalmology,False,False
192,oral_maxillofacial,6,4,2,0,0,0,Oral & Maxillofacial Surgery,False,False
192,orthopaedics,8,1,7,0,0,0,Orthopaedics,False,False
192,paediatric_cancer,1,1,0,0,0,0,Paediatric Cancer,False,False
192,paediatric_medicine,13,6,6,0,1,1,Paediatric Medical Management,False,False
192,paediatric_surgery,1,0,1,0,0,0,Paediatric Surgery,False,False
192,plastic_surgery,1,0,1,0,0,0,Plastic & Reconstructive Surgery,False,False
192,polytrauma,3,2,1,0,0,0,Polytrauma,False,False
192,surgical_oncology,1,0,1,0,0,0,Surgical Oncology,False,False
192,urology,6,0,4,2,0,0,Urology,False,False
193,emergency_room,10,9,1,0,0,4,Emergency Room Packages,False,False
193,general_medicine,12,9,3,0,0,4,General Medicine,False,False
193,general_surgery,16,5,10,1,0,0,General Surgery,False,False
193,obgyn,8,3,4,1,0,0,Obstetrics & Gynaecology,False,False
193,ophthalmology,5,1,4,0,0,0,Ophthalmology,False,False
193,oral_maxillofacial,8,8,0,0,0,4,Oral & Maxillofacial Surgery,False,False
193,orthopaedics,7,1,5,1,0,0,Orthopaedics,False,False
193,paediatric_medicine,2,1,1,0,0,0,Paediatric Medical Management,False,False
193,paediatric_surgery,1,0,1,0,0,0,Paediatric Surgery,False,False
193,radiation_oncology,1,1,0,0,0,0,Radiation Oncology,True,False
193,surgical_oncology,1,0,1,0,0,0,Surgical Oncology,False,False
193,urology,4,0,4,0,0,0,Urology,False,False
194,emergency_room,8,8,0,0,0,7,Emergency Room Packages,False,False
194,ent,1,1,0,0,0,0,Otorhinolaryngology (ENT),False,False
194,general_medicine,10,8,2,0,0,7,General Medicine,False,False
194,general_surgery,10,9,1,0,0,7,General Surgery,False,False
194,mental_disorders,1,1,0,0,0,0,Mental Disorders,False,False
194,neonatal,1,1,0,0,0,0,Neo-natal Care,False,False
194,obgyn,2,2,0,0,0,1,Obstetrics & Gynaecology,False,False
194,ophthalmology,1,1,0,0,0,0,Ophthalmology,False,False
194,oral_maxillofacial,2,1,1,0,0,0,Oral & Maxillofacial Surgery,False,False
194,orthopaedics,1,1,0,0,0,0,Orthopaedics,False,False
194,paediatric_medicine,3,3,0,0,0,1,Paediatric Medical Management,False,False
195,cardiology,2,1,1,0,0,0,Cardiology,True,False
195,emergency_room,27,19,6,2,0,16,Emergency Room Packages,False,False
195,ent,7,2,5,0,0,0,Otorhinolaryngology (ENT),False,False
195,general_medicine,31,19,10,2,0,16,General Medicine,False,False
195,general_surgery,32,16,14,2,0,12,General Surgery,False,False
195,medical_oncology,3,2,0,1,0,1,Medical Oncology,False,False
195,mental_disorders,1,1,0,0,0,0,Mental Disorders,False,False
195,neonatal,9,1,8,0,0,0,Neo-natal Care,False,False
195,neurosurgery,2,0,2,0,0,0,Neurosurgery,True,False
195,obgyn,19,7,11,1,0,6,Obstetrics & Gynaecology,False,False
195,ophthalmology,6,1,4,1,0,0,Ophthalmology,False,False
195,oral_maxillofacial,15,13,2,0,0,11,Oral & Maxillofacial Surgery,False,False
195,orthopaedics,14,2,10,2,0,1,Orthopaedics,False,False
195,paediatric_cancer,1,0,0,1,0,0,Paediatric Cancer,False,False
195,paediatric_medicine,14,3,11,0,0,1,Paediatric Medical Management,False,False
195,paediatric_surgery,1,1,0,0,0,1,Paediatric Surgery,False,False
195,radiation_oncology,1,0,0,1,0,0,Radiation Oncology,True,False
195,surgical_oncology,1,0,0,1,0,0,Surgical Oncology,False,False
195,urology,3,0,3,0,0,0,Urology,False,False
196,burns,2,1,0,1,0,0,Burns Management,False,True
196,cardiology,3,1,1,1,0,0,Cardiology,True,True
196,emergency_room,32,26,4,2,0,22,Emergency Room Packages,False,True
196,ent,2,1,0,0,1,0,Otorhinolaryngology (ENT),False,True
196,general_medicine,33,26,5,2,0,22,General Medicine,False,True
196,general_surgery,10,4,4,2,0,1,General Surgery,False,True
196,mental_disorders,1,1,0,0,0,0,Mental Disorders,False,True
196,neonatal,2,2,0,0,0,0,Neo-natal Care,False,True
196,obgyn,10,4,4,2,0,0,Obstetrics & Gynaecology,False,True
196,ophthalmology,6,2,2,2,0,0,Ophthalmology,False,True
196,oral_maxillofacial,1,0,1,0,0,0,Oral & Maxillofacial Surgery,False,True
196,orthopaedics,5,3,0,2,0,0,Orthopaedics,False,True
196,paediatric_medicine,4,3,1,0,0,0,Paediatric Medical Management,False,True
196,plastic_surgery,2,1,0,1,0,0,Plastic & Reconstructive Surgery,False,True
196,polytrauma,3,2,0,1,0,0,Polytrauma,False,True
196,urology,3,0,2,1,0,0,Urology,False,True
197,cardiology,1,1,0,0,0,0,Cardiology,True,False
197,emergency_room,8,7,1,0,0,3,Emergency Room Packages,False,False
197,general_medicine,8,7,1,0,0,3,General Medicine,False,False
197,general_surgery,10,7,3,0,0,5,General Surgery,False,False
197,mental_disorders,1,1,0,0,0,0,Mental Disorders,False,False
197,neonatal,1,1,0,0,0,0,Neo-natal Care,False,False
197,obgyn,3,2,1,0,0,0,Obstetrics & Gynaecology,False,False
197,ophthalmology,5,1,4,0,0,0,Ophthalmology,False,False
197,oral_maxillofacial,5,5,0,0,0,3,Oral & Maxillofacial Surgery,False,False
197,orthopaedics,3,2,1,0,0,1,Orthopaedics,False,False
197,paediatric_medicine,2,1,1,0,0,0,Paediatric Medical Management,False,False
197,urology,1,0,1,0,0,0,Urology,False,False
198,emergency_room,9,9,0,0,0,5,Emergency Room Packages,False,True
198,general_medicine,9,9,0,0,0,5,General Medicine,False,True
198,general_surgery,5,2,2,1,0,0,General Surgery,False,True
198,mental_disorders,1,1,0,0,0,0,Mental Disorders,False,True
198,neonatal,1,1,0,0,0,0,Neo-natal Care,False,True
198,obgyn,7,5,2,0,0,1,Obstetrics & Gynaecology,False,True
198,ophthalmology,1,0,1,0,0,0,Ophthalmology,False,True
198,oral_maxillofacial,1,1,0,0,0,0,Oral & Maxillofacial Surgery,False,True
198,orthopaedics,4,1,3,0,0,0,Orthopaedics,False,True
198,paediatric_medicine,1,1,0,0,0,0,Paediatric Medical Management,False,True
199,emergency_room,11,10,1,0,0,7,Emergency Room Packages,False,False
199,ent,1,1,0,0,0,0,Otorhinolaryngology (ENT),False,False
199,general_medicine,10,10,0,0,0,7,General Medicine,False,False
199,general_surgery,3,2,1,0,0,0,General Surgery,False,False
199,neonatal,1,1,0,0,0,0,Neo-natal Care,False,False
199,obgyn,3,2,1,0,0,0,Obstetrics & Gynaecology,False,False
199,ophthalmology,1,1,0,0,0,0,Ophthalmology,False,False
199,orthopaedics,1,1,0,0,0,0,Orthopaedics,False,False
200,emergency_room,4,4,0,0,0,3,Emergency Room Packages,False,False
200,ent,1,1,0,0,0,0,Otorhinolaryngology (ENT),False,False
200,general_medicine,4,4,0,0,0,3,General Medicine,False,False
200,general_surgery,10,8,2,0,0,7,General Surgery,False,False
200,obgyn,3,3,0,0,0,2,Obstetrics & Gynaecology,False,False
200,ophthalmology,4,1,2,1,0,0,Ophthalmology,False,False
200,orthopaedics,3,1,2,0,0,0,Orthopaedics,False,False
200,paediatric_medicine,1,1,0,0,0,0,Paediatric Medical Management,False,False
200,surgical_oncology,1,1,0,0,0,0,Surgical Oncology,False,False
201,burns,1,1,0,0,0,0,Burns Management,False,True
201,emergency_room,16,13,1,1,1,8,Emergency Room Packages,False,True
201,ent,3,2,0,1,0,0,Otorhinolaryngology (ENT),False,True
201,general_medicine,16,13,1,1,1,8,General Medicine,False,True
201,general_surgery,14,11,2,1,0,7,General Surgery,False,True
201,medical_oncology,1,1,0,0,0,0,Medical Oncology,False,True
201,neonatal,2,0,2,0,0,0,Neo-natal Care,False,True
201,obgyn,10,7,2,1,0,3,Obstetrics & Gynaecology,False,True
201,ophthalmology,8,2,4,2,0,0,Ophthalmology,False,True
201,oral_maxillofacial,8,7,0,1,0,3,Oral & Maxillofacial Surgery,False,True
201,orthopaedics,5,2,2,1,0,0,Orthopaedics,False,True
201,paediatric_cancer,1,1,0,0,0,1,Paediatric Cancer,False,True
201,paediatric_medicine,5,2,2,1,0,0,Paediatric Medical Management,False,True
201,paediatric_surgery,2,1,1,0,0,0,Paediatric Surgery,False,True
201,plastic_surgery,1,1,0,0,0,0,Plastic & Reconstructive Surgery,False,True
201,polytrauma,1,1,0,0,0,0,Polytrauma,False,True
201,urology,2,1,1,0,0,0,Urology,False,True
202,emergency_room,5,4,1,0,0,2,Emergency Room Packages,False,True
202,ent,1,1,0,0,0,0,Otorhinolaryngology (ENT),False,True
202,general_medicine,5,4,1,0,0,2,General Medicine,False,True
202,general_surgery,7,4,2,1,0,2,General Surgery,False,True
202,obgyn,3,1,1,1,0,0,Obstetrics & Gynaecology,False,True
202,ophthalmology,3,1,1,1,0,0,Ophthalmology,False,True
202,oral_maxillofacial,3,2,0,1,0,1,Oral & Maxillofacial Surgery,False,True
202,orthopaedics,4,1,2,1,0,0,Orthopaedics,False,True
202,paediatric_medicine,4,1,2,1,0,0,Paediatric Medical Management,False,True
203,burns,1,0,1,0,0,0,Burns Management,False,False
203,emergency_room,10,7,2,1,0,5,Emergency Room Packages,False,False
203,ent,2,1,0,1,0,0,Otorhinolaryngology (ENT),False,False
203,general_medicine,12,7,4,1,0,5,General Medicine,False,False
203,general_surgery,6,2,3,1,0,1,General Surgery,False,False
203,neonatal,2,0,2,0,0,0,Neo-natal Care,False,False
203,obgyn,6,1,4,1,0,0,Obstetrics & Gynaecology,False,False
203,ophthalmology,4,1,2,1,0,0,Ophthalmology,False,False
203,oral_maxillofacial,3,2,0,1,0,2,Oral & Maxillofacial Surgery,False,False
203,orthopaedics,3,0,2,1,0,0,Orthopaedics,False,False
203,paediatric_medicine,5,1,3,1,0,0,Paediatric Medical Management,False,False
203,paediatric_surgery,1,0,0,1,0,0,Paediatric Surgery,False,False
204,emergency_room,6,6,0,0,0,4,Emergency Room Packages,False,False
204,general_medicine,7,6,1,0,0,4,General Medicine,False,False
204,general_surgery,8,6,2,0,0,4,General Surgery,False,False
204,neonatal,2,1,1,0,0,0,Neo-natal Care,False,False
204,obgyn,2,1,1,0,0,0,Obstetrics & Gynaecology,False,False
204,ophthalmology,2,1,1,0,0,0,Ophthalmology,False,False
204,oral_maxillofacial,3,3,0,0,0,2,Oral & Maxillofacial Surgery,False,False
204,orthopaedics,3,2,1,0,0,1,Orthopaedics,False,False
204,paediatric_medicine,4,3,1,0,0,1,Paediatric Medical Management,False,False
205,burns,3,3,0,0,0,2,Burns Management,False,False
205,cardiology,2,2,0,0,0,1,Cardiology,True,False
205,ctvs,2,2,0,0,0,2,Cardio-thoracic & Vascular Surgery,True,False
205,emergency_room,13,13,0,0,0,8,Emergency Room Packages,False,False
205,ent,4,4,0,0,0,1,Otorhinolaryngology (ENT),False,False
205,general_medicine,16,14,1,1,0,9,General Medicine,False,False
205,general_surgery,9,7,1,1,0,5,General Surgery,False,False
205,interventional_neuroradiology,2,2,0,0,0,2,Interventional Neuroradiology,True,False
205,medical_oncology,2,2,0,0,0,2,Medical Oncology,False,False
205,mental_disorders,1,1,0,0,0,0,Mental Disorders,False,False
205,neonatal,5,5,0,0,0,3,Neo-natal Care,False,False
205,neurosurgery,2,2,0,0,0,2,Neurosurgery,True,False
205,obgyn,9,8,1,0,0,4,Obstetrics & Gynaecology,False,False
205,ophthalmology,5,4,1,0,0,1,Ophthalmology,False,False
205,oral_maxillofacial,6,6,0,0,0,2,Oral & Maxillofacial Surgery,False,False
205,orthopaedics,8,5,3,0,0,2,Orthopaedics,False,False
205,paediatric_cancer,1,1,0,0,0,1,Paediatric Cancer,False,False
205,paediatric_medicine,6,6,0,0,0,3,Paediatric Medical Management,False,False
205,paediatric_surgery,1,1,0,0,0,1,Paediatric Surgery,False,False
205,plastic_surgery,2,2,0,0,0,2,Plastic & Reconstructive Surgery,False,False
205,polytrauma,2,2,0,0,0,2,Polytrauma,False,False
205,radiation_oncology,2,2,0,0,0,2,Radiation Oncology,True,False
205,surgical_oncology,2,2,0,0,0,2,Surgical Oncology,False,False
205,urology,2,2,0,0,0,1,Urology,False,False
206,burns,1,1,0,0,0,0,Burns Management,False,False
206,cardiology,2,1,1,0,0,0,Cardiology,True,False
206,emergency_room,13,8,4,1,0,4,Emergency Room Packages,False,False
206,ent,3,1,1,1,0,0,Otorhinolaryngology (ENT),False,False
206,general_medicine,17,8,8,1,0,4,General Medicine,False,False
206,general_surgery,23,9,12,2,0,2,General Surgery,False,False
206,neonatal,12,2,8,2,0,1,Neo-natal Care,False,False
206,neurosurgery,1,1,0,0,0,1,Neurosurgery,True,False
206,obgyn,12,3,7,2,0,1,Obstetrics & Gynaecology,False,False
206,ophthalmology,10,1,8,1,0,0,Ophthalmology,False,False
206,oral_maxillofacial,12,10,1,1,0,6,Oral & Maxillofacial Surgery,False,False
206,orthopaedics,8,2,4,2,0,0,Orthopaedics,False,False
206,paediatric_medicine,13,4,7,2,0,2,Paediatric Medical Management,False,False
206,paediatric_surgery,2,1,0,1,0,0,Paediatric Surgery,False,False
206,urology,4,1,2,1,0,0,Urology,False,False
207,emergency_room,5,2,2,0,1,1,Emergency Room Packages,False,False
207,general_medicine,6,2,2,1,1,1,General Medicine,False,False
207,general_surgery,8,3,5,0,0,1,General Surgery,False,False
207,neonatal,1,0,1,0,0,0,Neo-natal Care,False,False
207,obgyn,5,2,3,0,0,0,Obstetrics & Gynaecology,False,False
207,ophthalmology,1,1,0,0,0,0,Ophthalmology,False,False
207,oral_maxillofacial,3,3,0,0,0,3,Oral & Maxillofacial Surgery,False,False
207,orthopaedics,2,1,1,0,0,0,Orthopaedics,False,False
207,paediatric_medicine,2,1,1,0,0,0,Paediatric Medical Management,False,False
207,polytrauma,1,0,1,0,0,0,Polytrauma,False,False
207,urology,1,0,1,0,0,0,Urology,False,False
208,burns,3,0,3,0,0,0,Burns Management,False,True
208,cardiology,3,0,2,1,0,0,Cardiology,True,True
208,emergency_room,17,5,9,3,0,3,Emergency Room Packages,False,True
208,ent,7,2,3,2,0,0,Otorhinolaryngology (ENT),False,True
208,general_medicine,26,5,17,4,0,3,General Medicine,False,True
208,general_surgery,43,5,33,5,0,2,General Surgery,False,True
208,interventional_neuroradiology,1,0,0,1,0,0,Interventional Neuroradiology,True,True
208,medical_oncology,1,1,0,0,0,0,Medical Oncology,False,True
208,mental_disorders,1,1,0,0,0,0,Mental Disorders,False,True
208,neonatal,9,1,7,1,0,0,Neo-natal Care,False,True
208,neurosurgery,4,1,2,1,0,0,Neurosurgery,True,True
208,obgyn,32,10,19,3,0,6,Obstetrics & Gynaecology,False,True
208,ophthalmology,14,2,8,4,0,0,Ophthalmology,False,True
208,oral_maxillofacial,12,6,3,2,1,3,Oral & Maxillofacial Surgery,False,True
208,orthopaedics,16,2,10,4,0,0,Orthopaedics,False,True
208,paediatric_medicine,13,3,9,1,0,1,Paediatric Medical Management,False,True
208,paediatric_surgery,3,0,3,0,0,0,Paediatric Surgery,False,True
208,plastic_surgery,2,0,2,0,0,0,Plastic & Reconstructive Surgery,False,True
208,polytrauma,5,0,4,1,0,0,Polytrauma,False,True
208,surgical_oncology,1,1,0,0,0,0,Surgical Oncology,False,True
208,urology,11,1,8,2,0,0,Urology,False,True
209,emergency_room,23,22,1,0,0,14,Emergency Room Packages,False,False
209,ent,2,2,0,0,0,1,Otorhinolaryngology (ENT),False,False
209,general_medicine,24,22,2,0,0,14,General Medicine,False,False
209,general_surgery,24,21,2,1,0,13,General Surgery,False,False
209,mental_disorders,1,1,0,0,0,0,Mental Disorders,False,False
209,neonatal,4,2,2,0,0,0,Neo-natal Care,False,False
209,obgyn,12,11,1,0,0,4,Obstetrics & Gynaecology,False,False
209,ophthalmology,11,2,9,0,0,0,Ophthalmology,False,False
209,oral_maxillofacial,8,7,0,1,0,0,Oral & Maxillofacial Surgery,False,False
209,orthopaedics,3,2,1,0,0,0,Orthopaedics,False,False
209,paediatric_medicine,7,6,1,0,0,2,Paediatric Medical Management,False,False
209,polytrauma,1,1,0,0,0,0,Polytrauma,False,False
209,urology,1,0,1,0,0,0,Urology,False,False
210,burns,1,1,0,0,0,1,Burns Management,False,True
210,emergency_room,7,7,0,0,0,6,Emergency Room Packages,False,True
210,ent,1,0,1,0,0,0,Otorhinolaryngology (ENT),False,True
210,general_medicine,8,7,1,0,0,6,General Medicine,False,True
210,general_surgery,13,10,3,0,0,9,General Surgery,False,True
210,medical_oncology,1,1,0,0,0,1,Medical Oncology,False,True
210,neonatal,1,0,1,0,0,0,Neo-natal Care,False,True
210,obgyn,4,3,1,0,0,2,Obstetrics & Gynaecology,False,True
210,ophthalmology,3,2,1,0,0,0,Ophthalmology,False,True
210,oral_maxillofacial,6,6,0,0,0,4,Oral & Maxillofacial Surgery,False,True
210,orthopaedics,3,2,1,0,0,0,Orthopaedics,False,True
210,paediatric_medicine,3,2,1,0,0,1,Paediatric Medical Management,False,True
210,plastic_surgery,1,1,0,0,0,1,Plastic & Reconstructive Surgery,False,True
210,polytrauma,1,1,0,0,0,0,Polytrauma,False,True
210,surgical_oncology,1,1,0,0,0,1,Surgical Oncology,False,True
210,urology,2,1,1,0,0,0,Urology,False,True
211,burns,1,1,0,0,0,0,Burns Management,False,False
211,cardiology,1,1,0,0,0,0,Cardiology,True,False
211,ctvs,1,1,0,0,0,0,Cardio-thoracic & Vascular Surgery,True,False
211,emergency_room,19,18,1,0,0,13,Emergency Room Packages,False,False
211,ent,3,2,1,0,0,0,Otorhinolaryngology (ENT),False,False
211,general_medicine,20,18,1,1,0,13,General Medicine,False,False
211,general_surgery,18,16,1,1,0,11,General Surgery,False,False
211,interventional_neuroradiology,1,1,0,0,0,0,Interventional Neuroradiology,True,False
211,medical_oncology,1,1,0,0,0,0,Medical Oncology,False,False
211,mental_disorders,2,2,0,0,0,0,Mental Disorders,False,False
211,neonatal,1,1,0,0,0,0,Neo-natal Care,False,False
211,neurosurgery,1,1,0,0,0,0,Neurosurgery,True,False
211,obgyn,16,13,2,1,0,9,Obstetrics & Gynaecology,False,False
211,ophthalmology,4,2,2,0,0,0,Ophthalmology,False,False
211,oral_maxillofacial,12,11,1,0,0,7,Oral & Maxillofacial Surgery,False,False
211,orthopaedics,3,2,0,1,0,0,Orthopaedics,False,False
211,paediatric_cancer,1,1,0,0,0,0,Paediatric Cancer,False,False
211,paediatric_medicine,2,2,0,0,0,0,Paediatric Medical Management,False,False
211,paediatric_surgery,1,1,0,0,0,0,Paediatric Surgery,False,False
211,plastic_surgery,1,1,0,0,0,0,Plastic & Reconstructive Surgery,False,False
211,polytrauma,1,1,0,0,0,0,Polytrauma,False,False
211,radiation_oncology,1,1,0,0,0,0,Radiation Oncology,True,False
211,surgical_oncology,1,1,0,0,0,0,Surgical Oncology,False,False
211,urology,2,1,0,1,0,0,Urology,False,False
212,burns,12,3,7,2,0,0,Burns Management,False,False
212,cardiology,23,5,17,1,0,0,Cardiology,True,False
212,ctvs,11,3,7,1,0,0,Cardio-thoracic & Vascular Surgery,True,False
212,emergency_room,55,28,23,3,1,15,Emergency Room Packages,False,False
212,ent,26,8,15,2,1,1,Otorhinolaryngology (ENT),False,False
212,general_medicine,91,28,54,7,2,15,General Medicine,False,False
212,general_surgery,96,21,65,7,3,10,General Surgery,False,False
212,interventional_neuroradiology,11,4,6,1,0,0,Interventional Neuroradiology,True,False
212,medical_oncology,16,3,10,3,0,0,Medical Oncology,False,False
212,mental_disorders,4,4,0,0,0,0,Mental Disorders,False,False
212,neonatal,15,5,9,1,0,0,Neo-natal Care,False,False
212,neurosurgery,23,5,17,1,0,0,Neurosurgery,True,False
212,obgyn,75,25,42,6,2,13,Obstetrics & Gynaecology,False,False
212,ophthalmology,58,10,37,9,2,3,Ophthalmology,False,False
212,oral_maxillofacial,23,8,11,3,1,3,Oral & Maxillofacial Surgery,False,False
212,orthopaedics,74,9,56,7,2,1,Orthopaedics,False,False
212,paediatric_cancer,2,1,0,1,0,0,Paediatric Cancer,False,False
212,paediatric_medicine,40,11,24,3,2,2,Paediatric Medical Management,False,False
212,paediatric_surgery,11,3,7,1,0,0,Paediatric Surgery,False,False
212,plastic_surgery,15,3,9,3,0,0,Plastic & Reconstructive Surgery,False,False
212,polytrauma,20,4,14,2,0,1,Polytrauma,False,False
212,radiation_oncology,7,4,2,1,0,1,Radiation Oncology,True,False
212,surgical_oncology,11,2,7,2,0,0,Surgical Oncology,False,False
212,urology,40,4,33,3,0,0,Urology,False,False
213,emergency_room,10,10,0,0,0,6,Emergency Room Packages,False,False
213,ent,1,1,0,0,0,0,Otorhinolaryngology (ENT),False,False
213,general_medicine,11,10,0,1,0,6,General Medicine,False,False
213,general_surgery,17,10,6,1,0,5,General Surgery,False,False
213,mental_disorders,1,1,0,0,0,0,Mental Disorders,False,False
213,neonatal,1,1,0,0,0,0,Neo-natal Care,False,False
213,obgyn,4,4,0,0,0,0,Obstetrics & Gynaecology,False,False
213,ophthalmology,3,1,2,0,0,0,Ophthalmology,False,False
213,oral_maxillofacial,5,5,0,0,0,0,Oral & Maxillofacial Surgery,False,False
213,orthopaedics,5,1,4,0,0,0,Orthopaedics,False,False
213,paediatric_medicine,2,2,0,0,0,0,Paediatric Medical Management,False,False
214,burns,1,1,0,0,0,0,Burns Management,False,True
214,cardiology,1,1,0,0,0,0,Cardiology,True,True
214,ctvs,1,1,0,0,0,0,Cardio-thoracic & Vascular Surgery,True,True
214,emergency_room,16,15,0,1,0,9,Emergency Room Packages,False,True
214,ent,2,2,0,0,0,0,Otorhinolaryngology (ENT),False,True
214,general_medicine,16,15,0,1,0,9,General Medicine,False,True
214,general_surgery,13,6,5,2,0,2,General Surgery,False,True
214,interventional_neuroradiology,1,1,0,0,0,0,Interventional Neuroradiology,True,True
214,medical_oncology,1,1,0,0,0,0,Medical Oncology,False,True
214,mental_disorders,2,2,0,0,0,0,Mental Disorders,False,True
214,neonatal,1,1,0,0,0,0,Neo-natal Care,False,True
214,neurosurgery,1,1,0,0,0,0,Neurosurgery,True,True
214,obgyn,10,4,4,2,0,1,Obstetrics & Gynaecology,False,True
214,ophthalmology,6,2,3,1,0,0,Ophthalmology,False,True
214,oral_maxillofacial,5,4,0,1,0,1,Oral & Maxillofacial Surgery,False,True
214,orthopaedics,2,2,0,0,0,0,Orthopaedics,False,True
214,paediatric_cancer,1,1,0,0,0,0,Paediatric Cancer,False,True
214,paediatric_medicine,4,4,0,0,0,0,Paediatric Medical Management,False,True
214,paediatric_surgery,1,1,0,0,0,0,Paediatric Surgery,False,True
214,plastic_surgery,1,1,0,0,0,0,Plastic & Reconstructive Surgery,False,True
214,polytrauma,1,1,0,0,0,0,Polytrauma,False,True
214,radiation_oncology,1,1,0,0,0,0,Radiation Oncology,True,True
214,surgical_oncology,1,1,0,0,0,0,Surgical Oncology,False,True
214,urology,1,1,0,0,0,0,Urology,False,True
215,burns,1,0,0,1,0,0,Burns Management,False,False
215,cardiology,1,0,0,1,0,0,Cardiology,True,False
215,ctvs,1,0,0,1,0,0,Cardio-thoracic & Vascular Surgery,True,False
215,emergency_room,17,15,1,1,0,11,Emergency Room Packages,False,False
215,ent,2,1,0,1,0,0,Otorhinolaryngology (ENT),False,False
215,general_medicine,18,15,2,1,0,11,General Medicine,False,False
215,general_surgery,12,5,4,3,0,3,General Surgery,False,False
215,interventional_neuroradiology,1,0,0,1,0,0,Interventional Neuroradiology,True,False
215,mental_disorders,1,1,0,0,0,0,Mental Disorders,False,False
215,neonatal,1,0,0,1,0,0,Neo-natal Care,False,False
215,neurosurgery,1,0,0,1,0,0,Neurosurgery,True,False
215,obgyn,10,7,2,1,0,4,Obstetrics & Gynaecology,False,False
215,ophthalmology,6,1,4,1,0,0,Ophthalmology,False,False
215,oral_maxillofacial,5,3,1,1,0,1,Oral & Maxillofacial Surgery,False,False
215,orthopaedics,5,1,3,1,0,0,Orthopaedics,False,False
215,paediatric_medicine,4,3,0,1,0,1,Paediatric Medical Management,False,False
215,paediatric_surgery,1,0,0,1,0,0,Paediatric Surgery,False,False
215,plastic_surgery,1,0,0,1,0,0,Plastic & Reconstructive Surgery,False,False
215,urology,1,0,0,1,0,0,Urology,False,False
216,cardiology,1,0,1,0,0,0,Cardiology,True,False
216,emergency_room,10,8,2,0,0,5,Emergency Room Packages,False,False
216,ent,2,0,2,0,0,0,Otorhinolaryngology (ENT),False,False
216,general_medicine,11,8,3,0,0,5,General Medicine,False,False
216,general_surgery,8,5,3,0,0,2,General Surgery,False,False
216,medical_oncology,1,0,1,0,0,0,Medical Oncology,False,False
216,neonatal,3,0,3,0,0,0,Neo-natal Care,False,False
216,neurosurgery,2,0,2,0,0,0,Neurosurgery,True,False
216,obgyn,7,3,4,0,0,1,Obstetrics & Gynaecology,False,False
216,ophthalmology,5,2,3,0,0,1,Ophthalmology,False,False
216,oral_maxillofacial,4,2,2,0,0,1,Oral & Maxillofacial Surgery,False,False
216,orthopaedics,7,3,4,0,0,2,Orthopaedics,False,False
216,paediatric_medicine,6,3,3,0,0,1,Paediatric Medical Management,False,False
216,paediatric_surgery,1,0,1,0,0,0,Paediatric Surgery,False,False
216,plastic_surgery,1,0,1,0,0,0,Plastic & Reconstructive Surgery,False,False
216,polytrauma,1,0,1,0,0,0,Polytrauma,False,False
216,urology,2,0,2,0,0,0,Urology,False,False
217,burns,1,0,1,0,0,0,Burns Management,False,False
217,emergency_room,20,18,2,0,0,11,Emergency Room Packages,False,False
217,ent,2,1,1,0,0,0,Otorhinolaryngology (ENT),False,False
217,general_medicine,21,18,2,1,0,11,General Medicine,False,False
217,general_surgery,31,19,10,2,0,12,General Surgery,False,False
217,neonatal,3,0,3,0,0,0,Neo-natal Care,False,False
217,obgyn,10,8,2,0,0,5,Obstetrics & Gynaecology,False,False
217,ophthalmology,6,1,3,2,0,0,Ophthalmology,False,False
217,oral_maxillofacial,13,11,1,1,0,5,Oral & Maxillofacial Surgery,False,False
217,orthopaedics,2,0,2,0,0,0,Orthopaedics,False,False
217,paediatric_medicine,13,8,4,0,1,4,Paediatric Medical Management,False,False
217,urology,3,0,2,1,0,0,Urology,False,False
218,emergency_room,6,5,0,1,0,3,Emergency Room Packages,False,False
218,ent,4,2,0,1,1,1,Otorhinolaryngology (ENT),False,False
218,general_medicine,7,5,1,1,0,3,General Medicine,False,False
218,general_surgery,10,6,3,1,0,3,General Surgery,False,False
218,obgyn,10,7,1,1,1,2,Obstetrics & Gynaecology,False,False
218,ophthalmology,3,1,1,1,0,0,Ophthalmology,False,False
218,oral_maxillofacial,5,2,1,1,1,1,Oral & Maxillofacial Surgery,False,False
218,orthopaedics,4,1,3,0,0,0,Orthopaedics,False,False
218,paediatric_medicine,3,2,0,0,1,1,Paediatric Medical Management,False,False
218,urology,1,0,1,0,0,0,Urology,False,False
219,burns,1,1,0,0,0,0,Burns Management,False,True
219,emergency_room,4,4,0,0,0,3,Emergency Room Packages,False,True
219,ent,1,1,0,0,0,0,Otorhinolaryngology (ENT),False,True
219,general_medicine,4,4,0,0,0,3,General Medicine,False,True
219,general_surgery,5,5,0,0,0,4,General Surgery,False,True
219,obgyn,3,3,0,0,0,1,Obstetrics & Gynaecology,False,True
219,ophthalmology,1,1,0,0,0,0,Ophthalmology,False,True
219,oral_maxillofacial,3,3,0,0,0,2,Oral & Maxillofacial Surgery,False,True
219,orthopaedics,1,1,0,0,0,0,Orthopaedics,False,True
219,paediatric_medicine,1,1,0,0,0,0,Paediatric Medical Management,False,True
219,plastic_surgery,1,1,0,0,0,0,Plastic & Reconstructive Surgery,False,True
220,emergency_room,4,4,0,0,0,3,Emergency Room Packages,False,False
220,ent,1,1,0,0,0,0,Otorhinolaryngology (ENT),False,False
220,general_medicine,5,4,1,0,0,3,General Medicine,False,False
220,general_surgery,2,1,1,0,0,0,General Surgery,False,False
220,obgyn,2,1,1,0,0,0,Obstetrics & Gynaecology,False,False
220,ophthalmology,1,1,0,0,0,0,Ophthalmology,False,False
220,oral_maxillofacial,1,1,0,0,0,1,Oral & Maxillofacial Surgery,False,False
220,orthopaedics,2,1,1,0,0,0,Orthopaedics,False,False
220,paediatric_medicine,1,1,0,0,0,0,Paediatric Medical Management,False,False
221,burns,1,0,1,0,0,0,Burns Management,False,True
221,cardiology,3,1,2,0,0,0,Cardiology,True,True
221,emergency_room,21,17,4,0,0,15,Emergency Room Packages,False,True
221,ent,2,1,1,0,0,0,Otorhinolaryngology (ENT),False,True
221,general_medicine,22,17,5,0,0,15,General Medicine,False,True
221,general_surgery,14,3,7,3,1,3,General Surgery,False,True
221,interventional_neuroradiology,1,0,1,0,0,0,Interventional Neuroradiology,True,True
221,medical_oncology,1,0,1,0,0,0,Medical Oncology,False,True
221,neonatal,2,1,1,0,0,0,Neo-natal Care,False,True
221,neurosurgery,1,0,1,0,0,0,Neurosurgery,True,True
221,obgyn,7,2,5,0,0,1,Obstetrics & Gynaecology,False,True
221,ophthalmology,1,1,0,0,0,0,Ophthalmology,False,True
221,oral_maxillofacial,1,0,1,0,0,0,Oral & Maxillofacial Surgery,False,True
221,orthopaedics,5,0,4,1,0,0,Orthopaedics,False,True
221,paediatric_medicine,5,1,4,0,0,0,Paediatric Medical Management,False,True
221,paediatric_surgery,1,0,1,0,0,0,Paediatric Surgery,False,True
221,plastic_surgery,1,0,1,0,0,0,Plastic & Reconstructive Surgery,False,True
221,polytrauma,1,0,1,0,0,0,Polytrauma,False,True
221,surgical_oncology,1,0,1,0,0,0,Surgical Oncology,False,True
221,urology,3,0,3,0,0,0,Urology,False,True
222,emergency_room,8,7,1,0,0,5,Emergency Room Packages,False,False
222,ent,2,1,1,0,0,0,Otorhinolaryngology (ENT),False,False
222,general_medicine,8,7,1,0,0,5,General Medicine,False,False
222,general_surgery,7,5,2,0,0,2,General Surgery,False,False
222,neonatal,2,1,1,0,0,0,Neo-natal Care,False,False
222,obgyn,6,5,1,0,0,2,Obstetrics & Gynaecology,False,False
222,ophthalmology,4,2,1,1,0,0,Ophthalmology,False,False
222,oral_maxillofacial,5,5,0,0,0,4,Oral & Maxillofacial Surgery,False,False
222,orthopaedics,2,1,1,0,0,0,Orthopaedics,False,False
222,paediatric_medicine,6,4,2,0,0,2,Paediatric Medical Management,False,False
223,emergency_room,1,1,0,0,0,0,Emergency Room Packages,False,False
223,ent,1,1,0,0,0,0,Otorhinolaryngology (ENT),False,False
223,general_medicine,3,1,2,0,0,0,General Medicine,False,False
223,general_surgery,6,4,2,0,0,2,General Surgery,False,False
223,neonatal,1,0,1,0,0,0,Neo-natal Care,False,False
223,obgyn,10,9,1,0,0,5,Obstetrics & Gynaecology,False,False
223,ophthalmology,4,1,3,0,0,0,Ophthalmology,False,False
223,oral_maxillofacial,2,1,1,0,0,0,Oral & Maxillofacial Surgery,False,False
223,orthopaedics,2,1,1,0,0,0,Orthopaedics,False,False
223,paediatric_medicine,2,1,1,0,0,0,Paediatric Medical Management,False,False
224,emergency_room,2,2,0,0,0,1,Emergency Room Packages,False,False
224,ent,1,1,0,0,0,0,Otorhinolaryngology (ENT),False,False
224,general_medicine,6,2,3,1,0,1,General Medicine,False,False
224,general_surgery,17,2,13,2,0,1,General Surgery,False,False
224,medical_oncology,1,0,0,1,0,0,Medical Oncology,False,False
224,mental_disorders,1,1,0,0,0,0,Mental Disorders,False,False
224,neonatal,2,2,0,0,0,1,Neo-natal Care,False,False
224,obgyn,23,18,5,0,0,13,Obstetrics & Gynaecology,False,False
224,ophthalmology,5,1,4,0,0,0,Ophthalmology,False,False
224,oral_maxillofacial,3,2,1,0,0,1,Oral & Maxillofacial Surgery,False,False
224,orthopaedics,4,2,2,0,0,1,Orthopaedics,False,False
224,paediatric_medicine,2,2,0,0,0,1,Paediatric Medical Management,False,False
224,paediatric_surgery,1,1,0,0,0,0,Paediatric Surgery,False,False
224,urology,1,0,1,0,0,0,Urology,False,False
225,cardiology,1,0,0,1,0,0,Cardiology,True,False
225,emergency_room,3,2,0,1,0,1,Emergency Room Packages,False,False
225,ent,2,1,0,1,0,0,Otorhinolaryngology (ENT),False,False
225,general_medicine,6,2,2,2,0,1,General Medicine,False,False
225,general_surgery,1,0,0,1,0,0,General Surgery,False,False
225,interventional_neuroradiology,1,0,0,1,0,0,Interventional Neuroradiology,True,False
225,mental_disorders,1,1,0,0,0,0,Mental Disorders,False,False
225,neonatal,1,0,0,1,0,0,Neo-natal Care,False,False
225,neurosurgery,1,0,0,1,0,0,Neurosurgery,True,False
225,obgyn,2,1,0,1,0,0,Obstetrics & Gynaecology,False,False
225,ophthalmology,2,1,0,1,0,0,Ophthalmology,False,False
225,oral_maxillofacial,2,1,0,1,0,0,Oral & Maxillofacial Surgery,False,False
225,orthopaedics,2,1,0,1,0,0,Orthopaedics,False,False
225,paediatric_medicine,2,1,0,1,0,0,Paediatric Medical Management,False,False
225,paediatric_surgery,1,0,0,1,0,0,Paediatric Surgery,False,False
226,burns,1,1,0,0,0,0,Burns Management,False,False
226,cardiology,1,1,0,0,0,0,Cardiology,True,False
226,ctvs,1,1,0,0,0,0,Cardio-thoracic & Vascular Surgery,True,False
226,emergency_room,1,1,0,0,0,0,Emergency Room Packages,False,False
226,ent,1,1,0,0,0,0,Otorhinolaryngology (ENT),False,False
226,general_medicine,2,2,0,0,0,1,General Medicine,False,False
226,general_surgery,1,1,0,0,0,0,General Surgery,False,False
226,interventional_neuroradiology,1,1,0,0,0,0,Interventional Neuroradiology,True,False
226,medical_oncology,1,1,0,0,0,0,Medical Oncology,False,False
226,mental_disorders,1,1,0,0,0,0,Mental Disorders,False,False
226,neonatal,1,1,0,0,0,0,Neo-natal Care,False,False
226,neurosurgery,1,1,0,0,0,0,Neurosurgery,True,False
226,obgyn,1,1,0,0,0,0,Obstetrics & Gynaecology,False,False
226,ophthalmology,1,1,0,0,0,0,Ophthalmology,False,False
226,oral_maxillofacial,1,1,0,0,0,0,Oral & Maxillofacial Surgery,False,False
226,orthopaedics,1,1,0,0,0,0,Orthopaedics,False,False
226,paediatric_cancer,1,1,0,0,0,0,Paediatric Cancer,False,False
226,paediatric_medicine,1,1,0,0,0,0,Paediatric Medical Management,False,False
226,paediatric_surgery,1,1,0,0,0,0,Paediatric Surgery,False,False
226,plastic_surgery,1,1,0,0,0,0,Plastic & Reconstructive Surgery,False,False
226,polytrauma,1,1,0,0,0,0,Polytrauma,False,False
226,radiation_oncology,1,1,0,0,0,0,Radiation Oncology,True,False
226,surgical_oncology,1,1,0,0,0,0,Surgical Oncology,False,False
226,urology,1,1,0,0,0,0,Urology,False,False
227,emergency_room,1,1,0,0,0,0,Emergency Room Packages,False,False
227,ent,1,1,0,0,0,0,Otorhinolaryngology (ENT),False,False
227,general_medicine,5,4,1,0,0,3,General Medicine,False,False
227,general_surgery,1,1,0,0,0,0,General Surgery,False,False
227,mental_disorders,1,1,0,0,0,0,Mental Disorders,False,False
227,obgyn,1,1,0,0,0,0,Obstetrics & Gynaecology,False,False
227,ophthalmology,1,1,0,0,0,0,Ophthalmology,False,False
227,oral_maxillofacial,1,1,0,0,0,0,Oral & Maxillofacial Surgery,False,False
227,orthopaedics,1,1,0,0,0,0,Orthopaedics,False,False
227,paediatric_cancer,1,1,0,0,0,0,Paediatric Cancer,False,False
227,paediatric_medicine,1,1,0,0,0,0,Paediatric Medical Management,False,False
227,paediatric_surgery,1,1,0,0,0,0,Paediatric Surgery,False,False
228,general_medicine,1,1,0,0,0,1,General Medicine,False,False
229,emergency_room,6,6,0,0,0,5,Emergency Room Packages,False,False
229,general_medicine,6,6,0,0,0,5,General Medicine,False,False
229,obgyn,2,2,0,0,0,2,Obstetrics & Gynaecology,False,False
229,oral_maxillofacial,3,3,0,0,0,2,Oral & Maxillofacial Surgery,False,False
229,paediatric_medicine,1,1,0,0,0,0,Paediatric Medical Management,False,False
231,emergency_room,1,1,0,0,0,0,Emergency Room Packages,False,False
231,general_medicine,1,1,0,0,0,0,General Medicine,False,False
231,general_surgery,1,1,0,0,0,0,General Surgery,False,False
231,obgyn,1,1,0,0,0,0,Obstetrics & Gynaecology,False,False
231,oral_maxillofacial,1,1,0,0,0,0,Oral & Maxillofacial Surgery,False,False
231,orthopaedics,1,1,0,0,0,0,Orthopaedics,False,False
231,paediatric_medicine,1,1,0,0,0,0,Paediatric Medical Management,False,False
232,emergency_room,5,4,1,0,0,1,Emergency Room Packages,False,False
232,ent,1,1,0,0,0,0,Otorhinolaryngology (ENT),False,False
232,general_medicine,5,4,1,0,0,1,General Medicine,False,False
232,general_surgery,3,2,1,0,0,0,General Surgery,False,False
232,neonatal,1,1,0,0,0,0,Neo-natal Care,False,False
232,obgyn,3,2,1,0,0,0,Obstetrics & Gynaecology,False,False
232,ophthalmology,1,1,0,0,0,0,Ophthalmology,False,False
232,oral_maxillofacial,3,2,1,0,0,0,Oral & Maxillofacial Surgery,False,False
232,orthopaedics,1,1,0,0,0,0,Orthopaedics,False,False
232,paediatric_medicine,3,3,0,0,0,1,Paediatric Medical Management,False,False
232,paediatric_surgery,1,1,0,0,0,0,Paediatric Surgery,False,False
233,emergency_room,1,1,0,0,0,0,Emergency Room Packages,False,False
233,general_medicine,1,1,0,0,0,0,General Medicine,False,False
233,paediatric_medicine,1,1,0,0,0,0,Paediatric Medical Management,False,False
234,emergency_room,1,1,0,0,0,0,Emergency Room Packages,False,False
234,general_medicine,1,1,0,0,0,0,General Medicine,False,False
234,general_surgery,1,1,0,0,0,0,General Surgery,False,False
234,neonatal,1,1,0,0,0,0,Neo-natal Care,False,False
234,obgyn,1,1,0,0,0,0,Obstetrics & Gynaecology,False,False
234,ophthalmology,1,1,0,0,0,0,Ophthalmology,False,False
234,oral_maxillofacial,1,1,0,0,0,0,Oral & Maxillofacial Surgery,False,False
234,orthopaedics,1,1,0,0,0,0,Orthopaedics,False,False
234,paediatric_medicine,1,1,0,0,0,0,Paediatric Medical Management,False,False
235,emergency_room,1,1,0,0,0,0,Emergency Room Packages,False,False
235,general_medicine,1,1,0,0,0,0,General Medicine,False,False
235,obgyn,1,1,0,0,0,0,Obstetrics & Gynaecology,False,False
235,oral_maxillofacial,1,1,0,0,0,0,Oral & Maxillofacial Surgery,False,False
235,orthopaedics,1,1,0,0,0,0,Orthopaedics,False,False
235,paediatric_medicine,1,1,0,0,0,0,Paediatric Medical Management,False,False
236,emergency_room,1,1,0,0,0,0,Emergency Room Packages,False,False
236,ent,1,1,0,0,0,0,Otorhinolaryngology (ENT),False,False
236,general_medicine,1,1,0,0,0,0,General Medicine,False,False
236,general_surgery,1,1,0,0,0,0,General Surgery,False,False
236,obgyn,1,1,0,0,0,0,Obstetrics & Gynaecology,False,False
236,ophthalmology,1,1,0,0,0,0,Ophthalmology,False,False
236,orthopaedics,1,1,0,0,0,0,Orthopaedics,False,False
236,paediatric_medicine,1,1,0,0,0,0,Paediatric Medical Management,False,False
237,burns,3,1,1,1,0,0,Burns Management,False,False
237,cardiology,3,2,1,0,0,0,Cardiology,True,False
237,ctvs,1,0,1,0,0,0,Cardio-thoracic & Vascular Surgery,True,False
237,emergency_room,10,6,3,1,0,3,Emergency Room Packages,False,False
237,ent,5,2,2,1,0,0,Otorhinolaryngology (ENT),False,False
237,general_medicine,10,6,3,1,0,3,General Medicine,False,False
237,general_surgery,5,2,3,0,0,0,General Surgery,False,False
237,medical_oncology,2,2,0,0,0,0,Medical Oncology,False,False
237,mental_disorders,1,1,0,0,0,0,Mental Disorders,False,False
237,neonatal,3,1,1,1,0,0,Neo-natal Care,False,False
237,obgyn,7,4,2,1,0,2,Obstetrics & Gynaecology,False,False
237,ophthalmology,3,2,0,1,0,0,Ophthalmology,False,False
237,oral_maxillofacial,5,4,1,0,0,2,Oral & Maxillofacial Surgery,False,False
237,orthopaedics,3,2,1,0,0,0,Orthopaedics,False,False
237,paediatric_cancer,1,1,0,0,0,0,Paediatric Cancer,False,False
237,paediatric_medicine,5,2,2,1,0,0,Paediatric Medical Management,False,False
237,paediatric_surgery,2,2,0,0,0,0,Paediatric Surgery,False,False
237,plastic_surgery,3,1,1,1,0,0,Plastic & Reconstructive Surgery,False,False
237,polytrauma,3,1,2,0,0,0,Polytrauma,False,False
237,radiation_oncology,1,1,0,0,0,0,Radiation Oncology,True,False
237,surgical_oncology,3,2,1,0,0,0,Surgical Oncology,False,False
237,urology,3,1,1,1,0,0,Urology,False,False
238,emergency_room,1,1,0,0,0,0,Emergency Room Packages,False,False
238,general_medicine,1,1,0,0,0,0,General Medicine,False,False
238,obgyn,1,1,0,0,0,0,Obstetrics & Gynaecology,False,False
238,ophthalmology,1,1,0,0,0,0,Ophthalmology,False,False
238,oral_maxillofacial,1,1,0,0,0,0,Oral & Maxillofacial Surgery,False,False
238,orthopaedics,1,1,0,0,0,0,Orthopaedics,False,False
238,paediatric_medicine,1,1,0,0,0,0,Paediatric Medical Management,False,False
239,emergency_room,1,1,0,0,0,0,Emergency Room Packages,False,False
239,general_medicine,1,1,0,0,0,0,General Medicine,False,False
239,obgyn,1,1,0,0,0,0,Obstetrics & Gynaecology,False,False
239,oral_maxillofacial,1,1,0,0,0,0,Oral & Maxillofacial Surgery,False,False
240,emergency_room,2,2,0,0,0,1,Emergency Room Packages,False,False
240,general_medicine,2,2,0,0,0,1,General Medicine,False,False
240,general_surgery,1,1,0,0,0,0,General Surgery,False,False
240,mental_disorders,1,1,0,0,0,0,Mental Disorders,False,False
240,obgyn,1,1,0,0,0,0,Obstetrics & Gynaecology,False,False
240,ophthalmology,1,1,0,0,0,0,Ophthalmology,False,False
240,paediatric_medicine,2,2,0,0,0,1,Paediatric Medical Management,False,False
241,orthopaedics,1,1,0,0,0,0,Orthopaedics,False,False
241,paediatric_medicine,1,1,0,0,0,0,Paediatric Medical Management,False,False
242,emergency_room,4,4,0,0,0,2,Emergency Room Packages,False,False
242,general_medicine,4,4,0,0,0,2,General Medicine,False,False
242,general_surgery,1,1,0,0,0,0,General Surgery,False,False
242,obgyn,3,3,0,0,0,2,Obstetrics & Gynaecology,False,False
242,oral_maxillofacial,2,2,0,0,0,1,Oral & Maxillofacial Surgery,False,False
242,paediatric_medicine,1,1,0,0,0,0,Paediatric Medical Management,False,False
243,emergency_room,1,1,0,0,0,0,Emergency Room Packages,False,False
243,ent,1,1,0,0,0,0,Otorhinolaryngology (ENT),False,False
243,general_medicine,1,1,0,0,0,0,General Medicine,False,False
243,general_surgery,1,1,0,0,0,0,General Surgery,False,False
243,mental_disorders,1,1,0,0,0,0,Mental Disorders,False,False
243,obgyn,1,1,0,0,0,0,Obstetrics & Gynaecology,False,False
243,oral_maxillofacial,1,1,0,0,0,0,Oral & Maxillofacial Surgery,False,False
243,orthopaedics,1,1,0,0,0,0,Orthopaedics,False,False
243,paediatric_medicine,1,1,0,0,0,0,Paediatric Medical Management,False,False
244,burns,11,5,5,0,1,4,Burns Management,False,False
244,cardiology,3,1,2,0,0,0,Cardiology,True,False
244,ctvs,2,1,1,0,0,0,Cardio-thoracic & Vascular Surgery,True,False
244,emergency_room,15,5,8,2,0,4,Emergency Room Packages,False,False
244,ent,9,5,4,0,0,4,Otorhinolaryngology (ENT),False,False
244,general_medicine,19,5,10,3,1,4,General Medicine,False,False
244,general_surgery,19,5,10,3,1,4,General Surgery,False,False
244,interventional_neuroradiology,3,1,2,0,0,0,Interventional Neuroradiology,True,False
244,medical_oncology,6,1,4,0,1,0,Medical Oncology,False,False
244,mental_disorders,2,1,0,0,1,0,Mental Disorders,False,False
244,neonatal,13,5,6,1,1,4,Neo-natal Care,False,False
244,neurosurgery,5,1,4,0,0,0,Neurosurgery,True,False
244,obgyn,19,5,10,3,1,4,Obstetrics & Gynaecology,False,False
244,ophthalmology,10,5,4,0,1,4,Ophthalmology,False,False
244,oral_maxillofacial,10,5,5,0,0,4,Oral & Maxillofacial Surgery,False,False
244,orthopaedics,15,5,8,1,1,4,Orthopaedics,False,False
244,paediatric_cancer,5,1,2,1,1,0,Paediatric Cancer,False,False
244,paediatric_medicine,13,5,6,2,0,4,Paediatric Medical Management,False,False
244,paediatric_surgery,7,4,2,1,0,3,Paediatric Surgery,False,False
244,plastic_surgery,8,5,3,0,0,4,Plastic & Reconstructive Surgery,False,False
244,polytrauma,5,1,3,0,1,0,Polytrauma,False,False
244,radiation_oncology,3,1,2,0,0,0,Radiation Oncology,True,False
244,surgical_oncology,6,1,4,1,0,0,Surgical Oncology,False,False
244,urology,9,2,6,1,0,1,Urology,False,False
245,burns,9,6,3,0,0,4,Burns Management,False,False
245,cardiology,3,1,2,0,0,0,Cardiology,True,False
245,ctvs,1,1,0,0,0,0,Cardio-thoracic & Vascular Surgery,True,False
245,emergency_room,10,6,4,0,0,4,Emergency Room Packages,False,False
245,ent,9,6,3,0,0,4,Otorhinolaryngology (ENT),False,False
245,general_medicine,10,6,3,1,0,4,General Medicine,False,False
245,general_surgery,11,6,4,1,0,4,General Surgery,False,False
245,interventional_neuroradiology,2,1,1,0,0,0,Interventional Neuroradiology,True,False
245,medical_oncology,4,1,2,1,0,0,Medical Oncology,False,False
245,mental_disorders,1,1,0,0,0,0,Mental Disorders,False,False
245,neonatal,8,6,2,0,0,4,Neo-natal Care,False,False
245,neurosurgery,4,1,2,1,0,0,Neurosurgery,True,False
245,obgyn,11,6,4,1,0,4,Obstetrics & Gynaecology,False,False
245,ophthalmology,9,6,3,0,0,4,Ophthalmology,False,False
245,oral_maxillofacial,7,6,1,0,0,4,Oral & Maxillofacial Surgery,False,False
245,orthopaedics,10,6,4,0,0,4,Orthopaedics,False,False
245,paediatric_cancer,3,1,2,0,0,0,Paediatric Cancer,False,False
245,paediatric_medicine,8,6,2,0,0,4,Paediatric Medical Management,False,False
245,paediatric_surgery,4,3,1,0,0,2,Paediatric Surgery,False,False
245,plastic_surgery,7,6,1,0,0,4,Plastic & Reconstructive Surgery,False,False
245,polytrauma,3,1,2,0,0,0,Polytrauma,False,False
245,radiation_oncology,1,1,0,0,0,0,Radiation Oncology,True,False
245,surgical_oncology,4,1,2,1,0,0,Surgical Oncology,False,False
245,urology,4,1,3,0,0,0,Urology,False,False
246,burns,4,3,1,0,0,2,Burns Management,False,False
246,cardiology,1,1,0,0,0,0,Cardiology,True,False
246,ctvs,1,1,0,0,0,0,Cardio-thoracic & Vascular Surgery,True,False
246,emergency_room,6,3,3,0,0,2,Emergency Room Packages,False,False
246,ent,4,3,1,0,0,2,Otorhinolaryngology (ENT),False,False
246,general_medicine,7,4,3,0,0,2,General Medicine,False,False
246,general_surgery,6,3,3,0,0,2,General Surgery,False,False
246,interventional_neuroradiology,1,1,0,0,0,0,Interventional Neuroradiology,True,False
246,medical_oncology,1,1,0,0,0,0,Medical Oncology,False,False
246,mental_disorders,1,1,0,0,0,0,Mental Disorders,False,False
246,neonatal,4,3,1,0,0,2,Neo-natal Care,False,False
246,neurosurgery,2,1,1,0,0,0,Neurosurgery,True,False
246,obgyn,6,3,3,0,0,2,Obstetrics & Gynaecology,False,False
246,ophthalmology,5,3,2,0,0,2,Ophthalmology,False,False
246,oral_maxillofacial,3,3,0,0,0,2,Oral & Maxillofacial Surgery,False,False
246,orthopaedics,6,3,3,0,0,2,Orthopaedics,False,False
246,paediatric_cancer,1,1,0,0,0,0,Paediatric Cancer,False,False
246,paediatric_medicine,5,3,2,0,0,2,Paediatric Medical Management,False,False
246,paediatric_surgery,2,1,1,0,0,0,Paediatric Surgery,False,False
246,plastic_surgery,4,3,1,0,0,2,Plastic & Reconstructive Surgery,False,False
246,polytrauma,3,1,2,0,0,0,Polytrauma,False,False
246,radiation_oncology,1,1,0,0,0,0,Radiation Oncology,True,False
246,surgical_oncology,1,1,0,0,0,0,Surgical Oncology,False,False
246,urology,3,1,2,0,0,0,Urology,False,False
247,burns,5,5,0,0,0,4,Burns Management,False,False
247,cardiology,1,1,0,0,0,0,Cardiology,True,False
247,ctvs,1,1,0,0,0,0,Cardio-thoracic & Vascular Surgery,True,False
247,emergency_room,6,6,0,0,0,5,Emergency Room Packages,False,False
247,ent,4,4,0,0,0,3,Otorhinolaryngology (ENT),False,False
247,general_medicine,7,7,0,0,0,6,General Medicine,False,False
247,general_surgery,4,4,0,0,0,3,General Surgery,False,False
247,interventional_neuroradiology,1,1,0,0,0,0,Interventional Neuroradiology,True,False
247,medical_oncology,1,1,0,0,0,0,Medical Oncology,False,False
247,mental_disorders,1,1,0,0,0,0,Mental Disorders,False,False
247,neonatal,3,3,0,0,0,2,Neo-natal Care,False,False
247,neurosurgery,1,1,0,0,0,0,Neurosurgery,True,False
247,obgyn,7,7,0,0,0,6,Obstetrics & Gynaecology,False,False
247,ophthalmology,4,4,0,0,0,3,Ophthalmology,False,False
247,oral_maxillofacial,3,3,0,0,0,2,Oral & Maxillofacial Surgery,False,False
247,orthopaedics,4,4,0,0,0,3,Orthopaedics,False,False
247,paediatric_cancer,1,1,0,0,0,0,Paediatric Cancer,False,False
247,paediatric_medicine,4,4,0,0,0,3,Paediatric Medical Management,False,False
247,paediatric_surgery,1,1,0,0,0,0,Paediatric Surgery,False,False
247,plastic_surgery,4,4,0,0,0,3,Plastic & Reconstructive Surgery,False,False
247,polytrauma,1,1,0,0,0,0,Polytrauma,False,False
247,radiation_oncology,1,1,0,0,0,0,Radiation Oncology,True,False
247,surgical_oncology,1,1,0,0,0,0,Surgical Oncology,False,False
247,urology,1,1,0,0,0,0,Urology,False,False
248,burns,6,5,1,0,0,4,Burns Management,False,False
248,cardiology,2,1,1,0,0,0,Cardiology,True,False
248,ctvs,1,1,0,0,0,0,Cardio-thoracic & Vascular Surgery,True,False
248,emergency_room,6,5,1,0,0,4,Emergency Room Packages,False,False
248,ent,5,5,0,0,0,4,Otorhinolaryngology (ENT),False,False
248,general_medicine,6,5,1,0,0,4,General Medicine,False,False
248,general_surgery,6,5,1,0,0,4,General Surgery,False,False
248,interventional_neuroradiology,1,1,0,0,0,0,Interventional Neuroradiology,True,False
248,medical_oncology,1,1,0,0,0,0,Medical Oncology,False,False
248,mental_disorders,1,1,0,0,0,0,Mental Disorders,False,False
248,neonatal,5,5,0,0,0,4,Neo-natal Care,False,False
248,neurosurgery,1,1,0,0,0,0,Neurosurgery,True,False
248,obgyn,6,5,1,0,0,4,Obstetrics & Gynaecology,False,False
248,ophthalmology,5,5,0,0,0,4,Ophthalmology,False,False
248,oral_maxillofacial,6,5,1,0,0,4,Oral & Maxillofacial Surgery,False,False
248,orthopaedics,6,5,1,0,0,4,Orthopaedics,False,False
248,paediatric_cancer,1,1,0,0,0,0,Paediatric Cancer,False,False
248,paediatric_medicine,5,4,1,0,0,3,Paediatric Medical Management,False,False
248,paediatric_surgery,3,2,1,0,0,1,Paediatric Surgery,False,False
248,plastic_surgery,6,5,1,0,0,4,Plastic & Reconstructive Surgery,False,False
248,polytrauma,2,1,1,0,0,0,Polytrauma,False,False
248,radiation_oncology,1,1,0,0,0,0,Radiation Oncology,True,False
248,surgical_oncology,1,1,0,0,0,0,Surgical Oncology,False,False
248,urology,2,1,1,0,0,0,Urology,False,False
249,burns,7,6,1,0,0,5,Burns Management,False,False
249,cardiology,1,1,0,0,0,0,Cardiology,True,False
249,ctvs,1,1,0,0,0,0,Cardio-thoracic & Vascular Surgery,True,False
249,emergency_room,7,5,2,0,0,4,Emergency Room Packages,False,False
249,ent,6,5,1,0,0,4,Otorhinolaryngology (ENT),False,False
249,general_medicine,8,6,2,0,0,5,General Medicine,False,False
249,general_surgery,7,5,2,0,0,4,General Surgery,False,False
249,interventional_neuroradiology,1,1,0,0,0,0,Interventional Neuroradiology,True,False
249,medical_oncology,1,1,0,0,0,0,Medical Oncology,False,False
249,mental_disorders,1,1,0,0,0,0,Mental Disorders,False,False
249,neonatal,6,5,1,0,0,4,Neo-natal Care,False,False
249,neurosurgery,2,1,1,0,0,0,Neurosurgery,True,False
249,obgyn,8,6,2,0,0,5,Obstetrics & Gynaecology,False,False
249,ophthalmology,6,5,1,0,0,4,Ophthalmology,False,False
249,oral_maxillofacial,5,5,0,0,0,4,Oral & Maxillofacial Surgery,False,False
249,orthopaedics,7,5,2,0,0,4,Orthopaedics,False,False
249,paediatric_cancer,2,1,1,0,0,0,Paediatric Cancer,False,False
249,paediatric_medicine,7,6,1,0,0,5,Paediatric Medical Management,False,False
249,paediatric_surgery,3,3,0,0,0,2,Paediatric Surgery,False,False
249,plastic_surgery,5,5,0,0,0,4,Plastic & Reconstructive Surgery,False,False
249,polytrauma,2,1,1,0,0,0,Polytrauma,False,False
249,radiation_oncology,1,1,0,0,0,0,Radiation Oncology,True,False
249,surgical_oncology,2,1,1,0,0,0,Surgical Oncology,False,False
249,urology,3,2,1,0,0,1,Urology,False,False
250,burns,4,3,1,0,0,2,Burns Management,False,False
250,cardiology,2,2,0,0,0,1,Cardiology,True,False
250,ctvs,1,1,0,0,0,0,Cardio-thoracic & Vascular Surgery,True,False
250,emergency_room,5,4,1,0,0,3,Emergency Room Packages,False,False
250,ent,4,4,0,0,0,3,Otorhinolaryngology (ENT),False,False
250,general_medicine,6,5,1,0,0,3,General Medicine,False,False
250,general_surgery,5,4,1,0,0,3,General Surgery,False,False
250,interventional_neuroradiology,2,1,1,0,0,0,Interventional Neuroradiology,True,False
250,medical_oncology,1,1,0,0,0,0,Medical Oncology,False,False
250,mental_disorders,1,1,0,0,0,0,Mental Disorders,False,False
250,neonatal,4,4,0,0,0,3,Neo-natal Care,False,False
250,neurosurgery,1,1,0,0,0,0,Neurosurgery,True,False
250,obgyn,5,4,1,0,0,3,Obstetrics & Gynaecology,False,False
250,ophthalmology,4,4,0,0,0,3,Ophthalmology,False,False
250,oral_maxillofacial,4,4,0,0,0,3,Oral & Maxillofacial Surgery,False,False
250,orthopaedics,5,4,1,0,0,3,Orthopaedics,False,False
250,paediatric_cancer,1,1,0,0,0,0,Paediatric Cancer,False,False
250,paediatric_medicine,4,4,0,0,0,3,Paediatric Medical Management,False,False
250,paediatric_surgery,2,2,0,0,0,1,Paediatric Surgery,False,False
250,plastic_surgery,3,3,0,0,0,2,Plastic & Reconstructive Surgery,False,False
250,polytrauma,2,1,1,0,0,0,Polytrauma,False,False
250,radiation_oncology,1,1,0,0,0,0,Radiation Oncology,True,False
250,surgical_oncology,1,1,0,0,0,0,Surgical Oncology,False,False
250,urology,2,1,1,0,0,0,Urology,False,False
251,burns,1,1,0,0,0,0,Burns Management,False,False
251,cardiology,1,1,0,0,0,0,Cardiology,True,False
251,ctvs,1,1,0,0,0,0,Cardio-thoracic & Vascular Surgery,True,False
251,emergency_room,1,1,0,0,0,0,Emergency Room Packages,False,False
251,ent,1,1,0,0,0,0,Otorhinolaryngology (ENT),False,False
251,general_medicine,3,2,1,0,0,1,General Medicine,False,False
251,general_surgery,2,1,1,0,0,0,General Surgery,False,False
251,interventional_neuroradiology,1,1,0,0,0,0,Interventional Neuroradiology,True,False
251,medical_oncology,1,1,0,0,0,0,Medical Oncology,False,False
251,mental_disorders,1,1,0,0,0,0,Mental Disorders,False,False
251,neonatal,1,1,0,0,0,0,Neo-natal Care,False,False
251,neurosurgery,1,1,0,0,0,0,Neurosurgery,True,False
251,obgyn,2,1,1,0,0,0,Obstetrics & Gynaecology,False,False
251,ophthalmology,1,1,0,0,0,0,Ophthalmology,False,False
251,oral_maxillofacial,1,1,0,0,0,0,Oral & Maxillofacial Surgery,False,False
251,orthopaedics,1,1,0,0,0,0,Orthopaedics,False,False
251,paediatric_cancer,1,1,0,0,0,0,Paediatric Cancer,False,False
251,paediatric_medicine,1,1,0,0,0,0,Paediatric Medical Management,False,False
251,paediatric_surgery,1,1,0,0,0,0,Paediatric Surgery,False,False
251,plastic_surgery,1,1,0,0,0,0,Plastic & Reconstructive Surgery,False,False
251,polytrauma,1,1,0,0,0,0,Polytrauma,False,False
251,radiation_oncology,1,1,0,0,0,0,Radiation Oncology,True,False
251,surgical_oncology,1,1,0,0,0,0,Surgical Oncology,False,False
251,urology,1,1,0,0,0,0,Urology,False,False
252,emergency_room,3,3,0,0,0,2,Emergency Room Packages,False,False
252,ent,1,1,0,0,0,0,Otorhinolaryngology (ENT),False,False
252,general_medicine,3,3,0,0,0,2,General Medicine,False,False
252,general_surgery,1,1,0,0,0,0,General Surgery,False,False
252,mental_disorders,1,1,0,0,0,0,Mental Disorders,False,False
252,obgyn,3,3,0,0,0,2,Obstetrics & Gynaecology,False,False
252,ophthalmology,1,1,0,0,0,0,Ophthalmology,False,False
252,orthopaedics,1,1,0,0,0,0,Orthopaedics,False,False
252,paediatric_medicine,3,3,0,0,0,2,Paediatric Medical Management,False,False
253,emergency_room,1,1,0,0,0,0,Emergency Room Packages,False,True
253,ent,1,1,0,0,0,0,Otorhinolaryngology (ENT),False,True
253,general_medicine,2,2,0,0,0,1,General Medicine,False,True
253,general_surgery,1,1,0,0,0,0,General Surgery,False,True
253,mental_disorders,1,1,0,0,0,0,Mental Disorders,False,True
253,obgyn,2,2,0,0,0,1,Obstetrics & Gynaecology,False,True
253,ophthalmology,1,1,0,0,0,0,Ophthalmology,False,True
253,oral_maxillofacial,1,1,0,0,0,0,Oral & Maxillofacial Surgery,False,True
253,orthopaedics,1,1,0,0,0,0,Orthopaedics,False,True
253,paediatric_medicine,2,2,0,0,0,1,Paediatric Medical Management,False,True
254,emergency_room,2,2,0,0,0,1,Emergency Room Packages,False,False
254,ent,1,1,0,0,0,0,Otorhinolaryngology (ENT),False,False
254,general_medicine,2,2,0,0,0,1,General Medicine,False,False
254,general_surgery,3,1,2,0,0,0,General Surgery,False,False
254,obgyn,3,2,1,0,0,1,Obstetrics & Gynaecology,False,False
254,ophthalmology,1,1,0,0,0,0,Ophthalmology,False,False
254,orthopaedics,1,1,0,0,0,0,Orthopaedics,False,False
254,paediatric_medicine,2,2,0,0,0,1,Paediatric Medical Management,False,False
254,urology,1,1,0,0,0,0,Urology,False,False
255,cardiology,1,1,0,0,0,0,Cardiology,True,False
255,ctvs,1,0,1,0,0,0,Cardio-thoracic & Vascular Surgery,True,False
255,emergency_room,5,1,3,1,0,0,Emergency Room Packages,False,False
255,ent,7,1,4,2,0,0,Otorhinolaryngology (ENT),False,False
255,general_medicine,13,2,9,2,0,1,General Medicine,False,False
255,general_surgery,11,1,8,2,0,0,General Surgery,False,False
255,interventional_neuroradiology,2,1,1,0,0,0,Interventional Neuroradiology,True,False
255,medical_oncology,3,1,2,0,0,0,Medical Oncology,False,False
255,mental_disorders,1,1,0,0,0,0,Mental Disorders,False,False
255,neonatal,3,1,1,1,0,0,Neo-natal Care,False,False
255,neurosurgery,3,1,2,0,0,0,Neurosurgery,True,False
255,obgyn,10,2,6,2,0,1,Obstetrics & Gynaecology,False,False
255,ophthalmology,5,1,3,1,0,0,Ophthalmology,False,False
255,oral_maxillofacial,3,1,2,0,0,0,Oral & Maxillofacial Surgery,False,False
255,orthopaedics,7,1,4,2,0,0,Orthopaedics,False,False
255,paediatric_cancer,2,1,1,0,0,0,Paediatric Cancer,False,False
255,paediatric_medicine,9,2,6,1,0,1,Paediatric Medical Management,False,False
255,paediatric_surgery,1,1,0,0,0,0,Paediatric Surgery,False,False
255,plastic_surgery,1,0,1,0,0,0,Plastic & Reconstructive Surgery,False,False
255,polytrauma,1,1,0,0,0,0,Polytrauma,False,False
255,radiation_oncology,2,0,2,0,0,0,Radiation Oncology,True,False
255,surgical_oncology,1,0,1,0,0,0,Surgical Oncology,False,False
255,urology,5,1,3,1,0,0,Urology,False,False
256,burns,3,1,2,0,0,0,Burns Management,False,False
256,cardiology,4,1,3,0,0,0,Cardiology,True,False
256,ctvs,4,1,3,0,0,0,Cardio-thoracic & Vascular Surgery,True,False
256,emergency_room,11,4,6,0,1,2,Emergency Room Packages,False,False
256,ent,6,2,4,0,0,1,Otorhinolaryngology (ENT),False,False
256,general_medicine,16,4,11,0,1,2,General Medicine,False,False
256,general_surgery,14,2,11,0,1,0,General Surgery,False,False
256,interventional_neuroradiology,2,1,1,0,0,0,Interventional Neuroradiology,True,False
256,medical_oncology,2,1,1,0,0,0,Medical Oncology,False,False
256,mental_disorders,1,1,0,0,0,0,Mental Disorders,False,False
256,neonatal,3,1,2,0,0,0,Neo-natal Care,False,False
256,neurosurgery,3,1,2,0,0,0,Neurosurgery,True,False
256,obgyn,14,4,9,0,1,2,Obstetrics & Gynaecology,False,False
256,ophthalmology,4,1,3,0,0,0,Ophthalmology,False,False
256,oral_maxillofacial,4,2,2,0,0,1,Oral & Maxillofacial Surgery,False,False
256,orthopaedics,6,1,5,0,0,0,Orthopaedics,False,False
256,paediatric_cancer,2,1,1,0,0,0,Paediatric Cancer,False,False
256,paediatric_medicine,8,3,5,0,0,2,Paediatric Medical Management,False,False
256,paediatric_surgery,2,1,1,0,0,0,Paediatric Surgery,False,False
256,plastic_surgery,3,1,2,0,0,0,Plastic & Reconstructive Surgery,False,False
256,polytrauma,1,0,1,0,0,0,Polytrauma,False,False
256,radiation_oncology,1,1,0,0,0,0,Radiation Oncology,True,False
256,surgical_oncology,4,1,3,0,0,0,Surgical Oncology,False,False
256,urology,6,1,5,0,0,0,Urology,False,False
257,emergency_room,2,2,0,0,0,1,Emergency Room Packages,False,False
257,ent,1,1,0,0,0,0,Otorhinolaryngology (ENT),False,False
257,general_medicine,3,3,0,0,0,2,General Medicine,False,False
257,general_surgery,1,1,0,0,0,0,General Surgery,False,False
257,mental_disorders,1,1,0,0,0,0,Mental Disorders,False,False
257,obgyn,3,3,0,0,0,2,Obstetrics & Gynaecology,False,False
257,ophthalmology,1,1,0,0,0,0,Ophthalmology,False,False
257,oral_maxillofacial,1,1,0,0,0,0,Oral & Maxillofacial Surgery,False,False
257,paediatric_medicine,2,2,0,0,0,1,Paediatric Medical Management,False,False
258,burns,1,1,0,0,0,0,Burns Management,False,False
258,emergency_room,1,1,0,0,0,0,Emergency Room Packages,False,False
258,ent,1,1,0,0,0,0,Otorhinolaryngology (ENT),False,False
258,general_medicine,1,1,0,0,0,0,General Medicine,False,False
258,general_surgery,1,1,0,0,0,0,General Surgery,False,False
258,mental_disorders,1,1,0,0,0,0,Mental Disorders,False,False
258,neonatal,1,1,0,0,0,0,Neo-natal Care,False,False
258,obgyn,1,1,0,0,0,0,Obstetrics & Gynaecology,False,False
258,ophthalmology,1,1,0,0,0,0,Ophthalmology,False,False
258,orthopaedics,1,1,0,0,0,0,Orthopaedics,False,False
258,paediatric_medicine,1,1,0,0,0,0,Paediatric Medical Management,False,False
258,urology,1,1,0,0,0,0,Urology,False,False
259,burns,1,1,0,0,0,0,Burns Management,False,False
259,emergency_room,2,2,0,0,0,1,Emergency Room Packages,False,False
259,ent,1,1,0,0,0,0,Otorhinolaryngology (ENT),False,False
259,general_medicine,6,5,1,0,0,4,General Medicine,False,False
259,general_surgery,3,1,2,0,0,0,General Surgery,False,False
259,mental_disorders,1,1,0,0,0,0,Mental Disorders,False,False
259,neurosurgery,1,1,0,0,0,0,Neurosurgery,True,False
259,obgyn,7,5,2,0,0,4,Obstetrics & Gynaecology,False,False
259,ophthalmology,1,1,0,0,0,0,Ophthalmology,False,False
259,oral_maxillofacial,1,1,0,0,0,0,Oral & Maxillofacial Surgery,False,False
259,orthopaedics,1,1,0,0,0,0,Orthopaedics,False,False
259,paediatric_medicine,5,5,0,0,0,4,Paediatric Medical Management,False,False
259,plastic_surgery,1,1,0,0,0,0,Plastic & Reconstructive Surgery,False,False
259,radiation_oncology,1,1,0,0,0,0,Radiation Oncology,True,False
260,emergency_room,1,1,0,0,0,0,Emergency Room Packages,False,False
260,general_medicine,1,1,0,0,0,0,General Medicine,False,False
260,general_surgery,1,1,0,0,0,0,General Surgery,False,False
260,obgyn,2,1,1,0,0,0,Obstetrics & Gynaecology,False,False
260,ophthalmology,1,1,0,0,0,0,Ophthalmology,False,False
260,orthopaedics,1,1,0,0,0,0,Orthopaedics,False,False
260,paediatric_medicine,1,1,0,0,0,0,Paediatric Medical Management,False,False
261,burns,15,15,0,0,0,11,Burns Management,False,False
261,cardiology,3,3,0,0,0,0,Cardiology,True,False
261,ctvs,1,1,0,0,0,0,Cardio-thoracic & Vascular Surgery,True,False
261,emergency_room,20,17,1,1,1,13,Emergency Room Packages,False,False
261,ent,15,15,0,0,0,11,Otorhinolaryngology (ENT),False,False
261,general_medicine,21,17,2,1,1,13,General Medicine,False,False
261,general_surgery,17,15,1,1,0,11,General Surgery,False,False
261,interventional_neuroradiology,3,3,0,0,0,0,Interventional Neuroradiology,True,False
261,medical_oncology,4,3,1,0,0,0,Medical Oncology,False,False
261,mental_disorders,15,15,0,0,0,11,Mental Disorders,False,False
261,neonatal,15,15,0,0,0,11,Neo-natal Care,False,False
261,neurosurgery,3,3,0,0,0,0,Neurosurgery,True,False
261,obgyn,16,15,0,1,0,11,Obstetrics & Gynaecology,False,False
261,ophthalmology,16,15,0,1,0,11,Ophthalmology,False,False
261,oral_maxillofacial,16,15,0,1,0,11,Oral & Maxillofacial Surgery,False,False
261,orthopaedics,15,15,0,0,0,11,Orthopaedics,False,False
261,paediatric_cancer,2,2,0,0,0,0,Paediatric Cancer,False,False
261,paediatric_medicine,16,15,0,1,0,11,Paediatric Medical Management,False,False
261,paediatric_surgery,3,3,0,0,0,0,Paediatric Surgery,False,False
261,plastic_surgery,15,15,0,0,0,11,Plastic & Reconstructive Surgery,False,False
261,polytrauma,15,15,0,0,0,11,Polytrauma,False,False
261,radiation_oncology,1,1,0,0,0,0,Radiation Oncology,True,False
261,surgical_oncology,2,2,0,0,0,0,Surgical Oncology,False,False
261,urology,3,3,0,0,0,0,Urology,False,False
262,burns,13,13,0,0,0,12,Burns Management,False,False
262,emergency_room,16,15,1,0,0,14,Emergency Room Packages,False,False
262,ent,13,13,0,0,0,12,Otorhinolaryngology (ENT),False,False
262,general_medicine,16,15,1,0,0,14,General Medicine,False,False
262,general_surgery,13,13,0,0,0,12,General Surgery,False,False
262,mental_disorders,13,13,0,0,0,12,Mental Disorders,False,False
262,neonatal,13,13,0,0,0,12,Neo-natal Care,False,False
262,obgyn,14,13,1,0,0,12,Obstetrics & Gynaecology,False,False
262,ophthalmology,13,13,0,0,0,12,Ophthalmology,False,False
262,oral_maxillofacial,14,13,1,0,0,12,Oral & Maxillofacial Surgery,False,False
262,orthopaedics,13,13,0,0,0,12,Orthopaedics,False,False
262,paediatric_medicine,14,13,1,0,0,12,Paediatric Medical Management,False,False
262,plastic_surgery,13,13,0,0,0,12,Plastic & Reconstructive Surgery,False,False
262,polytrauma,13,13,0,0,0,12,Polytrauma,False,False
263,burns,7,7,0,0,0,6,Burns Management,False,False
263,cardiology,1,1,0,0,0,0,Cardiology,True,False
263,emergency_room,7,7,0,0,0,6,Emergency Room Packages,False,False
263,ent,7,7,0,0,0,6,Otorhinolaryngology (ENT),False,False
263,general_medicine,7,7,0,0,0,6,General Medicine,False,False
263,general_surgery,7,7,0,0,0,6,General Surgery,False,False
263,interventional_neuroradiology,1,1,0,0,0,0,Interventional Neuroradiology,True,False
263,medical_oncology,1,1,0,0,0,0,Medical Oncology,False,False
263,mental_disorders,7,7,0,0,0,6,Mental Disorders,False,False
263,neonatal,7,7,0,0,0,6,Neo-natal Care,False,False
263,neurosurgery,1,1,0,0,0,0,Neurosurgery,True,False
263,obgyn,7,7,0,0,0,6,Obstetrics & Gynaecology,False,False
263,ophthalmology,7,7,0,0,0,6,Ophthalmology,False,False
263,oral_maxillofacial,7,7,0,0,0,6,Oral & Maxillofacial Surgery,False,False
263,orthopaedics,7,7,0,0,0,6,Orthopaedics,False,False
263,paediatric_medicine,7,7,0,0,0,6,Paediatric Medical Management,False,False
263,paediatric_surgery,1,1,0,0,0,0,Paediatric Surgery,False,False
263,plastic_surgery,7,7,0,0,0,6,Plastic & Reconstructive Surgery,False,False
263,polytrauma,7,7,0,0,0,6,Polytrauma,False,False
263,urology,1,1,0,0,0,0,Urology,False,False
264,burns,2,1,1,0,0,0,Burns Management,False,False
264,cardiology,1,1,0,0,0,0,Cardiology,True,False
264,emergency_room,8,6,2,0,0,4,Emergency Room Packages,False,False
264,ent,6,6,0,0,0,4,Otorhinolaryngology (ENT),False,False
264,general_medicine,8,6,2,0,0,4,General Medicine,False,False
264,general_surgery,8,6,2,0,0,4,General Surgery,False,False
264,mental_disorders,6,6,0,0,0,4,Mental Disorders,False,False
264,neonatal,6,6,0,0,0,4,Neo-natal Care,False,False
264,neurosurgery,1,1,0,0,0,0,Neurosurgery,True,False
264,obgyn,8,6,2,0,0,4,Obstetrics & Gynaecology,False,False
264,ophthalmology,6,6,0,0,0,4,Ophthalmology,False,False
264,oral_maxillofacial,1,1,0,0,0,0,Oral & Maxillofacial Surgery,False,False
264,orthopaedics,7,6,1,0,0,4,Orthopaedics,False,False
264,paediatric_cancer,1,1,0,0,0,0,Paediatric Cancer,False,False
264,paediatric_medicine,7,6,1,0,0,4,Paediatric Medical Management,False,False
264,paediatric_surgery,2,1,1,0,0,0,Paediatric Surgery,False,False
264,plastic_surgery,1,1,0,0,0,0,Plastic & Reconstructive Surgery,False,False
264,polytrauma,2,1,1,0,0,0,Polytrauma,False,False
264,surgical_oncology,1,0,1,0,0,0,Surgical Oncology,False,False
264,urology,2,1,1,0,0,0,Urology,False,False
265,burns,12,12,0,0,0,10,Burns Management,False,False
265,cardiology,2,2,0,0,0,1,Cardiology,True,False
265,ctvs,2,2,0,0,0,1,Cardio-thoracic & Vascular Surgery,True,False
265,emergency_room,13,13,0,0,0,10,Emergency Room Packages,False,False
265,ent,13,13,0,0,0,10,Otorhinolaryngology (ENT),False,False
265,general_medicine,13,13,0,0,0,10,General Medicine,False,False
265,general_surgery,14,13,1,0,0,10,General Surgery,False,False
265,interventional_neuroradiology,1,1,0,0,0,1,Interventional Neuroradiology,True,False
265,medical_oncology,1,1,0,0,0,1,Medical Oncology,False,False
265,mental_disorders,13,13,0,0,0,10,Mental Disorders,False,False
265,neonatal,13,13,0,0,0,10,Neo-natal Care,False,False
265,neurosurgery,1,1,0,0,0,1,Neurosurgery,True,False
265,obgyn,14,13,1,0,0,10,Obstetrics & Gynaecology,False,False
265,ophthalmology,13,13,0,0,0,10,Ophthalmology,False,False
265,oral_maxillofacial,14,13,1,0,0,10,Oral & Maxillofacial Surgery,False,False
265,orthopaedics,13,13,0,0,0,10,Orthopaedics,False,False
265,paediatric_cancer,1,1,0,0,0,1,Paediatric Cancer,False,False
265,paediatric_medicine,13,13,0,0,0,10,Paediatric Medical Management,False,False
265,paediatric_surgery,2,2,0,0,0,1,Paediatric Surgery,False,False
265,plastic_surgery,12,12,0,0,0,10,Plastic & Reconstructive Surgery,False,False
265,polytrauma,12,12,0,0,0,10,Polytrauma,False,False
265,radiation_oncology,1,1,0,0,0,1,Radiation Oncology,True,False
265,surgical_oncology,1,1,0,0,0,1,Surgical Oncology,False,False
265,urology,2,1,1,0,0,1,Urology,False,False
266,burns,7,7,0,0,0,7,Burns Management,False,True
266,emergency_room,8,8,0,0,0,7,Emergency Room Packages,False,True
266,ent,8,8,0,0,0,7,Otorhinolaryngology (ENT),False,True
266,general_medicine,8,8,0,0,0,7,General Medicine,False,True
266,general_surgery,8,8,0,0,0,7,General Surgery,False,True
266,mental_disorders,7,7,0,0,0,7,Mental Disorders,False,True
266,neonatal,7,7,0,0,0,7,Neo-natal Care,False,True
266,obgyn,8,8,0,0,0,7,Obstetrics & Gynaecology,False,True
266,ophthalmology,8,8,0,0,0,7,Ophthalmology,False,True
266,oral_maxillofacial,8,8,0,0,0,7,Oral & Maxillofacial Surgery,False,True
266,orthopaedics,8,8,0,0,0,7,Orthopaedics,False,True
266,paediatric_medicine,8,8,0,0,0,7,Paediatric Medical Management,False,True
266,plastic_surgery,7,7,0,0,0,7,Plastic & Reconstructive Surgery,False,True
266,polytrauma,7,7,0,0,0,7,Polytrauma,False,True
267,burns,4,4,0,0,0,3,Burns Management,False,False
267,emergency_room,4,4,0,0,0,3,Emergency Room Packages,False,False
267,ent,4,4,0,0,0,3,Otorhinolaryngology (ENT),False,False
267,general_medicine,5,5,0,0,0,4,General Medicine,False,False
267,general_surgery,4,4,0,0,0,3,General Surgery,False,False
267,mental_disorders,4,4,0,0,0,3,Mental Disorders,False,False
267,neonatal,4,4,0,0,0,3,Neo-natal Care,False,False
267,obgyn,4,4,0,0,0,3,Obstetrics & Gynaecology,False,False
267,ophthalmology,4,4,0,0,0,3,Ophthalmology,False,False
267,oral_maxillofacial,4,4,0,0,0,3,Oral & Maxillofacial Surgery,False,False
267,orthopaedics,4,4,0,0,0,3,Orthopaedics,False,False
267,paediatric_medicine,4,4,0,0,0,3,Paediatric Medical Management,False,False
267,plastic_surgery,4,4,0,0,0,3,Plastic & Reconstructive Surgery,False,False
267,polytrauma,4,4,0,0,0,3,Polytrauma,False,False
268,burns,7,7,0,0,0,6,Burns Management,False,False
268,emergency_room,7,7,0,0,0,6,Emergency Room Packages,False,False
268,ent,7,7,0,0,0,6,Otorhinolaryngology (ENT),False,False
268,general_medicine,7,7,0,0,0,6,General Medicine,False,False
268,general_surgery,7,7,0,0,0,6,General Surgery,False,False
268,mental_disorders,7,7,0,0,0,6,Mental Disorders,False,False
268,obgyn,7,7,0,0,0,6,Obstetrics & Gynaecology,False,False
268,ophthalmology,7,7,0,0,0,6,Ophthalmology,False,False
268,oral_maxillofacial,7,7,0,0,0,6,Oral & Maxillofacial Surgery,False,False
268,orthopaedics,7,7,0,0,0,6,Orthopaedics,False,False
268,paediatric_medicine,7,7,0,0,0,6,Paediatric Medical Management,False,False
268,plastic_surgery,7,7,0,0,0,6,Plastic & Reconstructive Surgery,False,False
268,polytrauma,1,1,0,0,0,0,Polytrauma,False,False
269,emergency_room,9,9,0,0,0,5,Emergency Room Packages,False,True
269,ent,1,1,0,0,0,0,Otorhinolaryngology (ENT),False,True
269,general_medicine,15,15,0,0,0,11,General Medicine,False,True
269,general_surgery,1,1,0,0,0,0,General Surgery,False,True
269,obgyn,2,2,0,0,0,0,Obstetrics & Gynaecology,False,True
269,ophthalmology,1,1,0,0,0,0,Ophthalmology,False,True
269,orthopaedics,2,2,0,0,0,0,Orthopaedics,False,True
269,paediatric_medicine,1,1,0,0,0,0,Paediatric Medical Management,False,True
270,emergency_room,11,11,0,0,0,8,Emergency Room Packages,False,False
270,ent,1,1,0,0,0,0,Otorhinolaryngology (ENT),False,False
270,general_medicine,14,14,0,0,0,12,General Medicine,False,False
270,general_surgery,1,1,0,0,0,0,General Surgery,False,False
270,obgyn,1,1,0,0,0,0,Obstetrics & Gynaecology,False,False
270,ophthalmology,1,1,0,0,0,0,Ophthalmology,False,False
270,orthopaedics,1,1,0,0,0,0,Orthopaedics,False,False
271,burns,2,2,0,0,0,1,Burns Management,False,False
271,cardiology,2,2,0,0,0,2,Cardiology,True,False
271,emergency_room,18,18,0,0,0,14,Emergency Room Packages,False,False
271,ent,2,2,0,0,0,0,Otorhinolaryngology (ENT),False,False
271,general_medicine,21,21,0,0,0,16,General Medicine,False,False
271,general_surgery,7,7,0,0,0,3,General Surgery,False,False
271,medical_oncology,1,1,0,0,0,1,Medical Oncology,False,False
271,neurosurgery,2,2,0,0,0,2,Neurosurgery,True,False
271,obgyn,2,2,0,0,0,0,Obstetrics & Gynaecology,False,False
271,ophthalmology,1,1,0,0,0,0,Ophthalmology,False,False
271,oral_maxillofacial,1,1,0,0,0,0,Oral & Maxillofacial Surgery,False,False
271,orthopaedics,6,6,0,0,0,2,Orthopaedics,False,False
271,paediatric_medicine,4,4,0,0,0,3,Paediatric Medical Management,False,False
271,plastic_surgery,2,2,0,0,0,1,Plastic & Reconstructive Surgery,False,False
271,urology,2,2,0,0,0,2,Urology,False,False
272,burns,2,2,0,0,0,0,Burns Management,False,False
272,cardiology,3,2,1,0,0,0,Cardiology,True,False
272,ctvs,2,1,1,0,0,0,Cardio-thoracic & Vascular Surgery,True,False
272,emergency_room,19,17,1,0,1,13,Emergency Room Packages,False,False
272,ent,4,3,1,0,0,0,Otorhinolaryngology (ENT),False,False
272,general_medicine,20,18,1,0,1,13,General Medicine,False,False
272,general_surgery,6,3,2,0,1,0,General Surgery,False,False
272,interventional_neuroradiology,2,1,1,0,0,0,Interventional Neuroradiology,True,False
272,medical_oncology,2,0,2,0,0,0,Medical Oncology,False,False
272,mental_disorders,2,2,0,0,0,0,Mental Disorders,False,False
272,neonatal,3,2,1,0,0,0,Neo-natal Care,False,False
272,neurosurgery,2,1,1,0,0,0,Neurosurgery,True,False
272,obgyn,6,3,2,0,1,0,Obstetrics & Gynaecology,False,False
272,ophthalmology,6,2,3,0,1,0,Ophthalmology,False,False
272,oral_maxillofacial,5,2,2,0,1,0,Oral & Maxillofacial Surgery,False,False
272,orthopaedics,4,2,2,0,0,0,Orthopaedics,False,False
272,paediatric_cancer,2,2,0,0,0,0,Paediatric Cancer,False,False
272,paediatric_medicine,4,3,1,0,0,0,Paediatric Medical Management,False,False
272,paediatric_surgery,2,2,0,0,0,0,Paediatric Surgery,False,False
272,plastic_surgery,2,2,0,0,0,0,Plastic & Reconstructive Surgery,False,False
272,polytrauma,2,1,1,0,0,0,Polytrauma,False,False
272,surgical_oncology,1,1,0,0,0,0,Surgical Oncology,False,False
272,urology,2,1,1,0,0,0,Urology,False,False
273,burns,1,1,0,0,0,1,Burns Management,False,False
273,emergency_room,9,9,0,0,0,9,Emergency Room Packages,False,False
273,ent,9,9,0,0,0,8,Otorhinolaryngology (ENT),False,False
273,general_medicine,9,9,0,0,0,9,General Medicine,False,False
273,general_surgery,9,9,0,0,0,9,General Surgery,False,False
273,neonatal,1,1,0,0,0,1,Neo-natal Care,False,False
273,obgyn,9,9,0,0,0,9,Obstetrics & Gynaecology,False,False
273,ophthalmology,1,1,0,0,0,0,Ophthalmology,False,False
273,oral_maxillofacial,2,2,0,0,0,2,Oral & Maxillofacial Surgery,False,False
273,orthopaedics,1,1,0,0,0,1,Orthopaedics,False,False
273,paediatric_medicine,9,9,0,0,0,9,Paediatric Medical Management,False,False
273,plastic_surgery,1,1,0,0,0,1,Plastic & Reconstructive Surgery,False,False
273,polytrauma,1,1,0,0,0,0,Polytrauma,False,False
274,burns,5,2,2,1,0,0,Burns Management,False,False
274,cardiology,6,2,2,2,0,0,Cardiology,True,False
274,ctvs,2,2,0,0,0,0,Cardio-thoracic & Vascular Surgery,True,False
274,emergency_room,45,38,5,1,1,33,Emergency Room Packages,False,False
274,ent,38,30,5,2,1,27,Otorhinolaryngology (ENT),False,False
274,general_medicine,46,38,5,2,1,33,General Medicine,False,False
274,general_surgery,38,30,5,2,1,27,General Surgery,False,False
274,interventional_neuroradiology,5,1,3,1,0,0,Interventional Neuroradiology,True,False
274,medical_oncology,7,2,4,1,0,0,Medical Oncology,False,False
274,mental_disorders,3,3,0,0,0,0,Mental Disorders,False,False
274,neonatal,8,2,5,1,0,1,Neo-natal Care,False,False
274,neurosurgery,6,2,3,1,0,0,Neurosurgery,True,False
274,obgyn,41,35,4,1,1,33,Obstetrics & Gynaecology,False,False
274,ophthalmology,9,2,3,3,1,0,Ophthalmology,False,False
274,oral_maxillofacial,23,16,5,1,1,13,Oral & Maxillofacial Surgery,False,False
274,orthopaedics,9,4,4,1,0,2,Orthopaedics,False,False
274,paediatric_cancer,5,2,2,1,0,0,Paediatric Cancer,False,False
274,paediatric_medicine,43,36,5,1,1,33,Paediatric Medical Management,False,False
274,paediatric_surgery,7,2,4,1,0,0,Paediatric Surgery,False,False
274,plastic_surgery,5,2,2,1,0,0,Plastic & Reconstructive Surgery,False,False
274,polytrauma,7,3,3,1,0,0,Polytrauma,False,False
274,radiation_oncology,2,2,0,0,0,0,Radiation Oncology,True,False
274,surgical_oncology,4,2,1,1,0,0,Surgical Oncology,False,False
274,urology,8,2,4,2,0,0,Urology,False,False
275,burns,1,0,1,0,0,0,Burns Management,False,False
275,emergency_room,19,16,3,0,0,14,Emergency Room Packages,False,False
275,ent,16,14,2,0,0,12,Otorhinolaryngology (ENT),False,False
275,general_medicine,19,16,3,0,0,14,General Medicine,False,False
275,general_surgery,16,13,3,0,0,12,General Surgery,False,False
275,interventional_neuroradiology,1,0,1,0,0,0,Interventional Neuroradiology,True,False
275,neonatal,3,1,2,0,0,0,Neo-natal Care,False,False
275,neurosurgery,1,0,1,0,0,0,Neurosurgery,True,False
275,obgyn,19,16,3,0,0,14,Obstetrics & Gynaecology,False,False
275,ophthalmology,2,1,1,0,0,0,Ophthalmology,False,False
275,oral_maxillofacial,6,5,1,0,0,4,Oral & Maxillofacial Surgery,False,False
275,orthopaedics,5,3,2,0,0,2,Orthopaedics,False,False
275,paediatric_cancer,1,0,1,0,0,0,Paediatric Cancer,False,False
275,paediatric_medicine,19,16,3,0,0,14,Paediatric Medical Management,False,False
275,paediatric_surgery,1,0,1,0,0,0,Paediatric Surgery,False,False
275,plastic_surgery,1,0,1,0,0,0,Plastic & Reconstructive Surgery,False,False
275,polytrauma,3,1,2,0,0,0,Polytrauma,False,False
275,urology,1,0,1,0,0,0,Urology,False,False
276,emergency_room,15,12,1,2,0,11,Emergency Room Packages,False,True
276,ent,12,10,1,1,0,9,Otorhinolaryngology (ENT),False,True
276,general_medicine,15,12,1,2,0,11,General Medicine,False,True
276,general_surgery,13,10,1,2,0,9,General Surgery,False,True
276,neonatal,1,0,1,0,0,0,Neo-natal Care,False,True
276,obgyn,15,12,1,2,0,11,Obstetrics & Gynaecology,False,True
276,ophthalmology,2,1,0,1,0,0,Ophthalmology,False,True
276,oral_maxillofacial,7,5,1,1,0,5,Oral & Maxillofacial Surgery,False,True
276,orthopaedics,6,4,1,1,0,3,Orthopaedics,False,True
276,paediatric_medicine,15,12,1,2,0,11,Paediatric Medical Management,False,True
276,polytrauma,1,1,0,0,0,0,Polytrauma,False,True
276,urology,1,0,1,0,0,0,Urology,False,True
277,emergency_room,8,8,0,0,0,7,Emergency Room Packages,False,False
277,ent,7,7,0,0,0,6,Otorhinolaryngology (ENT),False,False
277,general_medicine,8,8,0,0,0,7,General Medicine,False,False
277,general_surgery,8,8,0,0,0,7,General Surgery,False,False
277,medical_oncology,1,1,0,0,0,1,Medical Oncology,False,False
277,mental_disorders,1,1,0,0,0,1,Mental Disorders,False,False
277,neonatal,1,1,0,0,0,1,Neo-natal Care,False,False
277,obgyn,8,8,0,0,0,7,Obstetrics & Gynaecology,False,False
277,ophthalmology,2,2,0,0,0,1,Ophthalmology,False,False
277,oral_maxillofacial,7,7,0,0,0,6,Oral & Maxillofacial Surgery,False,False
277,orthopaedics,1,1,0,0,0,1,Orthopaedics,False,False
277,paediatric_cancer,1,1,0,0,0,1,Paediatric Cancer,False,False
277,paediatric_medicine,8,8,0,0,0,7,Paediatric Medical Management,False,False
277,paediatric_surgery,1,1,0,0,0,1,Paediatric Surgery,False,False
277,polytrauma,2,2,0,0,0,1,Polytrauma,False,False
277,radiation_oncology,1,1,0,0,0,1,Radiation Oncology,True,False
277,urology,1,1,0,0,0,1,Urology,False,False
278,cardiology,1,1,0,0,0,0,Cardiology,True,False
278,ctvs,1,1,0,0,0,0,Cardio-thoracic & Vascular Surgery,True,False
278,emergency_room,19,17,1,1,0,15,Emergency Room Packages,False,False
278,ent,15,15,0,0,0,13,Otorhinolaryngology (ENT),False,False
278,general_medicine,20,18,1,1,0,15,General Medicine,False,False
278,general_surgery,17,15,1,1,0,13,General Surgery,False,False
278,medical_oncology,1,1,0,0,0,0,Medical Oncology,False,False
278,mental_disorders,1,1,0,0,0,0,Mental Disorders,False,False
278,neonatal,3,2,0,1,0,0,Neo-natal Care,False,False
278,obgyn,17,15,1,1,0,14,Obstetrics & Gynaecology,False,False
278,ophthalmology,1,1,0,0,0,0,Ophthalmology,False,False
278,oral_maxillofacial,10,9,1,0,0,7,Oral & Maxillofacial Surgery,False,False
278,orthopaedics,8,6,1,1,0,5,Orthopaedics,False,False
278,paediatric_cancer,1,1,0,0,0,0,Paediatric Cancer,False,False
278,paediatric_medicine,17,15,1,1,0,14,Paediatric Medical Management,False,False
278,paediatric_surgery,2,2,0,0,0,0,Paediatric Surgery,False,False
278,polytrauma,1,1,0,0,0,0,Polytrauma,False,False
278,radiation_oncology,1,1,0,0,0,0,Radiation Oncology,True,False
278,surgical_oncology,1,1,0,0,0,0,Surgical Oncology,False,False
278,urology,2,1,1,0,0,0,Urology,False,False
279,emergency_room,20,18,1,1,0,17,Emergency Room Packages,False,False
279,ent,17,16,0,1,0,14,Otorhinolaryngology (ENT),False,False
279,general_medicine,20,18,1,1,0,17,General Medicine,False,False
279,general_surgery,18,16,1,1,0,14,General Surgery,False,False
279,neonatal,1,0,0,1,0,0,Neo-natal Care,False,False
279,obgyn,19,18,0,1,0,17,Obstetrics & Gynaecology,False,False
279,ophthalmology,1,1,0,0,0,1,Ophthalmology,False,False
279,oral_maxillofacial,5,5,0,0,0,3,Oral & Maxillofacial Surgery,False,False
279,orthopaedics,2,2,0,0,0,1,Orthopaedics,False,False
279,paediatric_medicine,21,19,1,1,0,17,Paediatric Medical Management,False,False
279,paediatric_surgery,1,1,0,0,0,0,Paediatric Surgery,False,False
279,polytrauma,1,1,0,0,0,0,Polytrauma,False,False
280,burns,2,2,0,0,0,0,Burns Management,False,True
280,emergency_room,9,3,5,1,0,0,Emergency Room Packages,False,True
280,ent,6,2,4,0,0,0,Otorhinolaryngology (ENT),False,True
280,general_medicine,10,3,6,1,0,0,General Medicine,False,True
280,general_surgery,9,2,6,1,0,0,General Surgery,False,True
280,medical_oncology,1,0,0,1,0,0,Medical Oncology,False,True
280,mental_disorders,2,2,0,0,0,0,Mental Disorders,False,True
280,neonatal,2,1,1,0,0,0,Neo-natal Care,False,True
280,obgyn,14,9,5,0,0,0,Obstetrics & Gynaecology,False,True
280,ophthalmology,4,3,1,0,0,0,Ophthalmology,False,True
280,oral_maxillofacial,3,2,1,0,0,0,Oral & Maxillofacial Surgery,False,True
280,orthopaedics,8,2,6,0,0,0,Orthopaedics,False,True
280,paediatric_cancer,1,1,0,0,0,0,Paediatric Cancer,False,True
280,paediatric_medicine,5,3,2,0,0,0,Paediatric Medical Management,False,True
280,plastic_surgery,2,2,0,0,0,0,Plastic & Reconstructive Surgery,False,True
280,polytrauma,2,1,1,0,0,0,Polytrauma,False,True
280,radiation_oncology,1,0,0,1,0,0,Radiation Oncology,True,True
280,surgical_oncology,1,0,0,1,0,0,Surgical Oncology,False,True
280,urology,4,0,4,0,0,0,Urology,False,True
281,burns,1,1,0,0,0,0,Burns Management,False,False
281,cardiology,1,1,0,0,0,1,Cardiology,True,False
281,emergency_room,6,2,3,0,1,1,Emergency Room Packages,False,False
281,ent,3,1,2,0,0,0,Otorhinolaryngology (ENT),False,False
281,general_medicine,6,2,3,0,1,1,General Medicine,False,False
281,general_surgery,4,1,3,0,0,0,General Surgery,False,False
281,interventional_neuroradiology,1,0,1,0,0,0,Interventional Neuroradiology,True,False
281,mental_disorders,1,1,0,0,0,0,Mental Disorders,False,False
281,neonatal,2,1,1,0,0,0,Neo-natal Care,False,False
281,neurosurgery,2,1,1,0,0,1,Neurosurgery,True,False
281,obgyn,8,5,3,0,0,1,Obstetrics & Gynaecology,False,False
281,ophthalmology,1,1,0,0,0,0,Ophthalmology,False,False
281,oral_maxillofacial,5,3,2,0,0,1,Oral & Maxillofacial Surgery,False,False
281,orthopaedics,1,1,0,0,0,0,Orthopaedics,False,False
281,paediatric_medicine,5,2,3,0,0,1,Paediatric Medical Management,False,False
281,plastic_surgery,1,1,0,0,0,0,Plastic & Reconstructive Surgery,False,False
281,surgical_oncology,1,1,0,0,0,1,Surgical Oncology,False,False
281,urology,2,1,1,0,0,0,Urology,False,False
282,burns,2,1,1,0,0,0,Burns Management,False,False
282,cardiology,2,1,1,0,0,0,Cardiology,True,False
282,ctvs,2,1,1,0,0,0,Cardio-thoracic & Vascular Surgery,True,False
282,emergency_room,12,10,1,1,0,3,Emergency Room Packages,False,False
282,ent,3,2,1,0,0,0,Otorhinolaryngology (ENT),False,False
282,general_medicine,12,10,1,1,0,3,General Medicine,False,False
282,general_surgery,4,2,1,1,0,0,General Surgery,False,False
282,interventional_neuroradiology,3,1,1,1,0,0,Interventional Neuroradiology,True,False
282,medical_oncology,2,1,0,1,0,0,Medical Oncology,False,False
282,mental_disorders,1,1,0,0,0,0,Mental Disorders,False,False
282,neonatal,1,1,0,0,0,0,Neo-natal Care,False,False
282,neurosurgery,2,1,1,0,0,0,Neurosurgery,True,False
282,obgyn,9,8,1,0,0,3,Obstetrics & Gynaecology,False,False
282,ophthalmology,4,3,1,0,0,0,Ophthalmology,False,False
282,oral_maxillofacial,2,2,0,0,0,0,Oral & Maxillofacial Surgery,False,False
282,orthopaedics,2,1,1,0,0,0,Orthopaedics,False,False
282,paediatric_medicine,5,4,1,0,0,0,Paediatric Medical Management,False,False
282,paediatric_surgery,1,1,0,0,0,0,Paediatric Surgery,False,False
282,plastic_surgery,2,1,1,0,0,0,Plastic & Reconstructive Surgery,False,False
282,polytrauma,2,1,1,0,0,0,Polytrauma,False,False
282,radiation_oncology,2,1,0,1,0,0,Radiation Oncology,True,False
282,surgical_oncology,2,1,0,1,0,0,Surgical Oncology,False,False
282,urology,2,1,1,0,0,0,Urology,False,False
283,burns,1,1,0,0,0,0,Burns Management,False,True
283,cardiology,1,1,0,0,0,0,Cardiology,True,True
283,emergency_room,5,2,2,1,0,1,Emergency Room Packages,False,True
283,ent,1,1,0,0,0,0,Otorhinolaryngology (ENT),False,True
283,general_medicine,5,2,2,1,0,1,General Medicine,False,True
283,general_surgery,4,2,2,0,0,1,General Surgery,False,True
283,medical_oncology,1,0,0,1,0,0,Medical Oncology,False,True
283,mental_disorders,1,1,0,0,0,0,Mental Disorders,False,True
283,neonatal,1,1,0,0,0,0,Neo-natal Care,False,True
283,obgyn,4,2,2,0,0,1,Obstetrics & Gynaecology,False,True
283,ophthalmology,1,1,0,0,0,0,Ophthalmology,False,True
283,oral_maxillofacial,1,1,0,0,0,0,Oral & Maxillofacial Surgery,False,True
283,orthopaedics,3,1,2,0,0,0,Orthopaedics,False,True
283,paediatric_medicine,3,2,1,0,0,1,Paediatric Medical Management,False,True
283,plastic_surgery,1,1,0,0,0,0,Plastic & Reconstructive Surgery,False,True
283,polytrauma,1,1,0,0,0,0,Polytrauma,False,True
283,radiation_oncology,1,0,0,1,0,0,Radiation Oncology,True,True
283,urology,3,1,2,0,0,0,Urology,False,True
284,emergency_room,5,5,0,0,0,2,Emergency Room Packages,False,False
284,ent,1,1,0,0,0,0,Otorhinolaryngology (ENT),False,False
284,general_medicine,5,5,0,0,0,2,General Medicine,False,False
284,general_surgery,2,1,1,0,0,0,General Surgery,False,False
284,neonatal,1,1,0,0,0,0,Neo-natal Care,False,False
284,obgyn,6,5,1,0,0,2,Obstetrics & Gynaecology,False,False
284,ophthalmology,1,1,0,0,0,0,Ophthalmology,False,False
284,oral_maxillofacial,3,3,0,0,0,1,Oral & Maxillofacial Surgery,False,False
284,orthopaedics,1,0,1,0,0,0,Orthopaedics,False,False
284,paediatric_medicine,4,3,1,0,0,1,Paediatric Medical Management,False,False
284,polytrauma,1,1,0,0,0,0,Polytrauma,False,False
285,burns,1,1,0,0,0,0,Burns Management,False,True
285,emergency_room,10,8,2,0,0,4,Emergency Room Packages,False,True
285,ent,2,1,1,0,0,0,Otorhinolaryngology (ENT),False,True
285,general_medicine,10,8,2,0,0,4,General Medicine,False,True
285,general_surgery,4,2,2,0,0,0,General Surgery,False,True
285,mental_disorders,1,1,0,0,0,0,Mental Disorders,False,True
285,neonatal,1,0,1,0,0,0,Neo-natal Care,False,True
285,obgyn,11,9,2,0,0,5,Obstetrics & Gynaecology,False,True
285,ophthalmology,2,1,1,0,0,0,Ophthalmology,False,True
285,oral_maxillofacial,1,1,0,0,0,1,Oral & Maxillofacial Surgery,False,True
285,orthopaedics,2,0,2,0,0,0,Orthopaedics,False,True
285,paediatric_medicine,3,1,2,0,0,0,Paediatric Medical Management,False,True
285,plastic_surgery,1,1,0,0,0,0,Plastic & Reconstructive Surgery,False,True
285,polytrauma,2,2,0,0,0,1,Polytrauma,False,True
286,burns,6,1,5,0,0,0,Burns Management,False,False
286,cardiology,7,1,6,0,0,0,Cardiology,True,False
286,ctvs,3,1,2,0,0,0,Cardio-thoracic & Vascular Surgery,True,False
286,emergency_room,18,6,11,1,0,2,Emergency Room Packages,False,False
286,ent,9,2,7,0,0,0,Otorhinolaryngology (ENT),False,False
286,general_medicine,19,6,11,2,0,2,General Medicine,False,False
286,general_surgery,13,3,9,1,0,0,General Surgery,False,False
286,interventional_neuroradiology,5,1,3,1,0,0,Interventional Neuroradiology,True,False
286,medical_oncology,6,1,4,1,0,0,Medical Oncology,False,False
286,mental_disorders,1,1,0,0,0,0,Mental Disorders,False,False
286,neonatal,3,1,2,0,0,0,Neo-natal Care,False,False
286,neurosurgery,7,1,6,0,0,0,Neurosurgery,True,False
286,obgyn,14,7,7,0,0,2,Obstetrics & Gynaecology,False,False
286,ophthalmology,5,2,3,0,0,0,Ophthalmology,False,False
286,oral_maxillofacial,8,5,3,0,0,2,Oral & Maxillofacial Surgery,False,False
286,orthopaedics,10,1,9,0,0,0,Orthopaedics,False,False
286,paediatric_cancer,1,0,1,0,0,0,Paediatric Cancer,False,False
286,paediatric_medicine,13,5,8,0,0,2,Paediatric Medical Management,False,False
286,paediatric_surgery,5,1,4,0,0,0,Paediatric Surgery,False,False
286,plastic_surgery,6,1,5,0,0,0,Plastic & Reconstructive Surgery,False,False
286,polytrauma,2,1,1,0,0,0,Polytrauma,False,False
286,radiation_oncology,3,1,1,1,0,0,Radiation Oncology,True,False
286,surgical_oncology,6,1,4,1,0,0,Surgical Oncology,False,False
286,urology,11,1,8,2,0,0,Urology,False,False
287,emergency_room,9,3,4,2,0,0,Emergency Room Packages,False,True
287,ent,7,2,3,2,0,1,Otorhinolaryngology (ENT),False,True
287,general_medicine,9,3,4,2,0,0,General Medicine,False,True
287,general_surgery,7,1,4,2,0,0,General Surgery,False,True
287,interventional_neuroradiology,1,0,1,0,0,0,Interventional Neuroradiology,True,True
287,mental_disorders,1,1,0,0,0,0,Mental Disorders,False,True
287,neonatal,1,0,1,0,0,0,Neo-natal Care,False,True
287,neurosurgery,1,0,1,0,0,0,Neurosurgery,True,True
287,obgyn,13,7,4,2,0,2,Obstetrics & Gynaecology,False,True
287,ophthalmology,2,1,1,0,0,0,Ophthalmology,False,True
287,oral_maxillofacial,3,3,0,0,0,1,Oral & Maxillofacial Surgery,False,True
287,orthopaedics,4,1,3,0,0,0,Orthopaedics,False,True
287,paediatric_medicine,7,3,3,1,0,2,Paediatric Medical Management,False,True
287,polytrauma,1,0,1,0,0,0,Polytrauma,False,True
287,surgical_oncology,1,0,1,0,0,0,Surgical Oncology,False,True
287,urology,3,0,2,1,0,0,Urology,False,True
288,emergency_room,9,5,3,1,0,3,Emergency Room Packages,False,False
288,ent,2,1,1,0,0,0,Otorhinolaryngology (ENT),False,False
288,general_medicine,9,5,3,1,0,3,General Medicine,False,False
288,general_surgery,5,2,2,1,0,0,General Surgery,False,False
288,mental_disorders,1,1,0,0,0,0,Mental Disorders,False,False
288,neonatal,2,1,1,0,0,0,Neo-natal Care,False,False
288,obgyn,9,5,3,1,0,3,Obstetrics & Gynaecology,False,False
288,ophthalmology,2,2,0,0,0,0,Ophthalmology,False,False
288,oral_maxillofacial,2,2,0,0,0,1,Oral & Maxillofacial Surgery,False,False
288,orthopaedics,2,1,1,0,0,0,Orthopaedics,False,False
288,paediatric_medicine,4,2,1,1,0,0,Paediatric Medical Management,False,False
288,urology,1,0,1,0,0,0,Urology,False,False
289,emergency_room,3,3,0,0,0,1,Emergency Room Packages,False,True
289,general_medicine,3,3,0,0,0,1,General Medicine,False,True
289,general_surgery,1,1,0,0,0,0,General Surgery,False,True
289,mental_disorders,1,1,0,0,0,0,Mental Disorders,False,True
289,neonatal,1,1,0,0,0,0,Neo-natal Care,False,True
289,obgyn,4,4,0,0,0,1,Obstetrics & Gynaecology,False,True
289,ophthalmology,2,2,0,0,0,0,Ophthalmology,False,True
289,paediatric_medicine,3,3,0,0,0,1,Paediatric Medical Management,False,True
289,urology,1,1,0,0,0,0,Urology,False,True
290,burns,1,1,0,0,0,0,Burns Management,False,False
290,cardiology,1,1,0,0,0,0,Cardiology,True,False
290,emergency_room,3,2,0,1,0,0,Emergency Room Packages,False,False
290,ent,3,3,0,0,0,0,Otorhinolaryngology (ENT),False,False
290,general_medicine,2,1,0,1,0,0,General Medicine,False,False
290,general_surgery,3,3,0,0,0,0,General Surgery,False,False
290,interventional_neuroradiology,1,1,0,0,0,0,Interventional Neuroradiology,True,False
290,medical_oncology,2,1,0,1,0,0,Medical Oncology,False,False
290,mental_disorders,1,1,0,0,0,0,Mental Disorders,False,False
290,neurosurgery,1,1,0,0,0,0,Neurosurgery,True,False
290,obgyn,3,3,0,0,0,0,Obstetrics & Gynaecology,False,False
290,ophthalmology,5,2,1,2,0,0,Ophthalmology,False,False
290,oral_maxillofacial,2,2,0,0,0,0,Oral & Maxillofacial Surgery,False,False
290,orthopaedics,1,1,0,0,0,0,Orthopaedics,False,False
290,paediatric_medicine,3,3,0,0,0,0,Paediatric Medical Management,False,False
290,plastic_surgery,1,1,0,0,0,0,Plastic & Reconstructive Surgery,False,False
290,polytrauma,1,1,0,0,0,0,Polytrauma,False,False
290,radiation_oncology,1,0,0,1,0,0,Radiation Oncology,True,False
290,surgical_oncology,1,1,0,0,0,0,Surgical Oncology,False,False
291,burns,3,2,0,0,1,0,Burns Management,False,False
291,cardiology,6,1,4,0,1,0,Cardiology,True,False
291,ctvs,4,1,2,0,1,0,Cardio-thoracic & Vascular Surgery,True,False
291,emergency_room,19,8,9,0,2,2,Emergency Room Packages,False,False
291,ent,11,4,6,0,1,1,Otorhinolaryngology (ENT),False,False
291,general_medicine,19,8,9,0,2,2,General Medicine,False,False
291,general_surgery,15,5,9,0,1,1,General Surgery,False,False
291,interventional_neuroradiology,6,1,4,0,1,0,Interventional Neuroradiology,True,False
291,medical_oncology,5,2,2,0,1,0,Medical Oncology,False,False
291,mental_disorders,1,1,0,0,0,0,Mental Disorders,False,False
291,neonatal,5,2,2,0,1,0,Neo-natal Care,False,False
291,neurosurgery,6,1,4,0,1,0,Neurosurgery,True,False
291,obgyn,19,10,8,0,1,4,Obstetrics & Gynaecology,False,False
291,ophthalmology,9,3,4,1,1,0,Ophthalmology,False,False
291,oral_maxillofacial,5,3,1,0,1,1,Oral & Maxillofacial Surgery,False,False
291,orthopaedics,11,3,7,0,1,0,Orthopaedics,False,False
291,paediatric_cancer,3,2,0,0,1,0,Paediatric Cancer,False,False
291,paediatric_medicine,12,3,8,0,1,1,Paediatric Medical Management,False,False
291,paediatric_surgery,4,1,2,0,1,0,Paediatric Surgery,False,False
291,plastic_surgery,3,2,0,0,1,0,Plastic & Reconstructive Surgery,False,False
291,polytrauma,6,3,2,0,1,0,Polytrauma,False,False
291,radiation_oncology,4,2,1,0,1,0,Radiation Oncology,True,False
291,surgical_oncology,6,2,3,0,1,0,Surgical Oncology,False,False
291,urology,8,1,6,0,1,0,Urology,False,False
292,burns,1,1,0,0,0,0,Burns Management,False,False
292,cardiology,1,1,0,0,0,0,Cardiology,True,False
292,ctvs,1,1,0,0,0,0,Cardio-thoracic & Vascular Surgery,True,False
292,emergency_room,8,5,1,2,0,3,Emergency Room Packages,False,False
292,ent,3,3,0,0,0,1,Otorhinolaryngology (ENT),False,False
292,general_medicine,7,4,1,2,0,2,General Medicine,False,False
292,general_surgery,3,1,1,1,0,0,General Surgery,False,False
292,interventional_neuroradiology,1,0,1,0,0,0,Interventional Neuroradiology,True,False
292,medical_oncology,2,1,0,1,0,0,Medical Oncology,False,False
292,mental_disorders,1,1,0,0,0,0,Mental Disorders,False,False
292,neonatal,1,1,0,0,0,0,Neo-natal Care,False,False
292,neurosurgery,2,1,1,0,0,0,Neurosurgery,True,False
292,obgyn,7,5,1,1,0,3,Obstetrics & Gynaecology,False,False
292,ophthalmology,1,1,0,0,0,0,Ophthalmology,False,False
292,oral_maxillofacial,2,2,0,0,0,1,Oral & Maxillofacial Surgery,False,False
292,orthopaedics,3,1,1,1,0,0,Orthopaedics,False,False
292,paediatric_cancer,1,1,0,0,0,0,Paediatric Cancer,False,False
292,paediatric_medicine,2,2,0,0,0,1,Paediatric Medical Management,False,False
292,paediatric_surgery,1,1,0,0,0,0,Paediatric Surgery,False,False
292,plastic_surgery,1,1,0,0,0,0,Plastic & Reconstructive Surgery,False,False
292,polytrauma,1,1,0,0,0,0,Polytrauma,False,False
292,radiation_oncology,2,1,0,1,0,0,Radiation Oncology,True,False
292,surgical_oncology,1,1,0,0,0,0,Surgical Oncology,False,False
292,urology,3,1,1,1,0,0,Urology,False,False
293,emergency_room,11,8,0,2,1,3,Emergency Room Packages,False,False
293,ent,1,1,0,0,0,0,Otorhinolaryngology (ENT),False,False
293,general_medicine,11,8,0,2,1,3,General Medicine,False,False
293,general_surgery,3,1,0,2,0,0,General Surgery,False,False
293,neonatal,2,1,0,1,0,0,Neo-natal Care,False,False
293,obgyn,10,9,0,1,0,3,Obstetrics & Gynaecology,False,False
293,ophthalmology,2,2,0,0,0,0,Ophthalmology,False,False
293,oral_maxillofacial,2,2,0,0,0,1,Oral & Maxillofacial Surgery,False,False
293,orthopaedics,2,1,0,1,0,0,Orthopaedics,False,False
293,paediatric_medicine,7,6,0,1,0,3,Paediatric Medical Management,False,False
293,paediatric_surgery,1,0,0,1,0,0,Paediatric Surgery,False,False
293,urology,1,1,0,0,0,0,Urology,False,False
294,burns,1,1,0,0,0,0,Burns Management,False,False
294,emergency_room,4,3,0,1,0,1,Emergency Room Packages,False,False
294,ent,2,2,0,0,0,0,Otorhinolaryngology (ENT),False,False
294,general_medicine,4,3,0,1,0,1,General Medicine,False,False
294,general_surgery,3,3,0,0,0,1,General Surgery,False,False
294,medical_oncology,1,0,0,1,0,0,Medical Oncology,False,False
294,neonatal,1,1,0,0,0,0,Neo-natal Care,False,False
294,obgyn,4,4,0,0,0,1,Obstetrics & Gynaecology,False,False
294,ophthalmology,2,2,0,0,0,0,Ophthalmology,False,False
294,oral_maxillofacial,2,2,0,0,0,0,Oral & Maxillofacial Surgery,False,False
294,orthopaedics,1,1,0,0,0,0,Orthopaedics,False,False
294,paediatric_medicine,2,2,0,0,0,0,Paediatric Medical Management,False,False
294,plastic_surgery,1,1,0,0,0,0,Plastic & Reconstructive Surgery,False,False
294,polytrauma,1,1,0,0,0,0,Polytrauma,False,False
294,radiation_oncology,1,0,0,1,0,0,Radiation Oncology,True,False
294,urology,1,1,0,0,0,0,Urology,False,False
295,burns,1,1,0,0,0,0,Burns Management,False,False
295,cardiology,1,1,0,0,0,0,Cardiology,True,False
295,emergency_room,13,6,6,1,0,3,Emergency Room Packages,False,False
295,ent,4,2,2,0,0,0,Otorhinolaryngology (ENT),False,False
295,general_medicine,13,6,6,1,0,3,General Medicine,False,False
295,general_surgery,10,4,6,0,0,1,General Surgery,False,False
295,medical_oncology,1,0,0,1,0,0,Medical Oncology,False,False
295,mental_disorders,1,1,0,0,0,0,Mental Disorders,False,False
295,neonatal,5,2,3,0,0,0,Neo-natal Care,False,False
295,obgyn,12,6,6,0,0,3,Obstetrics & Gynaecology,False,False
295,ophthalmology,5,2,3,0,0,1,Ophthalmology,False,False
295,oral_maxillofacial,5,2,3,0,0,0,Oral & Maxillofacial Surgery,False,False
295,orthopaedics,5,1,4,0,0,0,Orthopaedics,False,False
295,paediatric_medicine,12,6,6,0,0,3,Paediatric Medical Management,False,False
295,plastic_surgery,1,1,0,0,0,0,Plastic & Reconstructive Surgery,False,False
295,radiation_oncology,2,1,0,1,0,0,Radiation Oncology,True,False
296,emergency_room,6,5,0,0,1,0,Emergency Room Packages,False,False
296,ent,3,2,0,0,1,0,Otorhinolaryngology (ENT),False,False
296,general_medicine,6,5,0,0,1,0,General Medicine,False,False
296,general_surgery,2,1,0,0,1,0,General Surgery,False,False
296,mental_disorders,1,1,0,0,0,0,Mental Disorders,False,False
296,neonatal,1,1,0,0,0,0,Neo-natal Care,False,False
296,obgyn,5,5,0,0,0,0,Obstetrics & Gynaecology,False,False
296,ophthalmology,2,1,0,0,1,0,Ophthalmology,False,False
296,oral_maxillofacial,3,3,0,0,0,0,Oral & Maxillofacial Surgery,False,False
296,paediatric_medicine,2,2,0,0,0,0,Paediatric Medical Management,False,False
296,polytrauma,5,5,0,0,0,0,Polytrauma,False,False
297,cardiology,2,0,2,0,0,0,Cardiology,True,False
297,emergency_room,17,4,12,1,0,0,Emergency Room Packages,False,False
297,ent,10,3,7,0,0,0,Otorhinolaryngology (ENT),False,False
297,general_medicine,17,4,12,1,0,0,General Medicine,False,False
297,general_surgery,19,4,14,1,0,0,General Surgery,False,False
297,interventional_neuroradiology,3,0,3,0,0,0,Interventional Neuroradiology,True,False
297,medical_oncology,2,0,2,0,0,0,Medical Oncology,False,False
297,mental_disorders,2,2,0,0,0,0,Mental Disorders,False,False
297,neonatal,4,3,1,0,0,0,Neo-natal Care,False,False
297,neurosurgery,3,0,3,0,0,0,Neurosurgery,True,False
297,obgyn,28,13,14,1,0,1,Obstetrics & Gynaecology,False,False
297,ophthalmology,7,2,5,0,0,0,Ophthalmology,False,False
297,oral_maxillofacial,6,5,1,0,0,0,Oral & Maxillofacial Surgery,False,False
297,orthopaedics,15,3,12,0,0,0,Orthopaedics,False,False
297,paediatric_medicine,14,5,8,1,0,0,Paediatric Medical Management,False,False
297,surgical_oncology,3,0,3,0,0,0,Surgical Oncology,False,False
297,urology,8,0,8,0,0,0,Urology,False,False
298,burns,1,1,0,0,0,0,Burns Management,False,False
298,cardiology,1,0,1,0,0,0,Cardiology,True,False
298,emergency_room,5,2,3,0,0,0,Emergency Room Packages,False,False
298,ent,2,1,1,0,0,0,Otorhinolaryngology (ENT),False,False
298,general_medicine,5,2,3,0,0,0,General Medicine,False,False
298,general_surgery,5,1,4,0,0,0,General Surgery,False,False
298,interventional_neuroradiology,1,0,1,0,0,0,Interventional Neuroradiology,True,False
298,medical_oncology,1,0,1,0,0,0,Medical Oncology,False,False
298,mental_disorders,1,1,0,0,0,0,Mental Disorders,False,False
298,neonatal,2,1,1,0,0,0,Neo-natal Care,False,False
298,neurosurgery,1,0,1,0,0,0,Neurosurgery,True,False
298,obgyn,6,2,4,0,0,0,Obstetrics & Gynaecology,False,False
298,ophthalmology,3,1,2,0,0,0,Ophthalmology,False,False
298,oral_maxillofacial,3,2,1,0,0,0,Oral & Maxillofacial Surgery,False,False
298,orthopaedics,5,1,4,0,0,0,Orthopaedics,False,False
298,paediatric_medicine,4,2,2,0,0,0,Paediatric Medical Management,False,False
298,plastic_surgery,1,1,0,0,0,0,Plastic & Reconstructive Surgery,False,False
298,polytrauma,2,1,1,0,0,0,Polytrauma,False,False
298,radiation_oncology,1,0,1,0,0,0,Radiation Oncology,True,False
298,surgical_oncology,1,0,1,0,0,0,Surgical Oncology,False,False
298,urology,4,0,4,0,0,0,Urology,False,False
299,emergency_room,2,1,0,1,0,0,Emergency Room Packages,False,False
299,ent,2,1,0,1,0,0,Otorhinolaryngology (ENT),False,False
299,general_medicine,2,1,0,1,0,0,General Medicine,False,False
299,general_surgery,2,1,0,1,0,0,General Surgery,False,False
299,obgyn,2,1,0,1,0,0,Obstetrics & Gynaecology,False,False
299,ophthalmology,1,1,0,0,0,0,Ophthalmology,False,False
299,oral_maxillofacial,1,1,0,0,0,0,Oral & Maxillofacial Surgery,False,False
299,orthopaedics,1,0,0,1,0,0,Orthopaedics,False,False
299,paediatric_medicine,2,1,0,1,0,0,Paediatric Medical Management,False,False
299,urology,1,0,0,1,0,0,Urology,False,False
300,emergency_room,6,3,3,0,0,0,Emergency Room Packages,False,False
300,ent,4,3,1,0,0,0,Otorhinolaryngology (ENT),False,False
300,general_medicine,6,3,3,0,0,0,General Medicine,False,False
300,general_surgery,5,2,3,0,0,0,General Surgery,False,False
300,interventional_neuroradiology,1,0,1,0,0,0,Interventional Neuroradiology,True,False
300,mental_disorders,1,1,0,0,0,0,Mental Disorders,False,False
300,neonatal,1,1,0,0,0,0,Neo-natal Care,False,False
300,neurosurgery,1,0,1,0,0,0,Neurosurgery,True,False
300,obgyn,6,3,3,0,0,0,Obstetrics & Gynaecology,False,False
300,ophthalmology,6,2,4,0,0,0,Ophthalmology,False,False
300,oral_maxillofacial,4,3,1,0,0,0,Oral & Maxillofacial Surgery,False,False
300,orthopaedics,3,1,2,0,0,0,Orthopaedics,False,False
300,paediatric_medicine,5,3,2,0,0,0,Paediatric Medical Management,False,False
300,polytrauma,1,0,1,0,0,0,Polytrauma,False,False
300,urology,1,0,1,0,0,0,Urology,False,False
301,burns,3,1,2,0,0,0,Burns Management,False,False
301,cardiology,2,0,2,0,0,0,Cardiology,True,False
301,emergency_room,9,4,2,2,1,2,Emergency Room Packages,False,False
301,ent,4,2,2,0,0,0,Otorhinolaryngology (ENT),False,False
301,general_medicine,9,4,2,2,1,2,General Medicine,False,False
301,general_surgery,6,2,2,1,1,0,General Surgery,False,False
301,medical_oncology,4,1,2,1,0,0,Medical Oncology,False,False
301,mental_disorders,2,2,0,0,0,0,Mental Disorders,False,False
301,neonatal,4,2,2,0,0,0,Neo-natal Care,False,False
301,obgyn,8,5,2,1,0,2,Obstetrics & Gynaecology,False,False
301,ophthalmology,8,2,4,1,1,0,Ophthalmology,False,False
301,oral_maxillofacial,5,2,1,1,1,1,Oral & Maxillofacial Surgery,False,False
301,orthopaedics,4,1,2,1,0,0,Orthopaedics,False,False
301,paediatric_cancer,1,0,1,0,0,0,Paediatric Cancer,False,False
301,paediatric_medicine,7,3,2,1,1,1,Paediatric Medical Management,False,False
301,paediatric_surgery,1,0,1,0,0,0,Paediatric Surgery,False,False
301,plastic_surgery,3,1,2,0,0,0,Plastic & Reconstructive Surgery,False,False
301,polytrauma,4,1,2,0,1,0,Polytrauma,False,False
301,radiation_oncology,1,0,0,1,0,0,Radiation Oncology,True,False
301,surgical_oncology,3,1,2,0,0,0,Surgical Oncology,False,False
301,urology,4,1,2,1,0,0,Urology,False,False
302,cardiology,1,1,0,0,0,0,Cardiology,True,False
302,ctvs,1,1,0,0,0,0,Cardio-thoracic & Vascular Surgery,True,False
302,emergency_room,8,5,2,1,0,1,Emergency Room Packages,False,False
302,ent,2,2,0,0,0,0,Otorhinolaryngology (ENT),False,False
302,general_medicine,8,5,2,1,0,1,General Medicine,False,False
302,general_surgery,7,4,2,1,0,1,General Surgery,False,False
302,interventional_neuroradiology,1,1,0,0,0,0,Interventional Neuroradiology,True,False
302,medical_oncology,1,1,0,0,0,0,Medical Oncology,False,False
302,mental_disorders,3,3,0,0,0,1,Mental Disorders,False,False
302,neonatal,3,3,0,0,0,0,Neo-natal Care,False,False
302,neurosurgery,1,1,0,0,0,0,Neurosurgery,True,False
302,obgyn,9,6,2,1,0,1,Obstetrics & Gynaecology,False,False
302,ophthalmology,3,3,0,0,0,0,Ophthalmology,False,False
302,oral_maxillofacial,1,1,0,0,0,0,Oral & Maxillofacial Surgery,False,False
302,orthopaedics,4,2,1,1,0,0,Orthopaedics,False,False
302,paediatric_cancer,1,1,0,0,0,0,Paediatric Cancer,False,False
302,paediatric_medicine,6,4,1,1,0,1,Paediatric Medical Management,False,False
302,paediatric_surgery,1,1,0,0,0,0,Paediatric Surgery,False,False
302,radiation_oncology,1,1,0,0,0,0,Radiation Oncology,True,False
302,surgical_oncology,1,1,0,0,0,0,Surgical Oncology,False,False
302,urology,1,1,0,0,0,0,Urology,False,False
322,burns,1,0,0,1,0,0,Burns Management,False,True
322,cardiology,2,0,1,1,0,0,Cardiology,True,True
322,emergency_room,29,13,12,1,3,8,Emergency Room Packages,False,True
322,ent,2,0,0,1,1,0,Otorhinolaryngology (ENT),False,True
322,general_medicine,31,13,14,1,3,8,General Medicine,False,True
322,general_surgery,31,12,15,1,3,8,General Surgery,False,True
322,interventional_neuroradiology,1,0,0,1,0,0,Interventional Neuroradiology,True,True
322,medical_oncology,1,0,0,1,0,0,Medical Oncology,False,True
322,neonatal,5,0,4,1,0,0,Neo-natal Care,False,True
322,neurosurgery,1,0,0,1,0,0,Neurosurgery,True,True
322,obgyn,28,12,13,1,2,8,Obstetrics & Gynaecology,False,True
322,ophthalmology,10,4,5,0,1,0,Ophthalmology,False,True
322,oral_maxillofacial,4,0,2,1,1,0,Oral & Maxillofacial Surgery,False,True
322,orthopaedics,17,4,9,1,3,0,Orthopaedics,False,True
322,paediatric_cancer,1,0,0,1,0,0,Paediatric Cancer,False,True
322,paediatric_medicine,22,12,8,1,1,8,Paediatric Medical Management,False,True
322,paediatric_surgery,1,0,0,1,0,0,Paediatric Surgery,False,True
322,plastic_surgery,1,0,0,1,0,0,Plastic & Reconstructive Surgery,False,True
322,polytrauma,1,0,0,1,0,0,Polytrauma,False,True
322,radiation_oncology,1,0,0,0,1,0,Radiation Oncology,True,True
322,surgical_oncology,1,0,0,1,0,0,Surgical Oncology,False,True
322,urology,4,0,3,1,0,0,Urology,False,True
323,burns,2,2,0,0,0,1,Burns Management,False,True
323,emergency_room,8,7,1,0,0,5,Emergency Room Packages,False,True
323,ent,2,2,0,0,0,1,Otorhinolaryngology (ENT),False,True
323,general_medicine,9,7,2,0,0,5,General Medicine,False,True
323,general_surgery,9,7,2,0,0,5,General Surgery,False,True
323,neonatal,4,2,2,0,0,0,Neo-natal Care,False,True
323,obgyn,8,7,1,0,0,5,Obstetrics & Gynaecology,False,True
323,ophthalmology,3,2,1,0,0,1,Ophthalmology,False,True
323,oral_maxillofacial,2,2,0,0,0,1,Oral & Maxillofacial Surgery,False,True
323,orthopaedics,3,1,2,0,0,0,Orthopaedics,False,True
323,paediatric_cancer,1,1,0,0,0,1,Paediatric Cancer,False,True
323,paediatric_medicine,7,6,1,0,0,5,Paediatric Medical Management,False,True
323,paediatric_surgery,2,2,0,0,0,2,Paediatric Surgery,False,True
323,plastic_surgery,2,2,0,0,0,1,Plastic & Reconstructive Surgery,False,True
324,cardiology,1,1,0,0,0,0,Cardiology,True,False
324,ctvs,1,0,0,0,1,0,Cardio-thoracic & Vascular Surgery,True,False
324,emergency_room,13,9,4,0,0,7,Emergency Room Packages,False,False
324,ent,2,1,0,0,1,0,Otorhinolaryngology (ENT),False,False
324,general_medicine,15,9,5,0,1,7,General Medicine,False,False
324,general_surgery,17,9,7,0,1,7,General Surgery,False,False
324,mental_disorders,1,0,0,0,1,0,Mental Disorders,False,False
324,neonatal,8,0,7,0,1,0,Neo-natal Care,False,False
324,obgyn,12,9,2,0,1,7,Obstetrics & Gynaecology,False,False
324,ophthalmology,5,1,3,0,1,0,Ophthalmology,False,False
324,oral_maxillofacial,3,0,2,0,1,0,Oral & Maxillofacial Surgery,False,False
324,orthopaedics,8,1,6,0,1,0,Orthopaedics,False,False
324,paediatric_medicine,16,8,7,0,1,7,Paediatric Medical Management,False,False
324,paediatric_surgery,1,0,0,0,1,0,Paediatric Surgery,False,False
324,plastic_surgery,1,0,0,0,1,0,Plastic & Reconstructive Surgery,False,False
324,radiation_oncology,1,0,0,0,1,0,Radiation Oncology,True,False
324,surgical_oncology,1,0,0,0,1,0,Surgical Oncology,False,False
324,urology,5,0,5,0,0,0,Urology,False,False
325,burns,6,2,4,0,0,0,Burns Management,False,False
325,cardiology,3,2,1,0,0,0,Cardiology,True,False
325,ctvs,1,1,0,0,0,0,Cardio-thoracic & Vascular Surgery,True,False
325,emergency_room,23,10,11,1,1,7,Emergency Room Packages,False,False
325,ent,6,2,4,0,0,0,Otorhinolaryngology (ENT),False,False
325,general_medicine,26,11,13,1,1,7,General Medicine,False,False
325,general_surgery,26,11,13,1,1,7,General Surgery,False,False
325,interventional_neuroradiology,4,2,2,0,0,0,Interventional Neuroradiology,True,False
325,medical_oncology,3,2,1,0,0,0,Medical Oncology,False,False
325,mental_disorders,2,2,0,0,0,0,Mental Disorders,False,False
325,neonatal,6,3,3,0,0,0,Neo-natal Care,False,False
325,neurosurgery,4,2,2,0,0,0,Neurosurgery,True,False
325,obgyn,22,11,9,1,1,7,Obstetrics & Gynaecology,False,False
325,ophthalmology,20,4,15,0,1,2,Ophthalmology,False,False
325,oral_maxillofacial,9,2,6,1,0,0,Oral & Maxillofacial Surgery,False,False
325,orthopaedics,15,2,12,1,0,0,Orthopaedics,False,False
325,paediatric_cancer,1,1,0,0,0,0,Paediatric Cancer,False,False
325,paediatric_medicine,16,10,5,0,1,7,Paediatric Medical Management,False,False
325,paediatric_surgery,3,2,1,0,0,0,Paediatric Surgery,False,False
325,plastic_surgery,6,2,4,0,0,0,Plastic & Reconstructive Surgery,False,False
325,polytrauma,5,2,3,0,0,0,Polytrauma,False,False
325,radiation_oncology,2,1,1,0,0,0,Radiation Oncology,True,False
325,surgical_oncology,3,2,1,0,0,0,Surgical Oncology,False,False
325,urology,12,2,9,1,0,0,Urology,False,False
326,emergency_room,11,10,1,0,0,9,Emergency Room Packages,False,True
326,general_medicine,13,11,2,0,0,9,General Medicine,False,True
326,general_surgery,13,11,2,0,0,9,General Surgery,False,True
326,mental_disorders,1,1,0,0,0,0,Mental Disorders,False,True
326,neonatal,1,1,0,0,0,0,Neo-natal Care,False,True
326,obgyn,10,10,0,0,0,9,Obstetrics & Gynaecology,False,True
326,ophthalmology,6,2,4,0,0,0,Ophthalmology,False,True
326,oral_maxillofacial,1,1,0,0,0,0,Oral & Maxillofacial Surgery,False,True
326,orthopaedics,2,0,2,0,0,0,Orthopaedics,False,True
326,paediatric_medicine,10,10,0,0,0,9,Paediatric Medical Management,False,True
327,burns,4,1,3,0,0,0,Burns Management,False,True
327,cardiology,2,0,2,0,0,0,Cardiology,True,True
327,emergency_room,28,12,15,1,0,7,Emergency Room Packages,False,True
327,ent,7,3,4,0,0,0,Otorhinolaryngology (ENT),False,True
327,general_medicine,32,12,19,1,0,7,General Medicine,False,True
327,general_surgery,30,11,17,1,1,7,General Surgery,False,True
327,medical_oncology,2,0,1,1,0,0,Medical Oncology,False,True
327,mental_disorders,2,2,0,0,0,0,Mental Disorders,False,True
327,neonatal,8,3,4,1,0,1,Neo-natal Care,False,True
327,neurosurgery,2,0,2,0,0,0,Neurosurgery,True,True
327,obgyn,22,12,8,1,1,7,Obstetrics & Gynaecology,False,True
327,ophthalmology,8,3,3,2,0,0,Ophthalmology,False,True
327,oral_maxillofacial,7,2,5,0,0,0,Oral & Maxillofacial Surgery,False,True
327,orthopaedics,12,2,9,1,0,0,Orthopaedics,False,True
327,paediatric_cancer,1,0,0,1,0,0,Paediatric Cancer,False,True
327,paediatric_medicine,17,11,5,1,0,7,Paediatric Medical Management,False,True
327,paediatric_surgery,2,0,2,0,0,0,Paediatric Surgery,False,True
327,plastic_surgery,4,1,3,0,0,0,Plastic & Reconstructive Surgery,False,True
327,radiation_oncology,3,1,1,1,0,0,Radiation Oncology,True,True
327,surgical_oncology,2,0,2,0,0,0,Surgical Oncology,False,True
327,urology,5,0,5,0,0,0,Urology,False,True
328,emergency_room,10,9,1,0,0,6,Emergency Room Packages,False,True
328,ent,2,1,1,0,0,0,Otorhinolaryngology (ENT),False,True
328,general_medicine,10,9,1,0,0,6,General Medicine,False,True
328,general_surgery,10,9,1,0,0,6,General Surgery,False,True
328,mental_disorders,1,1,0,0,0,1,Mental Disorders,False,True
328,neonatal,1,1,0,0,0,1,Neo-natal Care,False,True
328,obgyn,9,8,1,0,0,6,Obstetrics & Gynaecology,False,True
328,ophthalmology,3,2,0,1,0,1,Ophthalmology,False,True
328,oral_maxillofacial,2,2,0,0,0,1,Oral & Maxillofacial Surgery,False,True
328,orthopaedics,2,2,0,0,0,1,Orthopaedics,False,True
328,paediatric_medicine,8,8,0,0,0,6,Paediatric Medical Management,False,True
329,burns,1,0,1,0,0,0,Burns Management,False,True
329,emergency_room,23,10,13,0,0,9,Emergency Room Packages,False,True
329,ent,1,1,0,0,0,0,Otorhinolaryngology (ENT),False,True
329,general_medicine,24,10,14,0,0,9,General Medicine,False,True
329,general_surgery,26,10,16,0,0,9,General Surgery,False,True
329,mental_disorders,1,1,0,0,0,0,Mental Disorders,False,True
329,neonatal,1,0,1,0,0,0,Neo-natal Care,False,True
329,obgyn,24,10,14,0,0,9,Obstetrics & Gynaecology,False,True
329,ophthalmology,8,1,7,0,0,0,Ophthalmology,False,True
329,oral_maxillofacial,3,1,2,0,0,0,Oral & Maxillofacial Surgery,False,True
329,orthopaedics,8,0,8,0,0,0,Orthopaedics,False,True
329,paediatric_medicine,18,10,8,0,0,9,Paediatric Medical Management,False,True
329,plastic_surgery,1,0,1,0,0,0,Plastic & Reconstructive Surgery,False,True
329,polytrauma,2,0,2,0,0,0,Polytrauma,False,True
329,urology,5,0,5,0,0,0,Urology,False,True
330,burns,1,1,0,0,0,0,Burns Management,False,True
330,emergency_room,9,8,1,0,0,6,Emergency Room Packages,False,True
330,general_medicine,10,8,1,1,0,6,General Medicine,False,True
330,general_surgery,13,8,4,1,0,6,General Surgery,False,True
330,neonatal,4,1,2,1,0,0,Neo-natal Care,False,True
330,obgyn,9,8,0,1,0,6,Obstetrics & Gynaecology,False,True
330,ophthalmology,5,1,4,0,0,0,Ophthalmology,False,True
330,oral_maxillofacial,1,0,1,0,0,0,Oral & Maxillofacial Surgery,False,True
330,orthopaedics,2,1,0,1,0,0,Orthopaedics,False,True
330,paediatric_medicine,10,7,2,1,0,6,Paediatric Medical Management,False,True
330,plastic_surgery,1,1,0,0,0,0,Plastic & Reconstructive Surgery,False,True
330,polytrauma,1,1,0,0,0,0,Polytrauma,False,True
330,urology,3,0,2,1,0,0,Urology,False,True
331,emergency_room,11,11,0,0,0,10,Emergency Room Packages,False,True
331,general_medicine,11,11,0,0,0,10,General Medicine,False,True
331,general_surgery,11,11,0,0,0,10,General Surgery,False,True
331,mental_disorders,1,1,0,0,0,0,Mental Disorders,False,True
331,neonatal,9,9,0,0,0,9,Neo-natal Care,False,True
331,obgyn,11,11,0,0,0,10,Obstetrics & Gynaecology,False,True
331,ophthalmology,10,10,0,0,0,9,Ophthalmology,False,True
331,oral_maxillofacial,10,10,0,0,0,9,Oral & Maxillofacial Surgery,False,True
331,orthopaedics,10,10,0,0,0,9,Orthopaedics,False,True
331,paediatric_medicine,10,10,0,0,0,10,Paediatric Medical Management,False,True
332,burns,2,0,2,0,0,0,Burns Management,False,True
332,cardiology,1,0,1,0,0,0,Cardiology,True,True
332,emergency_room,23,8,15,0,0,8,Emergency Room Packages,False,True
332,ent,3,0,3,0,0,0,Otorhinolaryngology (ENT),False,True
332,general_medicine,26,8,18,0,0,8,General Medicine,False,True
332,general_surgery,27,8,19,0,0,8,General Surgery,False,True
332,medical_oncology,1,0,1,0,0,0,Medical Oncology,False,True
332,neonatal,8,0,8,0,0,0,Neo-natal Care,False,True
332,obgyn,19,8,11,0,0,8,Obstetrics & Gynaecology,False,True
332,ophthalmology,10,0,9,1,0,0,Ophthalmology,False,True
332,oral_maxillofacial,4,0,4,0,0,0,Oral & Maxillofacial Surgery,False,True
332,orthopaedics,13,0,13,0,0,0,Orthopaedics,False,True
332,paediatric_medicine,18,8,10,0,0,8,Paediatric Medical Management,False,True
332,paediatric_surgery,2,0,2,0,0,0,Paediatric Surgery,False,True
332,plastic_surgery,2,0,2,0,0,0,Plastic & Reconstructive Surgery,False,True
332,polytrauma,1,0,1,0,0,0,Polytrauma,False,True
332,urology,7,0,7,0,0,0,Urology,False,True
333,emergency_room,4,3,1,0,0,3,Emergency Room Packages,False,False
333,general_medicine,4,3,1,0,0,3,General Medicine,False,False
333,general_surgery,5,3,2,0,0,3,General Surgery,False,False
333,obgyn,3,3,0,0,0,3,Obstetrics & Gynaecology,False,False
333,ophthalmology,1,0,1,0,0,0,Ophthalmology,False,False
333,paediatric_medicine,3,3,0,0,0,3,Paediatric Medical Management,False,False
334,burns,2,2,0,0,0,1,Burns Management,False,False
334,emergency_room,10,7,3,0,0,5,Emergency Room Packages,False,False
334,general_medicine,11,7,4,0,0,5,General Medicine,False,False
334,general_surgery,12,7,5,0,0,5,General Surgery,False,False
334,mental_disorders,1,1,0,0,0,1,Mental Disorders,False,False
334,neonatal,3,1,2,0,0,0,Neo-natal Care,False,False
334,obgyn,9,7,2,0,0,5,Obstetrics & Gynaecology,False,False
334,ophthalmology,2,1,1,0,0,0,Ophthalmology,False,False
334,oral_maxillofacial,5,2,3,0,0,1,Oral & Maxillofacial Surgery,False,False
334,orthopaedics,5,2,3,0,0,1,Orthopaedics,False,False
334,paediatric_medicine,7,5,2,0,0,4,Paediatric Medical Management,False,False
334,paediatric_surgery,2,0,2,0,0,0,Paediatric Surgery,False,False
334,plastic_surgery,1,1,0,0,0,0,Plastic & Reconstructive Surgery,False,False
334,polytrauma,1,0,1,0,0,0,Polytrauma,False,False
334,surgical_oncology,1,0,1,0,0,0,Surgical Oncology,False,False
334,urology,2,0,2,0,0,0,Urology,False,False
335,emergency_room,7,7,0,0,0,5,Emergency Room Packages,False,True
335,general_medicine,7,7,0,0,0,5,General Medicine,False,True
335,general_surgery,6,6,0,0,0,5,General Surgery,False,True
335,obgyn,6,6,0,0,0,5,Obstetrics & Gynaecology,False,True
335,ophthalmology,2,1,1,0,0,0,Ophthalmology,False,True
335,oral_maxillofacial,1,1,0,0,0,0,Oral & Maxillofacial Surgery,False,True
335,paediatric_medicine,5,5,0,0,0,5,Paediatric Medical Management,False,True
336,emergency_room,5,5,0,0,0,4,Emergency Room Packages,False,True
336,ent,1,1,0,0,0,0,Otorhinolaryngology (ENT),False,True
336,general_medicine,6,5,0,1,0,4,General Medicine,False,True
336,general_surgery,6,5,0,1,0,4,General Surgery,False,True
336,obgyn,5,5,0,0,0,4,Obstetrics & Gynaecology,False,True
336,ophthalmology,1,1,0,0,0,0,Ophthalmology,False,True
336,orthopaedics,2,1,0,1,0,0,Orthopaedics,False,True
336,paediatric_medicine,5,5,0,0,0,4,Paediatric Medical Management,False,True
337,emergency_room,7,6,1,0,0,5,Emergency Room Packages,False,True
337,general_medicine,9,8,1,0,0,5,General Medicine,False,True
337,general_surgery,9,7,2,0,0,5,General Surgery,False,True
337,obgyn,7,7,0,0,0,5,Obstetrics & Gynaecology,False,True
337,ophthalmology,2,0,2,0,0,0,Ophthalmology,False,True
337,oral_maxillofacial,1,0,1,0,0,0,Oral & Maxillofacial Surgery,False,True
337,paediatric_medicine,6,6,0,0,0,5,Paediatric Medical Management,False,True
338,cardiology,1,0,1,0,0,0,Cardiology,True,True
338,emergency_room,21,9,8,4,0,8,Emergency Room Packages,False,True
338,general_medicine,22,9,9,4,0,8,General Medicine,False,True
338,general_surgery,21,9,9,3,0,8,General Surgery,False,True
338,mental_disorders,1,1,0,0,0,0,Mental Disorders,False,True
338,neonatal,6,1,3,2,0,0,Neo-natal Care,False,True
338,obgyn,16,9,5,2,0,8,Obstetrics & Gynaecology,False,True
338,ophthalmology,8,1,5,2,0,0,Ophthalmology,False,True
338,oral_maxillofacial,5,1,4,0,0,0,Oral & Maxillofacial Surgery,False,True
338,orthopaedics,5,1,2,2,0,0,Orthopaedics,False,True
338,paediatric_medicine,16,9,4,3,0,8,Paediatric Medical Management,False,True
338,paediatric_surgery,1,1,0,0,0,0,Paediatric Surgery,False,True
339,burns,5,1,2,2,0,0,Burns Management,False,True
339,cardiology,14,1,9,4,0,0,Cardiology,True,True
339,ctvs,6,1,4,1,0,0,Cardio-thoracic & Vascular Surgery,True,True
339,emergency_room,61,16,27,16,2,13,Emergency Room Packages,False,True
339,ent,14,4,5,5,0,0,Otorhinolaryngology (ENT),False,True
339,general_medicine,73,19,35,17,2,13,General Medicine,False,True
339,general_surgery,71,17,37,16,1,13,General Surgery,False,True
339,interventional_neuroradiology,8,1,3,4,0,0,Interventional Neuroradiology,True,True
339,medical_oncology,14,1,8,5,0,0,Medical Oncology,False,True
339,mental_disorders,2,2,0,0,0,0,Mental Disorders,False,True
339,neonatal,39,3,28,8,0,0,Neo-natal Care,False,True
339,neurosurgery,15,1,8,6,0,0,Neurosurgery,True,True
339,obgyn,56,17,22,15,2,13,Obstetrics & Gynaecology,False,True
339,ophthalmology,35,3,22,8,2,0,Ophthalmology,False,True
339,oral_maxillofacial,20,3,10,6,1,0,Oral & Maxillofacial Surgery,False,True
339,orthopaedics,52,4,35,12,1,0,Orthopaedics,False,True
339,paediatric_cancer,7,1,4,2,0,0,Paediatric Cancer,False,True
339,paediatric_medicine,60,16,31,13,0,13,Paediatric Medical Management,False,True
339,paediatric_surgery,14,1,9,4,0,0,Paediatric Surgery,False,True
339,plastic_surgery,7,1,3,3,0,0,Plastic & Reconstructive Surgery,False,True
339,polytrauma,16,1,9,6,0,0,Polytrauma,False,True
339,radiation_oncology,4,1,1,2,0,0,Radiation Oncology,True,True
339,surgical_oncology,14,1,8,5,0,0,Surgical Oncology,False,True
339,urology,39,1,27,11,0,0,Urology,False,True
340,emergency_room,7,6,1,0,0,5,Emergency Room Packages,False,True
340,general_medicine,8,6,2,0,0,5,General Medicine,False,True
340,general_surgery,9,7,2,0,0,5,General Surgery,False,True
340,obgyn,8,7,1,0,0,5,Obstetrics & Gynaecology,False,True
340,ophthalmology,3,1,1,1,0,0,Ophthalmology,False,True
340,oral_maxillofacial,1,1,0,0,0,0,Oral & Maxillofacial Surgery,False,True
340,orthopaedics,2,1,1,0,0,0,Orthopaedics,False,True
340,paediatric_medicine,7,7,0,0,0,5,Paediatric Medical Management,False,True
340,urology,1,0,1,0,0,0,Urology,False,True
341,burns,2,0,1,1,0,0,Burns Management,False,False
341,cardiology,2,0,2,0,0,0,Cardiology,True,False
341,ctvs,1,0,1,0,0,0,Cardio-thoracic & Vascular Surgery,True,False
341,emergency_room,20,7,10,3,0,7,Emergency Room Packages,False,False
341,ent,1,0,1,0,0,0,Otorhinolaryngology (ENT),False,False
341,general_medicine,21,7,11,3,0,7,General Medicine,False,False
341,general_surgery,18,7,8,3,0,7,General Surgery,False,False
341,interventional_neuroradiology,1,0,1,0,0,0,Interventional Neuroradiology,True,False
341,medical_oncology,2,0,2,0,0,0,Medical Oncology,False,False
341,neonatal,4,0,3,1,0,0,Neo-natal Care,False,False
341,neurosurgery,1,0,1,0,0,0,Neurosurgery,True,False
341,obgyn,14,8,4,2,0,7,Obstetrics & Gynaecology,False,False
341,ophthalmology,7,0,4,3,0,0,Ophthalmology,False,False
341,oral_maxillofacial,2,0,1,1,0,0,Oral & Maxillofacial Surgery,False,False
341,orthopaedics,6,0,4,2,0,0,Orthopaedics,False,False
341,paediatric_cancer,1,0,1,0,0,0,Paediatric Cancer,False,False
341,paediatric_medicine,11,7,2,2,0,7,Paediatric Medical Management,False,False
341,paediatric_surgery,1,0,1,0,0,0,Paediatric Surgery,False,False
341,plastic_surgery,2,0,1,1,0,0,Plastic & Reconstructive Surgery,False,False
341,surgical_oncology,1,0,1,0,0,0,Surgical Oncology,False,False
341,urology,3,0,3,0,0,0,Urology,False,False
342,burns,1,0,0,1,0,0,Burns Management,False,True
342,ctvs,1,0,0,1,0,0,Cardio-thoracic & Vascular Surgery,True,True
342,emergency_room,7,6,0,1,0,6,Emergency Room Packages,False,True
342,ent,1,0,0,1,0,0,Otorhinolaryngology (ENT),False,True
342,general_medicine,7,6,0,1,0,6,General Medicine,False,True
342,general_surgery,7,6,0,1,0,6,General Surgery,False,True
342,obgyn,7,6,0,1,0,6,Obstetrics & Gynaecology,False,True
342,orthopaedics,1,0,0,1,0,0,Orthopaedics,False,True
342,paediatric_medicine,6,6,0,0,0,6,Paediatric Medical Management,False,True
342,plastic_surgery,1,0,0,1,0,0,Plastic & Reconstructive Surgery,False,True
342,urology,1,0,0,1,0,0,Urology,False,True
343,emergency_room,24,16,7,0,1,15,Emergency Room Packages,False,True
343,general_medicine,24,16,7,0,1,15,General Medicine,False,True
343,general_surgery,24,16,7,0,1,15,General Surgery,False,True
343,neonatal,2,1,1,0,0,1,Neo-natal Care,False,True
343,obgyn,19,16,2,0,1,15,Obstetrics & Gynaecology,False,True
343,ophthalmology,3,1,2,0,0,0,Ophthalmology,False,True
343,oral_maxillofacial,1,0,1,0,0,0,Oral & Maxillofacial Surgery,False,True
343,orthopaedics,2,1,1,0,0,0,Orthopaedics,False,True
343,paediatric_medicine,18,16,1,0,1,15,Paediatric Medical Management,False,True
343,urology,1,0,1,0,0,0,Urology,False,True
374,burns,3,2,0,0,1,0,Burns Management,False,True
374,cardiology,1,1,0,0,0,0,Cardiology,True,True
374,emergency_room,45,42,2,0,1,37,Emergency Room Packages,False,True
374,ent,2,2,0,0,0,0,Otorhinolaryngology (ENT),False,True
374,general_medicine,47,43,3,0,1,38,General Medicine,False,True
374,general_surgery,21,18,2,0,1,16,General Surgery,False,True
374,medical_oncology,1,1,0,0,0,1,Medical Oncology,False,True
374,mental_disorders,2,2,0,0,0,1,Mental Disorders,False,True
374,neonatal,12,11,1,0,0,8,Neo-natal Care,False,True
374,neurosurgery,2,1,1,0,0,0,Neurosurgery,True,True
374,obgyn,43,40,2,0,1,35,Obstetrics & Gynaecology,False,True
374,ophthalmology,3,2,1,0,0,0,Ophthalmology,False,True
374,oral_maxillofacial,11,10,0,0,1,7,Oral & Maxillofacial Surgery,False,True
374,orthopaedics,5,2,3,0,0,0,Orthopaedics,False,True
374,paediatric_medicine,16,14,1,0,1,10,Paediatric Medical Management,False,True
374,plastic_surgery,1,1,0,0,0,0,Plastic & Reconstructive Surgery,False,True
374,polytrauma,1,0,1,0,0,0,Polytrauma,False,True
374,urology,2,1,1,0,0,0,Urology,False,True
375,burns,14,2,11,1,0,0,Burns Management,False,False
375,cardiology,11,1,7,2,1,0,Cardiology,True,False
375,ctvs,4,1,2,1,0,0,Cardio-thoracic & Vascular Surgery,True,False
375,emergency_room,72,45,25,1,1,40,Emergency Room Packages,False,False
375,ent,22,3,19,0,0,1,Otorhinolaryngology (ENT),False,False
375,general_medicine,78,46,30,1,1,41,General Medicine,False,False
375,general_surgery,58,3,52,2,1,1,General Surgery,False,False
375,interventional_neuroradiology,9,1,7,1,0,0,Interventional Neuroradiology,True,False
375,medical_oncology,10,2,7,1,0,0,Medical Oncology,False,False
375,mental_disorders,4,3,0,0,1,0,Mental Disorders,False,False
375,neonatal,27,1,25,1,0,0,Neo-natal Care,False,False
375,neurosurgery,20,2,17,1,0,0,Neurosurgery,True,False
375,obgyn,80,32,45,2,1,28,Obstetrics & Gynaecology,False,False
375,ophthalmology,18,3,13,2,0,1,Ophthalmology,False,False
375,oral_maxillofacial,12,2,10,0,0,0,Oral & Maxillofacial Surgery,False,False
375,orthopaedics,49,2,45,1,1,0,Orthopaedics,False,False
375,paediatric_cancer,8,2,5,1,0,0,Paediatric Cancer,False,False
375,paediatric_medicine,34,2,29,2,1,0,Paediatric Medical Management,False,False
375,paediatric_surgery,18,2,15,1,0,0,Paediatric Surgery,False,False
375,plastic_surgery,14,2,11,1,0,0,Plastic & Reconstructive Surgery,False,False
375,polytrauma,22,1,21,0,0,0,Polytrauma,False,False
375,radiation_oncology,2,2,0,0,0,0,Radiation Oncology,True,False
375,surgical_oncology,12,2,9,1,0,0,Surgical Oncology,False,False
375,urology,24,1,22,1,0,0,Urology,False,False
376,burns,1,1,0,0,0,1,Burns Management,False,True
376,emergency_room,18,17,0,0,1,16,Emergency Room Packages,False,True
376,ent,3,1,0,0,2,0,Otorhinolaryngology (ENT),False,True
376,general_medicine,20,18,0,0,2,16,General Medicine,False,True
376,general_surgery,5,3,0,0,2,2,General Surgery,False,True
376,medical_oncology,1,1,0,0,0,0,Medical Oncology,False,True
376,mental_disorders,2,2,0,0,0,1,Mental Disorders,False,True
376,neonatal,3,2,0,0,1,0,Neo-natal Care,False,True
376,obgyn,20,18,0,0,2,16,Obstetrics & Gynaecology,False,True
376,ophthalmology,3,1,0,0,2,0,Ophthalmology,False,True
376,oral_maxillofacial,3,1,0,0,2,0,Oral & Maxillofacial Surgery,False,True
376,orthopaedics,4,3,0,0,1,2,Orthopaedics,False,True
376,paediatric_medicine,19,17,0,0,2,15,Paediatric Medical Management,False,True
376,paediatric_surgery,1,1,0,0,0,0,Paediatric Surgery,False,True
376,polytrauma,1,1,0,0,0,1,Polytrauma,False,True
377,burns,5,1,4,0,0,0,Burns Management,False,False
377,cardiology,2,1,1,0,0,0,Cardiology,True,False
377,ctvs,1,0,1,0,0,0,Cardio-thoracic & Vascular Surgery,True,False
377,emergency_room,39,30,9,0,0,27,Emergency Room Packages,False,False
377,ent,3,1,2,0,0,0,Otorhinolaryngology (ENT),False,False
377,general_medicine,41,31,10,0,0,28,General Medicine,False,False
377,general_surgery,41,28,13,0,0,25,General Surgery,False,False
377,medical_oncology,3,0,3,0,0,0,Medical Oncology,False,False
377,neonatal,4,0,4,0,0,0,Neo-natal Care,False,False
377,neurosurgery,4,0,4,0,0,0,Neurosurgery,True,False
377,obgyn,43,30,13,0,0,27,Obstetrics & Gynaecology,False,False
377,ophthalmology,5,1,4,0,0,0,Ophthalmology,False,False
377,oral_maxillofacial,7,1,6,0,0,0,Oral & Maxillofacial Surgery,False,False
377,orthopaedics,15,1,14,0,0,0,Orthopaedics,False,False
377,paediatric_cancer,1,0,1,0,0,0,Paediatric Cancer,False,False
377,paediatric_medicine,8,2,6,0,0,1,Paediatric Medical Management,False,False
377,paediatric_surgery,4,0,4,0,0,0,Paediatric Surgery,False,False
377,plastic_surgery,5,1,4,0,0,0,Plastic & Reconstructive Surgery,False,False
377,polytrauma,5,0,5,0,0,0,Polytrauma,False,False
377,surgical_oncology,3,0,3,0,0,0,Surgical Oncology,False,False
377,urology,6,0,6,0,0,0,Urology,False,False
378,burns,11,2,9,0,0,0,Burns Management,False,False
378,cardiology,10,3,7,0,0,2,Cardiology,True,False
378,ctvs,3,0,2,1,0,0,Cardio-thoracic & Vascular Surgery,True,False
378,emergency_room,52,28,23,1,0,20,Emergency Room Packages,False,False
378,ent,23,4,17,1,1,1,Otorhinolaryngology (ENT),False,False
378,general_medicine,67,28,35,3,1,20,General Medicine,False,False
378,general_surgery,41,7,31,2,1,4,General Surgery,False,False
378,interventional_neuroradiology,7,0,7,0,0,0,Interventional Neuroradiology,True,False
378,medical_oncology,5,0,5,0,0,0,Medical Oncology,False,False
378,mental_disorders,2,2,0,0,0,0,Mental Disorders,False,False
378,neonatal,23,3,17,2,1,1,Neo-natal Care,False,False
378,neurosurgery,16,1,14,1,0,0,Neurosurgery,True,False
378,obgyn,50,18,30,2,0,13,Obstetrics & Gynaecology,False,False
378,ophthalmology,18,3,13,1,1,0,Ophthalmology,False,False
378,oral_maxillofacial,17,5,10,1,1,3,Oral & Maxillofacial Surgery,False,False
378,orthopaedics,41,3,36,2,0,0,Orthopaedics,False,False
378,paediatric_cancer,2,0,2,0,0,0,Paediatric Cancer,False,False
378,paediatric_medicine,27,4,20,2,1,2,Paediatric Medical Management,False,False
378,paediatric_surgery,9,0,9,0,0,0,Paediatric Surgery,False,False
378,plastic_surgery,12,1,11,0,0,0,Plastic & Reconstructive Surgery,False,False
378,polytrauma,12,1,10,1,0,0,Polytrauma,False,False
378,radiation_oncology,2,0,2,0,0,0,Radiation Oncology,True,False
378,surgical_oncology,9,0,8,1,0,0,Surgical Oncology,False,False
378,urology,14,1,13,0,0,0,Urology,False,False
379,burns,1,1,0,0,0,0,Burns Management,False,False
379,emergency_room,39,33,5,1,0,27,Emergency Room Packages,False,False
379,ent,3,1,1,1,0,0,Otorhinolaryngology (ENT),False,False
379,general_medicine,41,34,6,1,0,28,General Medicine,False,False
379,general_surgery,16,4,11,1,0,2,General Surgery,False,False
379,mental_disorders,1,1,0,0,0,0,Mental Disorders,False,False
379,neonatal,7,0,7,0,0,0,Neo-natal Care,False,False
379,obgyn,41,32,8,1,0,26,Obstetrics & Gynaecology,False,False
379,ophthalmology,7,2,5,0,0,1,Ophthalmology,False,False
379,oral_maxillofacial,9,7,1,1,0,4,Oral & Maxillofacial Surgery,False,False
379,orthopaedics,8,1,7,0,0,0,Orthopaedics,False,False
379,paediatric_medicine,13,5,8,0,0,2,Paediatric Medical Management,False,False
379,plastic_surgery,1,1,0,0,0,0,Plastic & Reconstructive Surgery,False,False
379,polytrauma,2,0,2,0,0,0,Polytrauma,False,False
380,burns,1,1,0,0,0,1,Burns Management,False,False
380,cardiology,1,1,0,0,0,0,Cardiology,True,False
380,ctvs,1,1,0,0,0,1,Cardio-thoracic & Vascular Surgery,True,False
380,emergency_room,42,39,2,1,0,38,Emergency Room Packages,False,False
380,ent,2,2,0,0,0,1,Otorhinolaryngology (ENT),False,False
380,general_medicine,44,41,2,1,0,40,General Medicine,False,False
380,general_surgery,13,11,1,1,0,10,General Surgery,False,False
380,medical_oncology,1,1,0,0,0,0,Medical Oncology,False,False
380,mental_disorders,1,1,0,0,0,0,Mental Disorders,False,False
380,neonatal,2,1,1,0,0,0,Neo-natal Care,False,False
380,obgyn,32,30,1,1,0,29,Obstetrics & Gynaecology,False,False
380,ophthalmology,3,2,1,0,0,1,Ophthalmology,False,False
380,oral_maxillofacial,3,3,0,0,0,2,Oral & Maxillofacial Surgery,False,False
380,orthopaedics,3,2,1,0,0,1,Orthopaedics,False,False
380,paediatric_medicine,5,4,1,0,0,3,Paediatric Medical Management,False,False
380,plastic_surgery,1,1,0,0,0,1,Plastic & Reconstructive Surgery,False,False
380,polytrauma,1,1,0,0,0,0,Polytrauma,False,False
381,burns,2,2,0,0,0,1,Burns Management,False,True
381,emergency_room,41,36,5,0,0,33,Emergency Room Packages,False,True
381,ent,14,14,0,0,0,12,Otorhinolaryngology (ENT),False,True
381,general_medicine,44,36,8,0,0,33,General Medicine,False,True
381,general_surgery,41,36,5,0,0,33,General Surgery,False,True
381,medical_oncology,1,1,0,0,0,0,Medical Oncology,False,True
381,mental_disorders,1,1,0,0,0,0,Mental Disorders,False,True
381,neonatal,2,1,1,0,0,0,Neo-natal Care,False,True
381,obgyn,41,36,5,0,0,33,Obstetrics & Gynaecology,False,True
381,ophthalmology,2,1,1,0,0,0,Ophthalmology,False,True
381,oral_maxillofacial,4,4,0,0,0,3,Oral & Maxillofacial Surgery,False,True
381,orthopaedics,11,7,4,0,0,5,Orthopaedics,False,True
381,paediatric_medicine,25,22,3,0,0,20,Paediatric Medical Management,False,True
381,paediatric_surgery,2,2,0,0,0,0,Paediatric Surgery,False,True
381,plastic_surgery,1,1,0,0,0,1,Plastic & Reconstructive Surgery,False,True
381,surgical_oncology,1,1,0,0,0,0,Surgical Oncology,False,True
382,burns,1,1,0,0,0,0,Burns Management,False,False
382,cardiology,1,1,0,0,0,0,Cardiology,True,False
382,emergency_room,35,26,9,0,0,17,Emergency Room Packages,False,False
382,ent,4,1,3,0,0,0,Otorhinolaryngology (ENT),False,False
382,general_medicine,36,26,10,0,0,17,General Medicine,False,False
382,general_surgery,34,25,9,0,0,16,General Surgery,False,False
382,interventional_neuroradiology,1,0,1,0,0,0,Interventional Neuroradiology,True,False
382,mental_disorders,1,1,0,0,0,0,Mental Disorders,False,False
382,neonatal,7,0,7,0,0,0,Neo-natal Care,False,False
382,neurosurgery,2,0,2,0,0,0,Neurosurgery,True,False
382,obgyn,35,26,9,0,0,17,Obstetrics & Gynaecology,False,False
382,ophthalmology,2,1,1,0,0,0,Ophthalmology,False,False
382,oral_maxillofacial,5,2,3,0,0,1,Oral & Maxillofacial Surgery,False,False
382,orthopaedics,10,2,8,0,0,1,Orthopaedics,False,False
382,paediatric_medicine,13,5,8,0,0,4,Paediatric Medical Management,False,False
382,paediatric_surgery,2,0,2,0,0,0,Paediatric Surgery,False,False
382,plastic_surgery,1,1,0,0,0,0,Plastic & Reconstructive Surgery,False,False
382,polytrauma,1,0,1,0,0,0,Polytrauma,False,False
382,urology,4,0,4,0,0,0,Urology,False,False
383,burns,3,2,0,0,1,1,Burns Management,False,True
383,cardiology,2,2,0,0,0,0,Cardiology,True,True
383,emergency_room,55,43,8,1,3,37,Emergency Room Packages,False,True
383,ent,5,1,2,1,1,0,Otorhinolaryngology (ENT),False,True
383,general_medicine,58,45,9,1,3,39,General Medicine,False,True
383,general_surgery,24,9,12,1,2,7,General Surgery,False,True
383,interventional_neuroradiology,1,0,1,0,0,0,Interventional Neuroradiology,True,True
383,medical_oncology,1,1,0,0,0,0,Medical Oncology,False,True
383,mental_disorders,2,1,0,0,1,0,Mental Disorders,False,True
383,neonatal,12,1,10,0,1,0,Neo-natal Care,False,True
383,neurosurgery,2,1,1,0,0,0,Neurosurgery,True,True
383,obgyn,62,47,13,1,1,41,Obstetrics & Gynaecology,False,True
383,ophthalmology,7,5,0,0,2,4,Ophthalmology,False,True
383,oral_maxillofacial,8,7,0,0,1,6,Oral & Maxillofacial Surgery,False,True
383,orthopaedics,15,2,9,1,3,1,Orthopaedics,False,True
383,paediatric_medicine,16,3,10,1,2,1,Paediatric Medical Management,False,True
383,paediatric_surgery,2,2,0,0,0,0,Paediatric Surgery,False,True
383,plastic_surgery,1,1,0,0,0,1,Plastic & Reconstructive Surgery,False,True
383,polytrauma,5,1,3,0,1,0,Polytrauma,False,True
383,radiation_oncology,1,1,0,0,0,0,Radiation Oncology,True,True
383,urology,1,1,0,0,0,0,Urology,False,True
384,cardiology,1,1,0,0,0,1,Cardiology,True,False
384,emergency_room,17,16,0,0,1,15,Emergency Room Packages,False,False
384,ent,1,1,0,0,0,0,Otorhinolaryngology (ENT),False,False
384,general_medicine,17,16,0,0,1,15,General Medicine,False,False
384,general_surgery,5,5,0,0,0,4,General Surgery,False,False
384,obgyn,16,16,0,0,0,15,Obstetrics & Gynaecology,False,False
384,ophthalmology,4,3,0,0,1,2,Ophthalmology,False,False
384,oral_maxillofacial,3,3,0,0,0,2,Oral & Maxillofacial Surgery,False,False
384,orthopaedics,2,2,0,0,0,1,Orthopaedics,False,False
384,paediatric_medicine,4,4,0,0,0,3,Paediatric Medical Management,False,False
384,polytrauma,3,2,0,0,1,2,Polytrauma,False,False
385,burns,1,1,0,0,0,0,Burns Management,False,True
385,cardiology,1,1,0,0,0,0,Cardiology,True,True
385,emergency_room,45,30,14,1,0,28,Emergency Room Packages,False,True
385,ent,4,1,3,0,0,0,Otorhinolaryngology (ENT),False,True
385,general_medicine,58,34,22,2,0,32,General Medicine,False,True
385,general_surgery,25,4,20,1,0,2,General Surgery,False,True
385,interventional_neuroradiology,2,0,2,0,0,0,Interventional Neuroradiology,True,True
385,medical_oncology,2,1,1,0,0,0,Medical Oncology,False,True
385,mental_disorders,1,1,0,0,0,0,Mental Disorders,False,True
385,neonatal,12,2,10,0,0,1,Neo-natal Care,False,True
385,neurosurgery,2,0,2,0,0,0,Neurosurgery,True,True
385,obgyn,32,14,17,1,0,12,Obstetrics & Gynaecology,False,True
385,ophthalmology,2,2,0,0,0,1,Ophthalmology,False,True
385,oral_maxillofacial,4,0,4,0,0,0,Oral & Maxillofacial Surgery,False,True
385,orthopaedics,16,1,15,0,0,0,Orthopaedics,False,True
385,paediatric_medicine,10,1,9,0,0,0,Paediatric Medical Management,False,True
385,plastic_surgery,1,0,1,0,0,0,Plastic & Reconstructive Surgery,False,True
385,polytrauma,6,1,5,0,0,0,Polytrauma,False,True
385,surgical_oncology,1,0,1,0,0,0,Surgical Oncology,False,True
385,urology,5,0,5,0,0,0,Urology,False,True
386,burns,6,3,2,1,0,0,Burns Management,False,False
386,cardiology,4,2,1,1,0,0,Cardiology,True,False
386,ctvs,1,0,0,1,0,0,Cardio-thoracic & Vascular Surgery,True,False
386,emergency_room,64,56,7,1,0,50,Emergency Room Packages,False,False
386,ent,19,12,6,1,0,7,Otorhinolaryngology (ENT),False,False
386,general_medicine,73,58,14,1,0,50,General Medicine,False,False
386,general_surgery,80,58,21,1,0,50,General Surgery,False,False
386,interventional_neuroradiology,2,0,1,1,0,0,Interventional Neuroradiology,True,False
386,medical_oncology,7,7,0,0,0,4,Medical Oncology,False,False
386,mental_disorders,1,1,0,0,0,0,Mental Disorders,False,False
386,neonatal,9,3,5,1,0,0,Neo-natal Care,False,False
386,neurosurgery,5,2,2,1,0,0,Neurosurgery,True,False
386,obgyn,72,58,13,1,0,50,Obstetrics & Gynaecology,False,False
386,ophthalmology,19,13,5,1,0,7,Ophthalmology,False,False
386,oral_maxillofacial,18,13,4,1,0,7,Oral & Maxillofacial Surgery,False,False
386,orthopaedics,29,14,14,1,0,8,Orthopaedics,False,False
386,paediatric_medicine,24,13,10,1,0,8,Paediatric Medical Management,False,False
386,paediatric_surgery,10,2,7,1,0,0,Paediatric Surgery,False,False
386,plastic_surgery,3,1,1,1,0,0,Plastic & Reconstructive Surgery,False,False
386,polytrauma,4,1,2,1,0,0,Polytrauma,False,False
386,surgical_oncology,9,8,1,0,0,4,Surgical Oncology,False,False
386,urology,10,3,6,1,0,0,Urology,False,False
387,burns,42,3,36,3,0,0,Burns Management,False,False
387,cardiology,28,5,19,4,0,1,Cardiology,True,False
387,ctvs,20,3,13,4,0,0,Cardio-thoracic & Vascular Surgery,True,False
387,emergency_room,169,52,107,9,1,29,Emergency Room Packages,False,False
387,ent,79,4,68,6,1,1,Otorhinolaryngology (ENT),False,False
387,general_medicine,208,52,143,11,2,29,General Medicine,False,False
387,general_surgery,205,36,157,11,1,22,General Surgery,False,False
387,interventional_neuroradiology,40,2,35,3,0,0,Interventional Neuroradiology,True,False
387,medical_oncology,49,4,41,4,0,1,Medical Oncology,False,False
387,mental_disorders,1,1,0,0,0,0,Mental Disorders,False,False
387,neonatal,62,4,52,6,0,0,Neo-natal Care,False,False
387,neurosurgery,82,5,69,8,0,1,Neurosurgery,True,False
387,obgyn,198,49,137,10,2,27,Obstetrics & Gynaecology,False,False
387,ophthalmology,55,5,46,3,1,1,Ophthalmology,False,False
387,oral_maxillofacial,68,6,55,7,0,3,Oral & Maxillofacial Surgery,False,False
387,orthopaedics,166,6,151,8,1,2,Orthopaedics,False,False
387,paediatric_cancer,14,2,9,3,0,0,Paediatric Cancer,False,False
387,paediatric_medicine,100,9,82,7,2,2,Paediatric Medical Management,False,False
387,paediatric_surgery,47,5,37,5,0,0,Paediatric Surgery,False,False
387,plastic_surgery,53,3,44,6,0,0,Plastic & Reconstructive Surgery,False,False
387,polytrauma,70,4,60,6,0,0,Polytrauma,False,False
387,radiation_oncology,13,1,10,2,0,0,Radiation Oncology,True,False
387,surgical_oncology,44,2,38,4,0,0,Surgical Oncology,False,False
387,urology,82,5,73,4,0,1,Urology,False,False
388,burns,8,3,5,0,0,3,Burns Management,False,True
388,cardiology,1,0,1,0,0,0,Cardiology,True,True
388,ctvs,1,0,1,0,0,0,Cardio-thoracic & Vascular Surgery,True,True
388,emergency_room,46,30,15,1,0,27,Emergency Room Packages,False,True
388,ent,20,5,15,0,0,5,Otorhinolaryngology (ENT),False,True
388,general_medicine,52,30,20,2,0,27,General Medicine,False,True
388,general_surgery,27,6,19,2,0,5,General Surgery,False,True
388,interventional_neuroradiology,1,0,1,0,0,0,Interventional Neuroradiology,True,True
388,medical_oncology,5,0,5,0,0,0,Medical Oncology,False,True
388,mental_disorders,1,1,0,0,0,0,Mental Disorders,False,True
388,neonatal,41,25,15,1,0,23,Neo-natal Care,False,True
388,neurosurgery,7,0,7,0,0,0,Neurosurgery,True,True
388,obgyn,52,31,20,1,0,29,Obstetrics & Gynaecology,False,True
388,ophthalmology,9,4,3,2,0,3,Ophthalmology,False,True
388,oral_maxillofacial,13,2,10,1,0,2,Oral & Maxillofacial Surgery,False,True
388,orthopaedics,21,2,19,0,0,1,Orthopaedics,False,True
388,paediatric_cancer,3,0,3,0,0,0,Paediatric Cancer,False,True
388,paediatric_medicine,50,29,20,1,0,27,Paediatric Medical Management,False,True
388,paediatric_surgery,10,1,8,1,0,0,Paediatric Surgery,False,True
388,plastic_surgery,11,3,7,1,0,3,Plastic & Reconstructive Surgery,False,True
388,polytrauma,8,0,8,0,0,0,Polytrauma,False,True
388,radiation_oncology,1,0,1,0,0,0,Radiation Oncology,True,True
388,surgical_oncology,6,0,5,1,0,0,Surgical Oncology,False,True
388,urology,14,0,13,1,0,0,Urology,False,True
389,burns,8,1,7,0,0,0,Burns Management,False,False
389,cardiology,6,2,4,0,0,1,Cardiology,True,False
389,emergency_room,52,33,18,1,0,32,Emergency Room Packages,False,False
389,ent,12,2,10,0,0,1,Otorhinolaryngology (ENT),False,False
389,general_medicine,56,34,21,1,0,33,General Medicine,False,False
389,general_surgery,31,9,21,1,0,8,General Surgery,False,False
389,interventional_neuroradiology,1,0,1,0,0,0,Interventional Neuroradiology,True,False
389,medical_oncology,5,0,5,0,0,0,Medical Oncology,False,False
389,mental_disorders,1,1,0,0,0,0,Mental Disorders,False,False
389,neonatal,12,1,11,0,0,0,Neo-natal Care,False,False
389,neurosurgery,2,0,2,0,0,0,Neurosurgery,True,False
389,obgyn,42,24,17,1,0,23,Obstetrics & Gynaecology,False,False
389,ophthalmology,12,3,9,0,0,2,Ophthalmology,False,False
389,oral_maxillofacial,19,4,15,0,0,3,Oral & Maxillofacial Surgery,False,False
389,orthopaedics,22,2,19,1,0,1,Orthopaedics,False,False
389,paediatric_cancer,1,0,1,0,0,0,Paediatric Cancer,False,False
389,paediatric_medicine,28,9,18,1,0,8,Paediatric Medical Management,False,False
389,paediatric_surgery,4,0,4,0,0,0,Paediatric Surgery,False,False
389,plastic_surgery,2,1,1,0,0,0,Plastic & Reconstructive Surgery,False,False
389,polytrauma,9,0,9,0,0,0,Polytrauma,False,False
389,surgical_oncology,1,1,0,0,0,0,Surgical Oncology,False,False
389,urology,5,0,5,0,0,0,Urology,False,False
390,cardiology,1,1,0,0,0,0,Cardiology,True,False
390,emergency_room,8,7,0,0,1,5,Emergency Room Packages,False,False
390,general_medicine,9,7,1,0,1,5,General Medicine,False,False
390,general_surgery,2,1,1,0,0,0,General Surgery,False,False
390,neonatal,2,1,1,0,0,0,Neo-natal Care,False,False
390,obgyn,4,3,1,0,0,1,Obstetrics & Gynaecology,False,False
390,ophthalmology,1,1,0,0,0,0,Ophthalmology,False,False
390,oral_maxillofacial,1,1,0,0,0,0,Oral & Maxillofacial Surgery,False,False
390,orthopaedics,1,1,0,0,0,0,Orthopaedics,False,False
390,paediatric_medicine,1,1,0,0,0,0,Paediatric Medical Management,False,False
390,urology,1,1,0,0,0,0,Urology,False,False
391,emergency_room,5,5,0,0,0,3,Emergency Room Packages,False,False
391,general_medicine,5,5,0,0,0,3,General Medicine,False,False
391,general_surgery,1,1,0,0,0,0,General Surgery,False,False
391,obgyn,3,3,0,0,0,2,Obstetrics & Gynaecology,False,False
391,paediatric_medicine,2,2,0,0,0,1,Paediatric Medical Management,False,False
392,cardiology,1,0,1,0,0,0,Cardiology,True,False
392,emergency_room,10,8,1,0,1,4,Emergency Room Packages,False,False
392,ent,1,1,0,0,0,0,Otorhinolaryngology (ENT),False,False
392,general_medicine,12,9,2,0,1,5,General Medicine,False,False
392,general_surgery,3,1,1,0,1,0,General Surgery,False,False
392,obgyn,4,2,1,0,1,0,Obstetrics & Gynaecology,False,False
392,ophthalmology,1,0,0,0,1,0,Ophthalmology,False,False
392,oral_maxillofacial,2,1,0,0,1,0,Oral & Maxillofacial Surgery,False,False
392,orthopaedics,3,1,2,0,0,0,Orthopaedics,False,False
392,paediatric_medicine,2,1,0,0,1,0,Paediatric Medical Management,False,False
392,paediatric_surgery,1,1,0,0,0,0,Paediatric Surgery,False,False
392,urology,2,0,2,0,0,0,Urology,False,False
393,burns,3,2,1,0,0,1,Burns Management,False,True
393,cardiology,1,1,0,0,0,1,Cardiology,True,True
393,ctvs,1,1,0,0,0,1,Cardio-thoracic & Vascular Surgery,True,True
393,emergency_room,8,6,2,0,0,3,Emergency Room Packages,False,True
393,ent,5,2,2,1,0,1,Otorhinolaryngology (ENT),False,True
393,general_medicine,17,8,6,3,0,5,General Medicine,False,True
393,general_surgery,10,3,6,1,0,2,General Surgery,False,True
393,medical_oncology,4,1,3,0,0,1,Medical Oncology,False,True
393,mental_disorders,1,1,0,0,0,1,Mental Disorders,False,True
393,neonatal,5,4,1,0,0,3,Neo-natal Care,False,True
393,neurosurgery,1,0,1,0,0,0,Neurosurgery,True,True
393,obgyn,10,5,4,1,0,3,Obstetrics & Gynaecology,False,True
393,ophthalmology,2,2,0,0,0,1,Ophthalmology,False,True
393,oral_maxillofacial,7,3,4,0,0,1,Oral & Maxillofacial Surgery,False,True
393,orthopaedics,15,3,9,3,0,2,Orthopaedics,False,True
393,paediatric_cancer,1,1,0,0,0,1,Paediatric Cancer,False,True
393,paediatric_medicine,8,5,2,1,0,4,Paediatric Medical Management,False,True
393,paediatric_surgery,1,1,0,0,0,1,Paediatric Surgery,False,True
393,plastic_surgery,3,2,1,0,0,1,Plastic & Reconstructive Surgery,False,True
393,polytrauma,3,0,2,1,0,0,Polytrauma,False,True
393,radiation_oncology,1,1,0,0,0,1,Radiation Oncology,True,True
393,surgical_oncology,5,1,4,0,0,1,Surgical Oncology,False,True
393,urology,10,1,7,2,0,1,Urology,False,True
394,burns,1,0,0,1,0,0,Burns Management,False,False
394,cardiology,2,0,1,1,0,0,Cardiology,True,False
394,emergency_room,14,11,2,1,0,10,Emergency Room Packages,False,False
394,ent,2,0,1,1,0,0,Otorhinolaryngology (ENT),False,False
394,general_medicine,18,11,6,1,0,10,General Medicine,False,False
394,general_surgery,6,1,4,1,0,0,General Surgery,False,False
394,interventional_neuroradiology,2,0,1,1,0,0,Interventional Neuroradiology,True,False
394,medical_oncology,1,0,0,1,0,0,Medical Oncology,False,False
394,neonatal,2,0,1,1,0,0,Neo-natal Care,False,False
394,neurosurgery,2,0,1,1,0,0,Neurosurgery,True,False
394,obgyn,7,5,1,1,0,4,Obstetrics & Gynaecology,False,False
394,ophthalmology,2,1,0,1,0,0,Ophthalmology,False,False
394,oral_maxillofacial,1,0,0,1,0,0,Oral & Maxillofacial Surgery,False,False
394,orthopaedics,9,1,6,1,1,0,Orthopaedics,False,False
394,paediatric_cancer,1,0,0,1,0,0,Paediatric Cancer,False,False
394,paediatric_medicine,3,1,1,1,0,0,Paediatric Medical Management,False,False
394,paediatric_surgery,1,0,0,1,0,0,Paediatric Surgery,False,False
394,plastic_surgery,1,0,0,1,0,0,Plastic & Reconstructive Surgery,False,False
394,polytrauma,2,0,1,1,0,0,Polytrauma,False,False
394,radiation_oncology,1,0,0,1,0,0,Radiation Oncology,True,False
394,surgical_oncology,1,0,0,1,0,0,Surgical Oncology,False,False
394,urology,5,0,4,1,0,0,Urology,False,False
395,burns,2,1,0,1,0,0,Burns Management,False,False
395,emergency_room,11,10,0,1,0,8,Emergency Room Packages,False,False
395,ent,1,1,0,0,0,0,Otorhinolaryngology (ENT),False,False
395,general_medicine,11,10,0,1,0,8,General Medicine,False,False
395,general_surgery,2,1,0,1,0,0,General Surgery,False,False
395,mental_disorders,1,1,0,0,0,0,Mental Disorders,False,False
395,neonatal,1,1,0,0,0,0,Neo-natal Care,False,False
395,neurosurgery,1,0,0,1,0,0,Neurosurgery,True,False
395,obgyn,6,6,0,0,0,5,Obstetrics & Gynaecology,False,False
395,ophthalmology,1,1,0,0,0,0,Ophthalmology,False,False
395,oral_maxillofacial,2,2,0,0,0,1,Oral & Maxillofacial Surgery,False,False
395,orthopaedics,2,1,0,1,0,0,Orthopaedics,False,False
395,paediatric_medicine,1,1,0,0,0,0,Paediatric Medical Management,False,False
395,plastic_surgery,2,1,0,1,0,0,Plastic & Reconstructive Surgery,False,False
395,polytrauma,2,1,0,1,0,0,Polytrauma,False,False
395,urology,1,0,0,1,0,0,Urology,False,False
396,burns,39,2,32,5,0,0,Burns Management,False,False
396,cardiology,30,4,23,3,0,0,Cardiology,True,False
396,ctvs,18,3,12,3,0,0,Cardio-thoracic & Vascular Surgery,True,False
396,emergency_room,79,11,59,7,2,2,Emergency Room Packages,False,False
396,ent,41,6,28,6,1,0,Otorhinolaryngology (ENT),False,False
396,general_medicine,118,12,96,8,2,2,General Medicine,False,False
396,general_surgery,124,11,104,7,2,2,General Surgery,False,False
396,interventional_neuroradiology,30,3,23,4,0,0,Interventional Neuroradiology,True,False
396,medical_oncology,23,2,17,4,0,0,Medical Oncology,False,False
396,mental_disorders,5,4,0,0,1,0,Mental Disorders,False,False
396,neonatal,25,3,19,3,0,0,Neo-natal Care,False,False
396,neurosurgery,63,4,54,5,0,0,Neurosurgery,True,False
396,obgyn,83,11,64,6,2,3,Obstetrics & Gynaecology,False,False
396,ophthalmology,36,10,17,7,2,0,Ophthalmology,False,False
396,oral_maxillofacial,34,5,22,5,2,0,Oral & Maxillofacial Surgery,False,False
396,orthopaedics,141,8,123,9,1,0,Orthopaedics,False,False
396,paediatric_cancer,10,2,5,3,0,0,Paediatric Cancer,False,False
396,paediatric_medicine,67,13,47,6,1,3,Paediatric Medical Management,False,False
396,paediatric_surgery,28,3,22,3,0,0,Paediatric Surgery,False,False
396,plastic_surgery,55,2,46,7,0,0,Plastic & Reconstructive Surgery,False,False
396,polytrauma,58,3,50,5,0,0,Polytrauma,False,False
396,radiation_oncology,9,2,3,4,0,0,Radiation Oncology,True,False
396,surgical_oncology,40,3,32,5,0,0,Surgical Oncology,False,False
396,urology,100,4,89,7,0,0,Urology,False,False
397,cardiology,1,0,1,0,0,0,Cardiology,True,False
397,emergency_room,11,5,6,0,0,4,Emergency Room Packages,False,False
397,ent,1,0,1,0,0,0,Otorhinolaryngology (ENT),False,False
397,general_medicine,11,5,6,0,0,4,General Medicine,False,False
397,general_surgery,9,1,8,0,0,0,General Surgery,False,False
397,interventional_neuroradiology,1,0,1,0,0,0,Interventional Neuroradiology,True,False
397,medical_oncology,1,0,1,0,0,0,Medical Oncology,False,False
397,neonatal,3,0,3,0,0,0,Neo-natal Care,False,False
397,neurosurgery,2,0,2,0,0,0,Neurosurgery,True,False
397,obgyn,10,5,5,0,0,4,Obstetrics & Gynaecology,False,False
397,ophthalmology,3,1,2,0,0,0,Ophthalmology,False,False
397,oral_maxillofacial,3,1,2,0,0,0,Oral & Maxillofacial Surgery,False,False
397,orthopaedics,9,1,8,0,0,0,Orthopaedics,False,False
397,paediatric_cancer,1,0,1,0,0,0,Paediatric Cancer,False,False
397,paediatric_medicine,5,1,4,0,0,0,Paediatric Medical Management,False,False
397,paediatric_surgery,1,0,1,0,0,0,Paediatric Surgery,False,False
397,plastic_surgery,2,0,2,0,0,0,Plastic & Reconstructive Surgery,False,False
397,polytrauma,2,0,2,0,0,0,Polytrauma,False,False
397,urology,2,0,2,0,0,0,Urology,False,False
398,emergency_room,12,11,1,0,0,9,Emergency Room Packages,False,True
398,ent,1,1,0,0,0,0,Otorhinolaryngology (ENT),False,True
398,general_medicine,12,11,1,0,0,9,General Medicine,False,True
398,general_surgery,4,3,1,0,0,2,General Surgery,False,True
398,neonatal,2,1,1,0,0,0,Neo-natal Care,False,True
398,neurosurgery,1,0,1,0,0,0,Neurosurgery,True,True
398,obgyn,3,3,0,0,0,2,Obstetrics & Gynaecology,False,True
398,ophthalmology,2,2,0,0,0,1,Ophthalmology,False,True
398,oral_maxillofacial,1,0,1,0,0,0,Oral & Maxillofacial Surgery,False,True
398,orthopaedics,4,3,1,0,0,2,Orthopaedics,False,True
398,paediatric_medicine,6,5,1,0,0,4,Paediatric Medical Management,False,True
398,paediatric_surgery,1,0,1,0,0,0,Paediatric Surgery,False,True
398,polytrauma,1,0,1,0,0,0,Polytrauma,False,True
399,burns,2,1,1,0,0,0,Burns Management,False,False
399,cardiology,3,1,2,0,0,0,Cardiology,True,False
399,ctvs,2,2,0,0,0,0,Cardio-thoracic & Vascular Surgery,True,False
399,emergency_room,13,8,4,0,1,4,Emergency Room Packages,False,False
399,ent,5,3,1,0,1,1,Otorhinolaryngology (ENT),False,False
399,general_medicine,15,9,5,0,1,4,General Medicine,False,False
399,general_surgery,9,4,5,0,0,1,General Surgery,False,False
399,interventional_neuroradiology,1,1,0,0,0,0,Interventional Neuroradiology,True,False
399,medical_oncology,3,1,2,0,0,0,Medical Oncology,False,False
399,mental_disorders,1,1,0,0,0,0,Mental Disorders,False,False
399,neonatal,3,2,1,0,0,0,Neo-natal Care,False,False
399,neurosurgery,2,1,1,0,0,0,Neurosurgery,True,False
399,obgyn,12,9,2,0,1,4,Obstetrics & Gynaecology,False,False
399,ophthalmology,4,3,0,0,1,0,Ophthalmology,False,False
399,oral_maxillofacial,6,1,4,0,1,0,Oral & Maxillofacial Surgery,False,False
399,orthopaedics,12,3,8,0,1,0,Orthopaedics,False,False
399,paediatric_cancer,1,1,0,0,0,0,Paediatric Cancer,False,False
399,paediatric_medicine,10,6,3,0,1,1,Paediatric Medical Management,False,False
399,paediatric_surgery,2,2,0,0,0,0,Paediatric Surgery,False,False
399,plastic_surgery,2,1,1,0,0,0,Plastic & Reconstructive Surgery,False,False
399,polytrauma,4,1,3,0,0,0,Polytrauma,False,False
399,radiation_oncology,1,1,0,0,0,0,Radiation Oncology,True,False
399,surgical_oncology,3,1,2,0,0,0,Surgical Oncology,False,False
399,urology,8,1,7,0,0,0,Urology,False,False
400,cardiology,1,0,1,0,0,0,Cardiology,True,True
400,emergency_room,8,8,0,0,0,5,Emergency Room Packages,False,True
400,ent,1,1,0,0,0,0,Otorhinolaryngology (ENT),False,True
400,general_medicine,9,8,1,0,0,5,General Medicine,False,True
400,general_surgery,4,4,0,0,0,2,General Surgery,False,True
400,mental_disorders,1,1,0,0,0,0,Mental Disorders,False,True
400,neonatal,1,1,0,0,0,0,Neo-natal Care,False,True
400,obgyn,7,6,1,0,0,4,Obstetrics & Gynaecology,False,True
400,ophthalmology,1,1,0,0,0,0,Ophthalmology,False,True
400,oral_maxillofacial,1,1,0,0,0,0,Oral & Maxillofacial Surgery,False,True
400,orthopaedics,3,2,1,0,0,1,Orthopaedics,False,True
400,paediatric_medicine,6,6,0,0,0,4,Paediatric Medical Management,False,True
401,cardiology,1,1,0,0,0,0,Cardiology,True,False
401,emergency_room,7,6,1,0,0,3,Emergency Room Packages,False,False
401,ent,2,2,0,0,0,0,Otorhinolaryngology (ENT),False,False
401,general_medicine,7,6,1,0,0,3,General Medicine,False,False
401,general_surgery,4,3,1,0,0,1,General Surgery,False,False
401,neonatal,1,1,0,0,0,0,Neo-natal Care,False,False
401,neurosurgery,1,1,0,0,0,0,Neurosurgery,True,False
401,obgyn,5,5,0,0,0,3,Obstetrics & Gynaecology,False,False
401,ophthalmology,2,2,0,0,0,0,Ophthalmology,False,False
401,oral_maxillofacial,2,2,0,0,0,0,Oral & Maxillofacial Surgery,False,False
401,orthopaedics,3,2,1,0,0,0,Orthopaedics,False,False
401,paediatric_medicine,2,2,0,0,0,0,Paediatric Medical Management,False,False
401,paediatric_surgery,1,1,0,0,0,0,Paediatric Surgery,False,False
401,polytrauma,1,1,0,0,0,0,Polytrauma,False,False
401,urology,1,0,1,0,0,0,Urology,False,False
402,burns,1,0,0,1,0,0,Burns Management,False,False
402,cardiology,1,0,0,1,0,0,Cardiology,True,False
402,ctvs,1,0,0,1,0,0,Cardio-thoracic & Vascular Surgery,True,False
402,emergency_room,13,10,2,1,0,8,Emergency Room Packages,False,False
402,ent,6,2,3,1,0,1,Otorhinolaryngology (ENT),False,False
402,general_medicine,15,10,4,1,0,8,General Medicine,False,False
402,general_surgery,7,2,4,1,0,1,General Surgery,False,False
402,interventional_neuroradiology,1,0,0,1,0,0,Interventional Neuroradiology,True,False
402,medical_oncology,1,0,0,1,0,0,Medical Oncology,False,False
402,mental_disorders,1,1,0,0,0,1,Mental Disorders,False,False
402,neonatal,7,6,0,1,0,5,Neo-natal Care,False,False
402,neurosurgery,2,0,1,1,0,0,Neurosurgery,True,False
402,obgyn,13,9,3,1,0,8,Obstetrics & Gynaecology,False,False
402,ophthalmology,1,0,0,1,0,0,Ophthalmology,False,False
402,oral_maxillofacial,3,0,2,1,0,0,Oral & Maxillofacial Surgery,False,False
402,orthopaedics,8,1,6,1,0,0,Orthopaedics,False,False
402,paediatric_cancer,1,0,0,1,0,0,Paediatric Cancer,False,False
402,paediatric_medicine,11,8,2,1,0,6,Paediatric Medical Management,False,False
402,paediatric_surgery,3,0,2,1,0,0,Paediatric Surgery,False,False
402,plastic_surgery,2,0,1,1,0,0,Plastic & Reconstructive Surgery,False,False
402,polytrauma,2,1,0,1,0,1,Polytrauma,False,False
402,radiation_oncology,1,0,0,1,0,0,Radiation Oncology,True,False
402,surgical_oncology,2,0,1,1,0,0,Surgical Oncology,False,False
402,urology,6,0,5,1,0,0,Urology,False,False
403,burns,3,3,0,0,0,2,Burns Management,False,False
403,emergency_room,5,5,0,0,0,3,Emergency Room Packages,False,False
403,general_medicine,16,13,2,1,0,10,General Medicine,False,False
403,general_surgery,10,7,3,0,0,4,General Surgery,False,False
403,neonatal,3,3,0,0,0,2,Neo-natal Care,False,False
403,obgyn,14,9,4,1,0,6,Obstetrics & Gynaecology,False,False
403,ophthalmology,3,3,0,0,0,2,Ophthalmology,False,False
403,oral_maxillofacial,3,2,1,0,0,0,Oral & Maxillofacial Surgery,False,False
403,orthopaedics,8,2,5,1,0,0,Orthopaedics,False,False
403,paediatric_medicine,4,3,1,0,0,2,Paediatric Medical Management,False,False
403,polytrauma,1,1,0,0,0,1,Polytrauma,False,False
403,surgical_oncology,1,0,1,0,0,0,Surgical Oncology,False,False
403,urology,2,0,2,0,0,0,Urology,False,False
404,emergency_room,9,8,1,0,0,7,Emergency Room Packages,False,False
404,general_medicine,9,8,1,0,0,7,General Medicine,False,False
404,general_surgery,1,1,0,0,0,0,General Surgery,False,False
404,obgyn,6,6,0,0,0,5,Obstetrics & Gynaecology,False,False
404,orthopaedics,1,1,0,0,0,0,Orthopaedics,False,False
404,paediatric_medicine,4,4,0,0,0,3,Paediatric Medical Management,False,False
405,burns,2,2,0,0,0,0,Burns Management,False,True
405,cardiology,2,1,1,0,0,0,Cardiology,True,True
405,emergency_room,8,8,0,0,0,3,Emergency Room Packages,False,True
405,ent,3,2,1,0,0,0,Otorhinolaryngology (ENT),False,True
405,general_medicine,12,10,2,0,0,3,General Medicine,False,True
405,general_surgery,6,2,4,0,0,0,General Surgery,False,True
405,medical_oncology,1,1,0,0,0,0,Medical Oncology,False,True
405,neonatal,3,3,0,0,0,1,Neo-natal Care,False,True
405,obgyn,14,10,4,0,0,3,Obstetrics & Gynaecology,False,True
405,ophthalmology,2,2,0,0,0,0,Ophthalmology,False,True
405,orthopaedics,7,3,4,0,0,0,Orthopaedics,False,True
405,paediatric_medicine,5,5,0,0,0,1,Paediatric Medical Management,False,True
405,paediatric_surgery,1,1,0,0,0,0,Paediatric Surgery,False,True
405,plastic_surgery,1,1,0,0,0,0,Plastic & Reconstructive Surgery,False,True
405,polytrauma,2,1,1,0,0,0,Polytrauma,False,True
405,radiation_oncology,1,1,0,0,0,0,Radiation Oncology,True,True
405,surgical_oncology,2,1,1,0,0,0,Surgical Oncology,False,True
405,urology,2,0,2,0,0,0,Urology,False,True
406,burns,1,1,0,0,0,0,Burns Management,False,True
406,emergency_room,8,6,2,0,0,4,Emergency Room Packages,False,True
406,ent,4,1,3,0,0,0,Otorhinolaryngology (ENT),False,True
406,general_medicine,8,6,2,0,0,4,General Medicine,False,True
406,general_surgery,4,1,3,0,0,0,General Surgery,False,True
406,medical_oncology,1,1,0,0,0,0,Medical Oncology,False,True
406,mental_disorders,1,1,0,0,0,0,Mental Disorders,False,True
406,neonatal,1,1,0,0,0,0,Neo-natal Care,False,True
406,obgyn,2,1,1,0,0,0,Obstetrics & Gynaecology,False,True
406,ophthalmology,2,1,1,0,0,0,Ophthalmology,False,True
406,oral_maxillofacial,4,2,2,0,0,0,Oral & Maxillofacial Surgery,False,True
406,orthopaedics,4,1,3,0,0,0,Orthopaedics,False,True
406,paediatric_medicine,4,4,0,0,0,2,Paediatric Medical Management,False,True
406,paediatric_surgery,1,0,1,0,0,0,Paediatric Surgery,False,True
406,plastic_surgery,1,1,0,0,0,0,Plastic & Reconstructive Surgery,False,True
406,polytrauma,1,1,0,0,0,0,Polytrauma,False,True
406,urology,1,1,0,0,0,0,Urology,False,True
407,burns,16,1,12,3,0,0,Burns Management,False,False
407,cardiology,10,1,7,2,0,0,Cardiology,True,False
407,ctvs,3,1,1,1,0,0,Cardio-thoracic & Vascular Surgery,True,False
407,emergency_room,27,6,16,4,1,0,Emergency Room Packages,False,False
407,ent,14,4,9,1,0,0,Otorhinolaryngology (ENT),False,False
407,general_medicine,39,5,27,6,1,0,General Medicine,False,False
407,general_surgery,57,4,45,7,1,0,General Surgery,False,False
407,interventional_neuroradiology,9,2,6,1,0,0,Interventional Neuroradiology,True,False
407,medical_oncology,11,1,7,3,0,0,Medical Oncology,False,False
407,mental_disorders,2,2,0,0,0,0,Mental Disorders,False,False
407,neonatal,14,4,8,2,0,0,Neo-natal Care,False,False
407,neurosurgery,37,2,30,5,0,0,Neurosurgery,True,False
407,obgyn,30,7,18,4,1,0,Obstetrics & Gynaecology,False,False
407,ophthalmology,16,4,10,2,0,0,Ophthalmology,False,False
407,oral_maxillofacial,20,2,15,2,1,0,Oral & Maxillofacial Surgery,False,False
407,orthopaedics,47,4,36,6,1,0,Orthopaedics,False,False
407,paediatric_cancer,1,1,0,0,0,0,Paediatric Cancer,False,False
407,paediatric_medicine,18,4,10,3,1,0,Paediatric Medical Management,False,False
407,paediatric_surgery,12,3,8,1,0,0,Paediatric Surgery,False,False
407,plastic_surgery,19,1,15,3,0,0,Plastic & Reconstructive Surgery,False,False
407,polytrauma,21,2,16,3,0,0,Polytrauma,False,False
407,radiation_oncology,5,1,2,2,0,0,Radiation Oncology,True,False
407,surgical_oncology,17,1,14,2,0,0,Surgical Oncology,False,False
407,urology,48,2,40,6,0,0,Urology,False,False
408,cardiology,2,1,1,0,0,0,Cardiology,True,False
408,emergency_room,6,5,1,0,0,4,Emergency Room Packages,False,False
408,general_medicine,8,5,3,0,0,4,General Medicine,False,False
408,general_surgery,3,1,2,0,0,0,General Surgery,False,False
408,medical_oncology,1,1,0,0,0,0,Medical Oncology,False,False
408,neonatal,1,1,0,0,0,0,Neo-natal Care,False,False
408,neurosurgery,2,1,1,0,0,0,Neurosurgery,True,False
408,obgyn,2,1,1,0,0,0,Obstetrics & Gynaecology,False,False
408,oral_maxillofacial,1,1,0,0,0,0,Oral & Maxillofacial Surgery,False,False
408,orthopaedics,6,1,5,0,0,0,Orthopaedics,False,False
408,paediatric_medicine,1,1,0,0,0,0,Paediatric Medical Management,False,False
408,polytrauma,2,1,1,0,0,0,Polytrauma,False,False
408,urology,1,1,0,0,0,0,Urology,False,False
409,burns,2,1,1,0,0,1,Burns Management,False,False
409,cardiology,2,1,1,0,0,1,Cardiology,True,False
409,emergency_room,12,9,2,1,0,7,Emergency Room Packages,False,False
409,ent,3,2,1,0,0,1,Otorhinolaryngology (ENT),False,False
409,general_medicine,16,9,5,2,0,7,General Medicine,False,False
409,general_surgery,9,4,4,1,0,2,General Surgery,False,False
409,interventional_neuroradiology,2,0,2,0,0,0,Interventional Neuroradiology,True,False
409,medical_oncology,1,0,1,0,0,0,Medical Oncology,False,False
409,neonatal,6,3,3,0,0,1,Neo-natal Care,False,False
409,neurosurgery,2,0,2,0,0,0,Neurosurgery,True,False
409,obgyn,11,7,4,0,0,5,Obstetrics & Gynaecology,False,False
409,ophthalmology,1,1,0,0,0,0,Ophthalmology,False,False
409,oral_maxillofacial,3,2,1,0,0,1,Oral & Maxillofacial Surgery,False,False
409,orthopaedics,10,3,6,1,0,2,Orthopaedics,False,False
409,paediatric_medicine,6,3,3,0,0,1,Paediatric Medical Management,False,False
409,plastic_surgery,2,1,1,0,0,1,Plastic & Reconstructive Surgery,False,False
409,polytrauma,3,1,2,0,0,0,Polytrauma,False,False
409,radiation_oncology,1,0,1,0,0,0,Radiation Oncology,True,False
409,surgical_oncology,1,0,1,0,0,0,Surgical Oncology,False,False
409,urology,2,1,1,0,0,0,Urology,False,False
410,burns,7,2,3,2,0,0,Burns Management,False,False
410,cardiology,19,2,11,5,0,0,Cardiology,True,False
410,ctvs,14,1,9,4,0,0,Cardio-thoracic & Vascular Surgery,True,False
410,emergency_room,19,8,7,4,0,3,Emergency Room Packages,False,False
410,ent,18,3,11,3,0,0,Otorhinolaryngology (ENT),False,False
410,general_medicine,34,12,14,7,0,3,General Medicine,False,False
410,general_surgery,36,7,20,8,0,3,General Surgery,False,False
410,interventional_neuroradiology,5,2,2,1,0,0,Interventional Neuroradiology,True,False
410,medical_oncology,22,3,14,4,0,0,Medical Oncology,False,False
410,mental_disorders,3,3,0,0,0,0,Mental Disorders,False,False
410,neonatal,12,3,5,3,0,0,Neo-natal Care,False,False
410,neurosurgery,13,2,8,3,0,0,Neurosurgery,True,False
410,obgyn,30,12,11,6,0,5,Obstetrics & Gynaecology,False,False
410,ophthalmology,24,5,13,6,0,0,Ophthalmology,False,False
410,oral_maxillofacial,9,2,3,3,0,0,Oral & Maxillofacial Surgery,False,False
410,orthopaedics,49,4,33,11,0,0,Orthopaedics,False,False
410,paediatric_cancer,5,3,1,1,0,0,Paediatric Cancer,False,False
410,paediatric_medicine,23,7,10,5,0,2,Paediatric Medical Management,False,False
410,paediatric_surgery,15,2,8,4,0,0,Paediatric Surgery,False,False
410,plastic_surgery,12,2,7,3,0,0,Plastic & Reconstructive Surgery,False,False
410,polytrauma,14,2,8,4,0,0,Polytrauma,False,False
410,radiation_oncology,9,3,2,4,0,0,Radiation Oncology,True,False
410,surgical_oncology,19,3,10,6,0,0,Surgical Oncology,False,False
410,urology,34,2,24,7,0,0,Urology,False,False
411,burns,14,1,9,4,0,0,Burns Management,False,False
411,cardiology,15,2,10,3,0,0,Cardiology,True,False
411,ctvs,11,1,8,2,0,0,Cardio-thoracic & Vascular Surgery,True,False
411,emergency_room,22,6,11,4,1,2,Emergency Room Packages,False,False
411,ent,21,4,12,4,1,1,Otorhinolaryngology (ENT),False,False
411,general_medicine,26,8,13,4,1,4,General Medicine,False,False
411,general_surgery,23,4,14,4,1,1,General Surgery,False,False
411,interventional_neuroradiology,12,2,6,4,0,0,Interventional Neuroradiology,True,False
411,medical_oncology,17,2,12,3,0,0,Medical Oncology,False,False
411,mental_disorders,1,1,0,0,0,0,Mental Disorders,False,False
411,neonatal,8,2,5,1,0,0,Neo-natal Care,False,False
411,neurosurgery,22,3,14,5,0,0,Neurosurgery,True,False
411,obgyn,24,7,12,4,1,4,Obstetrics & Gynaecology,False,False
411,ophthalmology,18,2,13,2,1,0,Ophthalmology,False,False
411,oral_maxillofacial,14,1,11,1,1,0,Oral & Maxillofacial Surgery,False,False
411,orthopaedics,21,3,13,4,1,0,Orthopaedics,False,False
411,paediatric_cancer,6,1,3,2,0,0,Paediatric Cancer,False,False
411,paediatric_medicine,21,7,10,4,0,3,Paediatric Medical Management,False,False
411,paediatric_surgery,15,3,10,2,0,0,Paediatric Surgery,False,False
411,plastic_surgery,16,1,11,4,0,0,Plastic & Reconstructive Surgery,False,False
411,polytrauma,14,2,10,2,0,0,Polytrauma,False,False
411,radiation_oncology,3,0,2,1,0,0,Radiation Oncology,True,False
411,surgical_oncology,17,2,12,3,0,0,Surgical Oncology,False,False
411,urology,19,3,13,3,0,0,Urology,False,False
412,emergency_room,8,7,0,1,0,6,Emergency Room Packages,False,False
412,ent,3,3,0,0,0,2,Otorhinolaryngology (ENT),False,False
412,general_medicine,8,7,0,1,0,6,General Medicine,False,False
412,general_surgery,5,4,0,1,0,2,General Surgery,False,False
412,neonatal,3,3,0,0,0,2,Neo-natal Care,False,False
412,obgyn,7,6,0,1,0,5,Obstetrics & Gynaecology,False,False
412,ophthalmology,4,3,0,1,0,2,Ophthalmology,False,False
412,oral_maxillofacial,3,3,0,0,0,2,Oral & Maxillofacial Surgery,False,False
412,orthopaedics,4,3,0,1,0,2,Orthopaedics,False,False
412,paediatric_medicine,4,3,0,1,0,2,Paediatric Medical Management,False,False
412,polytrauma,2,2,0,0,0,2,Polytrauma,False,False
412,urology,1,1,0,0,0,1,Urology,False,False
413,burns,3,1,2,0,0,0,Burns Management,False,False
413,cardiology,1,0,1,0,0,0,Cardiology,True,False
413,emergency_room,12,7,4,1,0,6,Emergency Room Packages,False,False
413,ent,1,0,1,0,0,0,Otorhinolaryngology (ENT),False,False
413,general_medicine,15,7,7,1,0,6,General Medicine,False,False
413,general_surgery,10,1,8,1,0,0,General Surgery,False,False
413,interventional_neuroradiology,1,0,1,0,0,0,Interventional Neuroradiology,True,False
413,neonatal,3,1,2,0,0,0,Neo-natal Care,False,False
413,neurosurgery,1,0,1,0,0,0,Neurosurgery,True,False
413,obgyn,10,3,6,1,0,1,Obstetrics & Gynaecology,False,False
413,ophthalmology,4,1,2,1,0,0,Ophthalmology,False,False
413,oral_maxillofacial,2,0,1,1,0,0,Oral & Maxillofacial Surgery,False,False
413,orthopaedics,10,1,8,1,0,0,Orthopaedics,False,False
413,paediatric_medicine,7,2,5,0,0,1,Paediatric Medical Management,False,False
413,plastic_surgery,3,1,1,1,0,0,Plastic & Reconstructive Surgery,False,False
413,polytrauma,1,0,1,0,0,0,Polytrauma,False,False
413,surgical_oncology,1,0,1,0,0,0,Surgical Oncology,False,False
413,urology,7,1,6,0,0,0,Urology,False,False
414,burns,1,1,0,0,0,0,Burns Management,False,False
414,emergency_room,14,12,1,1,0,9,Emergency Room Packages,False,False
414,ent,3,1,1,1,0,0,Otorhinolaryngology (ENT),False,False
414,general_medicine,16,13,1,2,0,10,General Medicine,False,False
414,general_surgery,7,2,3,2,0,0,General Surgery,False,False
414,medical_oncology,1,1,0,0,0,0,Medical Oncology,False,False
414,neonatal,4,2,2,0,0,1,Neo-natal Care,False,False
414,obgyn,9,5,2,2,0,2,Obstetrics & Gynaecology,False,False
414,ophthalmology,4,2,1,1,0,0,Ophthalmology,False,False
414,oral_maxillofacial,6,4,1,1,0,1,Oral & Maxillofacial Surgery,False,False
414,orthopaedics,10,2,6,2,0,0,Orthopaedics,False,False
414,paediatric_medicine,6,4,1,1,0,1,Paediatric Medical Management,False,False
414,plastic_surgery,1,1,0,0,0,0,Plastic & Reconstructive Surgery,False,False
414,polytrauma,1,0,1,0,0,0,Polytrauma,False,False
414,urology,3,1,1,1,0,0,Urology,False,False
415,burns,1,1,0,0,0,1,Burns Management,False,False
415,cardiology,1,1,0,0,0,0,Cardiology,True,False
415,emergency_room,10,9,1,0,0,8,Emergency Room Packages,False,False
415,general_medicine,10,9,1,0,0,8,General Medicine,False,False
415,general_surgery,1,1,0,0,0,0,General Surgery,False,False
415,medical_oncology,1,1,0,0,0,0,Medical Oncology,False,False
415,neonatal,2,2,0,0,0,1,Neo-natal Care,False,False
415,obgyn,5,4,1,0,0,3,Obstetrics & Gynaecology,False,False
415,ophthalmology,1,1,0,0,0,0,Ophthalmology,False,False
415,oral_maxillofacial,1,1,0,0,0,0,Oral & Maxillofacial Surgery,False,False
415,orthopaedics,1,1,0,0,0,0,Orthopaedics,False,False
415,paediatric_medicine,5,4,1,0,0,3,Paediatric Medical Management,False,False
415,urology,1,1,0,0,0,0,Urology,False,False
416,burns,1,1,0,0,0,0,Burns Management,False,False
416,cardiology,2,0,2,0,0,0,Cardiology,True,False
416,emergency_room,15,11,3,1,0,8,Emergency Room Packages,False,False
416,ent,2,1,1,0,0,0,Otorhinolaryngology (ENT),False,False
416,general_medicine,17,11,4,2,0,8,General Medicine,False,False
416,general_surgery,8,2,6,0,0,0,General Surgery,False,False
416,neonatal,1,1,0,0,0,0,Neo-natal Care,False,False
416,neurosurgery,1,0,1,0,0,0,Neurosurgery,True,False
416,obgyn,16,11,5,0,0,8,Obstetrics & Gynaecology,False,False
416,ophthalmology,1,1,0,0,0,0,Ophthalmology,False,False
416,oral_maxillofacial,3,1,2,0,0,0,Oral & Maxillofacial Surgery,False,False
416,orthopaedics,11,1,9,1,0,0,Orthopaedics,False,False
416,paediatric_medicine,12,11,1,0,0,8,Paediatric Medical Management,False,False
416,plastic_surgery,1,1,0,0,0,0,Plastic & Reconstructive Surgery,False,False
416,polytrauma,1,1,0,0,0,0,Polytrauma,False,False
416,surgical_oncology,1,0,1,0,0,0,Surgical Oncology,False,False
416,urology,3,0,3,0,0,0,Urology,False,False
417,burns,1,1,0,0,0,0,Burns Management,False,False
417,emergency_room,11,10,1,0,0,7,Emergency Room Packages,False,False
417,general_medicine,13,10,3,0,0,7,General Medicine,False,False
417,general_surgery,2,2,0,0,0,1,General Surgery,False,False
417,neonatal,2,2,0,0,0,0,Neo-natal Care,False,False
417,obgyn,6,6,0,0,0,3,Obstetrics & Gynaecology,False,False
417,ophthalmology,1,0,1,0,0,0,Ophthalmology,False,False
417,oral_maxillofacial,1,0,1,0,0,0,Oral & Maxillofacial Surgery,False,False
417,orthopaedics,5,4,1,0,0,1,Orthopaedics,False,False
417,paediatric_medicine,6,6,0,0,0,3,Paediatric Medical Management,False,False
418,burns,1,1,0,0,0,0,Burns Management,False,False
418,cardiology,2,0,2,0,0,0,Cardiology,True,False
418,emergency_room,5,5,0,0,0,4,Emergency Room Packages,False,False
418,general_medicine,8,5,2,1,0,4,General Medicine,False,False
418,general_surgery,6,3,2,1,0,1,General Surgery,False,False
418,neonatal,1,1,0,0,0,0,Neo-natal Care,False,False
418,obgyn,4,2,1,1,0,1,Obstetrics & Gynaecology,False,False
418,ophthalmology,1,0,1,0,0,0,Ophthalmology,False,False
418,orthopaedics,3,1,1,1,0,0,Orthopaedics,False,False
418,paediatric_medicine,5,3,1,1,0,2,Paediatric Medical Management,False,False
418,plastic_surgery,1,1,0,0,0,0,Plastic & Reconstructive Surgery,False,False
418,urology,2,0,2,0,0,0,Urology,False,False
419,burns,1,0,0,1,0,0,Burns Management,False,False
419,cardiology,1,0,1,0,0,0,Cardiology,True,False
419,emergency_room,9,6,2,1,0,3,Emergency Room Packages,False,False
419,ent,2,1,1,0,0,1,Otorhinolaryngology (ENT),False,False
419,general_medicine,13,6,5,1,1,3,General Medicine,False,False
419,general_surgery,4,1,1,1,1,0,General Surgery,False,False
419,neonatal,1,0,0,1,0,0,Neo-natal Care,False,False
419,neurosurgery,1,0,0,1,0,0,Neurosurgery,True,False
419,obgyn,10,6,2,1,1,3,Obstetrics & Gynaecology,False,False
419,ophthalmology,4,1,1,1,1,1,Ophthalmology,False,False
419,oral_maxillofacial,2,1,0,1,0,0,Oral & Maxillofacial Surgery,False,False
419,orthopaedics,6,0,5,1,0,0,Orthopaedics,False,False
419,paediatric_medicine,5,4,0,1,0,2,Paediatric Medical Management,False,False
419,paediatric_surgery,1,0,1,0,0,0,Paediatric Surgery,False,False
419,polytrauma,2,1,0,1,0,0,Polytrauma,False,False
419,urology,3,0,2,1,0,0,Urology,False,False
420,burns,1,1,0,0,0,0,Burns Management,False,False
420,emergency_room,8,7,1,0,0,6,Emergency Room Packages,False,False
420,ent,1,1,0,0,0,0,Otorhinolaryngology (ENT),False,False
420,general_medicine,9,7,1,0,1,6,General Medicine,False,False
420,general_surgery,4,3,1,0,0,2,General Surgery,False,False
420,neonatal,1,1,0,0,0,0,Neo-natal Care,False,False
420,obgyn,4,4,0,0,0,3,Obstetrics & Gynaecology,False,False
420,ophthalmology,1,1,0,0,0,0,Ophthalmology,False,False
420,oral_maxillofacial,1,1,0,0,0,0,Oral & Maxillofacial Surgery,False,False
420,orthopaedics,2,1,1,0,0,0,Orthopaedics,False,False
420,paediatric_medicine,6,5,1,0,0,4,Paediatric Medical Management,False,False
420,plastic_surgery,1,1,0,0,0,0,Plastic & Reconstructive Surgery,False,False
420,urology,1,1,0,0,0,0,Urology,False,False
421,burns,1,1,0,0,0,1,Burns Management,False,False
421,emergency_room,16,12,4,0,0,10,Emergency Room Packages,False,False
421,ent,2,1,1,0,0,1,Otorhinolaryngology (ENT),False,False
421,general_medicine,23,12,11,0,0,10,General Medicine,False,False
421,general_surgery,14,3,11,0,0,2,General Surgery,False,False
421,medical_oncology,1,0,1,0,0,0,Medical Oncology,False,False
421,neurosurgery,2,0,2,0,0,0,Neurosurgery,True,False
421,obgyn,6,2,4,0,0,2,Obstetrics & Gynaecology,False,False
421,ophthalmology,1,1,0,0,0,1,Ophthalmology,False,False
421,oral_maxillofacial,2,0,2,0,0,0,Oral & Maxillofacial Surgery,False,False
421,orthopaedics,9,0,9,0,0,0,Orthopaedics,False,False
421,paediatric_medicine,4,1,3,0,0,1,Paediatric Medical Management,False,False
421,polytrauma,1,0,1,0,0,0,Polytrauma,False,False
421,radiation_oncology,1,0,1,0,0,0,Radiation Oncology,True,False
421,surgical_oncology,1,0,1,0,0,0,Surgical Oncology,False,False
421,urology,2,0,2,0,0,0,Urology,False,False
422,emergency_room,11,10,1,0,0,5,Emergency Room Packages,False,True
422,ent,2,2,0,0,0,1,Otorhinolaryngology (ENT),False,True
422,general_medicine,14,10,3,1,0,5,General Medicine,False,True
422,general_surgery,7,5,2,0,0,2,General Surgery,False,True
422,neonatal,4,3,1,0,0,1,Neo-natal Care,False,True
422,obgyn,11,10,1,0,0,5,Obstetrics & Gynaecology,False,True
422,ophthalmology,5,5,0,0,0,3,Ophthalmology,False,True
422,oral_maxillofacial,3,2,1,0,0,0,Oral & Maxillofacial Surgery,False,True
422,orthopaedics,8,4,3,1,0,1,Orthopaedics,False,True
422,paediatric_medicine,7,6,1,0,0,2,Paediatric Medical Management,False,True
422,paediatric_surgery,1,0,1,0,0,0,Paediatric Surgery,False,True
422,polytrauma,1,0,1,0,0,0,Polytrauma,False,True
422,urology,1,0,1,0,0,0,Urology,False,True
423,burns,3,2,0,1,0,0,Burns Management,False,False
423,cardiology,1,1,0,0,0,0,Cardiology,True,False
423,emergency_room,10,9,0,0,1,5,Emergency Room Packages,False,False
423,ent,3,2,1,0,0,0,Otorhinolaryngology (ENT),False,False
423,general_medicine,12,9,1,1,1,5,General Medicine,False,False
423,general_surgery,5,2,0,3,0,0,General Surgery,False,False
423,medical_oncology,1,1,0,0,0,0,Medical Oncology,False,False
423,mental_disorders,2,2,0,0,0,0,Mental Disorders,False,False
423,neonatal,1,1,0,0,0,0,Neo-natal Care,False,False
423,neurosurgery,1,1,0,0,0,0,Neurosurgery,True,False
423,obgyn,9,4,0,4,1,0,Obstetrics & Gynaecology,False,False
423,ophthalmology,4,3,0,0,1,0,Ophthalmology,False,False
423,oral_maxillofacial,3,2,0,1,0,0,Oral & Maxillofacial Surgery,False,False
423,orthopaedics,7,2,1,4,0,0,Orthopaedics,False,False
423,paediatric_cancer,1,1,0,0,0,0,Paediatric Cancer,False,False
423,paediatric_medicine,5,3,0,1,1,0,Paediatric Medical Management,False,False
423,paediatric_surgery,2,1,1,0,0,0,Paediatric Surgery,False,False
423,plastic_surgery,3,2,0,1,0,0,Plastic & Reconstructive Surgery,False,False
423,polytrauma,2,2,0,0,0,0,Polytrauma,False,False
423,radiation_oncology,1,1,0,0,0,0,Radiation Oncology,True,False
423,surgical_oncology,1,1,0,0,0,0,Surgical Oncology,False,False
423,urology,2,1,0,1,0,0,Urology,False,False
424,burns,4,1,3,0,0,0,Burns Management,False,False
424,cardiology,3,2,1,0,0,0,Cardiology,True,False
424,ctvs,3,1,2,0,0,0,Cardio-thoracic & Vascular Surgery,True,False
424,emergency_room,17,13,4,0,0,9,Emergency Room Packages,False,False
424,ent,5,2,3,0,0,0,Otorhinolaryngology (ENT),False,False
424,general_medicine,23,16,7,0,0,12,General Medicine,False,False
424,general_surgery,11,4,7,0,0,1,General Surgery,False,False
424,interventional_neuroradiology,3,2,1,0,0,0,Interventional Neuroradiology,True,False
424,medical_oncology,4,1,3,0,0,0,Medical Oncology,False,False
424,mental_disorders,1,1,0,0,0,0,Mental Disorders,False,False
424,neonatal,11,4,7,0,0,1,Neo-natal Care,False,False
424,neurosurgery,3,2,1,0,0,0,Neurosurgery,True,False
424,obgyn,18,15,3,0,0,11,Obstetrics & Gynaecology,False,False
424,ophthalmology,3,2,1,0,0,0,Ophthalmology,False,False
424,oral_maxillofacial,6,3,3,0,0,0,Oral & Maxillofacial Surgery,False,False
424,orthopaedics,10,3,7,0,0,1,Orthopaedics,False,False
424,paediatric_cancer,1,1,0,0,0,0,Paediatric Cancer,False,False
424,paediatric_medicine,16,8,8,0,0,3,Paediatric Medical Management,False,False
424,paediatric_surgery,7,2,5,0,0,0,Paediatric Surgery,False,False
424,plastic_surgery,6,1,5,0,0,0,Plastic & Reconstructive Surgery,False,False
424,polytrauma,5,2,3,0,0,0,Polytrauma,False,False
424,surgical_oncology,2,1,1,0,0,0,Surgical Oncology,False,False
424,urology,7,2,5,0,0,0,Urology,False,False
425,burns,1,0,1,0,0,0,Burns Management,False,False
425,cardiology,2,0,2,0,0,0,Cardiology,True,False
425,ctvs,2,0,2,0,0,0,Cardio-thoracic & Vascular Surgery,True,False
425,emergency_room,16,14,2,0,0,11,Emergency Room Packages,False,False
425,ent,4,1,3,0,0,0,Otorhinolaryngology (ENT),False,False
425,general_medicine,20,14,5,1,0,11,General Medicine,False,False
425,general_surgery,9,5,4,0,0,2,General Surgery,False,False
425,medical_oncology,2,0,2,0,0,0,Medical Oncology,False,False
425,neonatal,1,0,1,0,0,0,Neo-natal Care,False,False
425,neurosurgery,2,0,1,1,0,0,Neurosurgery,True,False
425,obgyn,9,7,2,0,0,4,Obstetrics & Gynaecology,False,False
425,ophthalmology,2,2,0,0,0,0,Ophthalmology,False,False
425,oral_maxillofacial,4,3,1,0,0,0,Oral & Maxillofacial Surgery,False,False
425,orthopaedics,9,2,6,1,0,0,Orthopaedics,False,False
425,paediatric_medicine,6,3,3,0,0,0,Paediatric Medical Management,False,False
425,paediatric_surgery,1,0,1,0,0,0,Paediatric Surgery,False,False
425,plastic_surgery,1,0,1,0,0,0,Plastic & Reconstructive Surgery,False,False
425,polytrauma,2,0,2,0,0,0,Polytrauma,False,False
425,radiation_oncology,1,0,1,0,0,0,Radiation Oncology,True,False
425,surgical_oncology,2,0,2,0,0,0,Surgical Oncology,False,False
425,urology,3,0,2,1,0,0,Urology,False,False
426,cardiology,1,1,0,0,0,0,Cardiology,True,False
426,emergency_room,8,8,0,0,0,6,Emergency Room Packages,False,False
426,ent,1,1,0,0,0,0,Otorhinolaryngology (ENT),False,False
426,general_medicine,10,9,1,0,0,7,General Medicine,False,False
426,general_surgery,6,4,1,1,0,1,General Surgery,False,False
426,mental_disorders,1,1,0,0,0,0,Mental Disorders,False,False
426,neonatal,1,1,0,0,0,0,Neo-natal Care,False,False
426,obgyn,10,7,2,1,0,4,Obstetrics & Gynaecology,False,False
426,ophthalmology,2,1,0,1,0,0,Ophthalmology,False,False
426,oral_maxillofacial,1,1,0,0,0,0,Oral & Maxillofacial Surgery,False,False
426,orthopaedics,4,2,1,1,0,0,Orthopaedics,False,False
426,paediatric_medicine,6,6,0,0,0,4,Paediatric Medical Management,False,False
426,polytrauma,1,1,0,0,0,0,Polytrauma,False,False
426,urology,1,1,0,0,0,0,Urology,False,False
427,burns,2,1,1,0,0,1,Burns Management,False,False
427,cardiology,1,1,0,0,0,1,Cardiology,True,False
427,ctvs,1,1,0,0,0,1,Cardio-thoracic & Vascular Surgery,True,False
427,emergency_room,17,14,3,0,0,12,Emergency Room Packages,False,False
427,ent,4,2,2,0,0,0,Otorhinolaryngology (ENT),False,False
427,general_medicine,25,15,10,0,0,13,General Medicine,False,False
427,general_surgery,10,3,7,0,0,2,General Surgery,False,False
427,interventional_neuroradiology,1,0,1,0,0,0,Interventional Neuroradiology,True,False
427,mental_disorders,3,3,0,0,0,1,Mental Disorders,False,False
427,neonatal,4,4,0,0,0,2,Neo-natal Care,False,False
427,neurosurgery,1,0,1,0,0,0,Neurosurgery,True,False
427,obgyn,18,11,7,0,0,9,Obstetrics & Gynaecology,False,False
427,ophthalmology,4,3,1,0,0,1,Ophthalmology,False,False
427,oral_maxillofacial,3,1,2,0,0,0,Oral & Maxillofacial Surgery,False,False
427,orthopaedics,10,4,6,0,0,2,Orthopaedics,False,False
427,paediatric_medicine,9,8,0,0,1,6,Paediatric Medical Management,False,False
427,plastic_surgery,1,0,1,0,0,0,Plastic & Reconstructive Surgery,False,False
427,polytrauma,5,3,2,0,0,1,Polytrauma,False,False
427,urology,5,0,5,0,0,0,Urology,False,False
428,burns,2,0,2,0,0,0,Burns Management,False,False
428,cardiology,1,0,1,0,0,0,Cardiology,True,False
428,emergency_room,7,5,2,0,0,2,Emergency Room Packages,False,False
428,ent,2,2,0,0,0,0,Otorhinolaryngology (ENT),False,False
428,general_medicine,9,7,2,0,0,3,General Medicine,False,False
428,general_surgery,5,3,2,0,0,0,General Surgery,False,False
428,neonatal,2,0,2,0,0,0,Neo-natal Care,False,False
428,neurosurgery,2,0,2,0,0,0,Neurosurgery,True,False
428,obgyn,4,2,2,0,0,0,Obstetrics & Gynaecology,False,False
428,oral_maxillofacial,3,1,2,0,0,0,Oral & Maxillofacial Surgery,False,False
428,orthopaedics,4,2,2,0,0,0,Orthopaedics,False,False
428,paediatric_medicine,4,2,2,0,0,0,Paediatric Medical Management,False,False
428,paediatric_surgery,2,0,2,0,0,0,Paediatric Surgery,False,False
428,plastic_surgery,2,0,2,0,0,0,Plastic & Reconstructive Surgery,False,False
428,polytrauma,3,1,2,0,0,0,Polytrauma,False,False
428,urology,2,0,2,0,0,0,Urology,False,False
429,burns,1,1,0,0,0,0,Burns Management,False,False
429,cardiology,1,1,0,0,0,0,Cardiology,True,False
429,ctvs,1,1,0,0,0,0,Cardio-thoracic & Vascular Surgery,True,False
429,emergency_room,13,9,3,0,1,5,Emergency Room Packages,False,False
429,ent,2,2,0,0,0,0,Otorhinolaryngology (ENT),False,False
429,general_medicine,13,9,3,0,1,5,General Medicine,False,False
429,general_surgery,5,2,3,0,0,0,General Surgery,False,False
429,interventional_neuroradiology,1,1,0,0,0,0,Interventional Neuroradiology,True,False
429,medical_oncology,1,1,0,0,0,0,Medical Oncology,False,False
429,mental_disorders,1,1,0,0,0,0,Mental Disorders,False,False
429,neonatal,3,1,2,0,0,0,Neo-natal Care,False,False
429,neurosurgery,2,1,1,0,0,0,Neurosurgery,True,False
429,obgyn,9,6,3,0,0,2,Obstetrics & Gynaecology,False,False
429,ophthalmology,2,2,0,0,0,0,Ophthalmology,False,False
429,oral_maxillofacial,4,2,2,0,0,0,Oral & Maxillofacial Surgery,False,False
429,orthopaedics,7,2,5,0,0,0,Orthopaedics,False,False
429,paediatric_cancer,1,1,0,0,0,0,Paediatric Cancer,False,False
429,paediatric_medicine,7,4,3,0,0,0,Paediatric Medical Management,False,False
429,paediatric_surgery,1,1,0,0,0,0,Paediatric Surgery,False,False
429,plastic_surgery,1,1,0,0,0,0,Plastic & Reconstructive Surgery,False,False
429,polytrauma,2,1,1,0,0,0,Polytrauma,False,False
429,radiation_oncology,1,1,0,0,0,0,Radiation Oncology,True,False
429,surgical_oncology,2,1,1,0,0,0,Surgical Oncology,False,False
429,urology,3,1,2,0,0,0,Urology,False,False
430,burns,1,0,0,1,0,0,Burns Management,False,False
430,cardiology,1,0,0,1,0,0,Cardiology,True,False
430,emergency_room,11,8,2,1,0,4,Emergency Room Packages,False,False
430,ent,1,0,0,1,0,0,Otorhinolaryngology (ENT),False,False
430,general_medicine,11,8,2,1,0,4,General Medicine,False,False
430,general_surgery,9,5,3,1,0,2,General Surgery,False,False
430,medical_oncology,2,1,0,1,0,0,Medical Oncology,False,False
430,neonatal,4,3,0,1,0,0,Neo-natal Care,False,False
430,neurosurgery,2,1,0,1,0,0,Neurosurgery,True,False
430,obgyn,9,7,1,1,0,4,Obstetrics & Gynaecology,False,False
430,ophthalmology,3,2,0,1,0,0,Ophthalmology,False,False
430,oral_maxillofacial,2,1,0,1,0,0,Oral & Maxillofacial Surgery,False,False
430,orthopaedics,6,1,4,1,0,0,Orthopaedics,False,False
430,paediatric_cancer,1,0,0,1,0,0,Paediatric Cancer,False,False
430,paediatric_medicine,4,3,0,1,0,0,Paediatric Medical Management,False,False
430,paediatric_surgery,4,3,0,1,0,0,Paediatric Surgery,False,False
430,plastic_surgery,1,0,0,1,0,0,Plastic & Reconstructive Surgery,False,False
430,polytrauma,2,0,1,1,0,0,Polytrauma,False,False
430,surgical_oncology,1,0,0,1,0,0,Surgical Oncology,False,False
430,urology,2,0,1,1,0,0,Urology,False,False
431,emergency_room,6,6,0,0,0,5,Emergency Room Packages,False,False
431,ent,1,1,0,0,0,0,Otorhinolaryngology (ENT),False,False
431,general_medicine,7,6,1,0,0,5,General Medicine,False,False
431,general_surgery,1,1,0,0,0,0,General Surgery,False,False
431,neonatal,1,1,0,0,0,0,Neo-natal Care,False,False
431,obgyn,6,6,0,0,0,5,Obstetrics & Gynaecology,False,False
431,ophthalmology,1,1,0,0,0,0,Ophthalmology,False,False
431,oral_maxillofacial,1,1,0,0,0,0,Oral & Maxillofacial Surgery,False,False
431,orthopaedics,2,1,1,0,0,0,Orthopaedics,False,False
431,paediatric_medicine,3,2,1,0,0,1,Paediatric Medical Management,False,False
431,polytrauma,1,1,0,0,0,1,Polytrauma,False,False
432,burns,2,2,0,0,0,0,Burns Management,False,False
432,cardiology,3,2,1,0,0,0,Cardiology,True,False
432,ctvs,2,2,0,0,0,0,Cardio-thoracic & Vascular Surgery,True,False
432,emergency_room,10,9,1,0,0,6,Emergency Room Packages,False,False
432,ent,2,2,0,0,0,0,Otorhinolaryngology (ENT),False,False
432,general_medicine,12,9,3,0,0,6,General Medicine,False,False
432,general_surgery,6,2,4,0,0,0,General Surgery,False,False
432,interventional_neuroradiology,2,2,0,0,0,0,Interventional Neuroradiology,True,False
432,medical_oncology,2,2,0,0,0,0,Medical Oncology,False,False
432,mental_disorders,2,2,0,0,0,0,Mental Disorders,False,False
432,neonatal,2,2,0,0,0,0,Neo-natal Care,False,False
432,neurosurgery,2,2,0,0,0,0,Neurosurgery,True,False
432,obgyn,10,8,2,0,0,5,Obstetrics & Gynaecology,False,False
432,ophthalmology,2,2,0,0,0,0,Ophthalmology,False,False
432,oral_maxillofacial,2,2,0,0,0,0,Oral & Maxillofacial Surgery,False,False
432,orthopaedics,6,2,4,0,0,0,Orthopaedics,False,False
432,paediatric_cancer,2,2,0,0,0,0,Paediatric Cancer,False,False
432,paediatric_medicine,2,2,0,0,0,0,Paediatric Medical Management,False,False
432,paediatric_surgery,2,2,0,0,0,0,Paediatric Surgery,False,False
432,plastic_surgery,2,2,0,0,0,0,Plastic & Reconstructive Surgery,False,False
432,polytrauma,2,2,0,0,0,0,Polytrauma,False,False
432,radiation_oncology,2,2,0,0,0,0,Radiation Oncology,True,False
432,surgical_oncology,2,2,0,0,0,0,Surgical Oncology,False,False
432,urology,6,2,4,0,0,0,Urology,False,False
433,cardiology,1,0,1,0,0,0,Cardiology,True,False
433,emergency_room,8,7,1,0,0,6,Emergency Room Packages,False,False
433,general_medicine,8,7,1,0,0,6,General Medicine,False,False
433,general_surgery,3,1,2,0,0,0,General Surgery,False,False
433,mental_disorders,1,1,0,0,0,0,Mental Disorders,False,False
433,neonatal,2,1,1,0,0,0,Neo-natal Care,False,False
433,obgyn,6,5,1,0,0,5,Obstetrics & Gynaecology,False,False
433,ophthalmology,1,1,0,0,0,0,Ophthalmology,False,False
433,oral_maxillofacial,1,0,1,0,0,0,Oral & Maxillofacial Surgery,False,False
433,orthopaedics,2,0,2,0,0,0,Orthopaedics,False,False
433,paediatric_medicine,4,2,2,0,0,1,Paediatric Medical Management,False,False
433,polytrauma,1,0,1,0,0,0,Polytrauma,False,False
433,urology,2,1,1,0,0,0,Urology,False,False
434,cardiology,1,0,1,0,0,0,Cardiology,True,False
434,emergency_room,8,6,1,1,0,6,Emergency Room Packages,False,False
434,general_medicine,9,6,2,1,0,6,General Medicine,False,False
434,general_surgery,4,2,2,0,0,1,General Surgery,False,False
434,neurosurgery,1,0,1,0,0,0,Neurosurgery,True,False
434,obgyn,3,2,1,0,0,1,Obstetrics & Gynaecology,False,False
434,ophthalmology,1,1,0,0,0,0,Ophthalmology,False,False
434,orthopaedics,3,2,1,0,0,1,Orthopaedics,False,False
434,paediatric_medicine,1,0,1,0,0,0,Paediatric Medical Management,False,False
434,paediatric_surgery,1,0,1,0,0,0,Paediatric Surgery,False,False
434,urology,2,0,2,0,0,0,Urology,False,False
435,burns,3,0,1,2,0,0,Burns Management,False,False
435,cardiology,3,0,1,2,0,0,Cardiology,True,False
435,ctvs,4,1,1,2,0,0,Cardio-thoracic & Vascular Surgery,True,False
435,emergency_room,14,11,1,2,0,5,Emergency Room Packages,False,False
435,ent,4,1,1,2,0,0,Otorhinolaryngology (ENT),False,False
435,general_medicine,15,11,2,2,0,5,General Medicine,False,False
435,general_surgery,9,5,2,2,0,0,General Surgery,False,False
435,interventional_neuroradiology,2,0,0,2,0,0,Interventional Neuroradiology,True,False
435,medical_oncology,5,2,1,2,0,0,Medical Oncology,False,False
435,mental_disorders,1,1,0,0,0,0,Mental Disorders,False,False
435,neonatal,5,2,1,2,0,0,Neo-natal Care,False,False
435,neurosurgery,3,0,1,2,0,0,Neurosurgery,True,False
435,obgyn,14,12,1,1,0,5,Obstetrics & Gynaecology,False,False
435,ophthalmology,4,2,1,1,0,0,Ophthalmology,False,False
435,oral_maxillofacial,5,1,2,2,0,0,Oral & Maxillofacial Surgery,False,False
435,orthopaedics,8,2,4,2,0,0,Orthopaedics,False,False
435,paediatric_cancer,2,1,0,1,0,0,Paediatric Cancer,False,False
435,paediatric_medicine,7,4,1,2,0,0,Paediatric Medical Management,False,False
435,paediatric_surgery,3,0,1,2,0,0,Paediatric Surgery,False,False
435,plastic_surgery,4,0,2,2,0,0,Plastic & Reconstructive Surgery,False,False
435,polytrauma,4,1,1,2,0,0,Polytrauma,False,False
435,radiation_oncology,2,1,1,0,0,0,Radiation Oncology,True,False
435,surgical_oncology,3,0,1,2,0,0,Surgical Oncology,False,False
435,urology,4,0,3,1,0,0,Urology,False,False
436,emergency_room,6,4,1,0,1,3,Emergency Room Packages,False,False
436,general_medicine,6,4,1,0,1,3,General Medicine,False,False
436,general_surgery,1,1,0,0,0,0,General Surgery,False,False
436,mental_disorders,1,1,0,0,0,0,Mental Disorders,False,False
436,neonatal,1,1,0,0,0,0,Neo-natal Care,False,False
436,obgyn,1,1,0,0,0,0,Obstetrics & Gynaecology,False,False
436,ophthalmology,1,1,0,0,0,0,Ophthalmology,False,False
436,oral_maxillofacial,1,1,0,0,0,0,Oral & Maxillofacial Surgery,False,False
436,orthopaedics,2,1,1,0,0,0,Orthopaedics,False,False
436,paediatric_medicine,1,1,0,0,0,0,Paediatric Medical Management,False,False
436,polytrauma,1,1,0,0,0,0,Polytrauma,False,False
437,burns,3,2,1,0,0,1,Burns Management,False,True
437,cardiology,3,1,2,0,0,0,Cardiology,True,True
437,emergency_room,12,11,1,0,0,7,Emergency Room Packages,False,True
437,ent,3,3,0,0,0,1,Otorhinolaryngology (ENT),False,True
437,general_medicine,18,11,7,0,0,7,General Medicine,False,True
437,general_surgery,9,4,5,0,0,2,General Surgery,False,True
437,medical_oncology,2,1,1,0,0,0,Medical Oncology,False,True
437,mental_disorders,2,2,0,0,0,1,Mental Disorders,False,True
437,neonatal,2,2,0,0,0,0,Neo-natal Care,False,True
437,neurosurgery,2,1,1,0,0,1,Neurosurgery,True,True
437,obgyn,12,11,1,0,0,7,Obstetrics & Gynaecology,False,True
437,ophthalmology,5,4,1,0,0,1,Ophthalmology,False,True
437,oral_maxillofacial,3,2,1,0,0,0,Oral & Maxillofacial Surgery,False,True
437,orthopaedics,10,3,7,0,0,1,Orthopaedics,False,True
437,paediatric_cancer,1,1,0,0,0,0,Paediatric Cancer,False,True
437,paediatric_medicine,9,9,0,0,0,5,Paediatric Medical Management,False,True
437,paediatric_surgery,1,0,1,0,0,0,Paediatric Surgery,False,True
437,plastic_surgery,4,2,2,0,0,1,Plastic & Reconstructive Surgery,False,True
437,polytrauma,3,2,1,0,0,1,Polytrauma,False,True
437,radiation_oncology,1,1,0,0,0,0,Radiation Oncology,True,True
437,surgical_oncology,1,0,1,0,0,0,Surgical Oncology,False,True
437,urology,4,2,2,0,0,1,Urology,False,True
438,burns,75,66,7,2,0,50,Burns Management,False,False
438,cardiology,101,65,28,5,0,49,Cardiology,True,False
438,ctvs,96,65,24,4,0,49,Cardio-thoracic & Vascular Surgery,True,False
438,emergency_room,91,70,17,2,1,53,Emergency Room Packages,False,False
438,ent,89,69,15,4,0,51,Otorhinolaryngology (ENT),False,False
438,general_medicine,129,73,34,11,2,55,General Medicine,False,False
438,general_surgery,109,70,32,3,1,53,General Surgery,False,False
438,interventional_neuroradiology,82,65,14,2,0,49,Interventional Neuroradiology,True,False
438,medical_oncology,86,64,20,0,0,49,Medical Oncology,False,False
438,mental_disorders,66,66,0,0,0,49,Mental Disorders,False,False
438,neonatal,89,66,20,0,0,49,Neo-natal Care,False,False
438,neurosurgery,84,65,15,2,0,49,Neurosurgery,True,False
438,obgyn,94,73,14,2,2,55,Obstetrics & Gynaecology,False,False
438,ophthalmology,85,70,8,5,1,52,Ophthalmology,False,False
438,oral_maxillofacial,80,69,8,2,0,51,Oral & Maxillofacial Surgery,False,False
438,orthopaedics,146,70,66,7,0,52,Orthopaedics,False,False
438,paediatric_cancer,67,64,3,0,0,49,Paediatric Cancer,False,False
438,paediatric_medicine,103,72,25,2,1,54,Paediatric Medical Management,False,False
438,paediatric_surgery,80,65,12,1,0,49,Paediatric Surgery,False,False
438,plastic_surgery,75,65,8,2,0,49,Plastic & Reconstructive Surgery,False,False
438,polytrauma,121,65,48,5,0,49,Polytrauma,False,False
438,radiation_oncology,73,64,8,0,0,49,Radiation Oncology,True,False
438,surgical_oncology,90,65,23,1,0,49,Surgical Oncology,False,False
438,urology,126,65,44,12,0,49,Urology,False,False
439,burns,38,38,0,0,0,14,Burns Management,False,False
439,cardiology,40,38,2,0,0,14,Cardiology,True,False
439,ctvs,38,38,0,0,0,14,Cardio-thoracic & Vascular Surgery,True,False
439,emergency_room,58,50,6,0,0,26,Emergency Room Packages,False,False
439,ent,42,38,3,0,0,14,Otorhinolaryngology (ENT),False,False
439,general_medicine,59,50,7,0,0,26,General Medicine,False,False
439,general_surgery,54,39,12,0,0,15,General Surgery,False,False
439,interventional_neuroradiology,38,38,0,0,0,14,Interventional Neuroradiology,True,False
439,medical_oncology,38,38,0,0,0,14,Medical Oncology,False,False
439,mental_disorders,38,38,0,0,0,14,Mental Disorders,False,False
439,neonatal,50,39,9,0,0,15,Neo-natal Care,False,False
439,neurosurgery,38,38,0,0,0,14,Neurosurgery,True,False
439,obgyn,65,50,12,0,0,26,Obstetrics & Gynaecology,False,False
439,ophthalmology,41,38,2,0,0,14,Ophthalmology,False,False
439,oral_maxillofacial,39,38,1,0,0,14,Oral & Maxillofacial Surgery,False,False
439,orthopaedics,51,38,10,0,0,14,Orthopaedics,False,False
439,paediatric_cancer,38,38,0,0,0,14,Paediatric Cancer,False,False
439,paediatric_medicine,61,49,9,0,0,25,Paediatric Medical Management,False,False
439,paediatric_surgery,38,38,0,0,0,14,Paediatric Surgery,False,False
439,plastic_surgery,38,38,0,0,0,14,Plastic & Reconstructive Surgery,False,False
439,polytrauma,43,38,4,0,0,14,Polytrauma,False,False
439,radiation_oncology,38,38,0,0,0,14,Radiation Oncology,True,False
439,surgical_oncology,38,38,0,0,0,14,Surgical Oncology,False,False
439,urology,44,38,6,0,0,14,Urology,False,False
440,burns,23,21,1,1,0,19,Burns Management,False,False
440,cardiology,28,21,6,1,0,19,Cardiology,True,False
440,ctvs,24,21,2,1,0,19,Cardio-thoracic & Vascular Surgery,True,False
440,emergency_room,32,27,4,1,0,24,Emergency Room Packages,False,False
440,ent,25,22,2,1,0,19,Otorhinolaryngology (ENT),False,False
440,general_medicine,37,27,8,1,0,24,General Medicine,False,False
440,general_surgery,32,24,7,1,0,21,General Surgery,False,False
440,interventional_neuroradiology,23,21,1,1,0,19,Interventional Neuroradiology,True,False
440,medical_oncology,22,21,0,1,0,19,Medical Oncology,False,False
440,mental_disorders,22,22,0,0,0,19,Mental Disorders,False,False
440,neonatal,27,22,4,1,0,19,Neo-natal Care,False,False
440,neurosurgery,25,21,3,1,0,19,Neurosurgery,True,False
440,obgyn,33,27,5,1,0,24,Obstetrics & Gynaecology,False,False
440,ophthalmology,26,21,4,1,0,19,Ophthalmology,False,False
440,oral_maxillofacial,26,24,1,1,0,21,Oral & Maxillofacial Surgery,False,False
440,orthopaedics,30,22,7,1,0,19,Orthopaedics,False,False
440,paediatric_cancer,22,21,0,1,0,19,Paediatric Cancer,False,False
440,paediatric_medicine,28,22,5,1,0,19,Paediatric Medical Management,False,False
440,paediatric_surgery,22,21,0,1,0,19,Paediatric Surgery,False,False
440,plastic_surgery,23,21,1,1,0,19,Plastic & Reconstructive Surgery,False,False
440,polytrauma,27,21,5,1,0,19,Polytrauma,False,False
440,radiation_oncology,22,21,0,1,0,19,Radiation Oncology,True,False
440,surgical_oncology,23,21,1,1,0,19,Surgical Oncology,False,False
440,urology,30,22,6,1,0,19,Urology,False,False
441,burns,146,144,2,0,0,139,Burns Management,False,False
441,cardiology,150,144,6,0,0,139,Cardiology,True,False
441,ctvs,146,144,2,0,0,139,Cardio-thoracic & Vascular Surgery,True,False
441,emergency_room,156,144,9,2,0,139,Emergency Room Packages,False,False
441,ent,148,144,2,1,0,139,Otorhinolaryngology (ENT),False,False
441,general_medicine,161,144,14,2,0,139,General Medicine,False,False
441,general_surgery,172,144,25,2,0,139,General Surgery,False,False
441,interventional_neuroradiology,146,144,2,0,0,139,Interventional Neuroradiology,True,False
441,medical_oncology,148,144,4,0,0,139,Medical Oncology,False,False
441,mental_disorders,144,144,0,0,0,139,Mental Disorders,False,False
441,neonatal,185,144,38,1,0,139,Neo-natal Care,False,False
441,neurosurgery,149,144,5,0,0,139,Neurosurgery,True,False
441,obgyn,165,144,18,2,0,139,Obstetrics & Gynaecology,False,False
441,ophthalmology,145,144,0,0,0,139,Ophthalmology,False,False
441,oral_maxillofacial,147,144,1,1,0,139,Oral & Maxillofacial Surgery,False,False
441,orthopaedics,179,144,31,3,0,139,Orthopaedics,False,False
441,paediatric_cancer,144,144,0,0,0,139,Paediatric Cancer,False,False
441,paediatric_medicine,159,144,14,0,0,139,Paediatric Medical Management,False,False
441,paediatric_surgery,144,144,0,0,0,139,Paediatric Surgery,False,False
441,plastic_surgery,146,144,2,0,0,139,Plastic & Reconstructive Surgery,False,False
441,polytrauma,158,144,13,1,0,139,Polytrauma,False,False
441,radiation_oncology,145,144,1,0,0,139,Radiation Oncology,True,False
441,surgical_oncology,148,144,4,0,0,139,Surgical Oncology,False,False
441,urology,164,144,18,2,0,139,Urology,False,False
442,burns,14,12,2,0,0,5,Burns Management,False,False
442,cardiology,21,12,8,1,0,5,Cardiology,True,False
442,ctvs,14,12,1,1,0,5,Cardio-thoracic & Vascular Surgery,True,False
442,emergency_room,23,14,7,0,1,7,Emergency Room Packages,False,False
442,ent,15,12,2,0,0,5,Otorhinolaryngology (ENT),False,False
442,general_medicine,30,16,10,1,1,9,General Medicine,False,False
442,general_surgery,27,14,10,0,1,7,General Surgery,False,False
442,interventional_neuroradiology,12,12,0,0,0,5,Interventional Neuroradiology,True,False
442,medical_oncology,14,12,2,0,0,5,Medical Oncology,False,False
442,mental_disorders,13,12,0,0,0,5,Mental Disorders,False,False
442,neonatal,19,13,4,0,0,6,Neo-natal Care,False,False
442,neurosurgery,15,12,3,0,0,5,Neurosurgery,True,False
442,obgyn,25,15,8,1,0,8,Obstetrics & Gynaecology,False,False
442,ophthalmology,19,12,6,0,0,5,Ophthalmology,False,False
442,oral_maxillofacial,15,12,2,0,1,5,Oral & Maxillofacial Surgery,False,False
442,orthopaedics,25,12,10,1,0,5,Orthopaedics,False,False
442,paediatric_cancer,12,12,0,0,0,5,Paediatric Cancer,False,False
442,paediatric_medicine,24,13,8,0,1,6,Paediatric Medical Management,False,False
442,paediatric_surgery,13,12,1,0,0,5,Paediatric Surgery,False,False
442,plastic_surgery,14,12,2,0,0,5,Plastic & Reconstructive Surgery,False,False
442,polytrauma,18,12,6,0,0,5,Polytrauma,False,False
442,radiation_oncology,13,12,1,0,0,5,Radiation Oncology,True,False
442,surgical_oncology,14,12,2,0,0,5,Surgical Oncology,False,False
442,urology,20,12,7,1,0,5,Urology,False,False
443,burns,61,61,0,0,0,48,Burns Management,False,False
443,cardiology,67,61,6,0,0,48,Cardiology,True,False
443,ctvs,64,61,3,0,0,48,Cardio-thoracic & Vascular Surgery,True,False
443,emergency_room,73,65,5,3,0,51,Emergency Room Packages,False,False
443,ent,68,61,6,1,0,48,Otorhinolaryngology (ENT),False,False
443,general_medicine,79,64,10,4,0,50,General Medicine,False,False
443,general_surgery,73,61,8,3,0,48,General Surgery,False,False
443,interventional_neuroradiology,62,61,1,0,0,48,Interventional Neuroradiology,True,False
443,medical_oncology,64,62,2,0,0,48,Medical Oncology,False,False
443,mental_disorders,61,61,0,0,0,48,Mental Disorders,False,False
443,neonatal,87,62,20,3,0,48,Neo-natal Care,False,False
443,neurosurgery,63,61,2,0,0,48,Neurosurgery,True,False
443,obgyn,76,65,7,3,0,51,Obstetrics & Gynaecology,False,False
443,ophthalmology,65,61,2,2,0,48,Ophthalmology,False,False
443,oral_maxillofacial,64,61,2,1,0,48,Oral & Maxillofacial Surgery,False,False
443,orthopaedics,82,61,16,3,0,48,Orthopaedics,False,False
443,paediatric_cancer,61,61,0,0,0,48,Paediatric Cancer,False,False
443,paediatric_medicine,78,64,12,2,0,50,Paediatric Medical Management,False,False
443,paediatric_surgery,61,61,0,0,0,48,Paediatric Surgery,False,False
443,plastic_surgery,61,61,0,0,0,48,Plastic & Reconstructive Surgery,False,False
443,polytrauma,73,61,11,1,0,48,Polytrauma,False,False
443,radiation_oncology,63,62,1,0,0,48,Radiation Oncology,True,False
443,surgical_oncology,64,62,2,0,0,48,Surgical Oncology,False,False
443,urology,69,62,5,2,0,49,Urology,False,False
444,burns,7,7,0,0,0,6,Burns Management,False,False
444,cardiology,7,7,0,0,0,6,Cardiology,True,False
444,ctvs,6,6,0,0,0,6,Cardio-thoracic & Vascular Surgery,True,False
444,emergency_room,7,7,0,0,0,6,Emergency Room Packages,False,False
444,ent,7,7,0,0,0,6,Otorhinolaryngology (ENT),False,False
444,general_medicine,8,8,0,0,0,6,General Medicine,False,False
444,general_surgery,7,7,0,0,0,6,General Surgery,False,False
444,interventional_neuroradiology,6,6,0,0,0,6,Interventional Neuroradiology,True,False
444,medical_oncology,6,6,0,0,0,6,Medical Oncology,False,False
444,mental_disorders,7,7,0,0,0,6,Mental Disorders,False,False
444,neonatal,7,7,0,0,0,6,Neo-natal Care,False,False
444,neurosurgery,6,6,0,0,0,6,Neurosurgery,True,False
444,obgyn,7,7,0,0,0,6,Obstetrics & Gynaecology,False,False
444,ophthalmology,7,7,0,0,0,6,Ophthalmology,False,False
444,oral_maxillofacial,6,6,0,0,0,6,Oral & Maxillofacial Surgery,False,False
444,orthopaedics,7,7,0,0,0,6,Orthopaedics,False,False
444,paediatric_cancer,6,6,0,0,0,6,Paediatric Cancer,False,False
444,paediatric_medicine,7,7,0,0,0,6,Paediatric Medical Management,False,False
444,paediatric_surgery,6,6,0,0,0,6,Paediatric Surgery,False,False
444,plastic_surgery,6,6,0,0,0,6,Plastic & Reconstructive Surgery,False,False
444,polytrauma,7,7,0,0,0,6,Polytrauma,False,False
444,radiation_oncology,6,6,0,0,0,6,Radiation Oncology,True,False
444,surgical_oncology,6,6,0,0,0,6,Surgical Oncology,False,False
444,urology,7,7,0,0,0,6,Urology,False,False
445,burns,79,79,0,0,0,76,Burns Management,False,True
445,cardiology,78,77,1,0,0,74,Cardiology,True,True
445,ctvs,77,77,0,0,0,74,Cardio-thoracic & Vascular Surgery,True,True
445,emergency_room,84,83,0,1,0,78,Emergency Room Packages,False,True
445,ent,77,77,0,0,0,74,Otorhinolaryngology (ENT),False,True
445,general_medicine,104,101,1,1,1,95,General Medicine,False,True
445,general_surgery,81,79,1,1,0,76,General Surgery,False,True
445,interventional_neuroradiology,77,77,0,0,0,74,Interventional Neuroradiology,True,True
445,medical_oncology,78,78,0,0,0,75,Medical Oncology,False,True
445,mental_disorders,80,79,1,0,0,76,Mental Disorders,False,True
445,neonatal,83,79,2,0,0,76,Neo-natal Care,False,True
445,neurosurgery,77,77,0,0,0,74,Neurosurgery,True,True
445,obgyn,88,87,0,0,0,84,Obstetrics & Gynaecology,False,True
445,ophthalmology,79,77,1,0,1,74,Ophthalmology,False,True
445,oral_maxillofacial,78,77,1,0,0,74,Oral & Maxillofacial Surgery,False,True
445,orthopaedics,82,77,4,0,0,74,Orthopaedics,False,True
445,paediatric_cancer,77,77,0,0,0,74,Paediatric Cancer,False,True
445,paediatric_medicine,85,80,1,1,1,77,Paediatric Medical Management,False,True
445,paediatric_surgery,77,77,0,0,0,74,Paediatric Surgery,False,True
445,plastic_surgery,77,77,0,0,0,74,Plastic & Reconstructive Surgery,False,True
445,polytrauma,79,78,1,0,0,75,Polytrauma,False,True
445,radiation_oncology,77,77,0,0,0,74,Radiation Oncology,True,True
445,surgical_oncology,77,77,0,0,0,74,Surgical Oncology,False,True
445,urology,79,77,1,1,0,74,Urology,False,True
446,burns,40,34,6,0,0,31,Burns Management,False,False
446,cardiology,41,34,6,1,0,31,Cardiology,True,False
446,ctvs,40,34,5,1,0,31,Cardio-thoracic & Vascular Surgery,True,False
446,emergency_room,47,40,6,0,1,36,Emergency Room Packages,False,False
446,ent,45,36,8,1,0,33,Otorhinolaryngology (ENT),False,False
446,general_medicine,49,38,9,1,1,34,General Medicine,False,False
446,general_surgery,51,37,11,1,0,34,General Surgery,False,False
446,interventional_neuroradiology,37,34,3,0,0,31,Interventional Neuroradiology,True,False
446,medical_oncology,41,34,7,0,0,31,Medical Oncology,False,False
446,mental_disorders,34,34,0,0,0,31,Mental Disorders,False,False
446,neonatal,42,35,7,0,0,32,Neo-natal Care,False,False
446,neurosurgery,37,34,3,0,0,31,Neurosurgery,True,False
446,obgyn,51,42,8,0,1,39,Obstetrics & Gynaecology,False,False
446,ophthalmology,43,35,7,0,1,32,Ophthalmology,False,False
446,oral_maxillofacial,43,36,6,0,1,33,Oral & Maxillofacial Surgery,False,False
446,orthopaedics,53,35,14,1,1,32,Orthopaedics,False,False
446,paediatric_cancer,34,34,0,0,0,31,Paediatric Cancer,False,False
446,paediatric_medicine,41,35,6,0,0,32,Paediatric Medical Management,False,False
446,paediatric_surgery,37,34,3,0,0,31,Paediatric Surgery,False,False
446,plastic_surgery,42,34,8,0,0,31,Plastic & Reconstructive Surgery,False,False
446,polytrauma,49,35,12,1,0,32,Polytrauma,False,False
446,radiation_oncology,35,34,1,0,0,31,Radiation Oncology,True,False
446,surgical_oncology,41,34,7,0,0,31,Surgical Oncology,False,False
446,urology,47,34,11,1,0,31,Urology,False,False
447,burns,30,30,0,0,0,28,Burns Management,False,False
447,cardiology,33,30,3,0,0,28,Cardiology,True,False
447,ctvs,32,30,2,0,0,28,Cardio-thoracic & Vascular Surgery,True,False
447,emergency_room,37,35,2,0,0,33,Emergency Room Packages,False,False
447,ent,30,30,0,0,0,28,Otorhinolaryngology (ENT),False,False
447,general_medicine,39,36,2,1,0,34,General Medicine,False,False
447,general_surgery,36,31,5,0,0,29,General Surgery,False,False
447,interventional_neuroradiology,30,30,0,0,0,28,Interventional Neuroradiology,True,False
447,medical_oncology,33,30,3,0,0,28,Medical Oncology,False,False
447,mental_disorders,30,30,0,0,0,28,Mental Disorders,False,False
447,neonatal,31,30,1,0,0,28,Neo-natal Care,False,False
447,neurosurgery,33,30,3,0,0,28,Neurosurgery,True,False
447,obgyn,35,33,2,0,0,31,Obstetrics & Gynaecology,False,False
447,ophthalmology,32,30,1,1,0,28,Ophthalmology,False,False
447,oral_maxillofacial,31,31,0,0,0,28,Oral & Maxillofacial Surgery,False,False
447,orthopaedics,34,30,4,0,0,28,Orthopaedics,False,False
447,paediatric_cancer,30,30,0,0,0,28,Paediatric Cancer,False,False
447,paediatric_medicine,34,32,1,0,0,30,Paediatric Medical Management,False,False
447,paediatric_surgery,30,30,0,0,0,28,Paediatric Surgery,False,False
447,plastic_surgery,31,30,1,0,0,28,Plastic & Reconstructive Surgery,False,False
447,polytrauma,34,30,4,0,0,28,Polytrauma,False,False
447,radiation_oncology,32,30,2,0,0,28,Radiation Oncology,True,False
447,surgical_oncology,33,30,3,0,0,28,Surgical Oncology,False,False
447,urology,37,30,6,1,0,28,Urology,False,False
448,burns,35,35,0,0,0,32,Burns Management,False,False
448,cardiology,39,35,4,0,0,32,Cardiology,True,False
448,ctvs,37,35,2,0,0,32,Cardio-thoracic & Vascular Surgery,True,False
448,emergency_room,47,44,2,0,0,40,Emergency Room Packages,False,False
448,ent,37,35,2,0,0,32,Otorhinolaryngology (ENT),False,False
448,general_medicine,52,47,3,0,0,43,General Medicine,False,False
448,general_surgery,61,43,15,0,0,38,General Surgery,False,False
448,interventional_neuroradiology,36,35,1,0,0,32,Interventional Neuroradiology,True,False
448,medical_oncology,39,35,4,0,0,32,Medical Oncology,False,False
448,mental_disorders,35,35,0,0,0,32,Mental Disorders,False,False
448,neonatal,44,35,7,0,0,32,Neo-natal Care,False,False
448,neurosurgery,38,35,3,0,0,32,Neurosurgery,True,False
448,obgyn,56,44,9,0,0,40,Obstetrics & Gynaecology,False,False
448,ophthalmology,38,36,2,0,0,32,Ophthalmology,False,False
448,oral_maxillofacial,37,35,2,0,0,32,Oral & Maxillofacial Surgery,False,False
448,orthopaedics,51,35,13,0,0,32,Orthopaedics,False,False
448,paediatric_cancer,36,35,1,0,0,32,Paediatric Cancer,False,False
448,paediatric_medicine,42,36,4,0,0,32,Paediatric Medical Management,False,False
448,paediatric_surgery,35,35,0,0,0,32,Paediatric Surgery,False,False
448,plastic_surgery,35,35,0,0,0,32,Plastic & Reconstructive Surgery,False,False
448,polytrauma,43,35,7,0,0,32,Polytrauma,False,False
448,radiation_oncology,38,35,3,0,0,32,Radiation Oncology,True,False
448,surgical_oncology,39,35,4,0,0,32,Surgical Oncology,False,False
448,urology,47,35,12,0,0,32,Urology,False,False
449,burns,80,75,4,0,0,71,Burns Management,False,False
449,cardiology,79,74,4,0,0,70,Cardiology,True,False
449,ctvs,78,74,3,0,0,70,Cardio-thoracic & Vascular Surgery,True,False
449,emergency_room,93,83,7,2,0,78,Emergency Room Packages,False,False
449,ent,79,74,3,1,0,70,Otorhinolaryngology (ENT),False,False
449,general_medicine,104,86,12,3,0,81,General Medicine,False,False
449,general_surgery,85,75,8,1,0,71,General Surgery,False,False
449,interventional_neuroradiology,76,74,0,0,0,70,Interventional Neuroradiology,True,False
449,medical_oncology,78,74,2,0,0,70,Medical Oncology,False,False
449,mental_disorders,75,74,0,0,0,70,Mental Disorders,False,False
449,neonatal,86,74,10,0,0,70,Neo-natal Care,False,False
449,neurosurgery,78,74,3,0,0,70,Neurosurgery,True,False
449,obgyn,88,82,4,1,0,77,Obstetrics & Gynaecology,False,False
449,ophthalmology,77,75,1,0,0,70,Ophthalmology,False,False
449,oral_maxillofacial,79,76,3,0,0,72,Oral & Maxillofacial Surgery,False,False
449,orthopaedics,87,74,10,2,0,70,Orthopaedics,False,False
449,paediatric_cancer,74,74,0,0,0,70,Paediatric Cancer,False,False
449,paediatric_medicine,86,75,9,0,0,71,Paediatric Medical Management,False,False
449,paediatric_surgery,76,74,1,0,0,70,Paediatric Surgery,False,False
449,plastic_surgery,79,74,4,0,0,70,Plastic & Reconstructive Surgery,False,False
449,polytrauma,81,74,5,1,0,70,Polytrauma,False,False
449,radiation_oncology,76,74,1,0,0,70,Radiation Oncology,True,False
449,surgical_oncology,79,74,3,0,0,70,Surgical Oncology,False,False
449,urology,88,74,10,3,0,70,Urology,False,False
450,burns,73,71,0,1,0,65,Burns Management,False,False
450,cardiology,77,71,3,2,0,65,Cardiology,True,False
450,ctvs,75,71,1,2,0,65,Cardio-thoracic & Vascular Surgery,True,False
450,emergency_room,78,71,4,2,0,65,Emergency Room Packages,False,False
450,ent,73,71,1,0,0,65,Otorhinolaryngology (ENT),False,False
450,general_medicine,80,71,6,2,0,65,General Medicine,False,False
450,general_surgery,79,71,5,2,0,65,General Surgery,False,False
450,interventional_neuroradiology,73,71,0,1,0,65,Interventional Neuroradiology,True,False
450,medical_oncology,71,71,0,0,0,65,Medical Oncology,False,False
450,mental_disorders,71,71,0,0,0,65,Mental Disorders,False,False
450,neonatal,74,71,1,1,0,65,Neo-natal Care,False,False
450,neurosurgery,73,71,0,1,0,65,Neurosurgery,True,False
450,obgyn,78,71,5,1,0,65,Obstetrics & Gynaecology,False,False
450,ophthalmology,72,71,0,0,0,65,Ophthalmology,False,False
450,oral_maxillofacial,73,71,1,0,0,65,Oral & Maxillofacial Surgery,False,False
450,orthopaedics,78,71,5,1,0,65,Orthopaedics,False,False
450,paediatric_cancer,71,71,0,0,0,65,Paediatric Cancer,False,False
450,paediatric_medicine,75,71,2,1,0,65,Paediatric Medical Management,False,False
450,paediatric_surgery,72,71,1,0,0,65,Paediatric Surgery,False,False
450,plastic_surgery,73,71,0,1,0,65,Plastic & Reconstructive Surgery,False,False
450,polytrauma,77,71,4,1,0,65,Polytrauma,False,False
450,radiation_oncology,71,71,0,0,0,65,Radiation Oncology,True,False
450,surgical_oncology,72,71,0,0,0,65,Surgical Oncology,False,False
450,urology,77,71,4,1,0,65,Urology,False,False
451,burns,81,74,6,1,0,68,Burns Management,False,False
451,cardiology,81,73,7,1,0,67,Cardiology,True,False
451,ctvs,77,73,4,0,0,67,Cardio-thoracic & Vascular Surgery,True,False
451,emergency_room,82,75,7,0,0,69,Emergency Room Packages,False,False
451,ent,82,73,8,1,0,67,Otorhinolaryngology (ENT),False,False
451,general_medicine,90,78,10,2,0,72,General Medicine,False,False
451,general_surgery,93,75,16,2,0,69,General Surgery,False,False
451,interventional_neuroradiology,76,73,3,0,0,67,Interventional Neuroradiology,True,False
451,medical_oncology,76,73,2,1,0,67,Medical Oncology,False,False
451,mental_disorders,73,73,0,0,0,67,Mental Disorders,False,False
451,neonatal,94,73,21,0,0,67,Neo-natal Care,False,False
451,neurosurgery,79,73,5,1,0,67,Neurosurgery,True,False
451,obgyn,86,75,10,1,0,69,Obstetrics & Gynaecology,False,False
451,ophthalmology,78,73,5,0,0,67,Ophthalmology,False,False
451,oral_maxillofacial,79,73,5,1,0,67,Oral & Maxillofacial Surgery,False,False
451,orthopaedics,96,73,21,2,0,67,Orthopaedics,False,False
451,paediatric_cancer,73,73,0,0,0,67,Paediatric Cancer,False,False
451,paediatric_medicine,93,75,18,0,0,69,Paediatric Medical Management,False,False
451,paediatric_surgery,76,73,3,0,0,67,Paediatric Surgery,False,False
451,plastic_surgery,81,73,7,1,0,67,Plastic & Reconstructive Surgery,False,False
451,polytrauma,89,73,15,1,0,67,Polytrauma,False,False
451,radiation_oncology,75,73,2,0,0,67,Radiation Oncology,True,False
451,surgical_oncology,77,73,3,1,0,67,Surgical Oncology,False,False
451,urology,90,73,15,2,0,67,Urology,False,False
452,burns,21,21,0,0,0,16,Burns Management,False,True
452,cardiology,11,11,0,0,0,8,Cardiology,True,True
452,ctvs,11,11,0,0,0,8,Cardio-thoracic & Vascular Surgery,True,True
452,emergency_room,22,22,0,0,0,16,Emergency Room Packages,False,True
452,ent,20,20,0,0,0,14,Otorhinolaryngology (ENT),False,True
452,general_medicine,22,22,0,0,0,16,General Medicine,False,True
452,general_surgery,22,22,0,0,0,16,General Surgery,False,True
452,interventional_neuroradiology,11,11,0,0,0,8,Interventional Neuroradiology,True,True
452,medical_oncology,11,11,0,0,0,8,Medical Oncology,False,True
452,mental_disorders,11,11,0,0,0,8,Mental Disorders,False,True
452,neonatal,20,20,0,0,0,14,Neo-natal Care,False,True
452,neurosurgery,11,11,0,0,0,8,Neurosurgery,True,True
452,obgyn,21,21,0,0,0,15,Obstetrics & Gynaecology,False,True
452,ophthalmology,20,20,0,0,0,14,Ophthalmology,False,True
452,oral_maxillofacial,12,12,0,0,0,9,Oral & Maxillofacial Surgery,False,True
452,orthopaedics,12,11,0,1,0,8,Orthopaedics,False,True
452,paediatric_cancer,11,11,0,0,0,8,Paediatric Cancer,False,True
452,paediatric_medicine,22,22,0,0,0,16,Paediatric Medical Management,False,True
452,paediatric_surgery,11,11,0,0,0,8,Paediatric Surgery,False,True
452,plastic_surgery,11,11,0,0,0,8,Plastic & Reconstructive Surgery,False,True
452,polytrauma,11,11,0,0,0,8,Polytrauma,False,True
452,radiation_oncology,11,11,0,0,0,8,Radiation Oncology,True,True
452,surgical_oncology,11,11,0,0,0,8,Surgical Oncology,False,True
452,urology,11,11,0,0,0,8,Urology,False,True
453,burns,37,36,1,0,0,31,Burns Management,False,False
453,cardiology,38,33,3,1,0,30,Cardiology,True,False
453,ctvs,37,33,2,1,0,30,Cardio-thoracic & Vascular Surgery,True,False
453,emergency_room,48,41,5,1,0,35,Emergency Room Packages,False,False
453,ent,39,35,3,1,0,31,Otorhinolaryngology (ENT),False,False
453,general_medicine,69,57,8,2,0,50,General Medicine,False,False
453,general_surgery,45,37,6,1,0,31,General Surgery,False,False
453,interventional_neuroradiology,35,33,0,2,0,30,Interventional Neuroradiology,True,False
453,medical_oncology,36,33,0,2,0,30,Medical Oncology,False,False
453,mental_disorders,35,35,0,0,0,31,Mental Disorders,False,False
453,neonatal,38,36,1,0,0,31,Neo-natal Care,False,False
453,neurosurgery,37,33,1,2,0,30,Neurosurgery,True,False
453,obgyn,56,50,5,1,0,43,Obstetrics & Gynaecology,False,False
453,ophthalmology,38,35,3,0,0,31,Ophthalmology,False,False
453,oral_maxillofacial,36,34,1,1,0,30,Oral & Maxillofacial Surgery,False,False
453,orthopaedics,48,36,8,3,0,31,Orthopaedics,False,False
453,paediatric_cancer,33,33,0,0,0,30,Paediatric Cancer,False,False
453,paediatric_medicine,43,37,3,2,0,32,Paediatric Medical Management,False,False
453,paediatric_surgery,35,34,0,0,0,30,Paediatric Surgery,False,False
453,plastic_surgery,35,33,2,0,0,30,Plastic & Reconstructive Surgery,False,False
453,polytrauma,42,35,3,3,0,31,Polytrauma,False,False
453,radiation_oncology,35,33,0,1,0,30,Radiation Oncology,True,False
453,surgical_oncology,36,33,1,1,0,30,Surgical Oncology,False,False
453,urology,42,34,4,3,0,30,Urology,False,False
454,burns,25,24,1,0,0,21,Burns Management,False,False
454,cardiology,26,24,2,0,0,21,Cardiology,True,False
454,ctvs,25,24,1,0,0,21,Cardio-thoracic & Vascular Surgery,True,False
454,emergency_room,29,27,2,0,0,24,Emergency Room Packages,False,False
454,ent,25,24,1,0,0,21,Otorhinolaryngology (ENT),False,False
454,general_medicine,36,30,4,1,0,27,General Medicine,False,False
454,general_surgery,29,24,4,1,0,21,General Surgery,False,False
454,interventional_neuroradiology,26,24,2,0,0,21,Interventional Neuroradiology,True,False
454,medical_oncology,26,24,2,0,0,21,Medical Oncology,False,False
454,mental_disorders,25,24,1,0,0,21,Mental Disorders,False,False
454,neonatal,28,24,2,0,0,21,Neo-natal Care,False,False
454,neurosurgery,26,24,2,0,0,21,Neurosurgery,True,False
454,obgyn,30,26,4,0,0,23,Obstetrics & Gynaecology,False,False
454,ophthalmology,25,24,1,0,0,21,Ophthalmology,False,False
454,oral_maxillofacial,25,24,1,0,0,21,Oral & Maxillofacial Surgery,False,False
454,orthopaedics,30,24,5,1,0,21,Orthopaedics,False,False
454,paediatric_cancer,25,24,1,0,0,21,Paediatric Cancer,False,False
454,paediatric_medicine,28,24,2,0,0,21,Paediatric Medical Management,False,False
454,paediatric_surgery,25,24,1,0,0,21,Paediatric Surgery,False,False
454,plastic_surgery,25,24,1,0,0,21,Plastic & Reconstructive Surgery,False,False
454,polytrauma,28,24,3,1,0,21,Polytrauma,False,False
454,radiation_oncology,26,24,2,0,0,21,Radiation Oncology,True,False
454,surgical_oncology,26,24,2,0,0,21,Surgical Oncology,False,False
454,urology,29,24,3,2,0,21,Urology,False,False
455,burns,31,30,1,0,0,21,Burns Management,False,False
455,cardiology,31,29,1,1,0,21,Cardiology,True,False
455,ctvs,29,29,0,0,0,21,Cardio-thoracic & Vascular Surgery,True,False
455,emergency_room,62,58,4,0,0,46,Emergency Room Packages,False,False
455,ent,30,29,0,1,0,21,Otorhinolaryngology (ENT),False,False
455,general_medicine,77,70,6,1,0,57,General Medicine,False,False
455,general_surgery,44,31,11,1,0,21,General Surgery,False,False
455,interventional_neuroradiology,30,29,0,1,0,21,Interventional Neuroradiology,True,False
455,medical_oncology,33,31,2,0,0,22,Medical Oncology,False,False
455,mental_disorders,29,29,0,0,0,21,Mental Disorders,False,False
455,neonatal,37,29,7,1,0,21,Neo-natal Care,False,False
455,neurosurgery,31,30,0,1,0,21,Neurosurgery,True,False
455,obgyn,62,51,9,1,0,39,Obstetrics & Gynaecology,False,False
455,ophthalmology,29,29,0,0,0,21,Ophthalmology,False,False
455,oral_maxillofacial,30,30,0,0,0,21,Oral & Maxillofacial Surgery,False,False
455,orthopaedics,43,29,12,1,0,21,Orthopaedics,False,False
455,paediatric_cancer,30,30,0,0,0,21,Paediatric Cancer,False,False
455,paediatric_medicine,55,47,7,1,0,36,Paediatric Medical Management,False,False
455,paediatric_surgery,29,29,0,0,0,21,Paediatric Surgery,False,False
455,plastic_surgery,31,29,2,0,0,21,Plastic & Reconstructive Surgery,False,False
455,polytrauma,39,29,9,1,0,21,Polytrauma,False,False
455,radiation_oncology,31,30,1,0,0,21,Radiation Oncology,True,False
455,surgical_oncology,31,30,1,0,0,21,Surgical Oncology,False,False
455,urology,44,30,13,1,0,21,Urology,False,False
456,burns,16,16,0,0,0,15,Burns Management,False,False
456,cardiology,16,16,0,0,0,15,Cardiology,True,False
456,ctvs,16,16,0,0,0,15,Cardio-thoracic & Vascular Surgery,True,False
456,emergency_room,17,16,0,1,0,15,Emergency Room Packages,False,False
456,ent,16,16,0,0,0,15,Otorhinolaryngology (ENT),False,False
456,general_medicine,17,16,0,1,0,15,General Medicine,False,False
456,general_surgery,17,16,0,1,0,15,General Surgery,False,False
456,interventional_neuroradiology,16,16,0,0,0,15,Interventional Neuroradiology,True,False
456,medical_oncology,16,16,0,0,0,15,Medical Oncology,False,False
456,mental_disorders,16,16,0,0,0,15,Mental Disorders,False,False
456,neonatal,19,16,2,0,0,15,Neo-natal Care,False,False
456,neurosurgery,16,16,0,0,0,15,Neurosurgery,True,False
456,obgyn,17,16,0,1,0,15,Obstetrics & Gynaecology,False,False
456,ophthalmology,16,16,0,0,0,15,Ophthalmology,False,False
456,oral_maxillofacial,16,16,0,0,0,15,Oral & Maxillofacial Surgery,False,False
456,orthopaedics,17,16,0,1,0,15,Orthopaedics,False,False
456,paediatric_cancer,16,16,0,0,0,15,Paediatric Cancer,False,False
456,paediatric_medicine,19,16,2,0,0,15,Paediatric Medical Management,False,False
456,paediatric_surgery,16,16,0,0,0,15,Paediatric Surgery,False,False
456,plastic_surgery,16,16,0,0,0,15,Plastic & Reconstructive Surgery,False,False
456,polytrauma,16,16,0,0,0,15,Polytrauma,False,False
456,radiation_oncology,16,16,0,0,0,15,Radiation Oncology,True,False
456,surgical_oncology,16,16,0,0,0,15,Surgical Oncology,False,False
456,urology,16,16,0,0,0,15,Urology,False,False
457,burns,72,70,1,1,0,65,Burns Management,False,False
457,cardiology,87,71,13,2,0,65,Cardiology,True,False
457,ctvs,84,70,11,2,0,65,Cardio-thoracic & Vascular Surgery,True,False
457,emergency_room,77,72,3,2,0,65,Emergency Room Packages,False,False
457,ent,80,73,3,2,0,65,Otorhinolaryngology (ENT),False,False
457,general_medicine,95,72,17,3,0,65,General Medicine,False,False
457,general_surgery,98,73,18,3,0,65,General Surgery,False,False
457,interventional_neuroradiology,74,70,2,1,0,65,Interventional Neuroradiology,True,False
457,medical_oncology,82,71,9,2,0,65,Medical Oncology,False,False
457,mental_disorders,73,72,0,0,1,65,Mental Disorders,False,False
457,neonatal,96,72,20,3,0,65,Neo-natal Care,False,False
457,neurosurgery,76,70,4,1,0,65,Neurosurgery,True,False
457,obgyn,92,73,14,2,0,65,Obstetrics & Gynaecology,False,False
457,ophthalmology,74,72,1,1,0,65,Ophthalmology,False,False
457,oral_maxillofacial,75,73,1,0,0,65,Oral & Maxillofacial Surgery,False,False
457,orthopaedics,101,71,23,3,0,65,Orthopaedics,False,False
457,paediatric_cancer,70,70,0,0,0,65,Paediatric Cancer,False,False
457,paediatric_medicine,89,71,12,4,0,65,Paediatric Medical Management,False,False
457,paediatric_surgery,71,70,1,0,0,65,Paediatric Surgery,False,False
457,plastic_surgery,72,70,1,1,0,65,Plastic & Reconstructive Surgery,False,False
457,polytrauma,90,71,15,2,0,65,Polytrauma,False,False
457,radiation_oncology,80,71,7,2,0,65,Radiation Oncology,True,False
457,surgical_oncology,81,71,8,2,0,65,Surgical Oncology,False,False
457,urology,96,71,18,4,0,65,Urology,False,False
458,burns,60,59,0,1,0,54,Burns Management,False,False
458,cardiology,63,59,4,0,0,54,Cardiology,True,False
458,ctvs,59,59,0,0,0,54,Cardio-thoracic & Vascular Surgery,True,False
458,emergency_room,64,60,2,2,0,55,Emergency Room Packages,False,False
458,ent,62,59,1,1,0,54,Otorhinolaryngology (ENT),False,False
458,general_medicine,70,62,3,3,0,57,General Medicine,False,False
458,general_surgery,75,60,10,3,0,55,General Surgery,False,False
458,interventional_neuroradiology,62,59,1,2,0,54,Interventional Neuroradiology,True,False
458,medical_oncology,61,59,2,0,0,54,Medical Oncology,False,False
458,mental_disorders,59,59,0,0,0,54,Mental Disorders,False,False
458,neonatal,69,58,10,1,0,53,Neo-natal Care,False,False
458,neurosurgery,62,59,1,2,0,54,Neurosurgery,True,False
458,obgyn,70,62,4,2,0,57,Obstetrics & Gynaecology,False,False
458,ophthalmology,61,59,0,1,0,54,Ophthalmology,False,False
458,oral_maxillofacial,66,62,1,1,0,57,Oral & Maxillofacial Surgery,False,False
458,orthopaedics,67,59,6,1,0,54,Orthopaedics,False,False
458,paediatric_cancer,59,59,0,0,0,54,Paediatric Cancer,False,False
458,paediatric_medicine,69,61,7,1,0,56,Paediatric Medical Management,False,False
458,paediatric_surgery,60,59,1,0,0,54,Paediatric Surgery,False,False
458,plastic_surgery,61,59,1,1,0,54,Plastic & Reconstructive Surgery,False,False
458,polytrauma,67,60,4,2,0,55,Polytrauma,False,False
458,radiation_oncology,60,59,1,0,0,54,Radiation Oncology,True,False
458,surgical_oncology,63,59,2,1,0,54,Surgical Oncology,False,False
458,urology,71,59,8,3,0,54,Urology,False,False
459,burns,78,72,3,3,0,59,Burns Management,False,False
459,cardiology,95,70,17,7,0,58,Cardiology,True,False
459,ctvs,93,71,14,8,0,58,Cardio-thoracic & Vascular Surgery,True,False
459,emergency_room,93,76,9,7,0,61,Emergency Room Packages,False,False
459,ent,92,72,12,8,0,59,Otorhinolaryngology (ENT),False,False
459,general_medicine,124,80,27,13,0,64,General Medicine,False,False
459,general_surgery,112,74,26,7,0,61,General Surgery,False,False
459,interventional_neuroradiology,86,71,11,4,0,58,Interventional Neuroradiology,True,False
459,medical_oncology,94,70,12,10,0,58,Medical Oncology,False,False
459,mental_disorders,73,71,2,0,0,58,Mental Disorders,False,False
459,neonatal,85,70,11,3,0,58,Neo-natal Care,False,False
459,neurosurgery,96,71,19,6,0,58,Neurosurgery,True,False
459,obgyn,99,78,12,6,0,62,Obstetrics & Gynaecology,False,False
459,ophthalmology,85,72,8,5,0,58,Ophthalmology,False,False
459,oral_maxillofacial,82,72,5,5,0,58,Oral & Maxillofacial Surgery,False,False
459,orthopaedics,136,72,48,11,0,59,Orthopaedics,False,False
459,paediatric_cancer,77,71,4,2,0,58,Paediatric Cancer,False,False
459,paediatric_medicine,98,74,19,4,0,60,Paediatric Medical Management,False,False
459,paediatric_surgery,77,70,5,2,0,58,Paediatric Surgery,False,False
459,plastic_surgery,79,71,5,3,0,58,Plastic & Reconstructive Surgery,False,False
459,polytrauma,126,71,41,11,0,58,Polytrauma,False,False
459,radiation_oncology,76,71,2,3,0,58,Radiation Oncology,True,False
459,surgical_oncology,92,71,11,8,0,58,Surgical Oncology,False,False
459,urology,112,71,24,14,0,58,Urology,False,False
460,burns,65,64,1,0,0,61,Burns Management,False,False
460,cardiology,67,64,3,0,0,61,Cardiology,True,False
460,ctvs,66,64,2,0,0,61,Cardio-thoracic & Vascular Surgery,True,False
460,emergency_room,67,64,3,0,0,61,Emergency Room Packages,False,False
460,ent,68,64,3,0,0,61,Otorhinolaryngology (ENT),False,False
460,general_medicine,70,65,4,0,0,62,General Medicine,False,False
460,general_surgery,72,64,7,0,0,61,General Surgery,False,False
460,interventional_neuroradiology,65,64,1,0,0,61,Interventional Neuroradiology,True,False
460,medical_oncology,66,64,2,0,0,61,Medical Oncology,False,False
460,mental_disorders,64,64,0,0,0,61,Mental Disorders,False,False
460,neonatal,73,64,8,0,0,61,Neo-natal Care,False,False
460,neurosurgery,66,64,2,0,0,61,Neurosurgery,True,False
460,obgyn,69,64,4,0,0,61,Obstetrics & Gynaecology,False,False
460,ophthalmology,66,64,2,0,0,61,Ophthalmology,False,False
460,oral_maxillofacial,66,64,1,0,0,61,Oral & Maxillofacial Surgery,False,False
460,orthopaedics,72,64,7,0,0,61,Orthopaedics,False,False
460,paediatric_cancer,64,64,0,0,0,61,Paediatric Cancer,False,False
460,paediatric_medicine,70,64,5,0,0,61,Paediatric Medical Management,False,False
460,paediatric_surgery,65,64,1,0,0,61,Paediatric Surgery,False,False
460,plastic_surgery,65,64,1,0,0,61,Plastic & Reconstructive Surgery,False,False
460,polytrauma,69,64,5,0,0,61,Polytrauma,False,False
460,radiation_oncology,64,64,0,0,0,61,Radiation Oncology,True,False
460,surgical_oncology,65,64,1,0,0,61,Surgical Oncology,False,False
460,urology,69,64,5,0,0,61,Urology,False,False
461,burns,59,51,8,0,0,46,Burns Management,False,False
461,cardiology,70,51,17,1,0,46,Cardiology,True,False
461,ctvs,65,51,13,1,0,46,Cardio-thoracic & Vascular Surgery,True,False
461,emergency_room,71,57,13,0,1,50,Emergency Room Packages,False,False
461,ent,63,52,10,0,0,47,Otorhinolaryngology (ENT),False,False
461,general_medicine,89,56,28,2,1,49,General Medicine,False,False
461,general_surgery,78,55,20,0,0,49,General Surgery,False,False
461,interventional_neuroradiology,59,51,8,0,0,46,Interventional Neuroradiology,True,False
461,medical_oncology,64,51,13,0,0,46,Medical Oncology,False,False
461,mental_disorders,54,53,1,0,0,47,Mental Disorders,False,False
461,neonatal,60,53,6,1,0,48,Neo-natal Care,False,False
461,neurosurgery,58,51,7,0,0,46,Neurosurgery,True,False
461,obgyn,68,56,10,0,1,50,Obstetrics & Gynaecology,False,False
461,ophthalmology,62,52,9,0,0,47,Ophthalmology,False,False
461,oral_maxillofacial,62,53,9,0,0,48,Oral & Maxillofacial Surgery,False,False
461,orthopaedics,86,52,29,2,0,47,Orthopaedics,False,False
461,paediatric_cancer,55,51,4,0,0,46,Paediatric Cancer,False,False
461,paediatric_medicine,67,54,12,1,0,48,Paediatric Medical Management,False,False
461,paediatric_surgery,54,51,3,0,0,46,Paediatric Surgery,False,False
461,plastic_surgery,60,51,9,0,0,46,Plastic & Reconstructive Surgery,False,False
461,polytrauma,77,52,20,2,0,47,Polytrauma,False,False
461,radiation_oncology,57,51,6,0,0,46,Radiation Oncology,True,False
461,surgical_oncology,63,51,12,0,0,46,Surgical Oncology,False,False
461,urology,73,51,19,1,0,46,Urology,False,False
462,burns,67,63,1,3,0,59,Burns Management,False,False
462,cardiology,70,63,5,2,0,59,Cardiology,True,False
462,ctvs,68,63,3,2,0,59,Cardio-thoracic & Vascular Surgery,True,False
462,emergency_room,70,63,5,2,0,59,Emergency Room Packages,False,False
462,ent,67,63,3,1,0,59,Otorhinolaryngology (ENT),False,False
462,general_medicine,73,64,5,3,0,60,General Medicine,False,False
462,general_surgery,75,64,6,4,0,60,General Surgery,False,False
462,interventional_neuroradiology,65,63,1,1,0,59,Interventional Neuroradiology,True,False
462,medical_oncology,68,63,3,2,0,59,Medical Oncology,False,False
462,mental_disorders,63,63,0,0,0,59,Mental Disorders,False,False
462,neonatal,70,63,4,3,0,59,Neo-natal Care,False,False
462,neurosurgery,68,63,4,1,0,59,Neurosurgery,True,False
462,obgyn,75,64,5,4,1,60,Obstetrics & Gynaecology,False,False
462,ophthalmology,65,63,0,1,0,59,Ophthalmology,False,False
462,oral_maxillofacial,67,63,2,2,0,59,Oral & Maxillofacial Surgery,False,False
462,orthopaedics,74,63,7,3,0,59,Orthopaedics,False,False
462,paediatric_cancer,63,63,0,0,0,59,Paediatric Cancer,False,False
462,paediatric_medicine,72,63,4,4,1,59,Paediatric Medical Management,False,False
462,paediatric_surgery,67,63,1,3,0,59,Paediatric Surgery,False,False
462,plastic_surgery,69,63,3,3,0,59,Plastic & Reconstructive Surgery,False,False
462,polytrauma,72,63,5,3,0,59,Polytrauma,False,False
462,radiation_oncology,64,63,1,0,0,59,Radiation Oncology,True,False
462,surgical_oncology,68,63,3,2,0,59,Surgical Oncology,False,False
462,urology,74,63,7,3,0,59,Urology,False,False
463,burns,1,1,0,0,0,0,Burns Management,False,False
463,emergency_room,5,2,3,0,0,1,Emergency Room Packages,False,False
463,ent,1,1,0,0,0,0,Otorhinolaryngology (ENT),False,False
463,general_medicine,6,3,3,0,0,2,General Medicine,False,False
463,general_surgery,3,1,2,0,0,0,General Surgery,False,False
463,interventional_neuroradiology,1,1,0,0,0,0,Interventional Neuroradiology,True,False
463,neonatal,1,1,0,0,0,0,Neo-natal Care,False,False
463,neurosurgery,1,1,0,0,0,0,Neurosurgery,True,False
463,obgyn,5,2,3,0,0,1,Obstetrics & Gynaecology,False,False
463,ophthalmology,2,2,0,0,0,1,Ophthalmology,False,False
463,oral_maxillofacial,1,1,0,0,0,1,Oral & Maxillofacial Surgery,False,False
463,orthopaedics,2,1,1,0,0,0,Orthopaedics,False,False
463,paediatric_medicine,3,2,1,0,0,1,Paediatric Medical Management,False,False
463,plastic_surgery,1,1,0,0,0,0,Plastic & Reconstructive Surgery,False,False
463,urology,1,1,0,0,0,0,Urology,False,False
464,emergency_room,1,1,0,0,0,0,Emergency Room Packages,False,False
464,general_medicine,1,1,0,0,0,0,General Medicine,False,False
464,general_surgery,1,1,0,0,0,0,General Surgery,False,False
464,obgyn,1,1,0,0,0,0,Obstetrics & Gynaecology,False,False
464,ophthalmology,1,1,0,0,0,0,Ophthalmology,False,False
464,paediatric_medicine,1,1,0,0,0,0,Paediatric Medical Management,False,False
465,burns,1,1,0,0,0,0,Burns Management,False,False
465,emergency_room,4,4,0,0,0,2,Emergency Room Packages,False,False
465,ent,1,1,0,0,0,0,Otorhinolaryngology (ENT),False,False
465,general_medicine,11,11,0,0,0,8,General Medicine,False,False
465,general_surgery,3,3,0,0,0,1,General Surgery,False,False
465,interventional_neuroradiology,1,1,0,0,0,0,Interventional Neuroradiology,True,False
465,mental_disorders,2,2,0,0,0,1,Mental Disorders,False,False
465,neonatal,2,1,1,0,0,0,Neo-natal Care,False,False
465,neurosurgery,1,1,0,0,0,0,Neurosurgery,True,False
465,obgyn,2,2,0,0,0,0,Obstetrics & Gynaecology,False,False
465,ophthalmology,2,2,0,0,0,0,Ophthalmology,False,False
465,oral_maxillofacial,3,3,0,0,0,1,Oral & Maxillofacial Surgery,False,False
465,orthopaedics,3,2,1,0,0,0,Orthopaedics,False,False
465,paediatric_medicine,3,2,1,0,0,0,Paediatric Medical Management,False,False
465,paediatric_surgery,2,1,1,0,0,0,Paediatric Surgery,False,False
465,plastic_surgery,1,1,0,0,0,0,Plastic & Reconstructive Surgery,False,False
465,polytrauma,1,1,0,0,0,0,Polytrauma,False,False
465,urology,1,1,0,0,0,0,Urology,False,False
466,burns,7,2,5,0,0,0,Burns Management,False,False
466,cardiology,7,2,5,0,0,0,Cardiology,True,False
466,ctvs,5,1,4,0,0,0,Cardio-thoracic & Vascular Surgery,True,False
466,emergency_room,8,1,7,0,0,0,Emergency Room Packages,False,False
466,ent,9,2,7,0,0,0,Otorhinolaryngology (ENT),False,False
466,general_medicine,10,2,8,0,0,0,General Medicine,False,False
466,general_surgery,10,2,8,0,0,0,General Surgery,False,False
466,interventional_neuroradiology,8,2,6,0,0,0,Interventional Neuroradiology,True,False
466,medical_oncology,4,2,2,0,0,0,Medical Oncology,False,False
466,mental_disorders,1,1,0,0,0,0,Mental Disorders,False,False
466,neonatal,3,0,3,0,0,0,Neo-natal Care,False,False
466,neurosurgery,8,2,6,0,0,0,Neurosurgery,True,False
466,obgyn,7,2,5,0,0,0,Obstetrics & Gynaecology,False,False
466,ophthalmology,6,2,4,0,0,0,Ophthalmology,False,False
466,oral_maxillofacial,3,0,3,0,0,0,Oral & Maxillofacial Surgery,False,False
466,orthopaedics,10,2,8,0,0,0,Orthopaedics,False,False
466,paediatric_cancer,3,0,3,0,0,0,Paediatric Cancer,False,False
466,paediatric_medicine,7,1,6,0,0,0,Paediatric Medical Management,False,False
466,paediatric_surgery,4,1,3,0,0,0,Paediatric Surgery,False,False
466,plastic_surgery,7,2,5,0,0,0,Plastic & Reconstructive Surgery,False,False
466,polytrauma,7,1,6,0,0,0,Polytrauma,False,False
466,radiation_oncology,3,2,1,0,0,0,Radiation Oncology,True,False
466,surgical_oncology,7,1,6,0,0,0,Surgical Oncology,False,False
466,urology,9,2,7,0,0,0,Urology,False,False
467,burns,2,1,1,0,0,0,Burns Management,False,False
467,cardiology,2,1,1,0,0,0,Cardiology,True,False
467,ctvs,1,0,1,0,0,0,Cardio-thoracic & Vascular Surgery,True,False
467,emergency_room,4,1,3,0,0,0,Emergency Room Packages,False,False
467,ent,3,1,2,0,0,0,Otorhinolaryngology (ENT),False,False
467,general_medicine,6,3,3,0,0,0,General Medicine,False,False
467,general_surgery,5,2,3,0,0,0,General Surgery,False,False
467,interventional_neuroradiology,3,1,2,0,0,0,Interventional Neuroradiology,True,False
467,medical_oncology,4,1,3,0,0,0,Medical Oncology,False,False
467,mental_disorders,2,1,1,0,0,0,Mental Disorders,False,False
467,neonatal,2,0,2,0,0,0,Neo-natal Care,False,False
467,neurosurgery,3,1,2,0,0,0,Neurosurgery,True,False
467,obgyn,4,3,1,0,0,0,Obstetrics & Gynaecology,False,False
467,ophthalmology,3,2,1,0,0,0,Ophthalmology,False,False
467,oral_maxillofacial,1,0,1,0,0,0,Oral & Maxillofacial Surgery,False,False
467,orthopaedics,3,1,2,0,0,0,Orthopaedics,False,False
467,paediatric_cancer,1,0,1,0,0,0,Paediatric Cancer,False,False
467,paediatric_medicine,5,1,4,0,0,0,Paediatric Medical Management,False,False
467,paediatric_surgery,4,0,4,0,0,0,Paediatric Surgery,False,False
467,plastic_surgery,2,1,1,0,0,0,Plastic & Reconstructive Surgery,False,False
467,polytrauma,3,1,2,0,0,0,Polytrauma,False,False
467,radiation_oncology,3,1,2,0,0,0,Radiation Oncology,True,False
467,surgical_oncology,1,0,1,0,0,0,Surgical Oncology,False,False
467,urology,5,3,2,0,0,0,Urology,False,False
468,burns,2,2,0,0,0,0,Burns Management,False,False
468,cardiology,5,2,3,0,0,0,Cardiology,True,False
468,ctvs,1,0,1,0,0,0,Cardio-thoracic & Vascular Surgery,True,False
468,emergency_room,7,3,4,0,0,0,Emergency Room Packages,False,False
468,ent,2,1,1,0,0,0,Otorhinolaryngology (ENT),False,False
468,general_medicine,11,6,5,0,0,0,General Medicine,False,False
468,general_surgery,8,6,2,0,0,0,General Surgery,False,False
468,medical_oncology,3,2,1,0,0,0,Medical Oncology,False,False
468,mental_disorders,1,1,0,0,0,0,Mental Disorders,False,False
468,neonatal,6,3,3,0,0,0,Neo-natal Care,False,False
468,neurosurgery,2,2,0,0,0,0,Neurosurgery,True,False
468,obgyn,8,6,2,0,0,0,Obstetrics & Gynaecology,False,False
468,ophthalmology,4,2,2,0,0,0,Ophthalmology,False,False
468,oral_maxillofacial,2,1,1,0,0,0,Oral & Maxillofacial Surgery,False,False
468,orthopaedics,6,3,3,0,0,0,Orthopaedics,False,False
468,paediatric_cancer,1,1,0,0,0,0,Paediatric Cancer,False,False
468,paediatric_medicine,10,4,6,0,0,0,Paediatric Medical Management,False,False
468,paediatric_surgery,4,2,2,0,0,0,Paediatric Surgery,False,False
468,plastic_surgery,2,2,0,0,0,0,Plastic & Reconstructive Surgery,False,False
468,polytrauma,4,1,3,0,0,0,Polytrauma,False,False
468,radiation_oncology,2,2,0,0,0,0,Radiation Oncology,True,False
468,surgical_oncology,1,1,0,0,0,0,Surgical Oncology,False,False
468,urology,7,5,2,0,0,0,Urology,False,False
469,burns,5,0,5,0,0,0,Burns Management,False,False
469,cardiology,10,0,10,0,0,0,Cardiology,True,False
469,ctvs,6,0,6,0,0,0,Cardio-thoracic & Vascular Surgery,True,False
469,emergency_room,11,1,10,0,0,0,Emergency Room Packages,False,False
469,ent,6,0,6,0,0,0,Otorhinolaryngology (ENT),False,False
469,general_medicine,13,1,12,0,0,0,General Medicine,False,False
469,general_surgery,10,0,10,0,0,0,General Surgery,False,False
469,interventional_neuroradiology,9,0,9,0,0,0,Interventional Neuroradiology,True,False
469,medical_oncology,6,0,6,0,0,0,Medical Oncology,False,False
469,mental_disorders,3,0,3,0,0,0,Mental Disorders,False,False
469,neonatal,3,0,3,0,0,0,Neo-natal Care,False,False
469,neurosurgery,10,0,10,0,0,0,Neurosurgery,True,False
469,obgyn,6,0,6,0,0,0,Obstetrics & Gynaecology,False,False
469,ophthalmology,3,0,3,0,0,0,Ophthalmology,False,False
469,oral_maxillofacial,2,0,2,0,0,0,Oral & Maxillofacial Surgery,False,False
469,orthopaedics,9,0,9,0,0,0,Orthopaedics,False,False
469,paediatric_cancer,4,0,4,0,0,0,Paediatric Cancer,False,False
469,paediatric_medicine,11,0,11,0,0,0,Paediatric Medical Management,False,False
469,paediatric_surgery,9,0,9,0,0,0,Paediatric Surgery,False,False
469,plastic_surgery,5,0,5,0,0,0,Plastic & Reconstructive Surgery,False,False
469,polytrauma,6,0,6,0,0,0,Polytrauma,False,False
469,radiation_oncology,1,0,1,0,0,0,Radiation Oncology,True,False
469,surgical_oncology,10,1,9,0,0,0,Surgical Oncology,False,False
469,urology,11,0,11,0,0,0,Urology,False,False
470,burns,3,2,1,0,0,0,Burns Management,False,False
470,cardiology,4,2,2,0,0,0,Cardiology,True,False
470,ctvs,2,0,2,0,0,0,Cardio-thoracic & Vascular Surgery,True,False
470,emergency_room,7,2,5,0,0,0,Emergency Room Packages,False,False
470,ent,5,2,3,0,0,0,Otorhinolaryngology (ENT),False,False
470,general_medicine,8,3,5,0,0,0,General Medicine,False,False
470,general_surgery,8,3,5,0,0,0,General Surgery,False,False
470,interventional_neuroradiology,5,1,4,0,0,0,Interventional Neuroradiology,True,False
470,medical_oncology,2,0,2,0,0,0,Medical Oncology,False,False
470,mental_disorders,1,1,0,0,0,0,Mental Disorders,False,False
470,neonatal,2,1,1,0,0,0,Neo-natal Care,False,False
470,neurosurgery,6,1,5,0,0,0,Neurosurgery,True,False
470,obgyn,7,3,4,0,0,0,Obstetrics & Gynaecology,False,False
470,ophthalmology,5,2,3,0,0,0,Ophthalmology,False,False
470,orthopaedics,8,3,5,0,0,0,Orthopaedics,False,False
470,paediatric_medicine,4,1,3,0,0,0,Paediatric Medical Management,False,False
470,paediatric_surgery,2,1,1,0,0,0,Paediatric Surgery,False,False
470,plastic_surgery,3,2,1,0,0,0,Plastic & Reconstructive Surgery,False,False
470,polytrauma,5,1,4,0,0,0,Polytrauma,False,False
470,radiation_oncology,2,2,0,0,0,0,Radiation Oncology,True,False
470,surgical_oncology,2,0,2,0,0,0,Surgical Oncology,False,False
470,urology,8,3,5,0,0,0,Urology,False,False
471,burns,3,1,2,0,0,0,Burns Management,False,False
471,cardiology,2,1,1,0,0,0,Cardiology,True,False
471,ctvs,1,0,1,0,0,0,Cardio-thoracic & Vascular Surgery,True,False
471,emergency_room,7,1,6,0,0,0,Emergency Room Packages,False,False
471,ent,2,1,1,0,0,0,Otorhinolaryngology (ENT),False,False
471,general_medicine,9,2,7,0,0,0,General Medicine,False,False
471,general_surgery,12,4,8,0,0,0,General Surgery,False,False
471,interventional_neuroradiology,8,1,7,0,0,0,Interventional Neuroradiology,True,False
471,medical_oncology,3,1,2,0,0,0,Medical Oncology,False,False
471,mental_disorders,1,1,0,0,0,0,Mental Disorders,False,False
471,neonatal,2,0,2,0,0,0,Neo-natal Care,False,False
471,neurosurgery,8,1,7,0,0,0,Neurosurgery,True,False
471,obgyn,11,4,7,0,0,0,Obstetrics & Gynaecology,False,False
471,ophthalmology,4,2,2,0,0,0,Ophthalmology,False,False
471,oral_maxillofacial,1,0,1,0,0,0,Oral & Maxillofacial Surgery,False,False
471,orthopaedics,7,1,6,0,0,0,Orthopaedics,False,False
471,paediatric_medicine,7,1,6,0,0,0,Paediatric Medical Management,False,False
471,paediatric_surgery,4,1,3,0,0,0,Paediatric Surgery,False,False
471,plastic_surgery,3,1,2,0,0,0,Plastic & Reconstructive Surgery,False,False
471,polytrauma,6,1,5,0,0,0,Polytrauma,False,False
471,radiation_oncology,1,1,0,0,0,0,Radiation Oncology,True,False
471,surgical_oncology,5,1,4,0,0,0,Surgical Oncology,False,False
471,urology,7,1,6,0,0,0,Urology,False,False
472,burns,3,1,2,0,0,0,Burns Management,False,False
472,cardiology,8,3,5,0,0,0,Cardiology,True,False
472,ctvs,2,0,2,0,0,0,Cardio-thoracic & Vascular Surgery,True,False
472,emergency_room,6,0,6,0,0,0,Emergency Room Packages,False,False
472,ent,5,2,3,0,0,0,Otorhinolaryngology (ENT),False,False
472,general_medicine,13,5,8,0,0,0,General Medicine,False,False
472,general_surgery,9,3,6,0,0,0,General Surgery,False,False
472,interventional_neuroradiology,3,0,3,0,0,0,Interventional Neuroradiology,True,False
472,medical_oncology,1,0,1,0,0,0,Medical Oncology,False,False
472,mental_disorders,3,3,0,0,0,0,Mental Disorders,False,False
472,neonatal,4,0,4,0,0,0,Neo-natal Care,False,False
472,neurosurgery,4,0,4,0,0,0,Neurosurgery,True,False
472,obgyn,7,3,4,0,0,0,Obstetrics & Gynaecology,False,False
472,ophthalmology,3,3,0,0,0,0,Ophthalmology,False,False
472,oral_maxillofacial,2,0,2,0,0,0,Oral & Maxillofacial Surgery,False,False
472,orthopaedics,10,3,7,0,0,0,Orthopaedics,False,False
472,paediatric_medicine,7,0,7,0,0,0,Paediatric Medical Management,False,False
472,paediatric_surgery,4,0,4,0,0,0,Paediatric Surgery,False,False
472,plastic_surgery,3,1,2,0,0,0,Plastic & Reconstructive Surgery,False,False
472,polytrauma,8,1,7,0,0,0,Polytrauma,False,False
472,radiation_oncology,3,3,0,0,0,0,Radiation Oncology,True,False
472,surgical_oncology,2,0,2,0,0,0,Surgical Oncology,False,False
472,urology,12,4,8,0,0,0,Urology,False,False
473,burns,1,1,0,0,0,0,Burns Management,False,False
473,cardiology,2,1,1,0,0,0,Cardiology,True,False
473,emergency_room,8,4,3,0,1,0,Emergency Room Packages,False,False
473,ent,2,1,1,0,0,0,Otorhinolaryngology (ENT),False,False
473,general_medicine,8,4,3,0,1,0,General Medicine,False,False
473,general_surgery,8,5,3,0,0,0,General Surgery,False,False
473,interventional_neuroradiology,3,1,2,0,0,0,Interventional Neuroradiology,True,False
473,medical_oncology,1,1,0,0,0,0,Medical Oncology,False,False
473,mental_disorders,1,1,0,0,0,0,Mental Disorders,False,False
473,neonatal,1,0,1,0,0,0,Neo-natal Care,False,False
473,neurosurgery,4,1,3,0,0,0,Neurosurgery,True,False
473,obgyn,7,5,1,0,1,0,Obstetrics & Gynaecology,False,False
473,ophthalmology,2,1,0,0,1,0,Ophthalmology,False,False
473,orthopaedics,7,3,4,0,0,0,Orthopaedics,False,False
473,paediatric_medicine,7,3,3,0,1,0,Paediatric Medical Management,False,False
473,paediatric_surgery,3,1,2,0,0,0,Paediatric Surgery,False,False
473,plastic_surgery,1,1,0,0,0,0,Plastic & Reconstructive Surgery,False,False
473,polytrauma,5,1,4,0,0,0,Polytrauma,False,False
473,radiation_oncology,1,1,0,0,0,0,Radiation Oncology,True,False
473,surgical_oncology,1,1,0,0,0,0,Surgical Oncology,False,False
473,urology,3,1,2,0,0,0,Urology,False,False
474,burns,6,2,4,0,0,0,Burns Management,False,False
474,cardiology,4,2,2,0,0,0,Cardiology,True,False
474,ctvs,1,0,1,0,0,0,Cardio-thoracic & Vascular Surgery,True,False
474,emergency_room,6,0,6,0,0,0,Emergency Room Packages,False,False
474,ent,6,2,4,0,0,0,Otorhinolaryngology (ENT),False,False
474,general_medicine,9,2,7,0,0,0,General Medicine,False,False
474,general_surgery,9,2,7,0,0,0,General Surgery,False,False
474,interventional_neuroradiology,4,1,3,0,0,0,Interventional Neuroradiology,True,False
474,medical_oncology,3,0,3,0,0,0,Medical Oncology,False,False
474,mental_disorders,1,0,1,0,0,0,Mental Disorders,False,False
474,neonatal,3,0,3,0,0,0,Neo-natal Care,False,False
474,neurosurgery,4,1,3,0,0,0,Neurosurgery,True,False
474,obgyn,8,2,6,0,0,0,Obstetrics & Gynaecology,False,False
474,ophthalmology,3,1,2,0,0,0,Ophthalmology,False,False
474,oral_maxillofacial,2,0,2,0,0,0,Oral & Maxillofacial Surgery,False,False
474,orthopaedics,6,2,4,0,0,0,Orthopaedics,False,False
474,paediatric_cancer,1,0,1,0,0,0,Paediatric Cancer,False,False
474,paediatric_medicine,5,1,4,0,0,0,Paediatric Medical Management,False,False
474,paediatric_surgery,5,0,5,0,0,0,Paediatric Surgery,False,False
474,plastic_surgery,6,2,4,0,0,0,Plastic & Reconstructive Surgery,False,False
474,polytrauma,3,0,3,0,0,0,Polytrauma,False,False
474,radiation_oncology,3,2,1,0,0,0,Radiation Oncology,True,False
474,surgical_oncology,6,1,5,0,0,0,Surgical Oncology,False,False
474,urology,8,2,6,0,0,0,Urology,False,False
475,burns,7,5,2,0,0,0,Burns Management,False,True
475,cardiology,6,5,1,0,0,0,Cardiology,True,True
475,ctvs,4,4,0,0,0,0,Cardio-thoracic & Vascular Surgery,True,True
475,emergency_room,8,5,3,0,0,0,Emergency Room Packages,False,True
475,ent,6,5,1,0,0,0,Otorhinolaryngology (ENT),False,True
475,general_medicine,8,5,3,0,0,0,General Medicine,False,True
475,general_surgery,8,5,3,0,0,0,General Surgery,False,True
475,interventional_neuroradiology,6,5,1,0,0,0,Interventional Neuroradiology,True,True
475,medical_oncology,7,5,2,0,0,0,Medical Oncology,False,True
475,mental_disorders,5,4,1,0,0,0,Mental Disorders,False,True
475,neonatal,4,4,0,0,0,0,Neo-natal Care,False,True
475,neurosurgery,6,5,1,0,0,0,Neurosurgery,True,True
475,obgyn,7,5,2,0,0,0,Obstetrics & Gynaecology,False,True
475,ophthalmology,7,5,2,0,0,0,Ophthalmology,False,True
475,oral_maxillofacial,7,4,3,0,0,0,Oral & Maxillofacial Surgery,False,True
475,orthopaedics,8,5,3,0,0,0,Orthopaedics,False,True
475,paediatric_cancer,4,4,0,0,0,0,Paediatric Cancer,False,True
475,paediatric_medicine,8,5,3,0,0,0,Paediatric Medical Management,False,True
475,paediatric_surgery,6,5,1,0,0,0,Paediatric Surgery,False,True
475,plastic_surgery,7,5,2,0,0,0,Plastic & Reconstructive Surgery,False,True
475,polytrauma,7,4,3,0,0,0,Polytrauma,False,True
475,radiation_oncology,6,5,1,0,0,0,Radiation Oncology,True,True
475,surgical_oncology,8,5,3,0,0,0,Surgical Oncology,False,True
475,urology,8,5,3,0,0,0,Urology,False,True
476,burns,1,1,0,0,0,0,Burns Management,False,False
476,cardiology,8,2,6,0,0,0,Cardiology,True,False
476,ctvs,2,0,2,0,0,0,Cardio-thoracic & Vascular Surgery,True,False
476,emergency_room,10,2,8,0,0,0,Emergency Room Packages,False,False
476,ent,9,2,7,0,0,0,Otorhinolaryngology (ENT),False,False
476,general_medicine,12,4,8,0,0,0,General Medicine,False,False
476,general_surgery,16,5,11,0,0,0,General Surgery,False,False
476,interventional_neuroradiology,12,1,11,0,0,0,Interventional Neuroradiology,True,False
476,medical_oncology,5,1,4,0,0,0,Medical Oncology,False,False
476,mental_disorders,1,1,0,0,0,0,Mental Disorders,False,False
476,neonatal,6,0,6,0,0,0,Neo-natal Care,False,False
476,neurosurgery,12,1,11,0,0,0,Neurosurgery,True,False
476,obgyn,17,6,11,0,0,0,Obstetrics & Gynaecology,False,False
476,ophthalmology,9,1,8,0,0,0,Ophthalmology,False,False
476,oral_maxillofacial,6,0,6,0,0,0,Oral & Maxillofacial Surgery,False,False
476,orthopaedics,12,1,11,0,0,0,Orthopaedics,False,False
476,paediatric_cancer,6,0,6,0,0,0,Paediatric Cancer,False,False
476,paediatric_medicine,7,1,6,0,0,0,Paediatric Medical Management,False,False
476,paediatric_surgery,9,0,9,0,0,0,Paediatric Surgery,False,False
476,plastic_surgery,1,1,0,0,0,0,Plastic & Reconstructive Surgery,False,False
476,polytrauma,9,1,8,0,0,0,Polytrauma,False,False
476,radiation_oncology,4,1,3,0,0,0,Radiation Oncology,True,False
476,surgical_oncology,12,2,10,0,0,0,Surgical Oncology,False,False
476,urology,13,2,11,0,0,0,Urology,False,False
477,burns,4,1,3,0,0,0,Burns Management,False,False
477,cardiology,5,2,3,0,0,0,Cardiology,True,False
477,ctvs,2,2,0,0,0,0,Cardio-thoracic & Vascular Surgery,True,False
477,emergency_room,7,2,5,0,0,0,Emergency Room Packages,False,False
477,ent,4,3,1,0,0,0,Otorhinolaryngology (ENT),False,False
477,general_medicine,8,3,5,0,0,0,General Medicine,False,False
477,general_surgery,8,3,5,0,0,0,General Surgery,False,False
477,interventional_neuroradiology,4,1,3,0,0,0,Interventional Neuroradiology,True,False
477,medical_oncology,2,2,0,0,0,0,Medical Oncology,False,False
477,mental_disorders,5,3,2,0,0,0,Mental Disorders,False,False
477,neonatal,3,2,1,0,0,0,Neo-natal Care,False,False
477,neurosurgery,6,2,4,0,0,0,Neurosurgery,True,False
477,obgyn,7,3,4,0,0,0,Obstetrics & Gynaecology,False,False
477,ophthalmology,4,3,1,0,0,0,Ophthalmology,False,False
477,oral_maxillofacial,2,2,0,0,0,0,Oral & Maxillofacial Surgery,False,False
477,orthopaedics,8,3,5,0,0,0,Orthopaedics,False,False
477,paediatric_cancer,1,1,0,0,0,0,Paediatric Cancer,False,False
477,paediatric_medicine,7,3,4,0,0,0,Paediatric Medical Management,False,False
477,paediatric_surgery,4,2,2,0,0,0,Paediatric Surgery,False,False
477,plastic_surgery,4,1,3,0,0,0,Plastic & Reconstructive Surgery,False,False
477,polytrauma,5,1,4,0,0,0,Polytrauma,False,False
477,radiation_oncology,2,2,0,0,0,0,Radiation Oncology,True,False
477,surgical_oncology,1,1,0,0,0,0,Surgical Oncology,False,False
477,urology,6,2,4,0,0,0,Urology,False,False
478,burns,6,1,5,0,0,0,Burns Management,False,False
478,cardiology,7,1,6,0,0,0,Cardiology,True,False
478,ctvs,5,1,4,0,0,0,Cardio-thoracic & Vascular Surgery,True,False
478,emergency_room,11,1,10,0,0,0,Emergency Room Packages,False,False
478,ent,6,1,5,0,0,0,Otorhinolaryngology (ENT),False,False
478,general_medicine,13,1,12,0,0,0,General Medicine,False,False
478,general_surgery,13,1,12,0,0,0,General Surgery,False,False
478,interventional_neuroradiology,7,1,6,0,0,0,Interventional Neuroradiology,True,False
478,medical_oncology,9,1,8,0,0,0,Medical Oncology,False,False
478,mental_disorders,3,1,2,0,0,0,Mental Disorders,False,False
478,neonatal,3,1,2,0,0,0,Neo-natal Care,False,False
478,neurosurgery,8,1,7,0,0,0,Neurosurgery,True,False
478,obgyn,9,1,8,0,0,0,Obstetrics & Gynaecology,False,False
478,ophthalmology,7,1,6,0,0,0,Ophthalmology,False,False
478,oral_maxillofacial,4,1,3,0,0,0,Oral & Maxillofacial Surgery,False,False
478,orthopaedics,12,1,10,1,0,0,Orthopaedics,False,False
478,paediatric_cancer,1,1,0,0,0,0,Paediatric Cancer,False,False
478,paediatric_medicine,11,1,10,0,0,0,Paediatric Medical Management,False,False
478,paediatric_surgery,7,1,6,0,0,0,Paediatric Surgery,False,False
478,plastic_surgery,6,1,5,0,0,0,Plastic & Reconstructive Surgery,False,False
478,polytrauma,9,1,7,1,0,0,Polytrauma,False,False
478,radiation_oncology,4,1,3,0,0,0,Radiation Oncology,True,False
478,surgical_oncology,9,1,8,0,0,0,Surgical Oncology,False,False
478,urology,11,1,10,0,0,0,Urology,False,False
479,burns,2,0,2,0,0,0,Burns Management,False,False
479,cardiology,3,1,2,0,0,0,Cardiology,True,False
479,ctvs,2,0,2,0,0,0,Cardio-thoracic & Vascular Surgery,True,False
479,emergency_room,2,0,2,0,0,0,Emergency Room Packages,False,False
479,ent,2,1,1,0,0,0,Otorhinolaryngology (ENT),False,False
479,general_medicine,3,1,2,0,0,0,General Medicine,False,False
479,general_surgery,3,1,2,0,0,0,General Surgery,False,False
479,interventional_neuroradiology,2,0,2,0,0,0,Interventional Neuroradiology,True,False
479,medical_oncology,1,0,1,0,0,0,Medical Oncology,False,False
479,mental_disorders,2,1,1,0,0,0,Mental Disorders,False,False
479,neonatal,1,0,1,0,0,0,Neo-natal Care,False,False
479,neurosurgery,2,0,2,0,0,0,Neurosurgery,True,False
479,obgyn,3,1,2,0,0,0,Obstetrics & Gynaecology,False,False
479,ophthalmology,2,1,1,0,0,0,Ophthalmology,False,False
479,oral_maxillofacial,1,0,1,0,0,0,Oral & Maxillofacial Surgery,False,False
479,orthopaedics,3,1,2,0,0,0,Orthopaedics,False,False
479,paediatric_cancer,1,0,1,0,0,0,Paediatric Cancer,False,False
479,paediatric_medicine,2,0,2,0,0,0,Paediatric Medical Management,False,False
479,paediatric_surgery,3,1,2,0,0,0,Paediatric Surgery,False,False
479,plastic_surgery,2,0,2,0,0,0,Plastic & Reconstructive Surgery,False,False
479,polytrauma,3,1,2,0,0,0,Polytrauma,False,False
479,radiation_oncology,1,1,0,0,0,0,Radiation Oncology,True,False
479,surgical_oncology,3,1,2,0,0,0,Surgical Oncology,False,False
479,urology,3,1,2,0,0,0,Urology,False,False
480,burns,12,6,6,0,0,0,Burns Management,False,False
480,cardiology,14,2,12,0,0,0,Cardiology,True,False
480,ctvs,13,5,8,0,0,0,Cardio-thoracic & Vascular Surgery,True,False
480,emergency_room,26,6,19,0,1,0,Emergency Room Packages,False,False
480,ent,16,6,9,0,1,0,Otorhinolaryngology (ENT),False,False
480,general_medicine,30,8,21,0,1,0,General Medicine,False,False
480,general_surgery,20,2,17,0,1,0,General Surgery,False,False
480,interventional_neuroradiology,17,6,11,0,0,0,Interventional Neuroradiology,True,False
480,medical_oncology,11,2,9,0,0,0,Medical Oncology,False,False
480,mental_disorders,6,1,5,0,0,0,Mental Disorders,False,False
480,neonatal,4,0,4,0,0,0,Neo-natal Care,False,False
480,neurosurgery,19,6,13,0,0,0,Neurosurgery,True,False
480,obgyn,9,1,7,0,1,0,Obstetrics & Gynaecology,False,False
480,ophthalmology,10,5,4,0,1,0,Ophthalmology,False,False
480,oral_maxillofacial,2,0,1,0,1,0,Oral & Maxillofacial Surgery,False,False
480,orthopaedics,21,2,18,0,1,0,Orthopaedics,False,False
480,paediatric_cancer,5,0,5,0,0,0,Paediatric Cancer,False,False
480,paediatric_medicine,16,2,13,0,1,0,Paediatric Medical Management,False,False
480,paediatric_surgery,11,6,5,0,0,0,Paediatric Surgery,False,False
480,plastic_surgery,12,6,6,0,0,0,Plastic & Reconstructive Surgery,False,False
480,polytrauma,21,6,15,0,0,0,Polytrauma,False,False
480,radiation_oncology,11,3,8,0,0,0,Radiation Oncology,True,False
480,surgical_oncology,15,2,13,0,0,0,Surgical Oncology,False,False
480,urology,22,7,15,0,0,0,Urology,False,False
481,burns,16,15,1,0,0,0,Burns Management,False,False
481,cardiology,17,14,2,1,0,0,Cardiology,True,False
481,ctvs,13,13,0,0,0,0,Cardio-thoracic & Vascular Surgery,True,False
481,emergency_room,21,14,4,3,0,0,Emergency Room Packages,False,False
481,ent,17,14,3,0,0,0,Otorhinolaryngology (ENT),False,False
481,general_medicine,23,15,4,4,0,0,General Medicine,False,False
481,general_surgery,23,15,4,4,0,0,General Surgery,False,False
481,interventional_neuroradiology,20,15,2,3,0,0,Interventional Neuroradiology,True,False
481,medical_oncology,19,15,2,2,0,0,Medical Oncology,False,False
481,mental_disorders,15,14,1,0,0,0,Mental Disorders,False,False
481,neonatal,15,14,1,0,0,0,Neo-natal Care,False,False
481,neurosurgery,22,15,3,4,0,0,Neurosurgery,True,False
481,obgyn,18,15,3,0,0,0,Obstetrics & Gynaecology,False,False
481,ophthalmology,16,15,0,1,0,0,Ophthalmology,False,False
481,oral_maxillofacial,15,13,0,2,0,0,Oral & Maxillofacial Surgery,False,False
481,orthopaedics,20,15,2,3,0,0,Orthopaedics,False,False
481,paediatric_cancer,14,13,1,0,0,0,Paediatric Cancer,False,False
481,paediatric_medicine,19,15,1,3,0,0,Paediatric Medical Management,False,False
481,paediatric_surgery,15,15,0,0,0,0,Paediatric Surgery,False,False
481,plastic_surgery,16,15,1,0,0,0,Plastic & Reconstructive Surgery,False,False
481,polytrauma,18,14,3,1,0,0,Polytrauma,False,False
481,radiation_oncology,16,14,1,1,0,0,Radiation Oncology,True,False
481,surgical_oncology,21,14,4,3,0,0,Surgical Oncology,False,False
481,urology,20,14,4,2,0,0,Urology,False,False
482,burns,2,1,1,0,0,0,Burns Management,False,False
482,cardiology,3,1,2,0,0,0,Cardiology,True,False
482,ctvs,2,0,2,0,0,0,Cardio-thoracic & Vascular Surgery,True,False
482,emergency_room,3,1,1,0,1,0,Emergency Room Packages,False,False
482,ent,3,2,1,0,0,0,Otorhinolaryngology (ENT),False,False
482,general_medicine,6,3,2,0,1,0,General Medicine,False,False
482,general_surgery,4,2,2,0,0,0,General Surgery,False,False
482,interventional_neuroradiology,2,1,1,0,0,0,Interventional Neuroradiology,True,False
482,medical_oncology,2,0,2,0,0,0,Medical Oncology,False,False
482,mental_disorders,2,1,1,0,0,0,Mental Disorders,False,False
482,neonatal,2,1,1,0,0,0,Neo-natal Care,False,False
482,neurosurgery,2,1,1,0,0,0,Neurosurgery,True,False
482,obgyn,3,2,1,0,0,0,Obstetrics & Gynaecology,False,False
482,ophthalmology,4,2,1,1,0,0,Ophthalmology,False,False
482,oral_maxillofacial,2,1,1,0,0,0,Oral & Maxillofacial Surgery,False,False
482,orthopaedics,3,2,1,0,0,0,Orthopaedics,False,False
482,paediatric_cancer,1,0,1,0,0,0,Paediatric Cancer,False,False
482,paediatric_medicine,2,1,1,0,0,0,Paediatric Medical Management,False,False
482,paediatric_surgery,1,0,1,0,0,0,Paediatric Surgery,False,False
482,plastic_surgery,2,1,1,0,0,0,Plastic & Reconstructive Surgery,False,False
482,polytrauma,2,1,1,0,0,0,Polytrauma,False,False
482,radiation_oncology,1,0,1,0,0,0,Radiation Oncology,True,False
482,surgical_oncology,2,0,2,0,0,0,Surgical Oncology,False,False
482,urology,5,3,2,0,0,0,Urology,False,False
483,burns,18,15,3,0,0,0,Burns Management,False,False
483,cardiology,19,15,4,0,0,0,Cardiology,True,False
483,ctvs,9,6,3,0,0,0,Cardio-thoracic & Vascular Surgery,True,False
483,emergency_room,19,15,4,0,0,0,Emergency Room Packages,False,False
483,ent,17,15,2,0,0,0,Otorhinolaryngology (ENT),False,False
483,general_medicine,26,16,10,0,0,0,General Medicine,False,False
483,general_surgery,19,16,3,0,0,0,General Surgery,False,False
483,interventional_neuroradiology,17,14,3,0,0,0,Interventional Neuroradiology,True,False
483,medical_oncology,17,14,3,0,0,0,Medical Oncology,False,False
483,mental_disorders,13,10,3,0,0,0,Mental Disorders,False,False
483,neonatal,3,1,2,0,0,0,Neo-natal Care,False,False
483,neurosurgery,19,15,4,0,0,0,Neurosurgery,True,False
483,obgyn,15,13,2,0,0,0,Obstetrics & Gynaecology,False,False
483,ophthalmology,17,15,2,0,0,0,Ophthalmology,False,False
483,oral_maxillofacial,1,1,0,0,0,0,Oral & Maxillofacial Surgery,False,False
483,orthopaedics,18,15,3,0,0,0,Orthopaedics,False,False
483,paediatric_cancer,1,0,1,0,0,0,Paediatric Cancer,False,False
483,paediatric_medicine,19,15,4,0,0,0,Paediatric Medical Management,False,False
483,paediatric_surgery,15,13,2,0,0,0,Paediatric Surgery,False,False
483,plastic_surgery,18,15,3,0,0,0,Plastic & Reconstructive Surgery,False,False
483,polytrauma,17,14,3,0,0,0,Polytrauma,False,False
483,radiation_oncology,15,15,0,0,0,0,Radiation Oncology,True,False
483,surgical_oncology,18,15,3,0,0,0,Surgical Oncology,False,False
483,urology,26,16,10,0,0,0,Urology,False,False
484,burns,10,2,7,0,1,0,Burns Management,False,False
484,cardiology,15,5,9,0,1,0,Cardiology,True,False
484,ctvs,4,1,3,0,0,0,Cardio-thoracic & Vascular Surgery,True,False
484,emergency_room,21,5,15,0,1,0,Emergency Room Packages,False,False
484,ent,12,2,9,0,1,0,Otorhinolaryngology (ENT),False,False
484,general_medicine,24,7,16,0,1,0,General Medicine,False,False
484,general_surgery,23,6,16,0,1,0,General Surgery,False,False
484,interventional_neuroradiology,16,3,12,0,1,0,Interventional Neuroradiology,True,False
484,medical_oncology,14,4,9,0,1,0,Medical Oncology,False,False
484,mental_disorders,10,3,6,0,1,0,Mental Disorders,False,False
484,neonatal,3,0,2,0,1,0,Neo-natal Care,False,False
484,neurosurgery,19,6,12,0,1,0,Neurosurgery,True,False
484,obgyn,17,3,13,0,1,0,Obstetrics & Gynaecology,False,False
484,ophthalmology,14,2,11,0,1,0,Ophthalmology,False,False
484,oral_maxillofacial,7,0,6,0,1,0,Oral & Maxillofacial Surgery,False,False
484,orthopaedics,20,2,17,0,1,0,Orthopaedics,False,False
484,paediatric_cancer,2,0,2,0,0,0,Paediatric Cancer,False,False
484,paediatric_medicine,18,5,12,0,1,0,Paediatric Medical Management,False,False
484,paediatric_surgery,9,2,6,0,1,0,Paediatric Surgery,False,False
484,plastic_surgery,10,2,7,0,1,0,Plastic & Reconstructive Surgery,False,False
484,polytrauma,16,2,13,0,1,0,Polytrauma,False,False
484,radiation_oncology,7,6,0,0,1,0,Radiation Oncology,True,False
484,surgical_oncology,16,3,13,0,0,0,Surgical Oncology,False,False
484,urology,23,7,15,0,1,0,Urology,False,False
485,burns,14,6,8,0,0,0,Burns Management,False,False
485,cardiology,14,5,9,0,0,0,Cardiology,True,False
485,ctvs,10,6,4,0,0,0,Cardio-thoracic & Vascular Surgery,True,False
485,emergency_room,22,10,12,0,0,0,Emergency Room Packages,False,False
485,ent,12,7,5,0,0,0,Otorhinolaryngology (ENT),False,False
485,general_medicine,24,10,14,0,0,0,General Medicine,False,False
485,general_surgery,23,9,14,0,0,0,General Surgery,False,False
485,interventional_neuroradiology,18,6,12,0,0,0,Interventional Neuroradiology,True,False
485,medical_oncology,7,5,2,0,0,0,Medical Oncology,False,False
485,mental_disorders,11,7,4,0,0,0,Mental Disorders,False,False
485,neonatal,7,6,1,0,0,0,Neo-natal Care,False,False
485,neurosurgery,18,6,12,0,0,0,Neurosurgery,True,False
485,obgyn,20,10,10,0,0,0,Obstetrics & Gynaecology,False,False
485,ophthalmology,12,9,3,0,0,0,Ophthalmology,False,False
485,oral_maxillofacial,12,8,4,0,0,0,Oral & Maxillofacial Surgery,False,False
485,orthopaedics,24,8,16,0,0,0,Orthopaedics,False,False
485,paediatric_cancer,7,6,1,0,0,0,Paediatric Cancer,False,False
485,paediatric_medicine,17,9,8,0,0,0,Paediatric Medical Management,False,False
485,paediatric_surgery,13,7,6,0,0,0,Paediatric Surgery,False,False
485,plastic_surgery,14,6,8,0,0,0,Plastic & Reconstructive Surgery,False,False
485,polytrauma,22,7,15,0,0,0,Polytrauma,False,False
485,radiation_oncology,6,6,0,0,0,0,Radiation Oncology,True,False
485,surgical_oncology,17,6,11,0,0,0,Surgical Oncology,False,False
485,urology,23,7,16,0,0,0,Urology,False,False
486,cardiology,2,1,1,0,0,0,Cardiology,True,True
486,emergency_room,1,0,1,0,0,0,Emergency Room Packages,False,True
486,ent,1,1,0,0,0,0,Otorhinolaryngology (ENT),False,True
486,general_medicine,2,1,1,0,0,0,General Medicine,False,True
486,general_surgery,3,1,2,0,0,0,General Surgery,False,True
486,interventional_neuroradiology,2,0,2,0,0,0,Interventional Neuroradiology,True,True
486,mental_disorders,1,1,0,0,0,0,Mental Disorders,False,True
486,neurosurgery,2,0,2,0,0,0,Neurosurgery,True,True
486,obgyn,3,1,2,0,0,0,Obstetrics & Gynaecology,False,True
486,orthopaedics,4,1,3,0,0,0,Orthopaedics,False,True
486,paediatric_medicine,1,0,1,0,0,0,Paediatric Medical Management,False,True
486,paediatric_surgery,1,0,1,0,0,0,Paediatric Surgery,False,True
486,polytrauma,4,1,3,0,0,0,Polytrauma,False,True
486,radiation_oncology,1,1,0,0,0,0,Radiation Oncology,True,True
486,urology,3,1,2,0,0,0,Urology,False,True
487,burns,10,0,10,0,0,0,Burns Management,False,False
487,cardiology,11,2,9,0,0,0,Cardiology,True,False
487,ctvs,4,1,3,0,0,0,Cardio-thoracic & Vascular Surgery,True,False
487,emergency_room,18,1,17,0,0,0,Emergency Room Packages,False,False
487,ent,12,2,10,0,0,0,Otorhinolaryngology (ENT),False,False
487,general_medicine,20,3,17,0,0,0,General Medicine,False,False
487,general_surgery,18,2,16,0,0,0,General Surgery,False,False
487,interventional_neuroradiology,15,0,15,0,0,0,Interventional Neuroradiology,True,False
487,medical_oncology,9,0,9,0,0,0,Medical Oncology,False,False
487,mental_disorders,5,2,3,0,0,0,Mental Disorders,False,False
487,neonatal,8,0,8,0,0,0,Neo-natal Care,False,False
487,neurosurgery,17,1,16,0,0,0,Neurosurgery,True,False
487,obgyn,17,2,15,0,0,0,Obstetrics & Gynaecology,False,False
487,ophthalmology,8,1,7,0,0,0,Ophthalmology,False,False
487,oral_maxillofacial,3,0,3,0,0,0,Oral & Maxillofacial Surgery,False,False
487,orthopaedics,18,2,16,0,0,0,Orthopaedics,False,False
487,paediatric_cancer,3,0,3,0,0,0,Paediatric Cancer,False,False
487,paediatric_medicine,15,1,14,0,0,0,Paediatric Medical Management,False,False
487,paediatric_surgery,11,0,11,0,0,0,Paediatric Surgery,False,False
487,plastic_surgery,10,0,10,0,0,0,Plastic & Reconstructive Surgery,False,False
487,polytrauma,16,2,14,0,0,0,Polytrauma,False,False
487,radiation_oncology,6,2,4,0,0,0,Radiation Oncology,True,False
487,surgical_oncology,9,1,8,0,0,0,Surgical Oncology,False,False
487,urology,20,3,17,0,0,0,Urology,False,False
488,burns,6,1,5,0,0,0,Burns Management,False,True
488,cardiology,9,3,6,0,0,0,Cardiology,True,True
488,ctvs,2,0,2,0,0,0,Cardio-thoracic & Vascular Surgery,True,True
488,emergency_room,12,4,8,0,0,0,Emergency Room Packages,False,True
488,ent,3,2,1,0,0,0,Otorhinolaryngology (ENT),False,True
488,general_medicine,13,5,8,0,0,0,General Medicine,False,True
488,general_surgery,12,4,8,0,0,0,General Surgery,False,True
488,interventional_neuroradiology,3,0,3,0,0,0,Interventional Neuroradiology,True,True
488,medical_oncology,3,0,3,0,0,0,Medical Oncology,False,True
488,mental_disorders,3,1,2,0,0,0,Mental Disorders,False,True
488,neonatal,2,0,2,0,0,0,Neo-natal Care,False,True
488,neurosurgery,5,0,5,0,0,0,Neurosurgery,True,True
488,obgyn,9,6,3,0,0,0,Obstetrics & Gynaecology,False,True
488,ophthalmology,1,1,0,0,0,0,Ophthalmology,False,True
488,oral_maxillofacial,1,0,1,0,0,0,Oral & Maxillofacial Surgery,False,True
488,orthopaedics,5,2,3,0,0,0,Orthopaedics,False,True
488,paediatric_cancer,1,0,1,0,0,0,Paediatric Cancer,False,True
488,paediatric_medicine,7,0,7,0,0,0,Paediatric Medical Management,False,True
488,paediatric_surgery,1,0,1,0,0,0,Paediatric Surgery,False,True
488,plastic_surgery,6,1,5,0,0,0,Plastic & Reconstructive Surgery,False,True
488,polytrauma,5,2,3,0,0,0,Polytrauma,False,True
488,radiation_oncology,1,1,0,0,0,0,Radiation Oncology,True,True
488,surgical_oncology,6,1,5,0,0,0,Surgical Oncology,False,True
488,urology,12,5,7,0,0,0,Urology,False,True
489,burns,3,1,2,0,0,0,Burns Management,False,False
489,cardiology,6,2,4,0,0,0,Cardiology,True,False
489,ctvs,1,0,1,0,0,0,Cardio-thoracic & Vascular Surgery,True,False
489,emergency_room,7,2,5,0,0,0,Emergency Room Packages,False,False
489,ent,3,1,2,0,0,0,Otorhinolaryngology (ENT),False,False
489,general_medicine,8,3,5,0,0,0,General Medicine,False,False
489,general_surgery,7,3,4,0,0,0,General Surgery,False,False
489,interventional_neuroradiology,3,0,3,0,0,0,Interventional Neuroradiology,True,False
489,medical_oncology,2,0,2,0,0,0,Medical Oncology,False,False
489,mental_disorders,3,2,1,0,0,0,Mental Disorders,False,False
489,neonatal,2,1,1,0,0,0,Neo-natal Care,False,False
489,neurosurgery,4,1,3,0,0,0,Neurosurgery,True,False
489,obgyn,7,4,3,0,0,0,Obstetrics & Gynaecology,False,False
489,ophthalmology,3,1,2,0,0,0,Ophthalmology,False,False
489,oral_maxillofacial,2,1,1,0,0,0,Oral & Maxillofacial Surgery,False,False
489,orthopaedics,6,3,3,0,0,0,Orthopaedics,False,False
489,paediatric_cancer,1,1,0,0,0,0,Paediatric Cancer,False,False
489,paediatric_medicine,5,3,2,0,0,0,Paediatric Medical Management,False,False
489,paediatric_surgery,1,0,1,0,0,0,Paediatric Surgery,False,False
489,plastic_surgery,3,1,2,0,0,0,Plastic & Reconstructive Surgery,False,False
489,polytrauma,5,3,2,0,0,0,Polytrauma,False,False
489,radiation_oncology,1,1,0,0,0,0,Radiation Oncology,True,False
489,surgical_oncology,2,0,2,0,0,0,Surgical Oncology,False,False
489,urology,5,2,3,0,0,0,Urology,False,False
490,burns,34,7,27,0,0,0,Burns Management,False,False
490,cardiology,37,6,31,0,0,0,Cardiology,True,False
490,ctvs,12,3,9,0,0,0,Cardio-thoracic & Vascular Surgery,True,False
490,emergency_room,47,5,41,0,1,0,Emergency Room Packages,False,False
490,ent,33,5,28,0,0,0,Otorhinolaryngology (ENT),False,False
490,general_medicine,52,9,42,0,1,0,General Medicine,False,False
490,general_surgery,50,8,42,0,0,0,General Surgery,False,False
490,interventional_neuroradiology,44,7,37,0,0,0,Interventional Neuroradiology,True,False
490,medical_oncology,37,5,32,0,0,0,Medical Oncology,False,False
490,mental_disorders,16,3,13,0,0,0,Mental Disorders,False,False
490,neonatal,19,2,17,0,0,0,Neo-natal Care,False,False
490,neurosurgery,46,7,39,0,0,0,Neurosurgery,True,False
490,obgyn,45,9,36,0,0,0,Obstetrics & Gynaecology,False,False
490,ophthalmology,25,6,19,0,0,0,Ophthalmology,False,False
490,oral_maxillofacial,10,1,8,0,1,0,Oral & Maxillofacial Surgery,False,False
490,orthopaedics,51,7,44,0,0,0,Orthopaedics,False,False
490,paediatric_cancer,11,0,11,0,0,0,Paediatric Cancer,False,False
490,paediatric_medicine,43,7,36,0,0,0,Paediatric Medical Management,False,False
490,paediatric_surgery,25,4,21,0,0,0,Paediatric Surgery,False,False
490,plastic_surgery,34,7,27,0,0,0,Plastic & Reconstructive Surgery,False,False
490,polytrauma,45,6,39,0,0,0,Polytrauma,False,False
490,radiation_oncology,13,4,9,0,0,0,Radiation Oncology,True,False
490,surgical_oncology,39,6,33,0,0,0,Surgical Oncology,False,False
490,urology,47,8,39,0,0,0,Urology,False,False
491,burns,5,1,4,0,0,0,Burns Management,False,False
491,cardiology,7,3,4,0,0,0,Cardiology,True,False
491,ctvs,2,0,2,0,0,0,Cardio-thoracic & Vascular Surgery,True,False
491,emergency_room,7,1,6,0,0,0,Emergency Room Packages,False,False
491,ent,7,2,5,0,0,0,Otorhinolaryngology (ENT),False,False
491,general_medicine,13,3,10,0,0,0,General Medicine,False,False
491,general_surgery,9,3,6,0,0,0,General Surgery,False,False
491,interventional_neuroradiology,4,1,3,0,0,0,Interventional Neuroradiology,True,False
491,medical_oncology,4,1,3,0,0,0,Medical Oncology,False,False
491,mental_disorders,3,0,3,0,0,0,Mental Disorders,False,False
491,neonatal,3,0,3,0,0,0,Neo-natal Care,False,False
491,neurosurgery,6,1,5,0,0,0,Neurosurgery,True,False
491,obgyn,9,3,6,0,0,0,Obstetrics & Gynaecology,False,False
491,ophthalmology,8,1,7,0,0,0,Ophthalmology,False,False
491,oral_maxillofacial,3,0,3,0,0,0,Oral & Maxillofacial Surgery,False,False
491,orthopaedics,9,2,7,0,0,0,Orthopaedics,False,False
491,paediatric_cancer,1,0,1,0,0,0,Paediatric Cancer,False,False
491,paediatric_medicine,7,0,7,0,0,0,Paediatric Medical Management,False,False
491,paediatric_surgery,3,1,2,0,0,0,Paediatric Surgery,False,False
491,plastic_surgery,5,1,4,0,0,0,Plastic & Reconstructive Surgery,False,False
491,polytrauma,7,2,5,0,0,0,Polytrauma,False,False
491,radiation_oncology,3,2,1,0,0,0,Radiation Oncology,True,False
491,surgical_oncology,4,1,3,0,0,0,Surgical Oncology,False,False
491,urology,11,3,8,0,0,0,Urology,False,False
492,burns,1,1,0,0,0,0,Burns Management,False,False
492,cardiology,1,1,0,0,0,0,Cardiology,True,False
492,emergency_room,7,3,4,0,0,0,Emergency Room Packages,False,False
492,ent,1,1,0,0,0,0,Otorhinolaryngology (ENT),False,False
492,general_medicine,7,3,4,0,0,0,General Medicine,False,False
492,general_surgery,7,3,4,0,0,0,General Surgery,False,False
492,interventional_neuroradiology,3,1,2,0,0,0,Interventional Neuroradiology,True,False
492,medical_oncology,1,1,0,0,0,0,Medical Oncology,False,False
492,mental_disorders,2,2,0,0,0,0,Mental Disorders,False,False
492,neurosurgery,3,1,2,0,0,0,Neurosurgery,True,False
492,obgyn,6,3,3,0,0,0,Obstetrics & Gynaecology,False,False
492,ophthalmology,1,0,1,0,0,0,Ophthalmology,False,False
492,orthopaedics,5,2,3,0,0,0,Orthopaedics,False,False
492,paediatric_medicine,3,1,2,0,0,0,Paediatric Medical Management,False,False
492,plastic_surgery,1,1,0,0,0,0,Plastic & Reconstructive Surgery,False,False
492,polytrauma,4,1,3,0,0,0,Polytrauma,False,False
492,radiation_oncology,1,1,0,0,0,0,Radiation Oncology,True,False
492,surgical_oncology,2,1,1,0,0,0,Surgical Oncology,False,False
492,urology,3,1,2,0,0,0,Urology,False,False
493,burns,8,1,7,0,0,0,Burns Management,False,False
493,cardiology,5,1,4,0,0,0,Cardiology,True,False
493,ctvs,4,0,4,0,0,0,Cardio-thoracic & Vascular Surgery,True,False
493,emergency_room,18,2,16,0,0,0,Emergency Room Packages,False,False
493,ent,8,1,7,0,0,0,Otorhinolaryngology (ENT),False,False
493,general_medicine,18,2,16,0,0,0,General Medicine,False,False
493,general_surgery,18,2,16,0,0,0,General Surgery,False,False
493,interventional_neuroradiology,12,0,12,0,0,0,Interventional Neuroradiology,True,False
493,medical_oncology,5,1,4,0,0,0,Medical Oncology,False,False
493,mental_disorders,1,0,1,0,0,0,Mental Disorders,False,False
493,neonatal,2,1,1,0,0,0,Neo-natal Care,False,False
493,neurosurgery,13,0,13,0,0,0,Neurosurgery,True,False
493,obgyn,12,2,10,0,0,0,Obstetrics & Gynaecology,False,False
493,ophthalmology,8,1,7,0,0,0,Ophthalmology,False,False
493,oral_maxillofacial,3,1,2,0,0,0,Oral & Maxillofacial Surgery,False,False
493,orthopaedics,20,2,18,0,0,0,Orthopaedics,False,False
493,paediatric_cancer,2,0,2,0,0,0,Paediatric Cancer,False,False
493,paediatric_medicine,8,1,7,0,0,0,Paediatric Medical Management,False,False
493,paediatric_surgery,7,1,6,0,0,0,Paediatric Surgery,False,False
493,plastic_surgery,8,1,7,0,0,0,Plastic & Reconstructive Surgery,False,False
493,polytrauma,19,1,18,0,0,0,Polytrauma,False,False
493,radiation_oncology,2,1,1,0,0,0,Radiation Oncology,True,False
493,surgical_oncology,8,1,7,0,0,0,Surgical Oncology,False,False
493,urology,14,2,12,0,0,0,Urology,False,False
494,burns,5,1,4,0,0,0,Burns Management,False,False
494,cardiology,7,1,6,0,0,0,Cardiology,True,False
494,ctvs,2,0,2,0,0,0,Cardio-thoracic & Vascular Surgery,True,False
494,emergency_room,9,0,9,0,0,0,Emergency Room Packages,False,False
494,ent,4,1,3,0,0,0,Otorhinolaryngology (ENT),False,False
494,general_medicine,10,1,9,0,0,0,General Medicine,False,False
494,general_surgery,10,1,9,0,0,0,General Surgery,False,False
494,interventional_neuroradiology,7,1,6,0,0,0,Interventional Neuroradiology,True,False
494,medical_oncology,4,0,4,0,0,0,Medical Oncology,False,False
494,mental_disorders,2,1,1,0,0,0,Mental Disorders,False,False
494,neonatal,2,0,2,0,0,0,Neo-natal Care,False,False
494,neurosurgery,8,1,7,0,0,0,Neurosurgery,True,False
494,obgyn,8,1,7,0,0,0,Obstetrics & Gynaecology,False,False
494,ophthalmology,3,1,2,0,0,0,Ophthalmology,False,False
494,oral_maxillofacial,1,0,1,0,0,0,Oral & Maxillofacial Surgery,False,False
494,orthopaedics,9,1,8,0,0,0,Orthopaedics,False,False
494,paediatric_cancer,1,0,1,0,0,0,Paediatric Cancer,False,False
494,paediatric_medicine,8,1,7,0,0,0,Paediatric Medical Management,False,False
494,paediatric_surgery,2,0,2,0,0,0,Paediatric Surgery,False,False
494,plastic_surgery,5,1,4,0,0,0,Plastic & Reconstructive Surgery,False,False
494,polytrauma,9,1,8,0,0,0,Polytrauma,False,False
494,radiation_oncology,1,1,0,0,0,0,Radiation Oncology,True,False
494,surgical_oncology,4,0,4,0,0,0,Surgical Oncology,False,False
494,urology,8,1,7,0,0,0,Urology,False,False
495,burns,2,2,0,0,0,0,Burns Management,False,False
495,cardiology,2,2,0,0,0,0,Cardiology,True,False
495,ctvs,1,1,0,0,0,0,Cardio-thoracic & Vascular Surgery,True,False
495,emergency_room,6,3,3,0,0,0,Emergency Room Packages,False,False
495,ent,2,2,0,0,0,0,Otorhinolaryngology (ENT),False,False
495,general_medicine,7,4,3,0,0,0,General Medicine,False,False
495,general_surgery,6,4,2,0,0,0,General Surgery,False,False
495,interventional_neuroradiology,3,2,1,0,0,0,Interventional Neuroradiology,True,False
495,medical_oncology,2,2,0,0,0,0,Medical Oncology,False,False
495,mental_disorders,2,2,0,0,0,0,Mental Disorders,False,False
495,neonatal,1,1,0,0,0,0,Neo-natal Care,False,False
495,neurosurgery,3,2,1,0,0,0,Neurosurgery,True,False
495,obgyn,4,4,0,0,0,0,Obstetrics & Gynaecology,False,False
495,ophthalmology,2,1,1,0,0,0,Ophthalmology,False,False
495,oral_maxillofacial,1,1,0,0,0,0,Oral & Maxillofacial Surgery,False,False
495,orthopaedics,4,4,0,0,0,0,Orthopaedics,False,False
495,paediatric_cancer,1,1,0,0,0,0,Paediatric Cancer,False,False
495,paediatric_medicine,5,3,2,0,0,0,Paediatric Medical Management,False,False
495,paediatric_surgery,3,2,1,0,0,0,Paediatric Surgery,False,False
495,plastic_surgery,2,2,0,0,0,0,Plastic & Reconstructive Surgery,False,False
495,polytrauma,2,2,0,0,0,0,Polytrauma,False,False
495,radiation_oncology,2,2,0,0,0,0,Radiation Oncology,True,False
495,surgical_oncology,2,2,0,0,0,0,Surgical Oncology,False,False
495,urology,4,2,2,0,0,0,Urology,False,False
496,burns,12,1,11,0,0,0,Burns Management,False,False
496,cardiology,19,1,18,0,0,0,Cardiology,True,False
496,ctvs,11,0,11,0,0,0,Cardio-thoracic & Vascular Surgery,True,False
496,emergency_room,39,2,36,1,0,0,Emergency Room Packages,False,False
496,ent,16,2,14,0,0,0,Otorhinolaryngology (ENT),False,False
496,general_medicine,43,5,37,1,0,0,General Medicine,False,False
496,general_surgery,41,4,36,1,0,0,General Surgery,False,False
496,interventional_neuroradiology,21,2,19,0,0,0,Interventional Neuroradiology,True,False
496,medical_oncology,15,1,14,0,0,0,Medical Oncology,False,False
496,mental_disorders,8,1,7,0,0,0,Mental Disorders,False,False
496,neonatal,18,0,18,0,0,0,Neo-natal Care,False,False
496,neurosurgery,24,2,21,1,0,0,Neurosurgery,True,False
496,obgyn,28,4,23,1,0,0,Obstetrics & Gynaecology,False,False
496,ophthalmology,11,2,9,0,0,0,Ophthalmology,False,False
496,oral_maxillofacial,9,1,8,0,0,0,Oral & Maxillofacial Surgery,False,False
496,orthopaedics,36,3,32,1,0,0,Orthopaedics,False,False
496,paediatric_cancer,8,0,8,0,0,0,Paediatric Cancer,False,False
496,paediatric_medicine,36,3,32,1,0,0,Paediatric Medical Management,False,False
496,paediatric_surgery,27,2,25,0,0,0,Paediatric Surgery,False,False
496,plastic_surgery,12,1,11,0,0,0,Plastic & Reconstructive Surgery,False,False
496,polytrauma,24,0,24,0,0,0,Polytrauma,False,False
496,radiation_oncology,8,2,6,0,0,0,Radiation Oncology,True,False
496,surgical_oncology,19,1,18,0,0,0,Surgical Oncology,False,False
496,urology,37,5,31,1,0,0,Urology,False,False
497,burns,9,4,5,0,0,0,Burns Management,False,False
497,cardiology,14,7,7,0,0,0,Cardiology,True,False
497,ctvs,10,4,6,0,0,0,Cardio-thoracic & Vascular Surgery,True,False
497,emergency_room,25,11,14,0,0,0,Emergency Room Packages,False,False
497,ent,17,8,9,0,0,0,Otorhinolaryngology (ENT),False,False
497,general_medicine,33,14,19,0,0,0,General Medicine,False,False
497,general_surgery,26,12,14,0,0,0,General Surgery,False,False
497,interventional_neuroradiology,16,7,9,0,0,0,Interventional Neuroradiology,True,False
497,medical_oncology,18,7,11,0,0,0,Medical Oncology,False,False
497,mental_disorders,10,6,4,0,0,0,Mental Disorders,False,False
497,neonatal,4,1,3,0,0,0,Neo-natal Care,False,False
497,neurosurgery,20,8,12,0,0,0,Neurosurgery,True,False
497,obgyn,25,13,12,0,0,0,Obstetrics & Gynaecology,False,False
497,ophthalmology,11,5,6,0,0,0,Ophthalmology,False,False
497,oral_maxillofacial,4,2,2,0,0,0,Oral & Maxillofacial Surgery,False,False
497,orthopaedics,27,12,15,0,0,0,Orthopaedics,False,False
497,paediatric_cancer,6,2,4,0,0,0,Paediatric Cancer,False,False
497,paediatric_medicine,24,10,14,0,0,0,Paediatric Medical Management,False,False
497,paediatric_surgery,8,3,5,0,0,0,Paediatric Surgery,False,False
497,plastic_surgery,9,4,5,0,0,0,Plastic & Reconstructive Surgery,False,False
497,polytrauma,22,8,14,0,0,0,Polytrauma,False,False
497,radiation_oncology,7,4,3,0,0,0,Radiation Oncology,True,False
497,surgical_oncology,20,8,12,0,0,0,Surgical Oncology,False,False
497,urology,32,13,19,0,0,0,Urology,False,False
498,burns,3,3,0,0,0,0,Burns Management,False,False
498,cardiology,2,2,0,0,0,0,Cardiology,True,False
498,ctvs,1,1,0,0,0,0,Cardio-thoracic & Vascular Surgery,True,False
498,emergency_room,3,2,1,0,0,0,Emergency Room Packages,False,False
498,ent,2,2,0,0,0,0,Otorhinolaryngology (ENT),False,False
498,general_medicine,4,3,1,0,0,0,General Medicine,False,False
498,general_surgery,4,4,0,0,0,0,General Surgery,False,False
498,interventional_neuroradiology,1,1,0,0,0,0,Interventional Neuroradiology,True,False
498,medical_oncology,1,1,0,0,0,0,Medical Oncology,False,False
498,mental_disorders,3,3,0,0,0,0,Mental Disorders,False,False
498,neurosurgery,1,1,0,0,0,0,Neurosurgery,True,False
498,obgyn,5,5,0,0,0,0,Obstetrics & Gynaecology,False,False
498,ophthalmology,2,2,0,0,0,0,Ophthalmology,False,False
498,orthopaedics,4,3,1,0,0,0,Orthopaedics,False,False
498,paediatric_medicine,2,2,0,0,0,0,Paediatric Medical Management,False,False
498,paediatric_surgery,1,1,0,0,0,0,Paediatric Surgery,False,False
498,plastic_surgery,3,3,0,0,0,0,Plastic & Reconstructive Surgery,False,False
498,polytrauma,2,1,1,0,0,0,Polytrauma,False,False
498,radiation_oncology,2,2,0,0,0,0,Radiation Oncology,True,False
498,surgical_oncology,2,2,0,0,0,0,Surgical Oncology,False,False
498,urology,3,2,1,0,0,0,Urology,False,False
499,burns,2,0,2,0,0,0,Burns Management,False,True
499,cardiology,3,1,2,0,0,0,Cardiology,True,True
499,ctvs,1,0,1,0,0,0,Cardio-thoracic & Vascular Surgery,True,True
499,emergency_room,3,0,3,0,0,0,Emergency Room Packages,False,True
499,ent,1,0,1,0,0,0,Otorhinolaryngology (ENT),False,True
499,general_medicine,4,1,3,0,0,0,General Medicine,False,True
499,general_surgery,4,1,3,0,0,0,General Surgery,False,True
499,interventional_neuroradiology,2,0,2,0,0,0,Interventional Neuroradiology,True,True
499,medical_oncology,1,0,1,0,0,0,Medical Oncology,False,True
499,mental_disorders,1,1,0,0,0,0,Mental Disorders,False,True
499,neonatal,2,0,2,0,0,0,Neo-natal Care,False,True
499,neurosurgery,2,0,2,0,0,0,Neurosurgery,True,True
499,obgyn,5,1,4,0,0,0,Obstetrics & Gynaecology,False,True
499,ophthalmology,1,1,0,0,0,0,Ophthalmology,False,True
499,orthopaedics,4,1,3,0,0,0,Orthopaedics,False,True
499,paediatric_medicine,4,0,4,0,0,0,Paediatric Medical Management,False,True
499,paediatric_surgery,3,0,3,0,0,0,Paediatric Surgery,False,True
499,plastic_surgery,2,0,2,0,0,0,Plastic & Reconstructive Surgery,False,True
499,polytrauma,3,1,2,0,0,0,Polytrauma,False,True
499,radiation_oncology,1,1,0,0,0,0,Radiation Oncology,True,True
499,surgical_oncology,1,0,1,0,0,0,Surgical Oncology,False,True
499,urology,4,1,3,0,0,0,Urology,False,True
500,burns,7,1,6,0,0,0,Burns Management,False,False
500,cardiology,7,1,6,0,0,0,Cardiology,True,False
500,ctvs,3,0,3,0,0,0,Cardio-thoracic & Vascular Surgery,True,False
500,emergency_room,11,1,10,0,0,0,Emergency Room Packages,False,False
500,ent,8,1,7,0,0,0,Otorhinolaryngology (ENT),False,False
500,general_medicine,14,2,12,0,0,0,General Medicine,False,False
500,general_surgery,15,2,13,0,0,0,General Surgery,False,False
500,interventional_neuroradiology,5,0,5,0,0,0,Interventional Neuroradiology,True,False
500,medical_oncology,8,0,8,0,0,0,Medical Oncology,False,False
500,mental_disorders,1,0,1,0,0,0,Mental Disorders,False,False
500,neonatal,6,1,5,0,0,0,Neo-natal Care,False,False
500,neurosurgery,10,0,10,0,0,0,Neurosurgery,True,False
500,obgyn,12,2,10,0,0,0,Obstetrics & Gynaecology,False,False
500,ophthalmology,7,2,5,0,0,0,Ophthalmology,False,False
500,oral_maxillofacial,6,0,6,0,0,0,Oral & Maxillofacial Surgery,False,False
500,orthopaedics,16,2,14,0,0,0,Orthopaedics,False,False
500,paediatric_cancer,1,0,1,0,0,0,Paediatric Cancer,False,False
500,paediatric_medicine,14,1,13,0,0,0,Paediatric Medical Management,False,False
500,paediatric_surgery,7,1,6,0,0,0,Paediatric Surgery,False,False
500,plastic_surgery,7,1,6,0,0,0,Plastic & Reconstructive Surgery,False,False
500,polytrauma,13,0,13,0,0,0,Polytrauma,False,False
500,surgical_oncology,7,1,6,0,0,0,Surgical Oncology,False,False
500,urology,11,1,10,0,0,0,Urology,False,False
501,burns,3,3,0,0,0,3,Burns Management,False,False
501,cardiology,3,3,0,0,0,3,Cardiology,True,False
501,ctvs,3,3,0,0,0,3,Cardio-thoracic & Vascular Surgery,True,False
501,emergency_room,12,12,0,0,0,11,Emergency Room Packages,False,False
501,ent,4,4,0,0,0,3,Otorhinolaryngology (ENT),False,False
501,general_medicine,12,12,0,0,0,11,General Medicine,False,False
501,general_surgery,4,4,0,0,0,3,General Surgery,False,False
501,interventional_neuroradiology,3,3,0,0,0,3,Interventional Neuroradiology,True,False
501,medical_oncology,4,4,0,0,0,3,Medical Oncology,False,False
501,mental_disorders,2,2,0,0,0,2,Mental Disorders,False,False
501,neonatal,4,4,0,0,0,3,Neo-natal Care,False,False
501,neurosurgery,3,3,0,0,0,3,Neurosurgery,True,False
501,obgyn,4,4,0,0,0,3,Obstetrics & Gynaecology,False,False
501,ophthalmology,4,4,0,0,0,3,Ophthalmology,False,False
501,oral_maxillofacial,1,1,0,0,0,0,Oral & Maxillofacial Surgery,False,False
501,orthopaedics,5,4,1,0,0,3,Orthopaedics,False,False
501,paediatric_cancer,3,3,0,0,0,3,Paediatric Cancer,False,False
501,paediatric_medicine,4,4,0,0,0,3,Paediatric Medical Management,False,False
501,paediatric_surgery,4,4,0,0,0,3,Paediatric Surgery,False,False
501,plastic_surgery,3,3,0,0,0,3,Plastic & Reconstructive Surgery,False,False
501,polytrauma,5,4,1,0,0,3,Polytrauma,False,False
501,radiation_oncology,3,3,0,0,0,3,Radiation Oncology,True,False
501,surgical_oncology,3,3,0,0,0,3,Surgical Oncology,False,False
501,urology,4,4,0,0,0,3,Urology,False,False
502,burns,16,2,14,0,0,0,Burns Management,False,False
502,cardiology,5,2,3,0,0,0,Cardiology,True,False
502,ctvs,2,0,2,0,0,0,Cardio-thoracic & Vascular Surgery,True,False
502,emergency_room,22,6,15,0,1,2,Emergency Room Packages,False,False
502,ent,24,4,19,0,1,0,Otorhinolaryngology (ENT),False,False
502,general_medicine,25,6,18,0,1,2,General Medicine,False,False
502,general_surgery,29,4,24,0,1,0,General Surgery,False,False
502,interventional_neuroradiology,13,1,12,0,0,0,Interventional Neuroradiology,True,False
502,medical_oncology,1,1,0,0,0,0,Medical Oncology,False,False
502,neurosurgery,15,2,13,0,0,0,Neurosurgery,True,False
502,obgyn,29,9,19,0,1,4,Obstetrics & Gynaecology,False,False
502,ophthalmology,16,4,11,0,1,0,Ophthalmology,False,False
502,oral_maxillofacial,1,0,0,0,1,0,Oral & Maxillofacial Surgery,False,False
502,orthopaedics,34,6,27,0,1,0,Orthopaedics,False,False
502,paediatric_medicine,17,8,9,0,0,3,Paediatric Medical Management,False,False
502,paediatric_surgery,11,2,9,0,0,0,Paediatric Surgery,False,False
502,plastic_surgery,16,2,14,0,0,0,Plastic & Reconstructive Surgery,False,False
502,polytrauma,30,3,27,0,0,0,Polytrauma,False,False
502,radiation_oncology,1,1,0,0,0,0,Radiation Oncology,True,False
502,surgical_oncology,3,1,2,0,0,0,Surgical Oncology,False,False
502,urology,21,2,19,0,0,0,Urology,False,False
503,burns,21,8,13,0,0,0,Burns Management,False,False
503,cardiology,16,9,7,0,0,0,Cardiology,True,False
503,ctvs,10,3,7,0,0,0,Cardio-thoracic & Vascular Surgery,True,False
503,emergency_room,35,15,20,0,0,4,Emergency Room Packages,False,False
503,ent,24,14,10,0,0,4,Otorhinolaryngology (ENT),False,False
503,general_medicine,39,15,24,0,0,4,General Medicine,False,False
503,general_surgery,40,13,27,0,0,3,General Surgery,False,False
503,interventional_neuroradiology,15,3,12,0,0,0,Interventional Neuroradiology,True,False
503,medical_oncology,5,3,2,0,0,0,Medical Oncology,False,False
503,neonatal,1,1,0,0,0,0,Neo-natal Care,False,False
503,neurosurgery,20,8,12,0,0,0,Neurosurgery,True,False
503,obgyn,38,20,18,0,0,10,Obstetrics & Gynaecology,False,False
503,ophthalmology,21,10,11,0,0,1,Ophthalmology,False,False
503,oral_maxillofacial,2,2,0,0,0,2,Oral & Maxillofacial Surgery,False,False
503,orthopaedics,41,12,29,0,0,2,Orthopaedics,False,False
503,paediatric_cancer,1,1,0,0,0,0,Paediatric Cancer,False,False
503,paediatric_medicine,28,18,10,0,0,7,Paediatric Medical Management,False,False
503,paediatric_surgery,15,8,7,0,0,0,Paediatric Surgery,False,False
503,plastic_surgery,21,8,13,0,0,0,Plastic & Reconstructive Surgery,False,False
503,polytrauma,41,12,29,0,0,2,Polytrauma,False,False
503,radiation_oncology,4,3,1,0,0,0,Radiation Oncology,True,False
503,surgical_oncology,5,3,2,0,0,0,Surgical Oncology,False,False
503,urology,29,8,21,0,0,0,Urology,False,False
504,burns,10,3,7,0,0,0,Burns Management,False,True
504,cardiology,6,3,3,0,0,0,Cardiology,True,True
504,ctvs,3,0,3,0,0,0,Cardio-thoracic & Vascular Surgery,True,True
504,emergency_room,15,6,9,0,0,3,Emergency Room Packages,False,True
504,ent,11,3,8,0,0,0,Otorhinolaryngology (ENT),False,True
504,general_medicine,19,7,12,0,0,4,General Medicine,False,True
504,general_surgery,21,6,15,0,0,3,General Surgery,False,True
504,interventional_neuroradiology,7,1,6,0,0,0,Interventional Neuroradiology,True,True
504,medical_oncology,2,0,2,0,0,0,Medical Oncology,False,True
504,neurosurgery,10,3,7,0,0,0,Neurosurgery,True,True
504,obgyn,17,8,9,0,0,5,Obstetrics & Gynaecology,False,True
504,ophthalmology,11,4,7,0,0,1,Ophthalmology,False,True
504,orthopaedics,18,4,14,0,0,1,Orthopaedics,False,True
504,paediatric_medicine,16,10,6,0,0,7,Paediatric Medical Management,False,True
504,paediatric_surgery,5,3,2,0,0,0,Paediatric Surgery,False,True
504,plastic_surgery,10,3,7,0,0,0,Plastic & Reconstructive Surgery,False,True
504,polytrauma,17,3,14,0,0,0,Polytrauma,False,True
504,radiation_oncology,1,0,1,0,0,0,Radiation Oncology,True,True
504,surgical_oncology,2,0,2,0,0,0,Surgical Oncology,False,True
504,urology,13,3,10,0,0,0,Urology,False,True
505,burns,14,3,11,0,0,0,Burns Management,False,False
505,cardiology,16,3,13,0,0,0,Cardiology,True,False
505,ctvs,14,1,13,0,0,0,Cardio-thoracic & Vascular Surgery,True,False
505,emergency_room,36,18,18,0,0,9,Emergency Room Packages,False,False
505,ent,31,11,20,0,0,3,Otorhinolaryngology (ENT),False,False
505,general_medicine,41,19,22,0,0,10,General Medicine,False,False
505,general_surgery,56,19,37,0,0,10,General Surgery,False,False
505,interventional_neuroradiology,27,2,25,0,0,0,Interventional Neuroradiology,True,False
505,medical_oncology,5,1,4,0,0,0,Medical Oncology,False,False
505,neurosurgery,28,3,25,0,0,0,Neurosurgery,True,False
505,obgyn,46,23,23,0,0,14,Obstetrics & Gynaecology,False,False
505,ophthalmology,15,5,10,0,0,2,Ophthalmology,False,False
505,orthopaedics,56,13,43,0,0,5,Orthopaedics,False,False
505,paediatric_cancer,1,1,0,0,0,0,Paediatric Cancer,False,False
505,paediatric_medicine,31,16,15,0,0,8,Paediatric Medical Management,False,False
505,paediatric_surgery,15,3,12,0,0,0,Paediatric Surgery,False,False
505,plastic_surgery,14,3,11,0,0,0,Plastic & Reconstructive Surgery,False,False
505,polytrauma,51,8,43,0,0,0,Polytrauma,False,False
505,radiation_oncology,5,1,4,0,0,0,Radiation Oncology,True,False
505,surgical_oncology,6,1,5,0,0,0,Surgical Oncology,False,False
505,urology,32,3,29,0,0,0,Urology,False,False
506,burns,23,5,18,0,0,0,Burns Management,False,False
506,cardiology,13,4,9,0,0,0,Cardiology,True,False
506,ctvs,9,1,8,0,0,0,Cardio-thoracic & Vascular Surgery,True,False
506,emergency_room,53,10,43,0,0,6,Emergency Room Packages,False,False
506,ent,39,5,34,0,0,1,Otorhinolaryngology (ENT),False,False
506,general_medicine,57,11,46,0,0,6,General Medicine,False,False
506,general_surgery,62,9,53,0,0,5,General Surgery,False,False
506,interventional_neuroradiology,33,1,32,0,0,0,Interventional Neuroradiology,True,False
506,medical_oncology,6,1,5,0,0,0,Medical Oncology,False,False
506,neurosurgery,39,4,35,0,0,0,Neurosurgery,True,False
506,obgyn,61,16,45,0,0,12,Obstetrics & Gynaecology,False,False
506,ophthalmology,20,4,16,0,0,0,Ophthalmology,False,False
506,orthopaedics,61,6,55,0,0,2,Orthopaedics,False,False
506,paediatric_cancer,3,1,2,0,0,0,Paediatric Cancer,False,False
506,paediatric_medicine,44,14,30,0,0,10,Paediatric Medical Management,False,False
506,paediatric_surgery,28,5,23,0,0,1,Paediatric Surgery,False,False
506,plastic_surgery,23,5,18,0,0,0,Plastic & Reconstructive Surgery,False,False
506,polytrauma,59,4,55,0,0,0,Polytrauma,False,False
506,radiation_oncology,6,1,5,0,0,0,Radiation Oncology,True,False
506,surgical_oncology,7,1,6,0,0,0,Surgical Oncology,False,False
506,urology,50,4,46,0,0,0,Urology,False,False
507,burns,33,19,13,0,1,3,Burns Management,False,False
507,cardiology,49,21,27,0,1,3,Cardiology,True,False
507,ctvs,46,18,27,0,1,3,Cardio-thoracic & Vascular Surgery,True,False
507,emergency_room,50,24,22,0,4,3,Emergency Room Packages,False,False
507,ent,39,24,12,0,3,3,Otorhinolaryngology (ENT),False,False
507,general_medicine,56,24,28,0,4,3,General Medicine,False,False
507,general_surgery,50,23,24,0,3,3,General Surgery,False,False
507,interventional_neuroradiology,41,19,20,0,2,3,Interventional Neuroradiology,True,False
507,medical_oncology,30,18,11,0,1,3,Medical Oncology,False,False
507,mental_disorders,21,17,0,0,4,3,Mental Disorders,False,False
507,neonatal,26,21,3,0,2,3,Neo-natal Care,False,False
507,neurosurgery,46,21,23,0,2,3,Neurosurgery,True,False
507,obgyn,40,24,13,0,3,3,Obstetrics & Gynaecology,False,False
507,ophthalmology,46,24,19,0,3,3,Ophthalmology,False,False
507,oral_maxillofacial,18,15,1,0,2,0,Oral & Maxillofacial Surgery,False,False
507,orthopaedics,53,24,26,0,3,3,Orthopaedics,False,False
507,paediatric_cancer,23,18,4,0,1,3,Paediatric Cancer,False,False
507,paediatric_medicine,46,23,20,0,3,3,Paediatric Medical Management,False,False
507,paediatric_surgery,31,18,12,0,1,3,Paediatric Surgery,False,False
507,plastic_surgery,33,19,13,0,1,3,Plastic & Reconstructive Surgery,False,False
507,polytrauma,55,23,31,0,1,3,Polytrauma,False,False
507,radiation_oncology,30,18,11,0,1,3,Radiation Oncology,True,False
507,surgical_oncology,31,18,12,0,1,3,Surgical Oncology,False,False
507,urology,54,21,31,0,2,3,Urology,False,False
508,burns,4,2,2,0,0,2,Burns Management,False,False
508,cardiology,7,2,5,0,0,2,Cardiology,True,False
508,ctvs,7,2,5,0,0,2,Cardio-thoracic & Vascular Surgery,True,False
508,emergency_room,22,13,9,0,0,11,Emergency Room Packages,False,False
508,ent,6,3,3,0,0,2,Otorhinolaryngology (ENT),False,False
508,general_medicine,23,13,10,0,0,11,General Medicine,False,False
508,general_surgery,15,3,12,0,0,2,General Surgery,False,False
508,interventional_neuroradiology,8,2,6,0,0,2,Interventional Neuroradiology,True,False
508,medical_oncology,4,2,2,0,0,2,Medical Oncology,False,False
508,mental_disorders,2,2,0,0,0,2,Mental Disorders,False,False
508,neonatal,2,2,0,0,0,2,Neo-natal Care,False,False
508,neurosurgery,8,2,6,0,0,2,Neurosurgery,True,False
508,obgyn,11,4,7,0,0,2,Obstetrics & Gynaecology,False,False
508,ophthalmology,5,3,2,0,0,2,Ophthalmology,False,False
508,orthopaedics,17,4,13,0,0,2,Orthopaedics,False,False
508,paediatric_cancer,2,2,0,0,0,2,Paediatric Cancer,False,False
508,paediatric_medicine,11,4,7,0,0,2,Paediatric Medical Management,False,False
508,paediatric_surgery,5,2,3,0,0,2,Paediatric Surgery,False,False
508,plastic_surgery,4,2,2,0,0,2,Plastic & Reconstructive Surgery,False,False
508,polytrauma,18,4,14,0,0,2,Polytrauma,False,False
508,radiation_oncology,4,2,2,0,0,2,Radiation Oncology,True,False
508,surgical_oncology,4,2,2,0,0,2,Surgical Oncology,False,False
508,urology,15,4,11,0,0,2,Urology,False,False
509,burns,6,4,2,0,0,3,Burns Management,False,False
509,cardiology,4,3,1,0,0,3,Cardiology,True,False
509,ctvs,4,3,1,0,0,3,Cardio-thoracic & Vascular Surgery,True,False
509,emergency_room,17,12,5,0,0,11,Emergency Room Packages,False,False
509,ent,5,4,1,0,0,3,Otorhinolaryngology (ENT),False,False
509,general_medicine,17,12,5,0,0,11,General Medicine,False,False
509,general_surgery,11,5,6,0,0,3,General Surgery,False,False
509,interventional_neuroradiology,4,3,1,0,0,3,Interventional Neuroradiology,True,False
509,medical_oncology,3,3,0,0,0,3,Medical Oncology,False,False
509,mental_disorders,3,3,0,0,0,3,Mental Disorders,False,False
509,neonatal,3,3,0,0,0,3,Neo-natal Care,False,False
509,neurosurgery,5,4,1,0,0,3,Neurosurgery,True,False
509,obgyn,8,6,2,0,0,3,Obstetrics & Gynaecology,False,False
509,ophthalmology,7,5,2,0,0,3,Ophthalmology,False,False
509,orthopaedics,13,5,8,0,0,3,Orthopaedics,False,False
509,paediatric_cancer,3,3,0,0,0,3,Paediatric Cancer,False,False
509,paediatric_medicine,7,6,1,0,0,3,Paediatric Medical Management,False,False
509,paediatric_surgery,3,3,0,0,0,3,Paediatric Surgery,False,False
509,plastic_surgery,6,4,2,0,0,3,Plastic & Reconstructive Surgery,False,False
509,polytrauma,13,5,8,0,0,3,Polytrauma,False,False
509,radiation_oncology,3,3,0,0,0,3,Radiation Oncology,True,False
509,surgical_oncology,3,3,0,0,0,3,Surgical Oncology,False,False
509,urology,8,4,4,0,0,3,Urology,False,False
510,burns,13,4,9,0,0,0,Burns Management,False,False
510,cardiology,14,4,10,0,0,0,Cardiology,True,False
510,ctvs,11,1,10,0,0,0,Cardio-thoracic & Vascular Surgery,True,False
510,emergency_room,21,8,13,0,0,1,Emergency Room Packages,False,False
510,ent,18,8,9,0,1,2,Otorhinolaryngology (ENT),False,False
510,general_medicine,31,9,22,0,0,2,General Medicine,False,False
510,general_surgery,32,7,24,0,1,0,General Surgery,False,False
510,interventional_neuroradiology,19,1,18,0,0,0,Interventional Neuroradiology,True,False
510,medical_oncology,3,1,2,0,0,0,Medical Oncology,False,False
510,neurosurgery,22,4,18,0,0,0,Neurosurgery,True,False
510,obgyn,28,13,14,0,1,4,Obstetrics & Gynaecology,False,False
510,ophthalmology,13,5,7,0,1,0,Ophthalmology,False,False
510,oral_maxillofacial,2,1,0,0,1,0,Oral & Maxillofacial Surgery,False,False
510,orthopaedics,33,8,24,0,1,1,Orthopaedics,False,False
510,paediatric_cancer,1,1,0,0,0,0,Paediatric Cancer,False,False
510,paediatric_medicine,29,14,15,0,0,5,Paediatric Medical Management,False,False
510,paediatric_surgery,13,4,8,0,1,0,Paediatric Surgery,False,False
510,plastic_surgery,13,4,9,0,0,0,Plastic & Reconstructive Surgery,False,False
510,polytrauma,29,6,23,0,0,0,Polytrauma,False,False
510,radiation_oncology,3,1,2,0,0,0,Radiation Oncology,True,False
510,surgical_oncology,4,1,3,0,0,0,Surgical Oncology,False,False
510,urology,26,4,22,0,0,0,Urology,False,False
511,burns,17,3,14,0,0,0,Burns Management,False,False
511,cardiology,10,3,7,0,0,0,Cardiology,True,False
511,ctvs,7,1,6,0,0,0,Cardio-thoracic & Vascular Surgery,True,False
511,emergency_room,33,8,25,0,0,4,Emergency Room Packages,False,False
511,ent,29,6,23,0,0,2,Otorhinolaryngology (ENT),False,False
511,general_medicine,36,8,28,0,0,4,General Medicine,False,False
511,general_surgery,37,7,30,0,0,3,General Surgery,False,False
511,interventional_neuroradiology,16,1,15,0,0,0,Interventional Neuroradiology,True,False
511,medical_oncology,4,1,3,0,0,0,Medical Oncology,False,False
511,neurosurgery,18,3,15,0,0,0,Neurosurgery,True,False
511,obgyn,33,12,21,0,0,8,Obstetrics & Gynaecology,False,False
511,ophthalmology,18,6,12,0,0,1,Ophthalmology,False,False
511,orthopaedics,38,6,32,0,0,2,Orthopaedics,False,False
511,paediatric_cancer,2,1,1,0,0,0,Paediatric Cancer,False,False
511,paediatric_medicine,31,12,19,0,0,8,Paediatric Medical Management,False,False
511,paediatric_surgery,22,3,19,0,0,0,Paediatric Surgery,False,False
511,plastic_surgery,17,3,14,0,0,0,Plastic & Reconstructive Surgery,False,False
511,polytrauma,37,5,32,0,0,1,Polytrauma,False,False
511,radiation_oncology,3,1,2,0,0,0,Radiation Oncology,True,False
511,surgical_oncology,5,1,4,0,0,0,Surgical Oncology,False,False
511,urology,31,3,28,0,0,0,Urology,False,False
512,burns,5,3,2,0,0,2,Burns Management,False,False
512,cardiology,3,2,1,0,0,2,Cardiology,True,False
512,ctvs,3,2,1,0,0,2,Cardio-thoracic & Vascular Surgery,True,False
512,emergency_room,19,11,8,0,0,10,Emergency Room Packages,False,False
512,ent,6,3,3,0,0,2,Otorhinolaryngology (ENT),False,False
512,general_medicine,19,11,8,0,0,10,General Medicine,False,False
512,general_surgery,11,3,8,0,0,2,General Surgery,False,False
512,interventional_neuroradiology,6,3,3,0,0,2,Interventional Neuroradiology,True,False
512,medical_oncology,3,3,0,0,0,2,Medical Oncology,False,False
512,mental_disorders,2,2,0,0,0,2,Mental Disorders,False,False
512,neonatal,3,2,1,0,0,2,Neo-natal Care,False,False
512,neurosurgery,6,3,3,0,0,2,Neurosurgery,True,False
512,obgyn,9,3,6,0,0,2,Obstetrics & Gynaecology,False,False
512,ophthalmology,4,3,1,0,0,2,Ophthalmology,False,False
512,orthopaedics,10,3,7,0,0,2,Orthopaedics,False,False
512,paediatric_cancer,2,2,0,0,0,2,Paediatric Cancer,False,False
512,paediatric_medicine,11,3,8,0,0,2,Paediatric Medical Management,False,False
512,paediatric_surgery,6,2,4,0,0,2,Paediatric Surgery,False,False
512,plastic_surgery,5,3,2,0,0,2,Plastic & Reconstructive Surgery,False,False
512,polytrauma,9,2,7,0,0,2,Polytrauma,False,False
512,radiation_oncology,2,2,0,0,0,2,Radiation Oncology,True,False
512,surgical_oncology,2,2,0,0,0,2,Surgical Oncology,False,False
512,urology,9,3,6,0,0,2,Urology,False,False
513,burns,3,3,0,0,0,3,Burns Management,False,False
513,cardiology,3,3,0,0,0,3,Cardiology,True,False
513,ctvs,3,3,0,0,0,3,Cardio-thoracic & Vascular Surgery,True,False
513,emergency_room,7,7,0,0,0,6,Emergency Room Packages,False,False
513,ent,3,3,0,0,0,3,Otorhinolaryngology (ENT),False,False
513,general_medicine,7,7,0,0,0,6,General Medicine,False,False
513,general_surgery,4,4,0,0,0,3,General Surgery,False,False
513,interventional_neuroradiology,3,3,0,0,0,3,Interventional Neuroradiology,True,False
513,medical_oncology,3,3,0,0,0,3,Medical Oncology,False,False
513,mental_disorders,3,3,0,0,0,3,Mental Disorders,False,False
513,neonatal,3,3,0,0,0,3,Neo-natal Care,False,False
513,neurosurgery,3,3,0,0,0,3,Neurosurgery,True,False
513,obgyn,3,3,0,0,0,3,Obstetrics & Gynaecology,False,False
513,ophthalmology,3,3,0,0,0,3,Ophthalmology,False,False
513,orthopaedics,4,4,0,0,0,3,Orthopaedics,False,False
513,paediatric_cancer,3,3,0,0,0,3,Paediatric Cancer,False,False
513,paediatric_medicine,4,4,0,0,0,3,Paediatric Medical Management,False,False
513,paediatric_surgery,3,3,0,0,0,3,Paediatric Surgery,False,False
513,plastic_surgery,3,3,0,0,0,3,Plastic & Reconstructive Surgery,False,False
513,polytrauma,4,4,0,0,0,3,Polytrauma,False,False
513,radiation_oncology,3,3,0,0,0,3,Radiation Oncology,True,False
513,surgical_oncology,3,3,0,0,0,3,Surgical Oncology,False,False
513,urology,4,4,0,0,0,3,Urology,False,False
514,burns,5,4,1,0,0,1,Burns Management,False,False
514,cardiology,2,1,1,0,0,1,Cardiology,True,False
514,ctvs,3,2,1,0,0,1,Cardio-thoracic & Vascular Surgery,True,False
514,emergency_room,32,28,4,0,0,25,Emergency Room Packages,False,False
514,ent,6,4,2,0,0,1,Otorhinolaryngology (ENT),False,False
514,general_medicine,33,28,5,0,0,25,General Medicine,False,False
514,general_surgery,7,3,4,0,0,1,General Surgery,False,False
514,interventional_neuroradiology,5,2,3,0,0,1,Interventional Neuroradiology,True,False
514,medical_oncology,2,2,0,0,0,1,Medical Oncology,False,False
514,mental_disorders,2,1,1,0,0,1,Mental Disorders,False,False
514,neonatal,2,1,1,0,0,1,Neo-natal Care,False,False
514,neurosurgery,7,4,3,0,0,1,Neurosurgery,True,False
514,obgyn,4,3,1,0,0,1,Obstetrics & Gynaecology,False,False
514,ophthalmology,4,3,1,0,0,1,Ophthalmology,False,False
514,oral_maxillofacial,2,0,2,0,0,0,Oral & Maxillofacial Surgery,False,False
514,orthopaedics,15,5,10,0,0,1,Orthopaedics,False,False
514,paediatric_cancer,2,2,0,0,0,1,Paediatric Cancer,False,False
514,paediatric_medicine,9,5,4,0,0,1,Paediatric Medical Management,False,False
514,paediatric_surgery,4,2,2,0,0,1,Paediatric Surgery,False,False
514,plastic_surgery,5,4,1,0,0,1,Plastic & Reconstructive Surgery,False,False
514,polytrauma,14,5,9,0,0,1,Polytrauma,False,False
514,radiation_oncology,2,2,0,0,0,1,Radiation Oncology,True,False
514,surgical_oncology,2,2,0,0,0,1,Surgical Oncology,False,False
514,urology,8,4,4,0,0,1,Urology,False,False
515,burns,9,3,6,0,0,0,Burns Management,False,False
515,cardiology,8,3,5,0,0,0,Cardiology,True,False
515,ctvs,4,0,4,0,0,0,Cardio-thoracic & Vascular Surgery,True,False
515,emergency_room,24,10,14,0,0,5,Emergency Room Packages,False,False
515,ent,15,7,8,0,0,3,Otorhinolaryngology (ENT),False,False
515,general_medicine,26,10,16,0,0,5,General Medicine,False,False
515,general_surgery,24,8,16,0,0,3,General Surgery,False,False
515,interventional_neuroradiology,5,0,5,0,0,0,Interventional Neuroradiology,True,False
515,medical_oncology,1,0,1,0,0,0,Medical Oncology,False,False
515,neurosurgery,10,3,7,0,0,0,Neurosurgery,True,False
515,obgyn,24,11,13,0,0,6,Obstetrics & Gynaecology,False,False
515,ophthalmology,10,3,7,0,0,0,Ophthalmology,False,False
515,orthopaedics,21,5,16,0,0,0,Orthopaedics,False,False
515,paediatric_medicine,18,8,10,0,0,4,Paediatric Medical Management,False,False
515,paediatric_surgery,8,3,5,0,0,0,Paediatric Surgery,False,False
515,plastic_surgery,9,3,6,0,0,0,Plastic & Reconstructive Surgery,False,False
515,polytrauma,21,5,16,0,0,0,Polytrauma,False,False
515,radiation_oncology,1,0,1,0,0,0,Radiation Oncology,True,False
515,surgical_oncology,1,0,1,0,0,0,Surgical Oncology,False,False
515,urology,16,3,13,0,0,0,Urology,False,False
516,burns,8,8,0,0,0,8,Burns Management,False,False
516,cardiology,12,8,4,0,0,8,Cardiology,True,False
516,ctvs,9,8,1,0,0,8,Cardio-thoracic & Vascular Surgery,True,False
516,emergency_room,19,14,5,0,0,13,Emergency Room Packages,False,False
516,ent,10,9,1,0,0,8,Otorhinolaryngology (ENT),False,False
516,general_medicine,21,15,6,0,0,13,General Medicine,False,False
516,general_surgery,16,10,6,0,0,8,General Surgery,False,False
516,interventional_neuroradiology,8,8,0,0,0,8,Interventional Neuroradiology,True,False
516,medical_oncology,9,8,1,0,0,8,Medical Oncology,False,False
516,mental_disorders,8,8,0,0,0,8,Mental Disorders,False,False
516,neonatal,8,8,0,0,0,8,Neo-natal Care,False,False
516,neurosurgery,11,10,1,0,0,8,Neurosurgery,True,False
516,obgyn,11,9,2,0,0,8,Obstetrics & Gynaecology,False,False
516,ophthalmology,11,9,2,0,0,8,Ophthalmology,False,False
516,orthopaedics,21,9,12,0,0,8,Orthopaedics,False,False
516,paediatric_cancer,8,8,0,0,0,8,Paediatric Cancer,False,False
516,paediatric_medicine,13,10,3,0,0,8,Paediatric Medical Management,False,False
516,paediatric_surgery,9,8,1,0,0,8,Paediatric Surgery,False,False
516,plastic_surgery,8,8,0,0,0,8,Plastic & Reconstructive Surgery,False,False
516,polytrauma,21,9,12,0,0,8,Polytrauma,False,False
516,radiation_oncology,9,8,1,0,0,8,Radiation Oncology,True,False
516,surgical_oncology,9,8,1,0,0,8,Surgical Oncology,False,False
516,urology,16,9,7,0,0,8,Urology,False,False
517,burns,3,2,1,0,0,0,Burns Management,False,False
517,cardiology,4,2,2,0,0,0,Cardiology,True,False
517,ctvs,2,0,2,0,0,0,Cardio-thoracic & Vascular Surgery,True,False
517,emergency_room,16,9,7,0,0,1,Emergency Room Packages,False,False
517,ent,17,8,9,0,0,0,Otorhinolaryngology (ENT),False,False
517,general_medicine,19,9,10,0,0,1,General Medicine,False,False
517,general_surgery,26,9,17,0,0,1,General Surgery,False,False
517,interventional_neuroradiology,6,1,5,0,0,0,Interventional Neuroradiology,True,False
517,medical_oncology,1,0,1,0,0,0,Medical Oncology,False,False
517,neurosurgery,7,2,5,0,0,0,Neurosurgery,True,False
517,obgyn,22,10,12,0,0,2,Obstetrics & Gynaecology,False,False
517,ophthalmology,12,4,8,0,0,1,Ophthalmology,False,False
517,orthopaedics,24,8,16,0,0,0,Orthopaedics,False,False
517,paediatric_medicine,24,11,13,0,0,4,Paediatric Medical Management,False,False
517,paediatric_surgery,10,2,8,0,0,0,Paediatric Surgery,False,False
517,plastic_surgery,3,2,1,0,0,0,Plastic & Reconstructive Surgery,False,False
517,polytrauma,24,8,16,0,0,0,Polytrauma,False,False
517,radiation_oncology,1,0,1,0,0,0,Radiation Oncology,True,False
517,surgical_oncology,1,0,1,0,0,0,Surgical Oncology,False,False
517,urology,13,2,11,0,0,0,Urology,False,False
518,burns,11,3,8,0,0,3,Burns Management,False,False
518,cardiology,12,3,9,0,0,3,Cardiology,True,False
518,ctvs,13,3,10,0,0,3,Cardio-thoracic & Vascular Surgery,True,False
518,emergency_room,17,4,13,0,0,3,Emergency Room Packages,False,False
518,ent,11,4,7,0,0,3,Otorhinolaryngology (ENT),False,False
518,general_medicine,28,5,23,0,0,3,General Medicine,False,False
518,general_surgery,19,5,14,0,0,3,General Surgery,False,False
518,interventional_neuroradiology,13,3,10,0,0,3,Interventional Neuroradiology,True,False
518,medical_oncology,6,3,3,0,0,3,Medical Oncology,False,False
518,mental_disorders,3,3,0,0,0,3,Mental Disorders,False,False
518,neonatal,3,3,0,0,0,3,Neo-natal Care,False,False
518,neurosurgery,14,3,11,0,0,3,Neurosurgery,True,False
518,obgyn,13,6,7,0,0,4,Obstetrics & Gynaecology,False,False
518,ophthalmology,9,3,6,0,0,3,Ophthalmology,False,False
518,orthopaedics,28,5,23,0,0,3,Orthopaedics,False,False
518,paediatric_cancer,4,3,1,0,0,3,Paediatric Cancer,False,False
518,paediatric_medicine,12,5,7,0,0,3,Paediatric Medical Management,False,False
518,paediatric_surgery,7,3,4,0,0,3,Paediatric Surgery,False,False
518,plastic_surgery,11,3,8,0,0,3,Plastic & Reconstructive Surgery,False,False
518,polytrauma,25,4,21,0,0,3,Polytrauma,False,False
518,radiation_oncology,6,3,3,0,0,3,Radiation Oncology,True,False
518,surgical_oncology,5,3,2,0,0,3,Surgical Oncology,False,False
518,urology,27,4,23,0,0,3,Urology,False,False
519,burns,3,2,1,0,0,0,Burns Management,False,False
519,cardiology,4,2,2,0,0,0,Cardiology,True,False
519,ctvs,3,1,2,0,0,0,Cardio-thoracic & Vascular Surgery,True,False
519,emergency_room,17,12,5,0,0,8,Emergency Room Packages,False,False
519,ent,14,8,6,0,0,4,Otorhinolaryngology (ENT),False,False
519,general_medicine,18,12,6,0,0,8,General Medicine,False,False
519,general_surgery,19,13,6,0,0,9,General Surgery,False,False
519,interventional_neuroradiology,6,1,5,0,0,0,Interventional Neuroradiology,True,False
519,medical_oncology,1,1,0,0,0,0,Medical Oncology,False,False
519,neurosurgery,7,2,5,0,0,0,Neurosurgery,True,False
519,obgyn,21,15,6,0,0,11,Obstetrics & Gynaecology,False,False
519,ophthalmology,4,3,1,0,0,1,Ophthalmology,False,False
519,orthopaedics,15,9,6,0,0,5,Orthopaedics,False,False
519,paediatric_cancer,1,1,0,0,0,0,Paediatric Cancer,False,False
519,paediatric_medicine,14,9,5,0,0,5,Paediatric Medical Management,False,False
519,paediatric_surgery,4,2,2,0,0,0,Paediatric Surgery,False,False
519,plastic_surgery,3,2,1,0,0,0,Plastic & Reconstructive Surgery,False,False
519,polytrauma,13,7,6,0,0,3,Polytrauma,False,False
519,radiation_oncology,1,1,0,0,0,0,Radiation Oncology,True,False
519,surgical_oncology,1,1,0,0,0,0,Surgical Oncology,False,False
519,urology,9,3,6,0,0,0,Urology,False,False
520,burns,17,5,12,0,0,0,Burns Management,False,False
520,cardiology,14,3,11,0,0,0,Cardiology,True,False
520,ctvs,12,2,10,0,0,0,Cardio-thoracic & Vascular Surgery,True,False
520,emergency_room,32,12,18,0,2,4,Emergency Room Packages,False,False
520,ent,30,6,24,0,0,1,Otorhinolaryngology (ENT),False,False
520,general_medicine,45,12,31,0,2,4,General Medicine,False,False
520,general_surgery,44,9,33,0,2,2,General Surgery,False,False
520,interventional_neuroradiology,30,3,27,0,0,0,Interventional Neuroradiology,True,False
520,medical_oncology,9,4,5,0,0,0,Medical Oncology,False,False
520,neurosurgery,31,4,27,0,0,0,Neurosurgery,True,False
520,obgyn,38,12,24,0,2,5,Obstetrics & Gynaecology,False,False
520,ophthalmology,14,4,9,0,1,0,Ophthalmology,False,False
520,oral_maxillofacial,1,1,0,0,0,0,Oral & Maxillofacial Surgery,False,False
520,orthopaedics,42,6,35,0,1,1,Orthopaedics,False,False
520,paediatric_cancer,5,3,2,0,0,0,Paediatric Cancer,False,False
520,paediatric_medicine,37,12,24,0,1,4,Paediatric Medical Management,False,False
520,paediatric_surgery,21,4,17,0,0,0,Paediatric Surgery,False,False
520,plastic_surgery,17,5,12,0,0,0,Plastic & Reconstructive Surgery,False,False
520,polytrauma,41,6,35,0,0,1,Polytrauma,False,False
520,radiation_oncology,8,3,5,0,0,0,Radiation Oncology,True,False
520,surgical_oncology,9,4,5,0,0,0,Surgical Oncology,False,False
520,urology,40,4,36,0,0,0,Urology,False,False
521,burns,5,2,3,0,0,0,Burns Management,False,False
521,cardiology,4,2,2,0,0,0,Cardiology,True,False
521,ctvs,1,0,1,0,0,0,Cardio-thoracic & Vascular Surgery,True,False
521,emergency_room,13,8,5,0,0,4,Emergency Room Packages,False,False
521,ent,10,5,5,0,0,1,Otorhinolaryngology (ENT),False,False
521,general_medicine,13,8,5,0,0,4,General Medicine,False,False
521,general_surgery,16,9,7,0,0,5,General Surgery,False,False
521,interventional_neuroradiology,4,0,4,0,0,0,Interventional Neuroradiology,True,False
521,neurosurgery,7,2,5,0,0,0,Neurosurgery,True,False
521,obgyn,20,12,8,0,0,8,Obstetrics & Gynaecology,False,False
521,ophthalmology,5,2,3,0,0,0,Ophthalmology,False,False
521,oral_maxillofacial,3,3,0,0,0,2,Oral & Maxillofacial Surgery,False,False
521,orthopaedics,12,5,7,0,0,1,Orthopaedics,False,False
521,paediatric_medicine,19,11,8,0,0,7,Paediatric Medical Management,False,False
521,paediatric_surgery,7,2,5,0,0,0,Paediatric Surgery,False,False
521,plastic_surgery,5,2,3,0,0,0,Plastic & Reconstructive Surgery,False,False
521,polytrauma,12,5,7,0,0,1,Polytrauma,False,False
521,urology,8,3,5,0,0,1,Urology,False,False
522,burns,2,2,0,0,0,2,Burns Management,False,False
522,cardiology,2,2,0,0,0,2,Cardiology,True,False
522,ctvs,2,2,0,0,0,2,Cardio-thoracic & Vascular Surgery,True,False
522,emergency_room,8,6,2,0,0,6,Emergency Room Packages,False,False
522,ent,2,2,0,0,0,2,Otorhinolaryngology (ENT),False,False
522,general_medicine,9,7,2,0,0,6,General Medicine,False,False
522,general_surgery,4,3,1,0,0,2,General Surgery,False,False
522,interventional_neuroradiology,3,2,1,0,0,2,Interventional Neuroradiology,True,False
522,medical_oncology,2,2,0,0,0,2,Medical Oncology,False,False
522,mental_disorders,2,2,0,0,0,2,Mental Disorders,False,False
522,neonatal,2,2,0,0,0,2,Neo-natal Care,False,False
522,neurosurgery,4,2,2,0,0,2,Neurosurgery,True,False
522,obgyn,3,2,1,0,0,2,Obstetrics & Gynaecology,False,False
522,ophthalmology,2,2,0,0,0,2,Ophthalmology,False,False
522,orthopaedics,3,2,1,0,0,2,Orthopaedics,False,False
522,paediatric_cancer,2,2,0,0,0,2,Paediatric Cancer,False,False
522,paediatric_medicine,4,3,1,0,0,2,Paediatric Medical Management,False,False
522,paediatric_surgery,2,2,0,0,0,2,Paediatric Surgery,False,False
522,plastic_surgery,2,2,0,0,0,2,Plastic & Reconstructive Surgery,False,False
522,polytrauma,4,2,2,0,0,2,Polytrauma,False,False
522,radiation_oncology,2,2,0,0,0,2,Radiation Oncology,True,False
522,surgical_oncology,2,2,0,0,0,2,Surgical Oncology,False,False
522,urology,3,3,0,0,0,2,Urology,False,False
523,burns,10,5,5,0,0,2,Burns Management,False,False
523,cardiology,7,4,3,0,0,1,Cardiology,True,False
523,ctvs,3,0,3,0,0,0,Cardio-thoracic & Vascular Surgery,True,False
523,emergency_room,25,12,13,0,0,8,Emergency Room Packages,False,False
523,ent,14,6,8,0,0,2,Otorhinolaryngology (ENT),False,False
523,general_medicine,26,12,14,0,0,8,General Medicine,False,False
523,general_surgery,29,10,19,0,0,6,General Surgery,False,False
523,interventional_neuroradiology,7,1,6,0,0,0,Interventional Neuroradiology,True,False
523,medical_oncology,1,0,1,0,0,0,Medical Oncology,False,False
523,neurosurgery,11,5,6,0,0,2,Neurosurgery,True,False
523,obgyn,26,11,15,0,0,7,Obstetrics & Gynaecology,False,False
523,ophthalmology,15,4,11,0,0,1,Ophthalmology,False,False
523,orthopaedics,30,9,21,0,0,5,Orthopaedics,False,False
523,paediatric_medicine,17,9,8,0,0,5,Paediatric Medical Management,False,False
523,paediatric_surgery,10,4,6,0,0,1,Paediatric Surgery,False,False
523,plastic_surgery,10,5,5,0,0,2,Plastic & Reconstructive Surgery,False,False
523,polytrauma,27,6,21,0,0,2,Polytrauma,False,False
523,radiation_oncology,1,0,1,0,0,0,Radiation Oncology,True,False
523,surgical_oncology,1,0,1,0,0,0,Surgical Oncology,False,False
523,urology,18,5,13,0,0,2,Urology,False,False
524,burns,2,0,2,0,0,0,Burns Management,False,False
524,cardiology,2,0,2,0,0,0,Cardiology,True,False
524,ctvs,2,0,2,0,0,0,Cardio-thoracic & Vascular Surgery,True,False
524,emergency_room,11,4,7,0,0,3,Emergency Room Packages,False,False
524,ent,8,2,6,0,0,1,Otorhinolaryngology (ENT),False,False
524,general_medicine,11,4,7,0,0,3,General Medicine,False,False
524,general_surgery,14,3,11,0,0,1,General Surgery,False,False
524,interventional_neuroradiology,5,0,5,0,0,0,Interventional Neuroradiology,True,False
524,medical_oncology,4,1,3,0,0,1,Medical Oncology,False,False
524,neurosurgery,5,0,5,0,0,0,Neurosurgery,True,False
524,obgyn,19,7,12,0,0,3,Obstetrics & Gynaecology,False,False
524,ophthalmology,8,5,3,0,0,2,Ophthalmology,False,False
524,orthopaedics,12,1,11,0,0,1,Orthopaedics,False,False
524,paediatric_cancer,6,3,3,0,0,0,Paediatric Cancer,False,False
524,paediatric_medicine,1,1,0,0,0,0,Paediatric Medical Management,False,False
524,paediatric_surgery,7,1,6,0,0,1,Paediatric Surgery,False,False
524,plastic_surgery,2,0,2,0,0,0,Plastic & Reconstructive Surgery,False,False
524,polytrauma,5,1,4,0,0,1,Polytrauma,False,False
524,radiation_oncology,4,1,3,0,0,1,Radiation Oncology,True,False
524,surgical_oncology,5,1,4,0,0,1,Surgical Oncology,False,False
524,urology,9,0,9,0,0,0,Urology,False,False
525,burns,11,4,6,0,1,0,Burns Management,False,False
525,cardiology,19,4,14,0,1,0,Cardiology,True,False
525,ctvs,15,3,12,0,0,0,Cardio-thoracic & Vascular Surgery,True,False
525,emergency_room,17,7,7,0,3,2,Emergency Room Packages,False,False
525,ent,20,10,9,0,1,2,Otorhinolaryngology (ENT),False,False
525,general_medicine,17,7,7,0,3,2,General Medicine,False,False
525,general_surgery,26,12,12,0,2,1,General Surgery,False,False
525,interventional_neuroradiology,21,6,14,0,1,0,Interventional Neuroradiology,True,False
525,medical_oncology,10,6,4,0,0,1,Medical Oncology,False,False
525,neonatal,1,0,0,0,1,0,Neo-natal Care,False,False
525,neurosurgery,21,6,14,0,1,0,Neurosurgery,True,False
525,obgyn,28,12,14,0,2,1,Obstetrics & Gynaecology,False,False
525,ophthalmology,15,7,6,0,2,1,Ophthalmology,False,False
525,oral_maxillofacial,2,1,0,0,1,0,Oral & Maxillofacial Surgery,False,False
525,orthopaedics,26,12,13,0,1,2,Orthopaedics,False,False
525,paediatric_cancer,9,6,3,0,0,0,Paediatric Cancer,False,False
525,paediatric_medicine,3,0,1,0,2,0,Paediatric Medical Management,False,False
525,paediatric_surgery,17,7,10,0,0,1,Paediatric Surgery,False,False
525,plastic_surgery,11,4,6,0,1,0,Plastic & Reconstructive Surgery,False,False
525,polytrauma,13,4,8,0,1,0,Polytrauma,False,False
525,radiation_oncology,11,6,5,0,0,1,Radiation Oncology,True,False
525,surgical_oncology,16,7,8,0,1,1,Surgical Oncology,False,False
525,urology,23,7,15,0,1,0,Urology,False,False
526,burns,1,0,1,0,0,0,Burns Management,False,False
526,emergency_room,3,1,2,0,0,0,Emergency Room Packages,False,False
526,ent,4,2,2,0,0,0,Otorhinolaryngology (ENT),False,False
526,general_medicine,3,1,2,0,0,0,General Medicine,False,False
526,general_surgery,3,2,1,0,0,0,General Surgery,False,False
526,medical_oncology,1,0,1,0,0,0,Medical Oncology,False,False
526,obgyn,5,4,1,0,0,1,Obstetrics & Gynaecology,False,False
526,ophthalmology,4,2,2,0,0,1,Ophthalmology,False,False
526,orthopaedics,5,3,2,0,0,0,Orthopaedics,False,False
526,paediatric_cancer,6,4,2,0,0,0,Paediatric Cancer,False,False
526,paediatric_surgery,2,1,1,0,0,0,Paediatric Surgery,False,False
526,plastic_surgery,1,0,1,0,0,0,Plastic & Reconstructive Surgery,False,False
526,polytrauma,1,0,1,0,0,0,Polytrauma,False,False
526,radiation_oncology,1,0,1,0,0,0,Radiation Oncology,True,False
526,surgical_oncology,1,0,1,0,0,0,Surgical Oncology,False,False
526,urology,1,0,1,0,0,0,Urology,False,False
527,burns,5,1,4,0,0,0,Burns Management,False,False
527,cardiology,2,1,1,0,0,0,Cardiology,True,False
527,ctvs,4,1,3,0,0,0,Cardio-thoracic & Vascular Surgery,True,False
527,emergency_room,12,6,6,0,0,3,Emergency Room Packages,False,False
527,ent,13,5,8,0,0,1,Otorhinolaryngology (ENT),False,False
527,general_medicine,12,6,6,0,0,3,General Medicine,False,False
527,general_surgery,22,11,11,0,0,5,General Surgery,False,False
527,interventional_neuroradiology,6,2,4,0,0,0,Interventional Neuroradiology,True,False
527,medical_oncology,3,0,3,0,0,0,Medical Oncology,False,False
527,neurosurgery,6,2,4,0,0,0,Neurosurgery,True,False
527,obgyn,21,11,10,0,0,5,Obstetrics & Gynaecology,False,False
527,ophthalmology,14,6,8,0,0,2,Ophthalmology,False,False
527,orthopaedics,23,10,13,0,0,4,Orthopaedics,False,False
527,paediatric_cancer,22,20,2,0,0,14,Paediatric Cancer,False,False
527,paediatric_surgery,15,7,8,0,0,4,Paediatric Surgery,False,False
527,plastic_surgery,5,1,4,0,0,0,Plastic & Reconstructive Surgery,False,False
527,polytrauma,6,2,4,0,0,0,Polytrauma,False,False
527,radiation_oncology,4,1,3,0,0,0,Radiation Oncology,True,False
527,surgical_oncology,3,0,3,0,0,0,Surgical Oncology,False,False
527,urology,14,4,10,0,0,0,Urology,False,False
528,burns,1,1,0,0,0,0,Burns Management,False,False
528,emergency_room,7,6,0,0,1,2,Emergency Room Packages,False,False
528,ent,10,8,1,0,1,2,Otorhinolaryngology (ENT),False,False
528,general_medicine,7,6,0,0,1,2,General Medicine,False,False
528,general_surgery,11,9,1,0,1,1,General Surgery,False,False
528,interventional_neuroradiology,1,1,0,0,0,0,Interventional Neuroradiology,True,False
528,neurosurgery,1,1,0,0,0,0,Neurosurgery,True,False
528,obgyn,15,12,2,0,1,4,Obstetrics & Gynaecology,False,False
528,ophthalmology,5,5,0,0,0,1,Ophthalmology,False,False
528,orthopaedics,9,8,0,0,1,2,Orthopaedics,False,False
528,paediatric_cancer,18,17,1,0,0,6,Paediatric Cancer,False,False
528,paediatric_medicine,1,0,0,0,1,0,Paediatric Medical Management,False,False
528,paediatric_surgery,5,4,1,0,0,0,Paediatric Surgery,False,False
528,plastic_surgery,1,1,0,0,0,0,Plastic & Reconstructive Surgery,False,False
528,polytrauma,2,2,0,0,0,0,Polytrauma,False,False
528,urology,2,2,0,0,0,0,Urology,False,False
529,burns,3,0,3,0,0,0,Burns Management,False,False
529,cardiology,2,0,2,0,0,0,Cardiology,True,False
529,ctvs,2,1,1,0,0,0,Cardio-thoracic & Vascular Surgery,True,False
529,emergency_room,5,2,3,0,0,0,Emergency Room Packages,False,False
529,ent,7,3,4,0,0,1,Otorhinolaryngology (ENT),False,False
529,general_medicine,5,2,3,0,0,0,General Medicine,False,False
529,general_surgery,7,3,4,0,0,0,General Surgery,False,False
529,interventional_neuroradiology,4,1,3,0,0,0,Interventional Neuroradiology,True,False
529,medical_oncology,5,2,3,0,0,1,Medical Oncology,False,False
529,neurosurgery,4,1,3,0,0,0,Neurosurgery,True,False
529,obgyn,5,1,4,0,0,0,Obstetrics & Gynaecology,False,False
529,ophthalmology,8,4,4,0,0,1,Ophthalmology,False,False
529,orthopaedics,8,4,4,0,0,0,Orthopaedics,False,False
529,paediatric_cancer,8,6,2,0,0,5,Paediatric Cancer,False,False
529,paediatric_surgery,4,1,3,0,0,0,Paediatric Surgery,False,False
529,plastic_surgery,3,0,3,0,0,0,Plastic & Reconstructive Surgery,False,False
529,polytrauma,4,1,3,0,0,0,Polytrauma,False,False
529,radiation_oncology,3,1,2,0,0,1,Radiation Oncology,True,False
529,surgical_oncology,4,2,2,0,0,1,Surgical Oncology,False,False
529,urology,5,1,4,0,0,0,Urology,False,False
530,burns,2,0,2,0,0,0,Burns Management,False,False
530,cardiology,2,0,2,0,0,0,Cardiology,True,False
530,ctvs,2,0,2,0,0,0,Cardio-thoracic & Vascular Surgery,True,False
530,emergency_room,10,7,3,0,0,1,Emergency Room Packages,False,False
530,ent,5,2,3,0,0,2,Otorhinolaryngology (ENT),False,False
530,general_medicine,10,7,3,0,0,1,General Medicine,False,False
530,general_surgery,10,6,4,0,0,3,General Surgery,False,False
530,interventional_neuroradiology,5,2,3,0,0,1,Interventional Neuroradiology,True,False
530,medical_oncology,2,0,2,0,0,0,Medical Oncology,False,False
530,neurosurgery,5,2,3,0,0,1,Neurosurgery,True,False
530,obgyn,12,7,5,0,0,2,Obstetrics & Gynaecology,False,False
530,ophthalmology,6,3,3,0,0,2,Ophthalmology,False,False
530,orthopaedics,11,5,6,0,0,3,Orthopaedics,False,False
530,paediatric_cancer,6,3,3,0,0,1,Paediatric Cancer,False,False
530,paediatric_surgery,5,2,3,0,0,1,Paediatric Surgery,False,False
530,plastic_surgery,2,0,2,0,0,0,Plastic & Reconstructive Surgery,False,False
530,polytrauma,2,0,2,0,0,0,Polytrauma,False,False
530,radiation_oncology,1,0,1,0,0,0,Radiation Oncology,True,False
530,surgical_oncology,2,0,2,0,0,0,Surgical Oncology,False,False
530,urology,6,2,4,0,0,1,Urology,False,False
531,emergency_room,2,2,0,0,0,1,Emergency Room Packages,False,False
531,ent,1,1,0,0,0,1,Otorhinolaryngology (ENT),False,False
531,general_medicine,2,2,0,0,0,1,General Medicine,False,False
531,general_surgery,2,2,0,0,0,1,General Surgery,False,False
531,obgyn,3,3,0,0,0,2,Obstetrics & Gynaecology,False,False
531,ophthalmology,4,3,1,0,0,1,Ophthalmology,False,False
531,orthopaedics,3,3,0,0,0,1,Orthopaedics,False,False
531,paediatric_cancer,3,3,0,0,0,1,Paediatric Cancer,False,False
531,paediatric_surgery,4,4,0,0,0,2,Paediatric Surgery,False,False
531,polytrauma,1,1,0,0,0,0,Polytrauma,False,False
532,burns,1,0,1,0,0,0,Burns Management,False,False
532,ctvs,1,1,0,0,0,0,Cardio-thoracic & Vascular Surgery,True,False
532,emergency_room,4,2,2,0,0,0,Emergency Room Packages,False,False
532,ent,6,4,2,0,0,1,Otorhinolaryngology (ENT),False,False
532,general_medicine,4,2,2,0,0,0,General Medicine,False,False
532,general_surgery,6,4,2,0,0,0,General Surgery,False,False
532,interventional_neuroradiology,3,2,1,0,0,0,Interventional Neuroradiology,True,False
532,neurosurgery,3,2,1,0,0,0,Neurosurgery,True,False
532,obgyn,6,5,1,0,0,0,Obstetrics & Gynaecology,False,False
532,ophthalmology,2,1,1,0,0,0,Ophthalmology,False,False
532,orthopaedics,6,4,2,0,0,1,Orthopaedics,False,False
532,paediatric_cancer,6,5,1,0,0,1,Paediatric Cancer,False,False
532,paediatric_surgery,1,1,0,0,0,0,Paediatric Surgery,False,False
532,plastic_surgery,1,0,1,0,0,0,Plastic & Reconstructive Surgery,False,False
532,surgical_oncology,1,0,1,0,0,0,Surgical Oncology,False,False
532,urology,3,2,1,0,0,0,Urology,False,False
533,burns,1,0,1,0,0,0,Burns Management,False,False
533,emergency_room,6,6,0,0,0,2,Emergency Room Packages,False,False
533,ent,4,4,0,0,0,2,Otorhinolaryngology (ENT),False,False
533,general_medicine,6,6,0,0,0,2,General Medicine,False,False
533,general_surgery,4,4,0,0,0,1,General Surgery,False,False
533,interventional_neuroradiology,3,2,1,0,0,1,Interventional Neuroradiology,True,False
533,medical_oncology,1,0,1,0,0,0,Medical Oncology,False,False
533,neurosurgery,3,2,1,0,0,1,Neurosurgery,True,False
533,obgyn,4,4,0,0,0,1,Obstetrics & Gynaecology,False,False
533,ophthalmology,5,5,0,0,0,1,Ophthalmology,False,False
533,orthopaedics,3,3,0,0,0,1,Orthopaedics,False,False
533,paediatric_cancer,13,13,0,0,0,7,Paediatric Cancer,False,False
533,paediatric_surgery,4,3,1,0,0,2,Paediatric Surgery,False,False
533,plastic_surgery,1,0,1,0,0,0,Plastic & Reconstructive Surgery,False,False
533,polytrauma,1,0,1,0,0,0,Polytrauma,False,False
533,radiation_oncology,1,0,1,0,0,0,Radiation Oncology,True,False
533,surgical_oncology,2,1,1,0,0,1,Surgical Oncology,False,False
533,urology,2,1,1,0,0,1,Urology,False,False
534,burns,8,1,6,1,0,0,Burns Management,False,False
534,cardiology,11,1,9,1,0,0,Cardiology,True,False
534,ctvs,10,1,8,1,0,0,Cardio-thoracic & Vascular Surgery,True,False
534,emergency_room,12,4,8,0,0,2,Emergency Room Packages,False,False
534,ent,16,4,11,1,0,0,Otorhinolaryngology (ENT),False,False
534,general_medicine,12,4,8,0,0,2,General Medicine,False,False
534,general_surgery,20,7,12,1,0,2,General Surgery,False,False
534,interventional_neuroradiology,11,1,9,1,0,0,Interventional Neuroradiology,True,False
534,medical_oncology,7,2,5,0,0,0,Medical Oncology,False,False
534,neurosurgery,11,1,9,1,0,0,Neurosurgery,True,False
534,obgyn,17,6,10,1,0,2,Obstetrics & Gynaecology,False,False
534,ophthalmology,8,3,5,0,0,0,Ophthalmology,False,False
534,oral_maxillofacial,2,2,0,0,0,2,Oral & Maxillofacial Surgery,False,False
534,orthopaedics,14,3,10,1,0,0,Orthopaedics,False,False
534,paediatric_cancer,10,6,4,0,0,2,Paediatric Cancer,False,False
534,paediatric_medicine,1,1,0,0,0,1,Paediatric Medical Management,False,False
534,paediatric_surgery,8,1,6,1,0,0,Paediatric Surgery,False,False
534,plastic_surgery,8,1,6,1,0,0,Plastic & Reconstructive Surgery,False,False
534,polytrauma,8,1,7,0,0,0,Polytrauma,False,False
534,radiation_oncology,8,2,5,1,0,0,Radiation Oncology,True,False
534,surgical_oncology,10,2,7,1,0,0,Surgical Oncology,False,False
534,urology,11,1,9,1,0,0,Urology,False,False
535,burns,2,0,2,0,0,0,Burns Management,False,False
535,cardiology,4,0,4,0,0,0,Cardiology,True,False
535,ctvs,3,0,3,0,0,0,Cardio-thoracic & Vascular Surgery,True,False
535,emergency_room,6,3,3,0,0,1,Emergency Room Packages,False,False
535,ent,8,3,5,0,0,0,Otorhinolaryngology (ENT),False,False
535,general_medicine,6,3,3,0,0,1,General Medicine,False,False
535,general_surgery,7,3,4,0,0,0,General Surgery,False,False
535,interventional_neuroradiology,3,1,2,0,0,0,Interventional Neuroradiology,True,False
535,medical_oncology,2,0,2,0,0,0,Medical Oncology,False,False
535,neurosurgery,3,1,2,0,0,0,Neurosurgery,True,False
535,obgyn,11,7,4,0,0,2,Obstetrics & Gynaecology,False,False
535,ophthalmology,6,4,2,0,0,0,Ophthalmology,False,False
535,orthopaedics,10,4,6,0,0,1,Orthopaedics,False,False
535,paediatric_cancer,4,4,0,0,0,3,Paediatric Cancer,False,False
535,paediatric_surgery,4,1,3,0,0,0,Paediatric Surgery,False,False
535,plastic_surgery,2,0,2,0,0,0,Plastic & Reconstructive Surgery,False,False
535,polytrauma,2,0,2,0,0,0,Polytrauma,False,False
535,radiation_oncology,2,0,2,0,0,0,Radiation Oncology,True,False
535,surgical_oncology,2,0,2,0,0,0,Surgical Oncology,False,False
535,urology,8,3,5,0,0,0,Urology,False,False
536,burns,1,1,0,0,0,0,Burns Management,False,False
536,cardiology,5,1,4,0,0,0,Cardiology,True,False
536,ctvs,5,1,4,0,0,0,Cardio-thoracic & Vascular Surgery,True,False
536,emergency_room,8,4,3,0,1,0,Emergency Room Packages,False,False
536,ent,9,4,5,0,0,0,Otorhinolaryngology (ENT),False,False
536,general_medicine,8,4,3,0,1,0,General Medicine,False,False
536,general_surgery,13,4,9,0,0,0,General Surgery,False,False
536,interventional_neuroradiology,5,1,4,0,0,0,Interventional Neuroradiology,True,False
536,neurosurgery,5,1,4,0,0,0,Neurosurgery,True,False
536,obgyn,11,4,6,0,1,0,Obstetrics & Gynaecology,False,False
536,ophthalmology,4,2,2,0,0,0,Ophthalmology,False,False
536,orthopaedics,13,5,8,0,0,0,Orthopaedics,False,False
536,paediatric_cancer,5,4,1,0,0,0,Paediatric Cancer,False,False
536,paediatric_medicine,1,0,0,0,1,0,Paediatric Medical Management,False,False
536,paediatric_surgery,7,2,5,0,0,0,Paediatric Surgery,False,False
536,plastic_surgery,1,1,0,0,0,0,Plastic & Reconstructive Surgery,False,False
536,polytrauma,4,1,3,0,0,0,Polytrauma,False,False
536,surgical_oncology,1,0,1,0,0,0,Surgical Oncology,False,False
536,urology,9,1,8,0,0,0,Urology,False,False
537,burns,1,0,1,0,0,0,Burns Management,False,False
537,emergency_room,4,2,2,0,0,1,Emergency Room Packages,False,False
537,ent,2,1,1,0,0,0,Otorhinolaryngology (ENT),False,False
537,general_medicine,4,2,2,0,0,1,General Medicine,False,False
537,general_surgery,5,2,3,0,0,0,General Surgery,False,False
537,interventional_neuroradiology,2,0,2,0,0,0,Interventional Neuroradiology,True,False
537,neurosurgery,2,0,2,0,0,0,Neurosurgery,True,False
537,obgyn,5,2,3,0,0,0,Obstetrics & Gynaecology,False,False
537,ophthalmology,3,2,1,0,0,0,Ophthalmology,False,False
537,orthopaedics,5,1,4,0,0,0,Orthopaedics,False,False
537,paediatric_cancer,5,3,2,0,0,0,Paediatric Cancer,False,False
537,paediatric_surgery,1,0,1,0,0,0,Paediatric Surgery,False,False
537,plastic_surgery,1,0,1,0,0,0,Plastic & Reconstructive Surgery,False,False
537,polytrauma,1,0,1,0,0,0,Polytrauma,False,False
537,urology,2,0,2,0,0,0,Urology,False,False
538,burns,2,0,2,0,0,0,Burns Management,False,False
538,cardiology,3,1,2,0,0,0,Cardiology,True,False
538,emergency_room,15,11,3,0,1,5,Emergency Room Packages,False,False
538,ent,12,7,4,0,1,1,Otorhinolaryngology (ENT),False,False
538,general_medicine,15,11,3,0,1,5,General Medicine,False,False
538,general_surgery,22,13,8,0,1,5,General Surgery,False,False
538,interventional_neuroradiology,6,4,2,0,0,2,Interventional Neuroradiology,True,False
538,medical_oncology,1,0,1,0,0,0,Medical Oncology,False,False
538,neonatal,1,0,0,0,1,0,Neo-natal Care,False,False
538,neurosurgery,6,4,2,0,0,2,Neurosurgery,True,False
538,obgyn,20,12,7,0,1,4,Obstetrics & Gynaecology,False,False
538,ophthalmology,15,11,3,0,1,4,Ophthalmology,False,False
538,oral_maxillofacial,1,0,0,0,1,0,Oral & Maxillofacial Surgery,False,False
538,orthopaedics,15,9,5,0,1,3,Orthopaedics,False,False
538,paediatric_cancer,14,13,1,0,0,7,Paediatric Cancer,False,False
538,paediatric_medicine,1,0,0,0,1,0,Paediatric Medical Management,False,False
538,paediatric_surgery,9,6,3,0,0,2,Paediatric Surgery,False,False
538,plastic_surgery,2,0,2,0,0,0,Plastic & Reconstructive Surgery,False,False
538,polytrauma,3,2,1,0,0,1,Polytrauma,False,False
538,radiation_oncology,1,0,1,0,0,0,Radiation Oncology,True,False
538,surgical_oncology,1,0,1,0,0,0,Surgical Oncology,False,False
538,urology,8,6,2,0,0,2,Urology,False,False
539,burns,1,1,0,0,0,0,Burns Management,False,False
539,cardiology,1,0,1,0,0,0,Cardiology,True,False
539,ctvs,2,1,1,0,0,0,Cardio-thoracic & Vascular Surgery,True,False
539,emergency_room,5,4,1,0,0,1,Emergency Room Packages,False,False
539,ent,13,9,4,0,0,3,Otorhinolaryngology (ENT),False,False
539,general_medicine,5,4,1,0,0,1,General Medicine,False,False
539,general_surgery,10,5,5,0,0,3,General Surgery,False,False
539,interventional_neuroradiology,5,3,2,0,0,1,Interventional Neuroradiology,True,False
539,medical_oncology,1,1,0,0,0,0,Medical Oncology,False,False
539,neurosurgery,5,3,2,0,0,1,Neurosurgery,True,False
539,obgyn,15,9,6,0,0,3,Obstetrics & Gynaecology,False,False
539,ophthalmology,9,6,3,0,0,2,Ophthalmology,False,False
539,orthopaedics,12,8,4,0,0,3,Orthopaedics,False,False
539,paediatric_cancer,15,13,2,0,0,8,Paediatric Cancer,False,False
539,paediatric_surgery,4,1,3,0,0,0,Paediatric Surgery,False,False
539,plastic_surgery,1,1,0,0,0,0,Plastic & Reconstructive Surgery,False,False
539,polytrauma,2,1,1,0,0,0,Polytrauma,False,False
539,radiation_oncology,1,1,0,0,0,0,Radiation Oncology,True,False
539,surgical_oncology,2,2,0,0,0,1,Surgical Oncology,False,False
539,urology,6,3,3,0,0,1,Urology,False,False
540,burns,2,0,2,0,0,0,Burns Management,False,False
540,emergency_room,3,1,2,0,0,1,Emergency Room Packages,False,False
540,ent,10,6,4,0,0,1,Otorhinolaryngology (ENT),False,False
540,general_medicine,3,1,2,0,0,1,General Medicine,False,False
540,general_surgery,15,10,5,0,0,4,General Surgery,False,False
540,interventional_neuroradiology,5,3,2,0,0,2,Interventional Neuroradiology,True,False
540,medical_oncology,2,0,2,0,0,0,Medical Oncology,False,False
540,neurosurgery,5,3,2,0,0,2,Neurosurgery,True,False
540,obgyn,11,7,4,0,0,3,Obstetrics & Gynaecology,False,False
540,ophthalmology,9,6,3,0,0,2,Ophthalmology,False,False
540,orthopaedics,11,9,2,0,0,3,Orthopaedics,False,False
540,paediatric_cancer,6,5,1,0,0,2,Paediatric Cancer,False,False
540,paediatric_surgery,6,2,4,0,0,0,Paediatric Surgery,False,False
540,plastic_surgery,2,0,2,0,0,0,Plastic & Reconstructive Surgery,False,False
540,polytrauma,4,2,2,0,0,1,Polytrauma,False,False
540,radiation_oncology,1,0,1,0,0,0,Radiation Oncology,True,False
540,surgical_oncology,3,0,3,0,0,0,Surgical Oncology,False,False
540,urology,9,5,4,0,0,1,Urology,False,False
541,emergency_room,1,1,0,0,0,0,Emergency Room Packages,False,False
541,ent,3,3,0,0,0,1,Otorhinolaryngology (ENT),False,False
541,general_medicine,1,1,0,0,0,0,General Medicine,False,False
541,general_surgery,1,1,0,0,0,0,General Surgery,False,False
541,interventional_neuroradiology,1,1,0,0,0,1,Interventional Neuroradiology,True,False
541,neurosurgery,1,1,0,0,0,1,Neurosurgery,True,False
541,obgyn,2,2,0,0,0,1,Obstetrics & Gynaecology,False,False
541,ophthalmology,4,4,0,0,0,2,Ophthalmology,False,False
541,orthopaedics,2,2,0,0,0,0,Orthopaedics,False,False
541,paediatric_cancer,6,6,0,0,0,4,Paediatric Cancer,False,False
541,surgical_oncology,1,1,0,0,0,0,Surgical Oncology,False,False
542,burns,1,0,1,0,0,0,Burns Management,False,False
542,cardiology,1,0,1,0,0,0,Cardiology,True,False
542,ctvs,1,0,1,0,0,0,Cardio-thoracic & Vascular Surgery,True,False
542,emergency_room,3,2,1,0,0,1,Emergency Room Packages,False,False
542,ent,3,2,1,0,0,0,Otorhinolaryngology (ENT),False,False
542,general_medicine,3,2,1,0,0,1,General Medicine,False,False
542,general_surgery,3,2,1,0,0,0,General Surgery,False,False
542,interventional_neuroradiology,3,2,1,0,0,1,Interventional Neuroradiology,True,False
542,neurosurgery,3,2,1,0,0,1,Neurosurgery,True,False
542,obgyn,5,4,1,0,0,1,Obstetrics & Gynaecology,False,False
542,ophthalmology,3,2,1,0,0,0,Ophthalmology,False,False
542,orthopaedics,4,3,1,0,0,0,Orthopaedics,False,False
542,paediatric_cancer,6,5,1,0,0,2,Paediatric Cancer,False,False
542,paediatric_surgery,4,3,1,0,0,0,Paediatric Surgery,False,False
542,plastic_surgery,1,0,1,0,0,0,Plastic & Reconstructive Surgery,False,False
542,polytrauma,1,0,1,0,0,0,Polytrauma,False,False
542,surgical_oncology,1,0,1,0,0,0,Surgical Oncology,False,False
542,urology,2,1,1,0,0,0,Urology,False,False
543,emergency_room,2,2,0,0,0,1,Emergency Room Packages,False,False
543,ent,2,2,0,0,0,0,Otorhinolaryngology (ENT),False,False
543,general_medicine,2,2,0,0,0,1,General Medicine,False,False
543,general_surgery,8,8,0,0,0,4,General Surgery,False,False
543,interventional_neuroradiology,1,1,0,0,0,0,Interventional Neuroradiology,True,False
543,neurosurgery,1,1,0,0,0,0,Neurosurgery,True,False
543,obgyn,7,6,1,0,0,3,Obstetrics & Gynaecology,False,False
543,ophthalmology,2,2,0,0,0,0,Ophthalmology,False,False
543,orthopaedics,2,2,0,0,0,0,Orthopaedics,False,False
543,paediatric_cancer,4,3,1,0,0,1,Paediatric Cancer,False,False
543,paediatric_surgery,1,1,0,0,0,0,Paediatric Surgery,False,False
543,urology,1,1,0,0,0,0,Urology,False,False
544,burns,2,1,1,0,0,0,Burns Management,False,False
544,emergency_room,6,5,1,0,0,0,Emergency Room Packages,False,False
544,ent,9,7,2,0,0,1,Otorhinolaryngology (ENT),False,False
544,general_medicine,6,5,1,0,0,0,General Medicine,False,False
544,general_surgery,12,9,3,0,0,3,General Surgery,False,False
544,interventional_neuroradiology,2,2,0,0,0,0,Interventional Neuroradiology,True,False
544,medical_oncology,3,3,0,0,0,2,Medical Oncology,False,False
544,neurosurgery,2,2,0,0,0,0,Neurosurgery,True,False
544,obgyn,10,8,2,0,0,3,Obstetrics & Gynaecology,False,False
544,ophthalmology,7,6,1,0,0,2,Ophthalmology,False,False
544,orthopaedics,10,8,2,0,0,2,Orthopaedics,False,False
544,paediatric_cancer,14,13,1,0,0,7,Paediatric Cancer,False,False
544,paediatric_surgery,5,4,1,0,0,1,Paediatric Surgery,False,False
544,plastic_surgery,2,1,1,0,0,0,Plastic & Reconstructive Surgery,False,False
544,polytrauma,2,1,1,0,0,0,Polytrauma,False,False
544,radiation_oncology,3,3,0,0,0,2,Radiation Oncology,True,False
544,surgical_oncology,5,5,0,0,0,2,Surgical Oncology,False,False
544,urology,5,3,2,0,0,0,Urology,False,False
545,burns,10,3,7,0,0,1,Burns Management,False,False
545,cardiology,5,1,4,0,0,1,Cardiology,True,False
545,ctvs,5,0,5,0,0,0,Cardio-thoracic & Vascular Surgery,True,False
545,emergency_room,17,8,8,0,1,2,Emergency Room Packages,False,False
545,ent,14,7,7,0,0,0,Otorhinolaryngology (ENT),False,False
545,general_medicine,17,8,8,0,1,2,General Medicine,False,False
545,general_surgery,20,8,12,0,0,2,General Surgery,False,False
545,interventional_neuroradiology,9,1,8,0,0,1,Interventional Neuroradiology,True,False
545,medical_oncology,4,1,3,0,0,0,Medical Oncology,False,False
545,neonatal,1,0,1,0,0,0,Neo-natal Care,False,False
545,neurosurgery,9,1,8,0,0,1,Neurosurgery,True,False
545,obgyn,24,11,12,0,1,4,Obstetrics & Gynaecology,False,False
545,ophthalmology,16,8,8,0,0,2,Ophthalmology,False,False
545,orthopaedics,15,5,10,0,0,2,Orthopaedics,False,False
545,paediatric_cancer,16,14,2,0,0,8,Paediatric Cancer,False,False
545,paediatric_medicine,2,0,1,0,1,0,Paediatric Medical Management,False,False
545,paediatric_surgery,14,4,10,0,0,1,Paediatric Surgery,False,False
545,plastic_surgery,10,3,7,0,0,1,Plastic & Reconstructive Surgery,False,False
545,polytrauma,9,1,8,0,0,1,Polytrauma,False,False
545,radiation_oncology,4,1,3,0,0,0,Radiation Oncology,True,False
545,surgical_oncology,8,2,6,0,0,0,Surgical Oncology,False,False
545,urology,14,3,11,0,0,1,Urology,False,False
546,burns,1,1,0,0,0,0,Burns Management,False,True
546,cardiology,1,1,0,0,0,0,Cardiology,True,True
546,ctvs,1,1,0,0,0,0,Cardio-thoracic & Vascular Surgery,True,True
546,emergency_room,5,4,1,0,0,1,Emergency Room Packages,False,True
546,ent,1,1,0,0,0,0,Otorhinolaryngology (ENT),False,True
546,general_medicine,5,4,1,0,0,1,General Medicine,False,True
546,general_surgery,5,4,1,0,0,0,General Surgery,False,True
546,interventional_neuroradiology,3,2,1,0,0,1,Interventional Neuroradiology,True,True
546,neurosurgery,3,2,1,0,0,1,Neurosurgery,True,True
546,obgyn,4,3,1,0,0,0,Obstetrics & Gynaecology,False,True
546,ophthalmology,5,3,2,0,0,0,Ophthalmology,False,True
546,orthopaedics,2,2,0,0,0,1,Orthopaedics,False,True
546,paediatric_cancer,6,5,1,0,0,2,Paediatric Cancer,False,True
546,paediatric_surgery,2,0,2,0,0,0,Paediatric Surgery,False,True
546,plastic_surgery,1,1,0,0,0,0,Plastic & Reconstructive Surgery,False,True
546,polytrauma,1,1,0,0,0,0,Polytrauma,False,True
546,surgical_oncology,1,1,0,0,0,0,Surgical Oncology,False,True
546,urology,1,1,0,0,0,0,Urology,False,True
547,burns,3,1,2,0,0,0,Burns Management,False,False
547,cardiology,4,0,4,0,0,0,Cardiology,True,False
547,ctvs,3,0,3,0,0,0,Cardio-thoracic & Vascular Surgery,True,False
547,emergency_room,9,6,2,0,1,2,Emergency Room Packages,False,False
547,ent,7,3,4,0,0,1,Otorhinolaryngology (ENT),False,False
547,general_medicine,9,6,2,0,1,2,General Medicine,False,False
547,general_surgery,10,4,5,0,1,1,General Surgery,False,False
547,interventional_neuroradiology,7,2,5,0,0,1,Interventional Neuroradiology,True,False
547,medical_oncology,3,2,1,0,0,1,Medical Oncology,False,False
547,neurosurgery,7,2,5,0,0,1,Neurosurgery,True,False
547,obgyn,12,6,5,0,1,2,Obstetrics & Gynaecology,False,False
547,ophthalmology,6,3,3,0,0,1,Ophthalmology,False,False
547,oral_maxillofacial,2,1,0,0,1,1,Oral & Maxillofacial Surgery,False,False
547,orthopaedics,11,4,6,0,1,2,Orthopaedics,False,False
547,paediatric_cancer,7,6,1,0,0,3,Paediatric Cancer,False,False
547,paediatric_surgery,6,3,3,0,0,1,Paediatric Surgery,False,False
547,plastic_surgery,3,1,2,0,0,0,Plastic & Reconstructive Surgery,False,False
547,polytrauma,6,1,5,0,0,0,Polytrauma,False,False
547,radiation_oncology,3,2,1,0,0,1,Radiation Oncology,True,False
547,surgical_oncology,3,1,2,0,0,0,Surgical Oncology,False,False
547,urology,7,2,5,0,0,1,Urology,False,False
548,burns,1,1,0,0,0,0,Burns Management,False,False
548,ctvs,1,1,0,0,0,0,Cardio-thoracic & Vascular Surgery,True,False
548,emergency_room,6,5,1,0,0,1,Emergency Room Packages,False,False
548,ent,8,6,2,0,0,1,Otorhinolaryngology (ENT),False,False
548,general_medicine,6,5,1,0,0,1,General Medicine,False,False
548,general_surgery,13,8,5,0,0,2,General Surgery,False,False
548,interventional_neuroradiology,2,2,0,0,0,1,Interventional Neuroradiology,True,False
548,medical_oncology,1,1,0,0,0,0,Medical Oncology,False,False
548,neurosurgery,2,2,0,0,0,1,Neurosurgery,True,False
548,obgyn,10,7,3,0,0,3,Obstetrics & Gynaecology,False,False
548,ophthalmology,5,5,0,0,0,1,Ophthalmology,False,False
548,orthopaedics,12,9,3,0,0,2,Orthopaedics,False,False
548,paediatric_cancer,11,10,1,0,0,3,Paediatric Cancer,False,False
548,paediatric_surgery,4,3,1,0,0,0,Paediatric Surgery,False,False
548,plastic_surgery,1,1,0,0,0,0,Plastic & Reconstructive Surgery,False,False
548,polytrauma,1,1,0,0,0,0,Polytrauma,False,False
548,radiation_oncology,1,1,0,0,0,0,Radiation Oncology,True,False
548,surgical_oncology,1,1,0,0,0,0,Surgical Oncology,False,False
548,urology,2,1,1,0,0,0,Urology,False,False
549,burns,2,1,1,0,0,0,Burns Management,False,False
549,cardiology,2,0,2,0,0,0,Cardiology,True,False
549,ctvs,3,2,1,0,0,1,Cardio-thoracic & Vascular Surgery,True,False
549,emergency_room,7,4,3,0,0,2,Emergency Room Packages,False,False
549,ent,7,2,5,0,0,1,Otorhinolaryngology (ENT),False,False
549,general_medicine,7,4,3,0,0,2,General Medicine,False,False
549,general_surgery,9,3,6,0,0,1,General Surgery,False,False
549,interventional_neuroradiology,5,2,3,0,0,1,Interventional Neuroradiology,True,False
549,medical_oncology,3,2,1,0,0,1,Medical Oncology,False,False
549,neurosurgery,5,2,3,0,0,1,Neurosurgery,True,False
549,obgyn,10,4,6,0,0,3,Obstetrics & Gynaecology,False,False
549,ophthalmology,9,4,5,0,0,1,Ophthalmology,False,False
549,oral_maxillofacial,3,3,0,0,0,3,Oral & Maxillofacial Surgery,False,False
549,orthopaedics,9,4,5,0,0,1,Orthopaedics,False,False
549,paediatric_cancer,5,3,2,0,0,1,Paediatric Cancer,False,False
549,paediatric_surgery,6,0,6,0,0,0,Paediatric Surgery,False,False
549,plastic_surgery,2,1,1,0,0,0,Plastic & Reconstructive Surgery,False,False
549,polytrauma,4,3,1,0,0,1,Polytrauma,False,False
549,radiation_oncology,4,2,2,0,0,1,Radiation Oncology,True,False
549,surgical_oncology,3,2,1,0,0,1,Surgical Oncology,False,False
549,urology,6,2,4,0,0,1,Urology,False,False
550,emergency_room,5,4,1,0,0,0,Emergency Room Packages,False,False
550,ent,9,9,0,0,0,0,Otorhinolaryngology (ENT),False,False
550,general_medicine,5,4,1,0,0,0,General Medicine,False,False
550,general_surgery,14,11,3,0,0,1,General Surgery,False,False
550,medical_oncology,1,1,0,0,0,1,Medical Oncology,False,False
550,obgyn,12,10,2,0,0,0,Obstetrics & Gynaecology,False,False
550,ophthalmology,5,5,0,0,0,0,Ophthalmology,False,False
550,orthopaedics,9,7,2,0,0,0,Orthopaedics,False,False
550,paediatric_cancer,12,11,1,0,0,2,Paediatric Cancer,False,False
550,paediatric_surgery,6,5,1,0,0,0,Paediatric Surgery,False,False
550,radiation_oncology,1,1,0,0,0,1,Radiation Oncology,True,False
550,surgical_oncology,2,2,0,0,0,1,Surgical Oncology,False,False
550,urology,3,3,0,0,0,0,Urology,False,False
551,burns,2,2,0,0,0,0,Burns Management,False,False
551,cardiology,2,2,0,0,0,0,Cardiology,True,False
551,ctvs,1,1,0,0,0,0,Cardio-thoracic & Vascular Surgery,True,False
551,emergency_room,6,6,0,0,0,4,Emergency Room Packages,False,False
551,ent,3,3,0,0,0,1,Otorhinolaryngology (ENT),False,False
551,general_medicine,6,6,0,0,0,4,General Medicine,False,False
551,general_surgery,6,6,0,0,0,4,General Surgery,False,False
551,interventional_neuroradiology,1,1,0,0,0,0,Interventional Neuroradiology,True,False
551,medical_oncology,2,2,0,0,0,0,Medical Oncology,False,False
551,mental_disorders,2,2,0,0,0,1,Mental Disorders,False,False
551,neonatal,2,2,0,0,0,0,Neo-natal Care,False,False
551,neurosurgery,1,1,0,0,0,0,Neurosurgery,True,False
551,obgyn,3,3,0,0,0,1,Obstetrics & Gynaecology,False,False
551,ophthalmology,3,3,0,0,0,1,Ophthalmology,False,False
551,oral_maxillofacial,1,1,0,0,0,0,Oral & Maxillofacial Surgery,False,False
551,orthopaedics,3,3,0,0,0,1,Orthopaedics,False,False
551,paediatric_cancer,1,1,0,0,0,0,Paediatric Cancer,False,False
551,paediatric_medicine,4,4,0,0,0,2,Paediatric Medical Management,False,False
551,paediatric_surgery,3,3,0,0,0,2,Paediatric Surgery,False,False
551,plastic_surgery,2,2,0,0,0,0,Plastic & Reconstructive Surgery,False,False
551,polytrauma,2,2,0,0,0,0,Polytrauma,False,False
551,surgical_oncology,2,2,0,0,0,0,Surgical Oncology,False,False
551,urology,3,3,0,0,0,1,Urology,False,False
552,burns,2,2,0,0,0,2,Burns Management,False,False
552,cardiology,2,1,1,0,0,0,Cardiology,True,False
552,ctvs,1,0,1,0,0,0,Cardio-thoracic & Vascular Surgery,True,False
552,emergency_room,8,7,1,0,0,4,Emergency Room Packages,False,False
552,ent,3,3,0,0,0,1,Otorhinolaryngology (ENT),False,False
552,general_medicine,10,8,2,0,0,5,General Medicine,False,False
552,general_surgery,10,8,2,0,0,5,General Surgery,False,False
552,medical_oncology,1,1,0,0,0,1,Medical Oncology,False,False
552,neonatal,2,2,0,0,0,1,Neo-natal Care,False,False
552,neurosurgery,1,0,1,0,0,0,Neurosurgery,True,False
552,obgyn,4,3,1,0,0,0,Obstetrics & Gynaecology,False,False
552,ophthalmology,2,2,0,0,0,0,Ophthalmology,False,False
552,oral_maxillofacial,1,1,0,0,0,0,Oral & Maxillofacial Surgery,False,False
552,orthopaedics,4,3,1,0,0,1,Orthopaedics,False,False
552,paediatric_medicine,5,4,1,0,0,2,Paediatric Medical Management,False,False
552,paediatric_surgery,1,1,0,0,0,0,Paediatric Surgery,False,False
552,plastic_surgery,2,2,0,0,0,2,Plastic & Reconstructive Surgery,False,False
552,polytrauma,2,1,1,0,0,0,Polytrauma,False,False
552,surgical_oncology,1,0,1,0,0,0,Surgical Oncology,False,False
552,urology,4,2,2,0,0,1,Urology,False,False
553,emergency_room,5,5,0,0,0,2,Emergency Room Packages,False,False
553,ent,1,1,0,0,0,0,Otorhinolaryngology (ENT),False,False
553,general_medicine,5,5,0,0,0,2,General Medicine,False,False
553,general_surgery,4,4,0,0,0,2,General Surgery,False,False
553,mental_disorders,1,1,0,0,0,0,Mental Disorders,False,False
553,obgyn,5,5,0,0,0,2,Obstetrics & Gynaecology,False,False
553,ophthalmology,2,2,0,0,0,0,Ophthalmology,False,False
553,oral_maxillofacial,1,1,0,0,0,0,Oral & Maxillofacial Surgery,False,False
553,orthopaedics,1,1,0,0,0,0,Orthopaedics,False,False
553,paediatric_medicine,4,4,0,0,0,2,Paediatric Medical Management,False,False
554,burns,3,3,0,0,0,0,Burns Management,False,False
554,cardiology,7,2,4,1,0,0,Cardiology,True,False
554,ctvs,1,1,0,0,0,0,Cardio-thoracic & Vascular Surgery,True,False
554,emergency_room,15,9,5,1,0,0,Emergency Room Packages,False,False
554,ent,13,8,4,1,0,0,Otorhinolaryngology (ENT),False,False
554,general_medicine,15,9,5,1,0,0,General Medicine,False,False
554,general_surgery,13,8,4,1,0,0,General Surgery,False,False
554,interventional_neuroradiology,1,1,0,0,0,0,Interventional Neuroradiology,True,False
554,medical_oncology,3,3,0,0,0,0,Medical Oncology,False,False
554,mental_disorders,7,5,2,0,0,0,Mental Disorders,False,False
554,neonatal,4,2,2,0,0,0,Neo-natal Care,False,False
554,neurosurgery,5,2,3,0,0,0,Neurosurgery,True,False
554,obgyn,14,9,5,0,0,0,Obstetrics & Gynaecology,False,False
554,ophthalmology,14,8,5,1,0,0,Ophthalmology,False,False
554,oral_maxillofacial,9,5,4,0,0,0,Oral & Maxillofacial Surgery,False,False
554,orthopaedics,12,8,3,1,0,0,Orthopaedics,False,False
554,paediatric_cancer,2,2,0,0,0,0,Paediatric Cancer,False,False
554,paediatric_medicine,16,10,6,0,0,0,Paediatric Medical Management,False,False
554,paediatric_surgery,3,3,0,0,0,0,Paediatric Surgery,False,False
554,plastic_surgery,3,3,0,0,0,0,Plastic & Reconstructive Surgery,False,False
554,polytrauma,5,3,2,0,0,0,Polytrauma,False,False
554,radiation_oncology,1,1,0,0,0,0,Radiation Oncology,True,False
554,surgical_oncology,4,3,1,0,0,0,Surgical Oncology,False,False
554,urology,6,2,3,1,0,0,Urology,False,False
555,burns,5,3,1,1,0,0,Burns Management,False,False
555,cardiology,9,3,3,3,0,0,Cardiology,True,False
555,ctvs,5,3,2,0,0,0,Cardio-thoracic & Vascular Surgery,True,False
555,emergency_room,24,15,4,5,0,4,Emergency Room Packages,False,False
555,ent,24,12,7,5,0,1,Otorhinolaryngology (ENT),False,False
555,general_medicine,32,16,8,8,0,4,General Medicine,False,False
555,general_surgery,19,10,5,4,0,2,General Surgery,False,False
555,interventional_neuroradiology,4,3,1,0,0,0,Interventional Neuroradiology,True,False
555,medical_oncology,7,5,2,0,0,0,Medical Oncology,False,False
555,mental_disorders,4,4,0,0,0,0,Mental Disorders,False,False
555,neonatal,7,3,2,2,0,0,Neo-natal Care,False,False
555,neurosurgery,6,3,2,1,0,0,Neurosurgery,True,False
555,obgyn,20,12,4,4,0,2,Obstetrics & Gynaecology,False,False
555,ophthalmology,29,9,15,5,0,1,Ophthalmology,False,False
555,oral_maxillofacial,10,6,3,1,0,0,Oral & Maxillofacial Surgery,False,False
555,orthopaedics,19,10,5,4,0,1,Orthopaedics,False,False
555,paediatric_cancer,4,3,1,0,0,0,Paediatric Cancer,False,False
555,paediatric_medicine,21,12,5,4,0,0,Paediatric Medical Management,False,False
555,paediatric_surgery,6,3,2,1,0,0,Paediatric Surgery,False,False
555,plastic_surgery,4,3,1,0,0,0,Plastic & Reconstructive Surgery,False,False
555,polytrauma,5,2,3,0,0,0,Polytrauma,False,False
555,radiation_oncology,3,3,0,0,0,0,Radiation Oncology,True,False
555,surgical_oncology,6,4,2,0,0,0,Surgical Oncology,False,False
555,urology,11,6,4,1,0,0,Urology,False,False
556,cardiology,1,0,1,0,0,0,Cardiology,True,False
556,emergency_room,10,5,3,2,0,0,Emergency Room Packages,False,False
556,ent,7,4,2,1,0,0,Otorhinolaryngology (ENT),False,False
556,general_medicine,14,5,4,5,0,0,General Medicine,False,False
556,general_surgery,10,5,3,2,0,0,General Surgery,False,False
556,interventional_neuroradiology,1,0,1,0,0,0,Interventional Neuroradiology,True,False
556,medical_oncology,2,2,0,0,0,0,Medical Oncology,False,False
556,mental_disorders,6,4,2,0,0,0,Mental Disorders,False,False
556,neonatal,4,1,2,1,0,0,Neo-natal Care,False,False
556,neurosurgery,1,0,1,0,0,0,Neurosurgery,True,False
556,obgyn,9,5,2,2,0,0,Obstetrics & Gynaecology,False,False
556,ophthalmology,6,4,2,0,0,0,Ophthalmology,False,False
556,oral_maxillofacial,7,5,2,0,0,0,Oral & Maxillofacial Surgery,False,False
556,orthopaedics,9,5,2,2,0,0,Orthopaedics,False,False
556,paediatric_medicine,9,5,2,2,0,0,Paediatric Medical Management,False,False
556,paediatric_surgery,2,0,1,1,0,0,Paediatric Surgery,False,False
556,urology,2,1,1,0,0,0,Urology,False,False
557,burns,9,8,1,0,0,0,Burns Management,False,False
557,cardiology,7,5,2,0,0,0,Cardiology,True,False
557,ctvs,5,4,1,0,0,0,Cardio-thoracic & Vascular Surgery,True,False
557,emergency_room,14,12,1,1,0,2,Emergency Room Packages,False,False
557,ent,11,9,1,1,0,0,Otorhinolaryngology (ENT),False,False
557,general_medicine,26,15,2,9,0,2,General Medicine,False,False
557,general_surgery,11,9,1,1,0,0,General Surgery,False,False
557,interventional_neuroradiology,4,4,0,0,0,0,Interventional Neuroradiology,True,False
557,medical_oncology,4,4,0,0,0,0,Medical Oncology,False,False
557,mental_disorders,6,5,1,0,0,0,Mental Disorders,False,False
557,neonatal,7,5,1,1,0,0,Neo-natal Care,False,False
557,neurosurgery,5,4,1,0,0,0,Neurosurgery,True,False
557,obgyn,12,10,1,1,0,1,Obstetrics & Gynaecology,False,False
557,ophthalmology,21,9,9,3,0,0,Ophthalmology,False,False
557,oral_maxillofacial,8,7,1,0,0,0,Oral & Maxillofacial Surgery,False,False
557,orthopaedics,11,9,1,1,0,0,Orthopaedics,False,False
557,paediatric_cancer,4,4,0,0,0,0,Paediatric Cancer,False,False
557,paediatric_medicine,13,10,1,2,0,1,Paediatric Medical Management,False,False
557,paediatric_surgery,8,7,1,0,0,1,Paediatric Surgery,False,False
557,plastic_surgery,7,7,0,0,0,0,Plastic & Reconstructive Surgery,False,False
557,polytrauma,4,3,1,0,0,0,Polytrauma,False,False
557,radiation_oncology,3,3,0,0,0,0,Radiation Oncology,True,False
557,surgical_oncology,3,3,0,0,0,0,Surgical Oncology,False,False
557,urology,13,7,1,5,0,0,Urology,False,False
558,burns,4,0,3,1,0,0,Burns Management,False,False
558,cardiology,5,0,5,0,0,0,Cardiology,True,False
558,ctvs,2,0,2,0,0,0,Cardio-thoracic & Vascular Surgery,True,False
558,emergency_room,12,4,7,1,0,1,Emergency Room Packages,False,False
558,ent,7,2,5,0,0,0,Otorhinolaryngology (ENT),False,False
558,general_medicine,23,7,12,4,0,2,General Medicine,False,False
558,general_surgery,11,2,8,1,0,1,General Surgery,False,False
558,interventional_neuroradiology,1,0,1,0,0,0,Interventional Neuroradiology,True,False
558,medical_oncology,2,1,1,0,0,0,Medical Oncology,False,False
558,mental_disorders,2,1,1,0,0,0,Mental Disorders,False,False
558,neonatal,6,0,5,1,0,0,Neo-natal Care,False,False
558,neurosurgery,2,0,2,0,0,0,Neurosurgery,True,False
558,obgyn,10,1,8,1,0,0,Obstetrics & Gynaecology,False,False
558,ophthalmology,10,1,9,0,0,0,Ophthalmology,False,False
558,oral_maxillofacial,2,1,1,0,0,1,Oral & Maxillofacial Surgery,False,False
558,orthopaedics,10,1,8,1,0,0,Orthopaedics,False,False
558,paediatric_cancer,1,0,1,0,0,0,Paediatric Cancer,False,False
558,paediatric_medicine,11,3,7,1,0,1,Paediatric Medical Management,False,False
558,paediatric_surgery,5,1,3,1,0,0,Paediatric Surgery,False,False
558,plastic_surgery,3,0,3,0,0,0,Plastic & Reconstructive Surgery,False,False
558,polytrauma,1,0,1,0,0,0,Polytrauma,False,False
558,radiation_oncology,2,1,1,0,0,0,Radiation Oncology,True,False
558,surgical_oncology,2,0,2,0,0,0,Surgical Oncology,False,False
558,urology,9,0,8,1,0,0,Urology,False,False
559,burns,6,1,3,2,0,0,Burns Management,False,False
559,cardiology,15,3,9,3,0,0,Cardiology,True,False
559,ctvs,3,0,1,2,0,0,Cardio-thoracic & Vascular Surgery,True,False
559,emergency_room,26,10,13,3,0,0,Emergency Room Packages,False,False
559,ent,21,8,11,2,0,0,Otorhinolaryngology (ENT),False,False
559,general_medicine,31,12,15,4,0,0,General Medicine,False,False
559,general_surgery,24,8,13,3,0,0,General Surgery,False,False
559,interventional_neuroradiology,3,0,2,1,0,0,Interventional Neuroradiology,True,False
559,medical_oncology,2,2,0,0,0,0,Medical Oncology,False,False
559,mental_disorders,9,5,4,0,0,0,Mental Disorders,False,False
559,neonatal,7,1,4,2,0,0,Neo-natal Care,False,False
559,neurosurgery,8,1,5,2,0,0,Neurosurgery,True,False
559,obgyn,24,10,11,3,0,0,Obstetrics & Gynaecology,False,False
559,ophthalmology,20,6,13,1,0,0,Ophthalmology,False,False
559,oral_maxillofacial,17,8,8,1,0,0,Oral & Maxillofacial Surgery,False,False
559,orthopaedics,27,9,15,3,0,0,Orthopaedics,False,False
559,paediatric_cancer,1,1,0,0,0,0,Paediatric Cancer,False,False
559,paediatric_medicine,24,10,12,2,0,0,Paediatric Medical Management,False,False
559,paediatric_surgery,3,0,2,1,0,0,Paediatric Surgery,False,False
559,plastic_surgery,6,1,3,2,0,0,Plastic & Reconstructive Surgery,False,False
559,polytrauma,7,1,4,2,0,0,Polytrauma,False,False
559,radiation_oncology,1,1,0,0,0,0,Radiation Oncology,True,False
559,urology,11,2,7,2,0,0,Urology,False,False
560,burns,7,6,1,0,0,0,Burns Management,False,False
560,cardiology,5,3,2,0,0,0,Cardiology,True,False
560,ctvs,1,1,0,0,0,0,Cardio-thoracic & Vascular Surgery,True,False
560,emergency_room,17,12,4,1,0,4,Emergency Room Packages,False,False
560,ent,9,7,1,1,0,1,Otorhinolaryngology (ENT),False,False
560,general_medicine,21,13,4,4,0,4,General Medicine,False,False
560,general_surgery,12,8,3,1,0,0,General Surgery,False,False
560,interventional_neuroradiology,1,1,0,0,0,0,Interventional Neuroradiology,True,False
560,medical_oncology,3,3,0,0,0,0,Medical Oncology,False,False
560,mental_disorders,5,5,0,0,0,0,Mental Disorders,False,False
560,neonatal,7,5,2,0,0,0,Neo-natal Care,False,False
560,neurosurgery,2,2,0,0,0,0,Neurosurgery,True,False
560,obgyn,10,7,2,1,0,1,Obstetrics & Gynaecology,False,False
560,ophthalmology,16,7,6,3,0,1,Ophthalmology,False,False
560,oral_maxillofacial,6,6,0,0,0,0,Oral & Maxillofacial Surgery,False,False
560,orthopaedics,12,7,4,1,0,0,Orthopaedics,False,False
560,paediatric_cancer,2,2,0,0,0,0,Paediatric Cancer,False,False
560,paediatric_medicine,14,9,4,1,0,1,Paediatric Medical Management,False,False
560,paediatric_surgery,3,3,0,0,0,0,Paediatric Surgery,False,False
560,plastic_surgery,5,5,0,0,0,0,Plastic & Reconstructive Surgery,False,False
560,polytrauma,2,2,0,0,0,0,Polytrauma,False,False
560,radiation_oncology,2,2,0,0,0,0,Radiation Oncology,True,False
560,surgical_oncology,3,3,0,0,0,0,Surgical Oncology,False,False
560,urology,6,3,0,3,0,0,Urology,False,False
561,burns,10,5,4,1,0,0,Burns Management,False,False
561,cardiology,21,5,12,4,0,0,Cardiology,True,False
561,ctvs,11,4,5,2,0,0,Cardio-thoracic & Vascular Surgery,True,False
561,emergency_room,32,11,18,3,0,1,Emergency Room Packages,False,False
561,ent,27,5,17,5,0,0,Otorhinolaryngology (ENT),False,False
561,general_medicine,66,13,27,26,0,3,General Medicine,False,False
561,general_surgery,34,9,21,4,0,0,General Surgery,False,False
561,interventional_neuroradiology,7,4,3,0,0,0,Interventional Neuroradiology,True,False
561,medical_oncology,10,5,3,2,0,0,Medical Oncology,False,False
561,mental_disorders,6,3,3,0,0,0,Mental Disorders,False,False
561,neonatal,19,6,10,3,0,0,Neo-natal Care,False,False
561,neurosurgery,17,5,8,4,0,0,Neurosurgery,True,False
561,obgyn,30,9,16,5,0,1,Obstetrics & Gynaecology,False,False
561,ophthalmology,26,7,16,3,0,1,Ophthalmology,False,False
561,oral_maxillofacial,14,7,5,2,0,0,Oral & Maxillofacial Surgery,False,False
561,orthopaedics,34,9,20,5,0,1,Orthopaedics,False,False
561,paediatric_cancer,2,2,0,0,0,0,Paediatric Cancer,False,False
561,paediatric_medicine,31,8,18,5,0,1,Paediatric Medical Management,False,False
561,paediatric_surgery,12,4,5,3,0,0,Paediatric Surgery,False,False
561,plastic_surgery,9,3,5,1,0,0,Plastic & Reconstructive Surgery,False,False
561,polytrauma,7,4,2,1,0,0,Polytrauma,False,False
561,radiation_oncology,4,4,0,0,0,0,Radiation Oncology,True,False
561,surgical_oncology,3,3,0,0,0,0,Surgical Oncology,False,False
561,urology,32,5,9,18,0,0,Urology,False,False
562,burns,8,4,4,0,0,0,Burns Management,False,False
562,cardiology,18,3,13,2,0,0,Cardiology,True,False
562,ctvs,4,2,2,0,0,0,Cardio-thoracic & Vascular Surgery,True,False
562,emergency_room,52,13,34,5,0,7,Emergency Room Packages,False,False
562,ent,36,5,26,5,0,0,Otorhinolaryngology (ENT),False,False
562,general_medicine,74,15,45,14,0,7,General Medicine,False,False
562,general_surgery,47,6,35,6,0,0,General Surgery,False,False
562,interventional_neuroradiology,4,1,2,1,0,0,Interventional Neuroradiology,True,False
562,medical_oncology,7,6,1,0,0,0,Medical Oncology,False,False
562,mental_disorders,6,5,1,0,0,0,Mental Disorders,False,False
562,neonatal,37,5,29,3,0,0,Neo-natal Care,False,False
562,neurosurgery,10,3,6,1,0,0,Neurosurgery,True,False
562,obgyn,47,6,35,6,0,1,Obstetrics & Gynaecology,False,False
562,ophthalmology,32,6,23,3,0,0,Ophthalmology,False,False
562,oral_maxillofacial,19,5,12,2,0,0,Oral & Maxillofacial Surgery,False,False
562,orthopaedics,48,6,36,6,0,0,Orthopaedics,False,False
562,paediatric_cancer,4,4,0,0,0,0,Paediatric Cancer,False,False
562,paediatric_medicine,44,7,32,5,0,1,Paediatric Medical Management,False,False
562,paediatric_surgery,13,2,10,1,0,0,Paediatric Surgery,False,False
562,plastic_surgery,6,4,2,0,0,0,Plastic & Reconstructive Surgery,False,False
562,polytrauma,10,3,5,2,0,0,Polytrauma,False,False
562,radiation_oncology,5,4,1,0,0,0,Radiation Oncology,True,False
562,surgical_oncology,2,2,0,0,0,0,Surgical Oncology,False,False
562,urology,15,4,9,2,0,1,Urology,False,False
563,burns,5,4,0,1,0,0,Burns Management,False,False
563,cardiology,9,1,6,2,0,0,Cardiology,True,False
563,ctvs,6,1,3,2,0,0,Cardio-thoracic & Vascular Surgery,True,False
563,emergency_room,22,12,7,2,1,3,Emergency Room Packages,False,False
563,ent,14,7,4,2,1,0,Otorhinolaryngology (ENT),False,False
563,general_medicine,25,12,10,2,1,4,General Medicine,False,False
563,general_surgery,22,10,9,2,1,1,General Surgery,False,False
563,interventional_neuroradiology,3,1,2,0,0,0,Interventional Neuroradiology,True,False
563,medical_oncology,4,2,1,1,0,0,Medical Oncology,False,False
563,mental_disorders,5,4,1,0,0,0,Mental Disorders,False,False
563,neonatal,9,3,5,1,0,0,Neo-natal Care,False,False
563,neurosurgery,7,2,4,1,0,0,Neurosurgery,True,False
563,obgyn,19,7,9,2,1,0,Obstetrics & Gynaecology,False,False
563,ophthalmology,18,6,6,5,1,0,Ophthalmology,False,False
563,oral_maxillofacial,10,7,2,0,1,0,Oral & Maxillofacial Surgery,False,False
563,orthopaedics,17,8,7,2,0,0,Orthopaedics,False,False
563,paediatric_medicine,18,8,7,2,1,0,Paediatric Medical Management,False,False
563,paediatric_surgery,9,4,4,1,0,0,Paediatric Surgery,False,False
563,plastic_surgery,3,3,0,0,0,0,Plastic & Reconstructive Surgery,False,False
563,polytrauma,1,1,0,0,0,0,Polytrauma,False,False
563,surgical_oncology,2,1,0,1,0,0,Surgical Oncology,False,False
563,urology,10,3,6,1,0,0,Urology,False,False
564,burns,7,3,3,1,0,0,Burns Management,False,False
564,cardiology,7,3,3,1,0,0,Cardiology,True,False
564,ctvs,4,2,1,1,0,0,Cardio-thoracic & Vascular Surgery,True,False
564,emergency_room,9,4,4,1,0,0,Emergency Room Packages,False,False
564,ent,9,4,4,1,0,0,Otorhinolaryngology (ENT),False,False
564,general_medicine,10,4,4,2,0,0,General Medicine,False,False
564,general_surgery,9,4,4,1,0,0,General Surgery,False,False
564,interventional_neuroradiology,5,2,2,1,0,0,Interventional Neuroradiology,True,False
564,medical_oncology,5,2,2,1,0,0,Medical Oncology,False,False
564,mental_disorders,6,3,3,0,0,0,Mental Disorders,False,False
564,neonatal,6,2,3,1,0,0,Neo-natal Care,False,False
564,neurosurgery,6,2,3,1,0,0,Neurosurgery,True,False
564,obgyn,9,4,4,1,0,0,Obstetrics & Gynaecology,False,False
564,ophthalmology,13,3,9,1,0,0,Ophthalmology,False,False
564,oral_maxillofacial,8,4,3,1,0,0,Oral & Maxillofacial Surgery,False,False
564,orthopaedics,9,4,4,1,0,0,Orthopaedics,False,False
564,paediatric_cancer,4,2,1,1,0,0,Paediatric Cancer,False,False
564,paediatric_medicine,9,4,4,1,0,0,Paediatric Medical Management,False,False
564,paediatric_surgery,7,2,4,1,0,0,Paediatric Surgery,False,False
564,plastic_surgery,7,3,3,1,0,0,Plastic & Reconstructive Surgery,False,False
564,polytrauma,6,3,2,1,0,0,Polytrauma,False,False
564,radiation_oncology,2,2,0,0,0,0,Radiation Oncology,True,False
564,surgical_oncology,6,2,4,0,0,0,Surgical Oncology,False,False
564,urology,6,2,3,1,0,0,Urology,False,False
565,burns,10,5,3,2,0,0,Burns Management,False,False
565,cardiology,11,5,6,0,0,0,Cardiology,True,False
565,ctvs,7,4,3,0,0,0,Cardio-thoracic & Vascular Surgery,True,False
565,emergency_room,36,23,8,3,2,4,Emergency Room Packages,False,False
565,ent,20,11,6,2,1,0,Otorhinolaryngology (ENT),False,False
565,general_medicine,45,25,13,5,2,5,General Medicine,False,False
565,general_surgery,28,13,11,3,1,1,General Surgery,False,False
565,interventional_neuroradiology,7,5,2,0,0,0,Interventional Neuroradiology,True,False
565,medical_oncology,8,6,2,0,0,0,Medical Oncology,False,False
565,mental_disorders,7,6,1,0,0,0,Mental Disorders,False,False
565,neonatal,10,5,3,2,0,0,Neo-natal Care,False,False
565,neurosurgery,9,5,4,0,0,0,Neurosurgery,True,False
565,obgyn,24,13,8,3,0,1,Obstetrics & Gynaecology,False,False
565,ophthalmology,31,15,12,3,1,1,Ophthalmology,False,False
565,oral_maxillofacial,15,9,5,0,1,0,Oral & Maxillofacial Surgery,False,False
565,orthopaedics,24,12,9,2,1,1,Orthopaedics,False,False
565,paediatric_cancer,4,3,1,0,0,0,Paediatric Cancer,False,False
565,paediatric_medicine,23,14,6,2,1,0,Paediatric Medical Management,False,False
565,paediatric_surgery,10,5,4,1,0,0,Paediatric Surgery,False,False
565,plastic_surgery,7,4,3,0,0,0,Plastic & Reconstructive Surgery,False,False
565,polytrauma,7,3,4,0,0,0,Polytrauma,False,False
565,radiation_oncology,6,5,1,0,0,0,Radiation Oncology,True,False
565,surgical_oncology,7,5,2,0,0,0,Surgical Oncology,False,False
565,urology,11,4,5,2,0,0,Urology,False,False
566,burns,4,3,0,1,0,0,Burns Management,False,False
566,cardiology,12,2,9,1,0,0,Cardiology,True,False
566,ctvs,3,2,0,1,0,0,Cardio-thoracic & Vascular Surgery,True,False
566,emergency_room,21,9,9,3,0,0,Emergency Room Packages,False,False
566,ent,15,8,6,1,0,0,Otorhinolaryngology (ENT),False,False
566,general_medicine,31,11,13,7,0,0,General Medicine,False,False
566,general_surgery,20,9,8,3,0,0,General Surgery,False,False
566,interventional_neuroradiology,4,2,1,1,0,0,Interventional Neuroradiology,True,False
566,medical_oncology,8,6,1,1,0,0,Medical Oncology,False,False
566,mental_disorders,7,4,3,0,0,0,Mental Disorders,False,False
566,neonatal,12,6,5,1,0,0,Neo-natal Care,False,False
566,neurosurgery,4,2,1,1,0,0,Neurosurgery,True,False
566,obgyn,24,10,10,4,0,0,Obstetrics & Gynaecology,False,False
566,ophthalmology,22,9,11,2,0,0,Ophthalmology,False,False
566,oral_maxillofacial,10,6,3,1,0,0,Oral & Maxillofacial Surgery,False,False
566,orthopaedics,23,10,10,3,0,0,Orthopaedics,False,False
566,paediatric_cancer,3,2,0,1,0,0,Paediatric Cancer,False,False
566,paediatric_medicine,23,10,9,4,0,0,Paediatric Medical Management,False,False
566,paediatric_surgery,5,4,0,1,0,0,Paediatric Surgery,False,False
566,plastic_surgery,5,3,1,1,0,0,Plastic & Reconstructive Surgery,False,False
566,polytrauma,5,3,1,1,0,0,Polytrauma,False,False
566,radiation_oncology,3,2,0,1,0,0,Radiation Oncology,True,False
566,surgical_oncology,5,3,1,1,0,0,Surgical Oncology,False,False
566,urology,13,4,6,3,0,0,Urology,False,False
567,burns,1,1,0,0,0,0,Burns Management,False,True
567,cardiology,4,1,2,1,0,0,Cardiology,True,True
567,ctvs,1,1,0,0,0,0,Cardio-thoracic & Vascular Surgery,True,True
567,emergency_room,12,5,4,3,0,1,Emergency Room Packages,False,True
567,ent,11,4,5,2,0,1,Otorhinolaryngology (ENT),False,True
567,general_medicine,19,5,6,8,0,1,General Medicine,False,True
567,general_surgery,9,4,2,3,0,1,General Surgery,False,True
567,interventional_neuroradiology,1,1,0,0,0,0,Interventional Neuroradiology,True,True
567,medical_oncology,2,2,0,0,0,0,Medical Oncology,False,True
567,mental_disorders,3,2,1,0,0,0,Mental Disorders,False,True
567,neonatal,8,3,2,3,0,1,Neo-natal Care,False,True
567,neurosurgery,1,1,0,0,0,0,Neurosurgery,True,True
567,obgyn,10,4,3,3,0,1,Obstetrics & Gynaecology,False,True
567,ophthalmology,8,3,4,1,0,0,Ophthalmology,False,True
567,oral_maxillofacial,6,4,2,0,0,1,Oral & Maxillofacial Surgery,False,True
567,orthopaedics,7,3,1,3,0,0,Orthopaedics,False,True
567,paediatric_medicine,12,5,4,3,0,1,Paediatric Medical Management,False,True
567,paediatric_surgery,5,2,2,1,0,1,Paediatric Surgery,False,True
567,plastic_surgery,1,1,0,0,0,0,Plastic & Reconstructive Surgery,False,True
567,polytrauma,1,1,0,0,0,0,Polytrauma,False,True
567,radiation_oncology,2,2,0,0,0,0,Radiation Oncology,True,True
567,surgical_oncology,1,1,0,0,0,0,Surgical Oncology,False,True
567,urology,8,1,2,5,0,0,Urology,False,True
568,burns,9,0,9,0,0,0,Burns Management,False,False
568,cardiology,20,0,19,0,1,0,Cardiology,True,False
568,ctvs,21,0,20,0,1,0,Cardio-thoracic & Vascular Surgery,True,False
568,emergency_room,42,0,40,0,2,0,Emergency Room Packages,False,False
568,ent,15,0,13,0,2,0,Otorhinolaryngology (ENT),False,False
568,general_medicine,50,0,48,0,2,0,General Medicine,False,False
568,general_surgery,33,0,32,0,1,0,General Surgery,False,False
568,interventional_neuroradiology,22,0,22,0,0,0,Interventional Neuroradiology,True,False
568,medical_oncology,15,0,15,0,0,0,Medical Oncology,False,False
568,mental_disorders,2,0,0,0,2,0,Mental Disorders,False,False
568,neonatal,10,0,10,0,0,0,Neo-natal Care,False,False
568,neurosurgery,25,0,25,0,0,0,Neurosurgery,True,False
568,obgyn,23,0,22,0,1,0,Obstetrics & Gynaecology,False,False
568,ophthalmology,14,0,12,0,2,0,Ophthalmology,False,False
568,orthopaedics,32,0,30,0,2,0,Orthopaedics,False,False
568,paediatric_medicine,17,0,16,0,1,0,Paediatric Medical Management,False,False
568,paediatric_surgery,11,0,11,0,0,0,Paediatric Surgery,False,False
568,plastic_surgery,9,0,9,0,0,0,Plastic & Reconstructive Surgery,False,False
568,polytrauma,4,0,3,0,1,0,Polytrauma,False,False
568,radiation_oncology,8,0,8,0,0,0,Radiation Oncology,True,False
568,surgical_oncology,15,0,15,0,0,0,Surgical Oncology,False,False
568,urology,38,0,38,0,0,0,Urology,False,False
569,burns,25,0,25,0,0,0,Burns Management,False,False
569,cardiology,23,0,23,0,0,0,Cardiology,True,False
569,ctvs,9,0,9,0,0,0,Cardio-thoracic & Vascular Surgery,True,False
569,emergency_room,36,0,36,0,0,0,Emergency Room Packages,False,False
569,ent,19,0,19,0,0,0,Otorhinolaryngology (ENT),False,False
569,general_medicine,43,0,43,0,0,0,General Medicine,False,False
569,general_surgery,35,0,35,0,0,0,General Surgery,False,False
569,interventional_neuroradiology,19,0,19,0,0,0,Interventional Neuroradiology,True,False
569,medical_oncology,25,0,25,0,0,0,Medical Oncology,False,False
569,neonatal,7,0,7,0,0,0,Neo-natal Care,False,False
569,neurosurgery,27,0,27,0,0,0,Neurosurgery,True,False
569,obgyn,30,0,30,0,0,0,Obstetrics & Gynaecology,False,False
569,ophthalmology,18,0,18,0,0,0,Ophthalmology,False,False
569,orthopaedics,40,0,40,0,0,0,Orthopaedics,False,False
569,paediatric_cancer,1,0,1,0,0,0,Paediatric Cancer,False,False
569,paediatric_medicine,25,0,25,0,0,0,Paediatric Medical Management,False,False
569,paediatric_surgery,13,0,13,0,0,0,Paediatric Surgery,False,False
569,plastic_surgery,25,0,25,0,0,0,Plastic & Reconstructive Surgery,False,False
569,radiation_oncology,6,0,6,0,0,0,Radiation Oncology,True,False
569,surgical_oncology,15,0,15,0,0,0,Surgical Oncology,False,False
569,urology,33,0,33,0,0,0,Urology,False,False
570,burns,2,1,1,0,0,0,Burns Management,False,False
570,cardiology,3,1,2,0,0,0,Cardiology,True,False
570,ctvs,3,1,2,0,0,0,Cardio-thoracic & Vascular Surgery,True,False
570,emergency_room,3,1,2,0,0,0,Emergency Room Packages,False,False
570,ent,2,1,1,0,0,0,Otorhinolaryngology (ENT),False,False
570,general_medicine,3,1,2,0,0,0,General Medicine,False,False
570,general_surgery,3,1,2,0,0,0,General Surgery,False,False
570,interventional_neuroradiology,2,1,1,0,0,0,Interventional Neuroradiology,True,False
570,medical_oncology,4,1,3,0,0,0,Medical Oncology,False,False
570,mental_disorders,1,1,0,0,0,0,Mental Disorders,False,False
570,neonatal,3,1,2,0,0,0,Neo-natal Care,False,False
570,neurosurgery,3,1,2,0,0,0,Neurosurgery,True,False
570,obgyn,3,1,2,0,0,0,Obstetrics & Gynaecology,False,False
570,ophthalmology,2,1,1,0,0,0,Ophthalmology,False,False
570,orthopaedics,2,1,1,0,0,0,Orthopaedics,False,False
570,paediatric_medicine,3,1,2,0,0,0,Paediatric Medical Management,False,False
570,paediatric_surgery,2,1,1,0,0,0,Paediatric Surgery,False,False
570,plastic_surgery,2,1,1,0,0,0,Plastic & Reconstructive Surgery,False,False
570,radiation_oncology,2,1,1,0,0,0,Radiation Oncology,True,False
570,surgical_oncology,3,1,2,0,0,0,Surgical Oncology,False,False
570,urology,3,1,2,0,0,0,Urology,False,False
571,burns,1,0,1,0,0,0,Burns Management,False,False
571,cardiology,1,0,1,0,0,0,Cardiology,True,False
571,emergency_room,8,0,8,0,0,0,Emergency Room Packages,False,False
571,general_medicine,8,0,8,0,0,0,General Medicine,False,False
571,general_surgery,7,0,7,0,0,0,General Surgery,False,False
571,interventional_neuroradiology,1,0,1,0,0,0,Interventional Neuroradiology,True,False
571,medical_oncology,1,0,1,0,0,0,Medical Oncology,False,False
571,neurosurgery,1,0,1,0,0,0,Neurosurgery,True,False
571,obgyn,6,0,6,0,0,0,Obstetrics & Gynaecology,False,False
571,ophthalmology,3,0,3,0,0,0,Ophthalmology,False,False
571,orthopaedics,4,0,4,0,0,0,Orthopaedics,False,False
571,paediatric_medicine,2,0,2,0,0,0,Paediatric Medical Management,False,False
571,paediatric_surgery,1,0,1,0,0,0,Paediatric Surgery,False,False
571,plastic_surgery,1,0,1,0,0,0,Plastic & Reconstructive Surgery,False,False
571,urology,7,0,7,0,0,0,Urology,False,False
572,burns,3,0,3,0,0,0,Burns Management,False,False
572,cardiology,2,0,2,0,0,0,Cardiology,True,False
572,ctvs,1,0,1,0,0,0,Cardio-thoracic & Vascular Surgery,True,False
572,emergency_room,12,0,12,0,0,0,Emergency Room Packages,False,False
572,ent,5,0,5,0,0,0,Otorhinolaryngology (ENT),False,False
572,general_medicine,15,0,15,0,0,0,General Medicine,False,False
572,general_surgery,20,0,20,0,0,0,General Surgery,False,False
572,interventional_neuroradiology,5,0,5,0,0,0,Interventional Neuroradiology,True,False
572,medical_oncology,1,0,1,0,0,0,Medical Oncology,False,False
572,neonatal,2,0,2,0,0,0,Neo-natal Care,False,False
572,neurosurgery,5,0,5,0,0,0,Neurosurgery,True,False
572,obgyn,19,0,19,0,0,0,Obstetrics & Gynaecology,False,False
572,orthopaedics,21,0,21,0,0,0,Orthopaedics,False,False
572,paediatric_medicine,4,0,4,0,0,0,Paediatric Medical Management,False,False
572,paediatric_surgery,1,0,1,0,0,0,Paediatric Surgery,False,False
572,plastic_surgery,3,0,3,0,0,0,Plastic & Reconstructive Surgery,False,False
572,polytrauma,3,0,3,0,0,0,Polytrauma,False,False
572,radiation_oncology,1,0,1,0,0,0,Radiation Oncology,True,False
572,surgical_oncology,1,0,1,0,0,0,Surgical Oncology,False,False
572,urology,12,0,12,0,0,0,Urology,False,False
573,burns,6,0,6,0,0,0,Burns Management,False,False
573,cardiology,7,0,7,0,0,0,Cardiology,True,False
573,ctvs,2,0,2,0,0,0,Cardio-thoracic & Vascular Surgery,True,False
573,emergency_room,17,0,17,0,0,0,Emergency Room Packages,False,False
573,ent,7,0,7,0,0,0,Otorhinolaryngology (ENT),False,False
573,general_medicine,21,0,21,0,0,0,General Medicine,False,False
573,general_surgery,16,0,16,0,0,0,General Surgery,False,False
573,interventional_neuroradiology,9,0,9,0,0,0,Interventional Neuroradiology,True,False
573,medical_oncology,8,0,8,0,0,0,Medical Oncology,False,False
573,neonatal,7,0,7,0,0,0,Neo-natal Care,False,False
573,neurosurgery,11,0,11,0,0,0,Neurosurgery,True,False
573,obgyn,14,0,14,0,0,0,Obstetrics & Gynaecology,False,False
573,ophthalmology,5,0,5,0,0,0,Ophthalmology,False,False
573,orthopaedics,24,0,24,0,0,0,Orthopaedics,False,False
573,paediatric_medicine,11,0,11,0,0,0,Paediatric Medical Management,False,False
573,paediatric_surgery,6,0,6,0,0,0,Paediatric Surgery,False,False
573,plastic_surgery,6,0,6,0,0,0,Plastic & Reconstructive Surgery,False,False
573,radiation_oncology,1,0,1,0,0,0,Radiation Oncology,True,False
573,surgical_oncology,5,0,5,0,0,0,Surgical Oncology,False,False
573,urology,20,0,20,0,0,0,Urology,False,False
574,burns,10,1,9,0,0,0,Burns Management,False,False
574,cardiology,13,1,12,0,0,0,Cardiology,True,False
574,ctvs,15,1,14,0,0,0,Cardio-thoracic & Vascular Surgery,True,False
574,emergency_room,25,1,24,0,0,0,Emergency Room Packages,False,False
574,ent,11,1,10,0,0,0,Otorhinolaryngology (ENT),False,False
574,general_medicine,29,1,28,0,0,0,General Medicine,False,False
574,general_surgery,24,1,23,0,0,0,General Surgery,False,False
574,interventional_neuroradiology,12,1,11,0,0,0,Interventional Neuroradiology,True,False
574,medical_oncology,9,1,8,0,0,0,Medical Oncology,False,False
574,mental_disorders,1,1,0,0,0,0,Mental Disorders,False,False
574,neonatal,7,1,6,0,0,0,Neo-natal Care,False,False
574,neurosurgery,14,1,13,0,0,0,Neurosurgery,True,False
574,obgyn,17,1,16,0,0,0,Obstetrics & Gynaecology,False,False
574,ophthalmology,12,1,11,0,0,0,Ophthalmology,False,False
574,oral_maxillofacial,1,1,0,0,0,0,Oral & Maxillofacial Surgery,False,False
574,orthopaedics,23,1,22,0,0,0,Orthopaedics,False,False
574,paediatric_cancer,1,1,0,0,0,0,Paediatric Cancer,False,False
574,paediatric_medicine,10,1,9,0,0,0,Paediatric Medical Management,False,False
574,paediatric_surgery,6,1,5,0,0,0,Paediatric Surgery,False,False
574,plastic_surgery,10,1,9,0,0,0,Plastic & Reconstructive Surgery,False,False
574,polytrauma,6,1,5,0,0,0,Polytrauma,False,False
574,radiation_oncology,5,1,4,0,0,0,Radiation Oncology,True,False
574,surgical_oncology,10,1,9,0,0,0,Surgical Oncology,False,False
574,urology,27,1,26,0,0,0,Urology,False,False
575,burns,7,0,7,0,0,0,Burns Management,False,False
575,cardiology,6,0,6,0,0,0,Cardiology,True,False
575,ctvs,2,0,2,0,0,0,Cardio-thoracic & Vascular Surgery,True,False
575,emergency_room,19,0,19,0,0,0,Emergency Room Packages,False,False
575,ent,7,0,7,0,0,0,Otorhinolaryngology (ENT),False,False
575,general_medicine,20,0,20,0,0,0,General Medicine,False,False
575,general_surgery,17,0,17,0,0,0,General Surgery,False,False
575,interventional_neuroradiology,8,0,8,0,0,0,Interventional Neuroradiology,True,False
575,medical_oncology,6,0,6,0,0,0,Medical Oncology,False,False
575,neonatal,1,0,1,0,0,0,Neo-natal Care,False,False
575,neurosurgery,9,0,9,0,0,0,Neurosurgery,True,False
575,obgyn,17,0,17,0,0,0,Obstetrics & Gynaecology,False,False
575,ophthalmology,3,0,3,0,0,0,Ophthalmology,False,False
575,orthopaedics,16,0,16,0,0,0,Orthopaedics,False,False
575,paediatric_medicine,9,0,9,0,0,0,Paediatric Medical Management,False,False
575,paediatric_surgery,7,0,7,0,0,0,Paediatric Surgery,False,False
575,plastic_surgery,7,0,7,0,0,0,Plastic & Reconstructive Surgery,False,False
575,radiation_oncology,2,0,2,0,0,0,Radiation Oncology,True,False
575,surgical_oncology,7,0,7,0,0,0,Surgical Oncology,False,False
575,urology,18,0,18,0,0,0,Urology,False,False
576,burns,1,0,1,0,0,0,Burns Management,False,False
576,cardiology,2,0,2,0,0,0,Cardiology,True,False
576,emergency_room,3,0,3,0,0,0,Emergency Room Packages,False,False
576,ent,1,0,1,0,0,0,Otorhinolaryngology (ENT),False,False
576,general_medicine,4,0,4,0,0,0,General Medicine,False,False
576,general_surgery,4,0,4,0,0,0,General Surgery,False,False
576,interventional_neuroradiology,2,0,2,0,0,0,Interventional Neuroradiology,True,False
576,neonatal,1,0,1,0,0,0,Neo-natal Care,False,False
576,neurosurgery,2,0,2,0,0,0,Neurosurgery,True,False
576,obgyn,4,0,4,0,0,0,Obstetrics & Gynaecology,False,False
576,ophthalmology,2,0,2,0,0,0,Ophthalmology,False,False
576,orthopaedics,6,0,6,0,0,0,Orthopaedics,False,False
576,paediatric_medicine,1,0,1,0,0,0,Paediatric Medical Management,False,False
576,paediatric_surgery,1,0,1,0,0,0,Paediatric Surgery,False,False
576,plastic_surgery,1,0,1,0,0,0,Plastic & Reconstructive Surgery,False,False
576,polytrauma,1,0,1,0,0,0,Polytrauma,False,False
576,urology,5,0,5,0,0,0,Urology,False,False
577,burns,1,0,1,0,0,0,Burns Management,False,False
577,cardiology,6,0,6,0,0,0,Cardiology,True,False
577,ctvs,4,0,4,0,0,0,Cardio-thoracic & Vascular Surgery,True,False
577,emergency_room,8,0,8,0,0,0,Emergency Room Packages,False,False
577,ent,5,0,5,0,0,0,Otorhinolaryngology (ENT),False,False
577,general_medicine,8,0,8,0,0,0,General Medicine,False,False
577,general_surgery,6,0,6,0,0,0,General Surgery,False,False
577,interventional_neuroradiology,3,0,3,0,0,0,Interventional Neuroradiology,True,False
577,medical_oncology,1,0,1,0,0,0,Medical Oncology,False,False
577,neonatal,2,0,2,0,0,0,Neo-natal Care,False,False
577,neurosurgery,3,0,3,0,0,0,Neurosurgery,True,False
577,obgyn,7,0,7,0,0,0,Obstetrics & Gynaecology,False,False
577,ophthalmology,2,0,2,0,0,0,Ophthalmology,False,False
577,orthopaedics,12,0,12,0,0,0,Orthopaedics,False,False
577,paediatric_medicine,2,0,2,0,0,0,Paediatric Medical Management,False,False
577,paediatric_surgery,3,0,3,0,0,0,Paediatric Surgery,False,False
577,plastic_surgery,1,0,1,0,0,0,Plastic & Reconstructive Surgery,False,False
577,radiation_oncology,1,0,1,0,0,0,Radiation Oncology,True,False
577,surgical_oncology,2,0,2,0,0,0,Surgical Oncology,False,False
577,urology,6,0,6,0,0,0,Urology,False,False
578,burns,11,0,11,0,0,0,Burns Management,False,False
578,cardiology,13,0,13,0,0,0,Cardiology,True,False
578,ctvs,9,0,9,0,0,0,Cardio-thoracic & Vascular Surgery,True,False
578,emergency_room,26,0,25,0,1,0,Emergency Room Packages,False,False
578,ent,11,0,10,0,1,0,Otorhinolaryngology (ENT),False,False
578,general_medicine,38,0,37,0,1,0,General Medicine,False,False
578,general_surgery,33,0,32,0,1,0,General Surgery,False,False
578,interventional_neuroradiology,16,0,16,0,0,0,Interventional Neuroradiology,True,False
578,medical_oncology,20,0,20,0,0,0,Medical Oncology,False,False
578,mental_disorders,1,0,0,0,1,0,Mental Disorders,False,False
578,neonatal,5,0,5,0,0,0,Neo-natal Care,False,False
578,neurosurgery,19,0,19,0,0,0,Neurosurgery,True,False
578,obgyn,34,0,33,0,1,0,Obstetrics & Gynaecology,False,False
578,ophthalmology,10,0,9,0,1,0,Ophthalmology,False,False
578,orthopaedics,35,0,34,0,1,0,Orthopaedics,False,False
578,paediatric_medicine,13,0,12,0,1,0,Paediatric Medical Management,False,False
578,paediatric_surgery,6,0,6,0,0,0,Paediatric Surgery,False,False
578,plastic_surgery,11,0,11,0,0,0,Plastic & Reconstructive Surgery,False,False
578,polytrauma,1,0,1,0,0,0,Polytrauma,False,False
578,radiation_oncology,8,0,8,0,0,0,Radiation Oncology,True,False
578,surgical_oncology,18,0,18,0,0,0,Surgical Oncology,False,False
578,urology,34,0,34,0,0,0,Urology,False,False
579,emergency_room,2,0,2,0,0,0,Emergency Room Packages,False,False
579,general_medicine,3,0,3,0,0,0,General Medicine,False,False
579,general_surgery,1,0,1,0,0,0,General Surgery,False,False
579,medical_oncology,1,0,1,0,0,0,Medical Oncology,False,False
579,obgyn,2,0,2,0,0,0,Obstetrics & Gynaecology,False,False
579,orthopaedics,2,0,2,0,0,0,Orthopaedics,False,False
579,urology,1,0,1,0,0,0,Urology,False,False
580,burns,5,0,5,0,0,0,Burns Management,False,False
580,cardiology,2,0,2,0,0,0,Cardiology,True,False
580,ctvs,1,0,1,0,0,0,Cardio-thoracic & Vascular Surgery,True,False
580,emergency_room,14,0,14,0,0,0,Emergency Room Packages,False,False
580,general_medicine,15,0,15,0,0,0,General Medicine,False,False
580,general_surgery,17,0,17,0,0,0,General Surgery,False,False
580,interventional_neuroradiology,8,0,8,0,0,0,Interventional Neuroradiology,True,False
580,medical_oncology,1,0,1,0,0,0,Medical Oncology,False,False
580,neonatal,3,0,3,0,0,0,Neo-natal Care,False,False
580,neurosurgery,11,0,11,0,0,0,Neurosurgery,True,False
580,obgyn,13,0,13,0,0,0,Obstetrics & Gynaecology,False,False
580,ophthalmology,3,0,3,0,0,0,Ophthalmology,False,False
580,orthopaedics,14,0,14,0,0,0,Orthopaedics,False,False
580,paediatric_medicine,7,0,7,0,0,0,Paediatric Medical Management,False,False
580,paediatric_surgery,2,0,2,0,0,0,Paediatric Surgery,False,False
580,plastic_surgery,5,0,5,0,0,0,Plastic & Reconstructive Surgery,False,False
580,polytrauma,1,0,1,0,0,0,Polytrauma,False,False
580,surgical_oncology,2,0,2,0,0,0,Surgical Oncology,False,False
580,urology,10,0,10,0,0,0,Urology,False,False
581,burns,2,0,2,0,0,0,Burns Management,False,False
581,cardiology,1,0,1,0,0,0,Cardiology,True,False
581,ctvs,2,0,2,0,0,0,Cardio-thoracic & Vascular Surgery,True,False
581,emergency_room,4,0,4,0,0,0,Emergency Room Packages,False,False
581,ent,1,0,1,0,0,0,Otorhinolaryngology (ENT),False,False
581,general_medicine,4,0,4,0,0,0,General Medicine,False,False
581,general_surgery,5,0,5,0,0,0,General Surgery,False,False
581,interventional_neuroradiology,1,0,1,0,0,0,Interventional Neuroradiology,True,False
581,medical_oncology,1,0,1,0,0,0,Medical Oncology,False,False
581,neonatal,1,0,1,0,0,0,Neo-natal Care,False,False
581,neurosurgery,1,0,1,0,0,0,Neurosurgery,True,False
581,obgyn,4,0,4,0,0,0,Obstetrics & Gynaecology,False,False
581,ophthalmology,1,0,1,0,0,0,Ophthalmology,False,False
581,orthopaedics,4,0,4,0,0,0,Orthopaedics,False,False
581,paediatric_medicine,1,0,1,0,0,0,Paediatric Medical Management,False,False
581,paediatric_surgery,1,0,1,0,0,0,Paediatric Surgery,False,False
581,plastic_surgery,2,0,2,0,0,0,Plastic & Reconstructive Surgery,False,False
581,polytrauma,1,0,1,0,0,0,Polytrauma,False,False
581,surgical_oncology,2,0,2,0,0,0,Surgical Oncology,False,False
581,urology,5,0,5,0,0,0,Urology,False,False
582,burns,4,3,1,0,0,0,Burns Management,False,False
582,cardiology,5,3,2,0,0,0,Cardiology,True,False
582,ctvs,5,3,2,0,0,0,Cardio-thoracic & Vascular Surgery,True,False
582,emergency_room,6,3,3,0,0,0,Emergency Room Packages,False,False
582,ent,5,3,2,0,0,0,Otorhinolaryngology (ENT),False,False
582,general_medicine,9,3,6,0,0,0,General Medicine,False,False
582,general_surgery,10,3,7,0,0,0,General Surgery,False,False
582,interventional_neuroradiology,4,3,1,0,0,0,Interventional Neuroradiology,True,False
582,medical_oncology,5,3,2,0,0,0,Medical Oncology,False,False
582,mental_disorders,3,3,0,0,0,0,Mental Disorders,False,False
582,neonatal,4,3,1,0,0,0,Neo-natal Care,False,False
582,neurosurgery,5,3,2,0,0,0,Neurosurgery,True,False
582,obgyn,10,3,7,0,0,0,Obstetrics & Gynaecology,False,False
582,ophthalmology,3,3,0,0,0,0,Ophthalmology,False,False
582,oral_maxillofacial,3,3,0,0,0,0,Oral & Maxillofacial Surgery,False,False
582,orthopaedics,9,3,6,0,0,0,Orthopaedics,False,False
582,paediatric_cancer,3,3,0,0,0,0,Paediatric Cancer,False,False
582,paediatric_medicine,5,3,2,0,0,0,Paediatric Medical Management,False,False
582,paediatric_surgery,3,3,0,0,0,0,Paediatric Surgery,False,False
582,plastic_surgery,4,3,1,0,0,0,Plastic & Reconstructive Surgery,False,False
582,polytrauma,3,3,0,0,0,0,Polytrauma,False,False
582,radiation_oncology,4,3,1,0,0,0,Radiation Oncology,True,False
582,surgical_oncology,6,3,3,0,0,0,Surgical Oncology,False,False
582,urology,10,3,7,0,0,0,Urology,False,False
583,emergency_room,2,0,2,0,0,0,Emergency Room Packages,False,True
583,general_medicine,3,0,3,0,0,0,General Medicine,False,True
583,urology,1,0,1,0,0,0,Urology,False,True
584,burns,31,0,31,0,0,0,Burns Management,False,False
584,cardiology,27,0,27,0,0,0,Cardiology,True,False
584,ctvs,8,0,8,0,0,0,Cardio-thoracic & Vascular Surgery,True,False
584,emergency_room,41,0,41,0,0,0,Emergency Room Packages,False,False
584,ent,16,0,16,0,0,0,Otorhinolaryngology (ENT),False,False
584,general_medicine,45,0,45,0,0,0,General Medicine,False,False
584,general_surgery,42,0,41,0,1,0,General Surgery,False,False
584,interventional_neuroradiology,29,0,29,0,0,0,Interventional Neuroradiology,True,False
584,medical_oncology,18,0,18,0,0,0,Medical Oncology,False,False
584,neonatal,14,0,14,0,0,0,Neo-natal Care,False,False
584,neurosurgery,30,0,30,0,0,0,Neurosurgery,True,False
584,obgyn,35,0,35,0,0,0,Obstetrics & Gynaecology,False,False
584,ophthalmology,11,0,11,0,0,0,Ophthalmology,False,False
584,orthopaedics,42,0,42,0,0,0,Orthopaedics,False,False
584,paediatric_cancer,1,0,1,0,0,0,Paediatric Cancer,False,False
584,paediatric_medicine,30,0,29,0,1,0,Paediatric Medical Management,False,False
584,paediatric_surgery,19,0,19,0,0,0,Paediatric Surgery,False,False
584,plastic_surgery,31,0,31,0,0,0,Plastic & Reconstructive Surgery,False,False
584,radiation_oncology,3,0,3,0,0,0,Radiation Oncology,True,False
584,surgical_oncology,18,0,18,0,0,0,Surgical Oncology,False,False
584,urology,38,0,38,0,0,0,Urology,False,False
585,burns,5,1,4,0,0,0,Burns Management,False,False
585,cardiology,4,1,3,0,0,0,Cardiology,True,False
585,ctvs,3,1,2,0,0,0,Cardio-thoracic & Vascular Surgery,True,False
585,emergency_room,8,1,7,0,0,0,Emergency Room Packages,False,False
585,ent,5,1,4,0,0,0,Otorhinolaryngology (ENT),False,False
585,general_medicine,10,1,9,0,0,0,General Medicine,False,False
585,general_surgery,8,1,7,0,0,0,General Surgery,False,False
585,interventional_neuroradiology,4,1,3,0,0,0,Interventional Neuroradiology,True,False
585,medical_oncology,3,1,2,0,0,0,Medical Oncology,False,False
585,mental_disorders,1,1,0,0,0,0,Mental Disorders,False,False
585,neonatal,3,1,2,0,0,0,Neo-natal Care,False,False
585,neurosurgery,4,1,3,0,0,0,Neurosurgery,True,False
585,obgyn,6,1,5,0,0,0,Obstetrics & Gynaecology,False,False
585,ophthalmology,2,1,1,0,0,0,Ophthalmology,False,False
585,oral_maxillofacial,1,1,0,0,0,0,Oral & Maxillofacial Surgery,False,False
585,orthopaedics,7,1,6,0,0,0,Orthopaedics,False,False
585,paediatric_cancer,1,1,0,0,0,0,Paediatric Cancer,False,False
585,paediatric_medicine,5,1,4,0,0,0,Paediatric Medical Management,False,False
585,paediatric_surgery,4,1,3,0,0,0,Paediatric Surgery,False,False
585,plastic_surgery,5,1,4,0,0,0,Plastic & Reconstructive Surgery,False,False
585,polytrauma,2,1,1,0,0,0,Polytrauma,False,False
585,radiation_oncology,1,1,0,0,0,0,Radiation Oncology,True,False
585,surgical_oncology,3,1,2,0,0,0,Surgical Oncology,False,False
585,urology,8,1,7,0,0,0,Urology,False,False
586,burns,4,0,4,0,0,0,Burns Management,False,False
586,cardiology,5,0,5,0,0,0,Cardiology,True,False
586,ctvs,3,0,3,0,0,0,Cardio-thoracic & Vascular Surgery,True,False
586,emergency_room,7,0,7,0,0,0,Emergency Room Packages,False,False
586,general_medicine,13,0,13,0,0,0,General Medicine,False,False
586,general_surgery,14,0,14,0,0,0,General Surgery,False,False
586,interventional_neuroradiology,6,0,6,0,0,0,Interventional Neuroradiology,True,False
586,medical_oncology,7,0,7,0,0,0,Medical Oncology,False,False
586,neonatal,2,0,2,0,0,0,Neo-natal Care,False,False
586,neurosurgery,7,0,7,0,0,0,Neurosurgery,True,False
586,obgyn,10,0,10,0,0,0,Obstetrics & Gynaecology,False,False
586,ophthalmology,1,0,1,0,0,0,Ophthalmology,False,False
586,orthopaedics,12,0,12,0,0,0,Orthopaedics,False,False
586,paediatric_medicine,7,0,7,0,0,0,Paediatric Medical Management,False,False
586,paediatric_surgery,1,0,1,0,0,0,Paediatric Surgery,False,False
586,plastic_surgery,4,0,4,0,0,0,Plastic & Reconstructive Surgery,False,False
586,radiation_oncology,3,0,3,0,0,0,Radiation Oncology,True,False
586,surgical_oncology,4,0,4,0,0,0,Surgical Oncology,False,False
586,urology,13,0,13,0,0,0,Urology,False,False
587,burns,2,0,2,0,0,0,Burns Management,False,False
587,cardiology,2,0,2,0,0,0,Cardiology,True,False
587,emergency_room,6,0,6,0,0,0,Emergency Room Packages,False,False
587,ent,4,0,4,0,0,0,Otorhinolaryngology (ENT),False,False
587,general_medicine,6,0,6,0,0,0,General Medicine,False,False
587,general_surgery,6,0,6,0,0,0,General Surgery,False,False
587,interventional_neuroradiology,3,0,3,0,0,0,Interventional Neuroradiology,True,False
587,medical_oncology,1,0,1,0,0,0,Medical Oncology,False,False
587,neonatal,2,0,2,0,0,0,Neo-natal Care,False,False
587,neurosurgery,4,0,4,0,0,0,Neurosurgery,True,False
587,obgyn,6,0,6,0,0,0,Obstetrics & Gynaecology,False,False
587,ophthalmology,3,0,3,0,0,0,Ophthalmology,False,False
587,orthopaedics,5,0,5,0,0,0,Orthopaedics,False,False
587,paediatric_medicine,4,0,4,0,0,0,Paediatric Medical Management,False,False
587,paediatric_surgery,4,0,4,0,0,0,Paediatric Surgery,False,False
587,plastic_surgery,2,0,2,0,0,0,Plastic & Reconstructive Surgery,False,False
587,polytrauma,2,0,2,0,0,0,Polytrauma,False,False
587,surgical_oncology,1,0,1,0,0,0,Surgical Oncology,False,False
587,urology,5,0,5,0,0,0,Urology,False,False
588,cardiology,1,0,1,0,0,0,Cardiology,True,False
588,ctvs,1,0,1,0,0,0,Cardio-thoracic & Vascular Surgery,True,False
588,emergency_room,6,0,6,0,0,0,Emergency Room Packages,False,False
588,ent,3,0,3,0,0,0,Otorhinolaryngology (ENT),False,False
588,general_medicine,7,0,7,0,0,0,General Medicine,False,False
588,general_surgery,7,0,7,0,0,0,General Surgery,False,False
588,interventional_neuroradiology,1,0,1,0,0,0,Interventional Neuroradiology,True,False
588,medical_oncology,2,0,2,0,0,0,Medical Oncology,False,False
588,neurosurgery,5,0,5,0,0,0,Neurosurgery,True,False
588,obgyn,4,0,4,0,0,0,Obstetrics & Gynaecology,False,False
588,ophthalmology,1,0,1,0,0,0,Ophthalmology,False,False
588,orthopaedics,7,0,7,0,0,0,Orthopaedics,False,False
588,paediatric_medicine,4,0,4,0,0,0,Paediatric Medical Management,False,False
588,surgical_oncology,2,0,2,0,0,0,Surgical Oncology,False,False
588,urology,8,0,8,0,0,0,Urology,False,False
589,burns,8,7,1,0,0,0,Burns Management,False,False
589,cardiology,14,7,7,0,0,0,Cardiology,True,False
589,ctvs,12,7,5,0,0,0,Cardio-thoracic & Vascular Surgery,True,False
589,emergency_room,12,7,5,0,0,0,Emergency Room Packages,False,False
589,ent,10,7,3,0,0,0,Otorhinolaryngology (ENT),False,False
589,general_medicine,14,7,7,0,0,0,General Medicine,False,False
589,general_surgery,10,7,3,0,0,0,General Surgery,False,False
589,interventional_neuroradiology,10,7,3,0,0,0,Interventional Neuroradiology,True,False
589,medical_oncology,9,7,2,0,0,0,Medical Oncology,False,False
589,mental_disorders,7,7,0,0,0,0,Mental Disorders,False,False
589,neonatal,8,7,1,0,0,0,Neo-natal Care,False,False
589,neurosurgery,10,7,3,0,0,0,Neurosurgery,True,False
589,obgyn,10,7,2,0,1,0,Obstetrics & Gynaecology,False,False
589,ophthalmology,10,7,3,0,0,0,Ophthalmology,False,False
589,oral_maxillofacial,8,7,1,0,0,0,Oral & Maxillofacial Surgery,False,False
589,orthopaedics,10,7,3,0,0,0,Orthopaedics,False,False
589,paediatric_cancer,7,7,0,0,0,0,Paediatric Cancer,False,False
589,paediatric_medicine,9,7,2,0,0,0,Paediatric Medical Management,False,False
589,paediatric_surgery,7,7,0,0,0,0,Paediatric Surgery,False,False
589,plastic_surgery,8,7,1,0,0,0,Plastic & Reconstructive Surgery,False,False
589,polytrauma,8,7,1,0,0,0,Polytrauma,False,False
589,radiation_oncology,8,7,1,0,0,0,Radiation Oncology,True,False
589,surgical_oncology,7,7,0,0,0,0,Surgical Oncology,False,False
589,urology,13,7,6,0,0,0,Urology,False,False
590,burns,8,5,3,0,0,0,Burns Management,False,False
590,cardiology,6,5,1,0,0,0,Cardiology,True,False
590,ctvs,5,5,0,0,0,0,Cardio-thoracic & Vascular Surgery,True,False
590,emergency_room,6,5,1,0,0,0,Emergency Room Packages,False,False
590,ent,7,5,2,0,0,0,Otorhinolaryngology (ENT),False,False
590,general_medicine,8,5,3,0,0,0,General Medicine,False,False
590,general_surgery,10,5,5,0,0,0,General Surgery,False,False
590,interventional_neuroradiology,6,5,1,0,0,0,Interventional Neuroradiology,True,False
590,medical_oncology,6,5,1,0,0,0,Medical Oncology,False,False
590,mental_disorders,5,5,0,0,0,0,Mental Disorders,False,False
590,neonatal,5,5,0,0,0,0,Neo-natal Care,False,False
590,neurosurgery,6,5,1,0,0,0,Neurosurgery,True,False
590,obgyn,9,5,4,0,0,0,Obstetrics & Gynaecology,False,False
590,ophthalmology,5,5,0,0,0,0,Ophthalmology,False,False
590,oral_maxillofacial,5,5,0,0,0,0,Oral & Maxillofacial Surgery,False,False
590,orthopaedics,10,5,5,0,0,0,Orthopaedics,False,False
590,paediatric_cancer,5,5,0,0,0,0,Paediatric Cancer,False,False
590,paediatric_medicine,6,5,1,0,0,0,Paediatric Medical Management,False,False
590,paediatric_surgery,7,5,2,0,0,0,Paediatric Surgery,False,False
590,plastic_surgery,8,5,3,0,0,0,Plastic & Reconstructive Surgery,False,False
590,polytrauma,5,5,0,0,0,0,Polytrauma,False,False
590,radiation_oncology,6,5,1,0,0,0,Radiation Oncology,True,False
590,surgical_oncology,7,5,2,0,0,0,Surgical Oncology,False,False
590,urology,9,5,4,0,0,0,Urology,False,False
591,burns,11,0,11,0,0,0,Burns Management,False,False
591,cardiology,11,0,11,0,0,0,Cardiology,True,False
591,ctvs,5,0,5,0,0,0,Cardio-thoracic & Vascular Surgery,True,False
591,emergency_room,25,0,23,0,2,0,Emergency Room Packages,False,False
591,ent,9,0,8,0,1,0,Otorhinolaryngology (ENT),False,False
591,general_medicine,28,0,26,0,2,0,General Medicine,False,False
591,general_surgery,24,0,23,0,1,0,General Surgery,False,False
591,interventional_neuroradiology,14,0,14,0,0,0,Interventional Neuroradiology,True,False
591,medical_oncology,9,0,9,0,0,0,Medical Oncology,False,False
591,mental_disorders,1,0,0,0,1,0,Mental Disorders,False,False
591,neonatal,9,0,9,0,0,0,Neo-natal Care,False,False
591,neurosurgery,17,0,17,0,0,0,Neurosurgery,True,False
591,obgyn,25,0,23,0,2,0,Obstetrics & Gynaecology,False,False
591,ophthalmology,11,0,10,0,1,0,Ophthalmology,False,False
591,orthopaedics,25,0,24,0,1,0,Orthopaedics,False,False
591,paediatric_medicine,16,0,14,0,2,0,Paediatric Medical Management,False,False
591,paediatric_surgery,10,0,10,0,0,0,Paediatric Surgery,False,False
591,plastic_surgery,11,0,11,0,0,0,Plastic & Reconstructive Surgery,False,False
591,polytrauma,2,0,2,0,0,0,Polytrauma,False,False
591,radiation_oncology,4,0,4,0,0,0,Radiation Oncology,True,False
591,surgical_oncology,9,0,9,0,0,0,Surgical Oncology,False,False
591,urology,25,0,25,0,0,0,Urology,False,False
592,burns,3,0,3,0,0,0,Burns Management,False,False
592,cardiology,3,0,3,0,0,0,Cardiology,True,False
592,ctvs,4,0,4,0,0,0,Cardio-thoracic & Vascular Surgery,True,False
592,emergency_room,3,0,3,0,0,0,Emergency Room Packages,False,False
592,ent,1,0,1,0,0,0,Otorhinolaryngology (ENT),False,False
592,general_medicine,11,0,11,0,0,0,General Medicine,False,False
592,general_surgery,11,0,11,0,0,0,General Surgery,False,False
592,interventional_neuroradiology,3,0,3,0,0,0,Interventional Neuroradiology,True,False
592,medical_oncology,2,0,2,0,0,0,Medical Oncology,False,False
592,neurosurgery,3,0,3,0,0,0,Neurosurgery,True,False
592,obgyn,6,0,6,0,0,0,Obstetrics & Gynaecology,False,False
592,ophthalmology,2,0,2,0,0,0,Ophthalmology,False,False
592,orthopaedics,8,0,8,0,0,0,Orthopaedics,False,False
592,paediatric_medicine,3,0,3,0,0,0,Paediatric Medical Management,False,False
592,plastic_surgery,3,0,3,0,0,0,Plastic & Reconstructive Surgery,False,False
592,surgical_oncology,1,0,1,0,0,0,Surgical Oncology,False,False
592,urology,11,0,11,0,0,0,Urology,False,False
593,burns,1,0,1,0,0,0,Burns Management,False,False
593,emergency_room,4,0,4,0,0,0,Emergency Room Packages,False,False
593,ent,1,0,1,0,0,0,Otorhinolaryngology (ENT),False,False
593,general_medicine,4,0,4,0,0,0,General Medicine,False,False
593,general_surgery,3,0,3,0,0,0,General Surgery,False,False
593,neurosurgery,1,0,1,0,0,0,Neurosurgery,True,False
593,obgyn,2,0,2,0,0,0,Obstetrics & Gynaecology,False,False
593,ophthalmology,3,0,3,0,0,0,Ophthalmology,False,False
593,orthopaedics,2,0,2,0,0,0,Orthopaedics,False,False
593,paediatric_medicine,2,0,2,0,0,0,Paediatric Medical Management,False,False
593,paediatric_surgery,1,0,1,0,0,0,Paediatric Surgery,False,False
593,plastic_surgery,1,0,1,0,0,0,Plastic & Reconstructive Surgery,False,False
593,surgical_oncology,1,0,1,0,0,0,Surgical Oncology,False,False
593,urology,4,0,4,0,0,0,Urology,False,False
594,emergency_room,1,0,1,0,0,0,Emergency Room Packages,False,False
594,ent,1,0,1,0,0,0,Otorhinolaryngology (ENT),False,False
594,general_medicine,4,0,4,0,0,0,General Medicine,False,False
594,general_surgery,5,0,5,0,0,0,General Surgery,False,False
594,obgyn,4,0,4,0,0,0,Obstetrics & Gynaecology,False,False
594,orthopaedics,2,0,2,0,0,0,Orthopaedics,False,False
594,paediatric_medicine,1,0,1,0,0,0,Paediatric Medical Management,False,False
594,urology,4,0,4,0,0,0,Urology,False,False
595,burns,4,0,4,0,0,0,Burns Management,False,False
595,cardiology,4,0,4,0,0,0,Cardiology,True,False
595,ctvs,3,0,3,0,0,0,Cardio-thoracic & Vascular Surgery,True,False
595,emergency_room,13,0,11,0,2,0,Emergency Room Packages,False,False
595,ent,5,0,5,0,0,0,Otorhinolaryngology (ENT),False,False
595,general_medicine,16,0,14,0,2,0,General Medicine,False,False
595,general_surgery,13,0,13,0,0,0,General Surgery,False,False
595,interventional_neuroradiology,7,0,7,0,0,0,Interventional Neuroradiology,True,False
595,medical_oncology,5,0,5,0,0,0,Medical Oncology,False,False
595,neonatal,2,0,2,0,0,0,Neo-natal Care,False,False
595,neurosurgery,7,0,7,0,0,0,Neurosurgery,True,False
595,obgyn,10,0,10,0,0,0,Obstetrics & Gynaecology,False,False
595,ophthalmology,5,0,5,0,0,0,Ophthalmology,False,False
595,orthopaedics,11,0,10,0,1,0,Orthopaedics,False,False
595,paediatric_medicine,5,0,5,0,0,0,Paediatric Medical Management,False,False
595,paediatric_surgery,4,0,4,0,0,0,Paediatric Surgery,False,False
595,plastic_surgery,4,0,4,0,0,0,Plastic & Reconstructive Surgery,False,False
595,radiation_oncology,2,0,2,0,0,0,Radiation Oncology,True,False
595,surgical_oncology,2,0,2,0,0,0,Surgical Oncology,False,False
595,urology,11,0,11,0,0,0,Urology,False,False
596,burns,6,4,2,0,0,1,Burns Management,False,False
596,cardiology,5,4,1,0,0,1,Cardiology,True,False
596,ctvs,6,4,2,0,0,1,Cardio-thoracic & Vascular Surgery,True,False
596,emergency_room,10,4,6,0,0,1,Emergency Room Packages,False,False
596,ent,6,4,2,0,0,1,Otorhinolaryngology (ENT),False,False
596,general_medicine,12,4,8,0,0,1,General Medicine,False,False
596,general_surgery,16,4,12,0,0,1,General Surgery,False,False
596,interventional_neuroradiology,7,4,3,0,0,1,Interventional Neuroradiology,True,False
596,medical_oncology,6,4,2,0,0,1,Medical Oncology,False,False
596,mental_disorders,4,4,0,0,0,1,Mental Disorders,False,False
596,neonatal,6,4,2,0,0,1,Neo-natal Care,False,False
596,neurosurgery,8,4,4,0,0,1,Neurosurgery,True,False
596,obgyn,15,4,11,0,0,1,Obstetrics & Gynaecology,False,False
596,ophthalmology,6,4,2,0,0,1,Ophthalmology,False,False
596,oral_maxillofacial,4,4,0,0,0,1,Oral & Maxillofacial Surgery,False,False
596,orthopaedics,14,4,10,0,0,1,Orthopaedics,False,False
596,paediatric_cancer,4,4,0,0,0,1,Paediatric Cancer,False,False
596,paediatric_medicine,9,4,5,0,0,1,Paediatric Medical Management,False,False
596,paediatric_surgery,5,4,1,0,0,1,Paediatric Surgery,False,False
596,plastic_surgery,6,4,2,0,0,1,Plastic & Reconstructive Surgery,False,False
596,polytrauma,4,4,0,0,0,1,Polytrauma,False,False
596,radiation_oncology,4,4,0,0,0,1,Radiation Oncology,True,False
596,surgical_oncology,6,4,2,0,0,1,Surgical Oncology,False,False
596,urology,13,4,9,0,0,1,Urology,False,False
597,cardiology,2,0,2,0,0,0,Cardiology,True,True
597,emergency_room,9,0,9,0,0,0,Emergency Room Packages,False,True
597,general_medicine,13,0,13,0,0,0,General Medicine,False,True
597,general_surgery,11,0,11,0,0,0,General Surgery,False,True
597,interventional_neuroradiology,1,0,1,0,0,0,Interventional Neuroradiology,True,True
597,neonatal,1,0,1,0,0,0,Neo-natal Care,False,True
597,neurosurgery,4,0,4,0,0,0,Neurosurgery,True,True
597,obgyn,5,0,5,0,0,0,Obstetrics & Gynaecology,False,True
597,orthopaedics,6,0,6,0,0,0,Orthopaedics,False,True
597,paediatric_medicine,4,0,4,0,0,0,Paediatric Medical Management,False,True
597,urology,12,0,12,0,0,0,Urology,False,True
598,cardiology,2,1,0,1,0,0,Cardiology,True,False
598,ctvs,1,0,0,1,0,0,Cardio-thoracic & Vascular Surgery,True,False
598,emergency_room,4,2,1,1,0,1,Emergency Room Packages,False,False
598,ent,2,1,0,1,0,0,Otorhinolaryngology (ENT),False,False
598,general_medicine,4,2,1,1,0,1,General Medicine,False,False
598,general_surgery,4,2,1,1,0,1,General Surgery,False,False
598,interventional_neuroradiology,1,0,0,1,0,0,Interventional Neuroradiology,True,False
598,mental_disorders,1,1,0,0,0,0,Mental Disorders,False,False
598,neonatal,1,1,0,0,0,0,Neo-natal Care,False,False
598,neurosurgery,1,0,0,1,0,0,Neurosurgery,True,False
598,obgyn,4,2,1,1,0,1,Obstetrics & Gynaecology,False,False
598,ophthalmology,2,1,0,1,0,0,Ophthalmology,False,False
598,oral_maxillofacial,1,1,0,0,0,0,Oral & Maxillofacial Surgery,False,False
598,orthopaedics,3,1,1,1,0,0,Orthopaedics,False,False
598,paediatric_medicine,4,2,1,1,0,1,Paediatric Medical Management,False,False
598,paediatric_surgery,1,0,0,1,0,0,Paediatric Surgery,False,False
598,surgical_oncology,1,0,0,1,0,0,Surgical Oncology,False,False
598,urology,1,0,1,0,0,0,Urology,False,False
599,emergency_room,2,2,0,0,0,1,Emergency Room Packages,False,False
599,ent,2,2,0,0,0,1,Otorhinolaryngology (ENT),False,False
599,general_medicine,3,2,0,1,0,1,General Medicine,False,False
599,general_surgery,1,1,0,0,0,0,General Surgery,False,False
599,obgyn,2,2,0,0,0,1,Obstetrics & Gynaecology,False,False
599,ophthalmology,1,1,0,0,0,0,Ophthalmology,False,False
599,oral_maxillofacial,1,1,0,0,0,0,Oral & Maxillofacial Surgery,False,False
599,orthopaedics,1,1,0,0,0,0,Orthopaedics,False,False
599,paediatric_medicine,2,2,0,0,0,1,Paediatric Medical Management,False,False
599,urology,1,0,0,1,0,0,Urology,False,False
600,burns,9,1,5,2,1,0,Burns Management,False,False
600,cardiology,11,1,7,2,1,0,Cardiology,True,False
600,ctvs,8,1,4,2,1,0,Cardio-thoracic & Vascular Surgery,True,False
600,emergency_room,17,5,9,2,1,2,Emergency Room Packages,False,False
600,ent,11,2,6,2,1,0,Otorhinolaryngology (ENT),False,False
600,general_medicine,17,5,9,2,1,2,General Medicine,False,False
600,general_surgery,14,3,8,2,1,0,General Surgery,False,False
600,interventional_neuroradiology,7,1,3,2,1,0,Interventional Neuroradiology,True,False
600,medical_oncology,7,0,3,3,1,0,Medical Oncology,False,False
600,mental_disorders,2,2,0,0,0,0,Mental Disorders,False,False
600,neonatal,9,2,4,2,1,0,Neo-natal Care,False,False
600,neurosurgery,11,2,6,2,1,0,Neurosurgery,True,False
600,obgyn,13,3,7,2,1,1,Obstetrics & Gynaecology,False,False
600,ophthalmology,14,4,6,3,1,2,Ophthalmology,False,False
600,oral_maxillofacial,13,5,5,2,1,2,Oral & Maxillofacial Surgery,False,False
600,orthopaedics,11,2,6,2,1,0,Orthopaedics,False,False
600,paediatric_cancer,2,0,1,0,1,0,Paediatric Cancer,False,False
600,paediatric_medicine,14,4,7,2,1,1,Paediatric Medical Management,False,False
600,paediatric_surgery,6,1,2,2,1,0,Paediatric Surgery,False,False
600,plastic_surgery,9,1,5,2,1,0,Plastic & Reconstructive Surgery,False,False
600,polytrauma,7,1,3,2,1,0,Polytrauma,False,False
600,radiation_oncology,3,0,1,1,1,0,Radiation Oncology,True,False
600,surgical_oncology,4,0,2,1,1,0,Surgical Oncology,False,False
600,urology,14,2,9,2,1,0,Urology,False,False
601,emergency_room,1,1,0,0,0,0,Emergency Room Packages,False,False
601,ent,1,1,0,0,0,0,Otorhinolaryngology (ENT),False,False
601,general_medicine,1,1,0,0,0,0,General Medicine,False,False
601,general_surgery,1,1,0,0,0,0,General Surgery,False,False
601,neonatal,1,1,0,0,0,0,Neo-natal Care,False,False
601,obgyn,1,1,0,0,0,0,Obstetrics & Gynaecology,False,False
601,ophthalmology,1,1,0,0,0,0,Ophthalmology,False,False
601,oral_maxillofacial,1,1,0,0,0,0,Oral & Maxillofacial Surgery,False,False
601,orthopaedics,1,1,0,0,0,0,Orthopaedics,False,False
601,paediatric_medicine,1,1,0,0,0,0,Paediatric Medical Management,False,False
602,emergency_room,1,1,0,0,0,0,Emergency Room Packages,False,False
602,ent,1,1,0,0,0,0,Otorhinolaryngology (ENT),False,False
602,general_medicine,2,2,0,0,0,1,General Medicine,False,False
602,general_surgery,2,2,0,0,0,1,General Surgery,False,False
602,medical_oncology,1,1,0,0,0,0,Medical Oncology,False,False
602,mental_disorders,1,1,0,0,0,0,Mental Disorders,False,False
602,neonatal,1,1,0,0,0,0,Neo-natal Care,False,False
602,obgyn,2,2,0,0,0,1,Obstetrics & Gynaecology,False,False
602,ophthalmology,1,1,0,0,0,0,Ophthalmology,False,False
602,oral_maxillofacial,1,1,0,0,0,0,Oral & Maxillofacial Surgery,False,False
602,orthopaedics,1,1,0,0,0,0,Orthopaedics,False,False
602,paediatric_cancer,1,1,0,0,0,0,Paediatric Cancer,False,False
602,paediatric_medicine,1,1,0,0,0,0,Paediatric Medical Management,False,False
602,paediatric_surgery,1,1,0,0,0,0,Paediatric Surgery,False,False
602,polytrauma,1,1,0,0,0,0,Polytrauma,False,False
602,urology,1,1,0,0,0,0,Urology,False,False
603,burns,1,1,0,0,0,1,Burns Management,False,False
603,emergency_room,2,2,0,0,0,1,Emergency Room Packages,False,False
603,ent,1,1,0,0,0,0,Otorhinolaryngology (ENT),False,False
603,general_medicine,2,2,0,0,0,1,General Medicine,False,False
603,general_surgery,1,1,0,0,0,0,General Surgery,False,False
603,neonatal,1,1,0,0,0,1,Neo-natal Care,False,False
603,obgyn,2,2,0,0,0,1,Obstetrics & Gynaecology,False,False
603,ophthalmology,1,1,0,0,0,0,Ophthalmology,False,False
603,oral_maxillofacial,1,1,0,0,0,0,Oral & Maxillofacial Surgery,False,False
603,orthopaedics,2,2,0,0,0,1,Orthopaedics,False,False
603,paediatric_medicine,2,2,0,0,0,1,Paediatric Medical Management,False,False
604,emergency_room,28,24,4,0,0,22,Emergency Room Packages,False,True
604,ent,3,2,1,0,0,0,Otorhinolaryngology (ENT),False,True
604,general_medicine,28,24,4,0,0,22,General Medicine,False,True
604,general_surgery,7,2,5,0,0,0,General Surgery,False,True
604,mental_disorders,1,1,0,0,0,0,Mental Disorders,False,True
604,obgyn,27,23,4,0,0,21,Obstetrics & Gynaecology,False,True
604,ophthalmology,2,2,0,0,0,0,Ophthalmology,False,True
604,oral_maxillofacial,2,2,0,0,0,0,Oral & Maxillofacial Surgery,False,True
604,orthopaedics,5,2,3,0,0,0,Orthopaedics,False,True
604,paediatric_medicine,4,2,2,0,0,0,Paediatric Medical Management,False,True
604,urology,2,0,2,0,0,0,Urology,False,True
605,burns,6,6,0,0,0,4,Burns Management,False,False
605,cardiology,6,6,0,0,0,4,Cardiology,True,False
605,ctvs,6,6,0,0,0,4,Cardio-thoracic & Vascular Surgery,True,False
605,emergency_room,8,6,2,0,0,4,Emergency Room Packages,False,False
605,ent,7,6,1,0,0,4,Otorhinolaryngology (ENT),False,False
605,general_medicine,10,6,4,0,0,4,General Medicine,False,False
605,general_surgery,7,6,1,0,0,4,General Surgery,False,False
605,interventional_neuroradiology,6,6,0,0,0,4,Interventional Neuroradiology,True,False
605,medical_oncology,6,6,0,0,0,4,Medical Oncology,False,False
605,mental_disorders,6,6,0,0,0,4,Mental Disorders,False,False
605,neonatal,6,6,0,0,0,4,Neo-natal Care,False,False
605,neurosurgery,6,6,0,0,0,4,Neurosurgery,True,False
605,obgyn,7,6,1,0,0,4,Obstetrics & Gynaecology,False,False
605,ophthalmology,8,6,2,0,0,4,Ophthalmology,False,False
605,oral_maxillofacial,6,6,0,0,0,4,Oral & Maxillofacial Surgery,False,False
605,orthopaedics,7,6,1,0,0,4,Orthopaedics,False,False
605,paediatric_cancer,6,6,0,0,0,4,Paediatric Cancer,False,False
605,paediatric_medicine,6,6,0,0,0,4,Paediatric Medical Management,False,False
605,paediatric_surgery,6,6,0,0,0,4,Paediatric Surgery,False,False
605,plastic_surgery,6,6,0,0,0,4,Plastic & Reconstructive Surgery,False,False
605,polytrauma,6,6,0,0,0,4,Polytrauma,False,False
605,radiation_oncology,6,6,0,0,0,4,Radiation Oncology,True,False
605,surgical_oncology,6,6,0,0,0,4,Surgical Oncology,False,False
605,urology,7,6,1,0,0,4,Urology,False,False
606,emergency_room,7,5,1,1,0,5,Emergency Room Packages,False,True
606,general_medicine,7,5,1,1,0,5,General Medicine,False,True
606,general_surgery,7,5,1,1,0,5,General Surgery,False,True
606,obgyn,6,5,0,1,0,5,Obstetrics & Gynaecology,False,True
606,ophthalmology,1,0,0,1,0,0,Ophthalmology,False,True
606,oral_maxillofacial,1,0,0,1,0,0,Oral & Maxillofacial Surgery,False,True
606,orthopaedics,1,0,1,0,0,0,Orthopaedics,False,True
606,paediatric_medicine,6,5,1,0,0,5,Paediatric Medical Management,False,True
607,burns,1,0,1,0,0,0,Burns Management,False,True
607,cardiology,1,0,1,0,0,0,Cardiology,True,True
607,emergency_room,15,4,8,0,3,3,Emergency Room Packages,False,True
607,ent,3,0,2,0,1,0,Otorhinolaryngology (ENT),False,True
607,general_medicine,15,4,8,0,3,3,General Medicine,False,True
607,general_surgery,12,4,7,0,1,3,General Surgery,False,True
607,interventional_neuroradiology,1,0,1,0,0,0,Interventional Neuroradiology,True,True
607,medical_oncology,1,0,1,0,0,0,Medical Oncology,False,True
607,mental_disorders,2,1,0,0,1,0,Mental Disorders,False,True
607,neonatal,5,1,4,0,0,0,Neo-natal Care,False,True
607,neurosurgery,1,0,1,0,0,0,Neurosurgery,True,True
607,obgyn,10,4,5,0,1,3,Obstetrics & Gynaecology,False,True
607,ophthalmology,6,1,4,0,1,0,Ophthalmology,False,True
607,oral_maxillofacial,4,1,2,0,1,0,Oral & Maxillofacial Surgery,False,True
607,orthopaedics,8,1,6,0,1,0,Orthopaedics,False,True
607,paediatric_medicine,11,4,5,0,2,3,Paediatric Medical Management,False,True
607,plastic_surgery,1,0,1,0,0,0,Plastic & Reconstructive Surgery,False,True
607,polytrauma,2,0,2,0,0,0,Polytrauma,False,True
607,surgical_oncology,1,0,1,0,0,0,Surgical Oncology,False,True
607,urology,2,0,2,0,0,0,Urology,False,True
608,burns,17,6,9,2,0,3,Burns Management,False,False
608,cardiology,18,6,10,2,0,3,Cardiology,True,False
608,ctvs,12,6,5,1,0,3,Cardio-thoracic & Vascular Surgery,True,False
608,emergency_room,30,7,16,7,0,3,Emergency Room Packages,False,False
608,ent,23,6,11,6,0,3,Otorhinolaryngology (ENT),False,False
608,general_medicine,37,9,20,8,0,4,General Medicine,False,False
608,general_surgery,34,8,19,7,0,4,General Surgery,False,False
608,interventional_neuroradiology,16,6,8,2,0,3,Interventional Neuroradiology,True,False
608,medical_oncology,18,7,8,3,0,3,Medical Oncology,False,False
608,mental_disorders,6,6,0,0,0,3,Mental Disorders,False,False
608,neonatal,12,6,4,2,0,3,Neo-natal Care,False,False
608,neurosurgery,18,6,10,2,0,3,Neurosurgery,True,False
608,obgyn,27,7,13,7,0,4,Obstetrics & Gynaecology,False,False
608,ophthalmology,15,7,5,3,0,4,Ophthalmology,False,False
608,oral_maxillofacial,17,7,6,4,0,4,Oral & Maxillofacial Surgery,False,False
608,orthopaedics,34,9,17,8,0,4,Orthopaedics,False,False
608,paediatric_cancer,9,6,2,1,0,3,Paediatric Cancer,False,False
608,paediatric_medicine,26,7,14,5,0,4,Paediatric Medical Management,False,False
608,paediatric_surgery,10,6,3,1,0,3,Paediatric Surgery,False,False
608,plastic_surgery,19,6,10,3,0,3,Plastic & Reconstructive Surgery,False,False
608,polytrauma,18,6,9,3,0,3,Polytrauma,False,False
608,radiation_oncology,11,7,2,2,0,3,Radiation Oncology,True,False
608,surgical_oncology,16,7,5,4,0,3,Surgical Oncology,False,False
608,urology,31,7,16,8,0,3,Urology,False,False
609,burns,14,12,2,0,0,9,Burns Management,False,False
609,cardiology,13,12,0,1,0,9,Cardiology,True,False
609,ctvs,12,12,0,0,0,9,Cardio-thoracic & Vascular Surgery,True,False
609,emergency_room,23,12,8,3,0,9,Emergency Room Packages,False,False
609,ent,15,12,2,1,0,9,Otorhinolaryngology (ENT),False,False
609,general_medicine,26,12,11,3,0,9,General Medicine,False,False
609,general_surgery,26,12,11,3,0,9,General Surgery,False,False
609,interventional_neuroradiology,12,12,0,0,0,9,Interventional Neuroradiology,True,False
609,medical_oncology,13,12,1,0,0,9,Medical Oncology,False,False
609,mental_disorders,12,12,0,0,0,9,Mental Disorders,False,False
609,neonatal,12,12,0,0,0,9,Neo-natal Care,False,False
609,neurosurgery,12,12,0,0,0,9,Neurosurgery,True,False
609,obgyn,21,12,6,3,0,9,Obstetrics & Gynaecology,False,False
609,ophthalmology,16,12,4,0,0,9,Ophthalmology,False,False
609,oral_maxillofacial,13,12,1,0,0,9,Oral & Maxillofacial Surgery,False,False
609,orthopaedics,23,12,9,2,0,9,Orthopaedics,False,False
609,paediatric_cancer,12,12,0,0,0,9,Paediatric Cancer,False,False
609,paediatric_medicine,14,12,1,1,0,9,Paediatric Medical Management,False,False
609,paediatric_surgery,12,12,0,0,0,9,Paediatric Surgery,False,False
609,plastic_surgery,14,12,2,0,0,9,Plastic & Reconstructive Surgery,False,False
609,polytrauma,12,12,0,0,0,9,Polytrauma,False,False
609,radiation_oncology,12,12,0,0,0,9,Radiation Oncology,True,False
609,surgical_oncology,12,12,0,0,0,9,Surgical Oncology,False,False
609,urology,22,12,8,2,0,9,Urology,False,False
610,emergency_room,1,0,1,0,0,0,Emergency Room Packages,False,False
610,general_medicine,3,0,3,0,0,0,General Medicine,False,False
610,orthopaedics,1,0,1,0,0,0,Orthopaedics,False,False
610,urology,3,0,3,0,0,0,Urology,False,False
611,emergency_room,4,4,0,0,0,3,Emergency Room Packages,False,False
611,general_medicine,4,4,0,0,0,3,General Medicine,False,False
611,general_surgery,2,2,0,0,0,2,General Surgery,False,False
611,obgyn,1,1,0,0,0,0,Obstetrics & Gynaecology,False,False
611,ophthalmology,1,1,0,0,0,0,Ophthalmology,False,False
611,oral_maxillofacial,1,1,0,0,0,0,Oral & Maxillofacial Surgery,False,False
611,paediatric_medicine,1,1,0,0,0,0,Paediatric Medical Management,False,False
612,emergency_room,1,1,0,0,0,0,Emergency Room Packages,False,False
612,ent,1,1,0,0,0,0,Otorhinolaryngology (ENT),False,False
612,general_medicine,1,1,0,0,0,0,General Medicine,False,False
612,general_surgery,1,1,0,0,0,0,General Surgery,False,False
612,obgyn,2,2,0,0,0,1,Obstetrics & Gynaecology,False,False
612,ophthalmology,2,2,0,0,0,1,Ophthalmology,False,False
612,oral_maxillofacial,1,1,0,0,0,0,Oral & Maxillofacial Surgery,False,False
612,paediatric_medicine,1,1,0,0,0,0,Paediatric Medical Management,False,False
613,burns,3,3,0,0,0,2,Burns Management,False,False
613,cardiology,1,1,0,0,0,0,Cardiology,True,False
613,ctvs,1,1,0,0,0,0,Cardio-thoracic & Vascular Surgery,True,False
613,emergency_room,3,3,0,0,0,2,Emergency Room Packages,False,False
613,ent,3,3,0,0,0,2,Otorhinolaryngology (ENT),False,False
613,general_medicine,3,3,0,0,0,2,General Medicine,False,False
613,general_surgery,3,3,0,0,0,2,General Surgery,False,False
613,interventional_neuroradiology,1,1,0,0,0,0,Interventional Neuroradiology,True,False
613,medical_oncology,1,1,0,0,0,0,Medical Oncology,False,False
613,mental_disorders,1,1,0,0,0,0,Mental Disorders,False,False
613,neonatal,3,3,0,0,0,2,Neo-natal Care,False,False
613,neurosurgery,1,1,0,0,0,0,Neurosurgery,True,False
613,obgyn,3,3,0,0,0,2,Obstetrics & Gynaecology,False,False
613,ophthalmology,3,3,0,0,0,2,Ophthalmology,False,False
613,oral_maxillofacial,3,3,0,0,0,2,Oral & Maxillofacial Surgery,False,False
613,orthopaedics,3,3,0,0,0,2,Orthopaedics,False,False
613,paediatric_cancer,1,1,0,0,0,0,Paediatric Cancer,False,False
613,paediatric_medicine,3,3,0,0,0,2,Paediatric Medical Management,False,False
613,paediatric_surgery,2,2,0,0,0,1,Paediatric Surgery,False,False
613,plastic_surgery,3,3,0,0,0,2,Plastic & Reconstructive Surgery,False,False
613,polytrauma,1,1,0,0,0,0,Polytrauma,False,False
613,radiation_oncology,1,1,0,0,0,0,Radiation Oncology,True,False
613,surgical_oncology,1,1,0,0,0,0,Surgical Oncology,False,False
613,urology,1,1,0,0,0,0,Urology,False,False
614,burns,2,2,0,0,0,1,Burns Management,False,True
614,cardiology,1,1,0,0,0,0,Cardiology,True,True
614,ctvs,1,1,0,0,0,0,Cardio-thoracic & Vascular Surgery,True,True
614,emergency_room,3,3,0,0,0,2,Emergency Room Packages,False,True
614,ent,3,3,0,0,0,2,Otorhinolaryngology (ENT),False,True
614,general_medicine,3,3,0,0,0,2,General Medicine,False,True
614,general_surgery,3,3,0,0,0,2,General Surgery,False,True
614,interventional_neuroradiology,1,1,0,0,0,0,Interventional Neuroradiology,True,True
614,medical_oncology,1,1,0,0,0,0,Medical Oncology,False,True
614,mental_disorders,1,1,0,0,0,0,Mental Disorders,False,True
614,neonatal,3,3,0,0,0,2,Neo-natal Care,False,True
614,neurosurgery,1,1,0,0,0,0,Neurosurgery,True,True
614,obgyn,3,3,0,0,0,2,Obstetrics & Gynaecology,False,True
614,ophthalmology,3,3,0,0,0,2,Ophthalmology,False,True
614,oral_maxillofacial,2,2,0,0,0,1,Oral & Maxillofacial Surgery,False,True
614,orthopaedics,3,3,0,0,0,2,Orthopaedics,False,True
614,paediatric_cancer,1,1,0,0,0,0,Paediatric Cancer,False,True
614,paediatric_medicine,3,3,0,0,0,2,Paediatric Medical Management,False,True
614,paediatric_surgery,1,1,0,0,0,0,Paediatric Surgery,False,True
614,plastic_surgery,2,2,0,0,0,1,Plastic & Reconstructive Surgery,False,True
614,polytrauma,2,2,0,0,0,1,Polytrauma,False,True
614,radiation_oncology,1,1,0,0,0,0,Radiation Oncology,True,True
614,surgical_oncology,1,1,0,0,0,0,Surgical Oncology,False,True
614,urology,1,1,0,0,0,0,Urology,False,True
615,burns,3,3,0,0,0,2,Burns Management,False,False
615,cardiology,1,1,0,0,0,0,Cardiology,True,False
615,ctvs,1,1,0,0,0,0,Cardio-thoracic & Vascular Surgery,True,False
615,emergency_room,3,3,0,0,0,2,Emergency Room Packages,False,False
615,ent,3,3,0,0,0,2,Otorhinolaryngology (ENT),False,False
615,general_medicine,3,3,0,0,0,2,General Medicine,False,False
615,general_surgery,2,2,0,0,0,1,General Surgery,False,False
615,interventional_neuroradiology,1,1,0,0,0,0,Interventional Neuroradiology,True,False
615,medical_oncology,1,1,0,0,0,0,Medical Oncology,False,False
615,mental_disorders,1,1,0,0,0,0,Mental Disorders,False,False
615,neonatal,2,2,0,0,0,1,Neo-natal Care,False,False
615,neurosurgery,1,1,0,0,0,0,Neurosurgery,True,False
615,obgyn,3,3,0,0,0,2,Obstetrics & Gynaecology,False,False
615,ophthalmology,3,3,0,0,0,2,Ophthalmology,False,False
615,oral_maxillofacial,2,2,0,0,0,1,Oral & Maxillofacial Surgery,False,False
615,orthopaedics,2,2,0,0,0,1,Orthopaedics,False,False
615,paediatric_cancer,1,1,0,0,0,0,Paediatric Cancer,False,False
615,paediatric_medicine,3,3,0,0,0,2,Paediatric Medical Management,False,False
615,paediatric_surgery,2,2,0,0,0,1,Paediatric Surgery,False,False
615,plastic_surgery,2,2,0,0,0,1,Plastic & Reconstructive Surgery,False,False
615,polytrauma,1,1,0,0,0,0,Polytrauma,False,False
615,radiation_oncology,1,1,0,0,0,0,Radiation Oncology,True,False
615,surgical_oncology,1,1,0,0,0,0,Surgical Oncology,False,False
615,urology,1,1,0,0,0,0,Urology,False,False
616,burns,3,3,0,0,0,1,Burns Management,False,True
616,emergency_room,3,3,0,0,0,1,Emergency Room Packages,False,True
616,ent,1,1,0,0,0,0,Otorhinolaryngology (ENT),False,True
616,general_medicine,3,3,0,0,0,1,General Medicine,False,True
616,general_surgery,1,1,0,0,0,0,General Surgery,False,True
616,mental_disorders,1,1,0,0,0,0,Mental Disorders,False,True
616,neonatal,3,3,0,0,0,1,Neo-natal Care,False,True
616,obgyn,3,3,0,0,0,1,Obstetrics & Gynaecology,False,True
616,ophthalmology,1,1,0,0,0,0,Ophthalmology,False,True
616,oral_maxillofacial,1,1,0,0,0,0,Oral & Maxillofacial Surgery,False,True
616,paediatric_medicine,3,3,0,0,0,1,Paediatric Medical Management,False,True
616,plastic_surgery,3,3,0,0,0,1,Plastic & Reconstructive Surgery,False,True
616,polytrauma,3,3,0,0,0,1,Polytrauma,False,True
617,burns,1,1,0,0,0,0,Burns Management,False,True
617,emergency_room,4,4,0,0,0,2,Emergency Room Packages,False,True
617,ent,2,2,0,0,0,0,Otorhinolaryngology (ENT),False,True
617,general_medicine,4,4,0,0,0,2,General Medicine,False,True
617,general_surgery,1,1,0,0,0,0,General Surgery,False,True
617,medical_oncology,1,1,0,0,0,0,Medical Oncology,False,True
617,mental_disorders,1,1,0,0,0,0,Mental Disorders,False,True
617,obgyn,4,4,0,0,0,2,Obstetrics & Gynaecology,False,True
617,ophthalmology,1,1,0,0,0,0,Ophthalmology,False,True
617,oral_maxillofacial,2,2,0,0,0,0,Oral & Maxillofacial Surgery,False,True
617,orthopaedics,1,1,0,0,0,1,Orthopaedics,False,True
617,paediatric_medicine,1,1,0,0,0,0,Paediatric Medical Management,False,True
617,plastic_surgery,1,1,0,0,0,0,Plastic & Reconstructive Surgery,False,True
617,polytrauma,1,1,0,0,0,0,Polytrauma,False,True
617,urology,1,1,0,0,0,0,Urology,False,True
618,burns,6,1,5,0,0,0,Burns Management,False,False
618,cardiology,16,2,13,1,0,0,Cardiology,True,False
618,ctvs,10,1,9,0,0,0,Cardio-thoracic & Vascular Surgery,True,False
618,emergency_room,29,5,21,2,1,0,Emergency Room Packages,False,False
618,ent,26,5,17,3,1,0,Otorhinolaryngology (ENT),False,False
618,general_medicine,32,6,23,2,1,0,General Medicine,False,False
618,general_surgery,32,4,24,3,1,0,General Surgery,False,False
618,interventional_neuroradiology,22,2,18,2,0,0,Interventional Neuroradiology,True,False
618,medical_oncology,14,2,11,1,0,0,Medical Oncology,False,False
618,mental_disorders,3,3,0,0,0,0,Mental Disorders,False,False
618,neonatal,8,3,4,1,0,0,Neo-natal Care,False,False
618,neurosurgery,22,2,18,2,0,0,Neurosurgery,True,False
618,obgyn,22,5,14,3,0,0,Obstetrics & Gynaecology,False,False
618,ophthalmology,23,2,15,5,1,0,Ophthalmology,False,False
618,oral_maxillofacial,10,3,5,2,0,0,Oral & Maxillofacial Surgery,False,False
618,orthopaedics,23,4,16,3,0,0,Orthopaedics,False,False
618,paediatric_cancer,2,2,0,0,0,0,Paediatric Cancer,False,False
618,paediatric_medicine,23,4,17,2,0,0,Paediatric Medical Management,False,False
618,paediatric_surgery,6,1,3,2,0,0,Paediatric Surgery,False,False
618,plastic_surgery,7,1,6,0,0,0,Plastic & Reconstructive Surgery,False,False
618,polytrauma,10,1,6,3,0,0,Polytrauma,False,False
618,radiation_oncology,4,2,2,0,0,0,Radiation Oncology,True,False
618,surgical_oncology,15,3,11,1,0,0,Surgical Oncology,False,False
618,urology,25,2,21,2,0,0,Urology,False,False
619,burns,4,0,4,0,0,0,Burns Management,False,False
619,cardiology,2,0,1,1,0,0,Cardiology,True,False
619,ctvs,2,0,1,1,0,0,Cardio-thoracic & Vascular Surgery,True,False
619,emergency_room,33,24,8,1,0,20,Emergency Room Packages,False,False
619,ent,3,1,2,0,0,0,Otorhinolaryngology (ENT),False,False
619,general_medicine,33,24,8,1,0,20,General Medicine,False,False
619,general_surgery,12,2,9,1,0,0,General Surgery,False,False
619,interventional_neuroradiology,3,0,3,0,0,0,Interventional Neuroradiology,True,False
619,mental_disorders,1,1,0,0,0,0,Mental Disorders,False,False
619,neonatal,2,0,2,0,0,0,Neo-natal Care,False,False
619,neurosurgery,4,0,4,0,0,0,Neurosurgery,True,False
619,obgyn,24,17,7,0,0,14,Obstetrics & Gynaecology,False,False
619,ophthalmology,3,2,1,0,0,0,Ophthalmology,False,False
619,oral_maxillofacial,9,7,2,0,0,4,Oral & Maxillofacial Surgery,False,False
619,orthopaedics,11,2,8,1,0,0,Orthopaedics,False,False
619,paediatric_medicine,16,8,7,1,0,5,Paediatric Medical Management,False,False
619,plastic_surgery,4,0,4,0,0,0,Plastic & Reconstructive Surgery,False,False
619,polytrauma,3,0,3,0,0,0,Polytrauma,False,False
619,urology,10,0,9,1,0,0,Urology,False,False
620,burns,2,2,0,0,0,0,Burns Management,False,False
620,emergency_room,3,3,0,0,0,1,Emergency Room Packages,False,False
620,general_medicine,3,3,0,0,0,1,General Medicine,False,False
620,general_surgery,2,2,0,0,0,0,General Surgery,False,False
620,neonatal,1,1,0,0,0,0,Neo-natal Care,False,False
620,obgyn,2,2,0,0,0,0,Obstetrics & Gynaecology,False,False
620,ophthalmology,2,2,0,0,0,0,Ophthalmology,False,False
620,orthopaedics,2,2,0,0,0,0,Orthopaedics,False,False
620,paediatric_medicine,2,2,0,0,0,0,Paediatric Medical Management,False,False
620,plastic_surgery,1,1,0,0,0,0,Plastic & Reconstructive Surgery,False,False
620,polytrauma,1,1,0,0,0,0,Polytrauma,False,False
621,burns,1,1,0,0,0,0,Burns Management,False,False
621,cardiology,1,1,0,0,0,0,Cardiology,True,False
621,ctvs,1,1,0,0,0,0,Cardio-thoracic & Vascular Surgery,True,False
621,emergency_room,4,3,1,0,0,1,Emergency Room Packages,False,False
621,ent,3,2,1,0,0,0,Otorhinolaryngology (ENT),False,False
621,general_medicine,5,4,1,0,0,2,General Medicine,False,False
621,general_surgery,4,3,1,0,0,1,General Surgery,False,False
621,interventional_neuroradiology,1,1,0,0,0,0,Interventional Neuroradiology,True,False
621,medical_oncology,1,1,0,0,0,0,Medical Oncology,False,False
621,mental_disorders,2,2,0,0,0,0,Mental Disorders,False,False
621,neonatal,2,2,0,0,0,0,Neo-natal Care,False,False
621,neurosurgery,1,1,0,0,0,0,Neurosurgery,True,False
621,obgyn,4,3,1,0,0,1,Obstetrics & Gynaecology,False,False
621,ophthalmology,3,2,1,0,0,0,Ophthalmology,False,False
621,oral_maxillofacial,2,2,0,0,0,0,Oral & Maxillofacial Surgery,False,False
621,orthopaedics,4,3,1,0,0,1,Orthopaedics,False,False
621,paediatric_cancer,1,1,0,0,0,0,Paediatric Cancer,False,False
621,paediatric_medicine,3,2,1,0,0,0,Paediatric Medical Management,False,False
621,paediatric_surgery,1,1,0,0,0,0,Paediatric Surgery,False,False
621,plastic_surgery,2,1,1,0,0,0,Plastic & Reconstructive Surgery,False,False
621,polytrauma,2,2,0,0,0,0,Polytrauma,False,False
621,radiation_oncology,1,1,0,0,0,0,Radiation Oncology,True,False
621,surgical_oncology,1,1,0,0,0,0,Surgical Oncology,False,False
621,urology,2,1,1,0,0,0,Urology,False,False
622,burns,1,0,1,0,0,0,Burns Management,False,False
622,cardiology,1,1,0,0,0,0,Cardiology,True,False
622,ctvs,1,1,0,0,0,0,Cardio-thoracic & Vascular Surgery,True,False
622,emergency_room,2,1,1,0,0,0,Emergency Room Packages,False,False
622,ent,3,1,2,0,0,0,Otorhinolaryngology (ENT),False,False
622,general_medicine,5,3,2,0,0,1,General Medicine,False,False
622,general_surgery,5,2,3,0,0,1,General Surgery,False,False
622,neonatal,1,1,0,0,0,0,Neo-natal Care,False,False
622,obgyn,4,2,2,0,0,0,Obstetrics & Gynaecology,False,False
622,ophthalmology,2,2,0,0,0,0,Ophthalmology,False,False
622,oral_maxillofacial,1,1,0,0,0,0,Oral & Maxillofacial Surgery,False,False
622,orthopaedics,3,2,1,0,0,0,Orthopaedics,False,False
622,paediatric_medicine,2,2,0,0,0,0,Paediatric Medical Management,False,False
622,paediatric_surgery,1,1,0,0,0,0,Paediatric Surgery,False,False
622,plastic_surgery,1,0,1,0,0,0,Plastic & Reconstructive Surgery,False,False
622,surgical_oncology,1,1,0,0,0,0,Surgical Oncology,False,False
622,urology,4,1,3,0,0,0,Urology,False,False
623,emergency_room,2,2,0,0,0,1,Emergency Room Packages,False,False
623,ent,1,0,1,0,0,0,Otorhinolaryngology (ENT),False,False
623,general_medicine,6,3,3,0,0,2,General Medicine,False,False
623,general_surgery,4,3,1,0,0,2,General Surgery,False,False
623,obgyn,4,3,1,0,0,2,Obstetrics & Gynaecology,False,False
623,ophthalmology,2,2,0,0,0,1,Ophthalmology,False,False
623,oral_maxillofacial,1,1,0,0,0,0,Oral & Maxillofacial Surgery,False,False
623,orthopaedics,3,2,1,0,0,1,Orthopaedics,False,False
623,paediatric_medicine,4,3,1,0,0,2,Paediatric Medical Management,False,False
624,burns,2,1,1,0,0,0,Burns Management,False,False
624,cardiology,2,1,1,0,0,0,Cardiology,True,False
624,ctvs,1,1,0,0,0,0,Cardio-thoracic & Vascular Surgery,True,False
624,emergency_room,7,5,1,1,0,2,Emergency Room Packages,False,False
624,ent,6,4,2,0,0,1,Otorhinolaryngology (ENT),False,False
624,general_medicine,8,5,2,1,0,2,General Medicine,False,False
624,general_surgery,7,4,2,1,0,1,General Surgery,False,False
624,interventional_neuroradiology,1,1,0,0,0,0,Interventional Neuroradiology,True,False
624,medical_oncology,2,1,1,0,0,0,Medical Oncology,False,False
624,mental_disorders,1,1,0,0,0,0,Mental Disorders,False,False
624,neonatal,2,1,1,0,0,0,Neo-natal Care,False,False
624,neurosurgery,2,1,1,0,0,0,Neurosurgery,True,False
624,obgyn,8,5,2,1,0,2,Obstetrics & Gynaecology,False,False
624,ophthalmology,7,4,2,1,0,1,Ophthalmology,False,False
624,oral_maxillofacial,7,4,2,1,0,1,Oral & Maxillofacial Surgery,False,False
624,orthopaedics,7,5,2,0,0,2,Orthopaedics,False,False
624,paediatric_cancer,2,1,1,0,0,0,Paediatric Cancer,False,False
624,paediatric_medicine,4,3,1,0,0,1,Paediatric Medical Management,False,False
624,paediatric_surgery,3,2,1,0,0,0,Paediatric Surgery,False,False
624,plastic_surgery,2,1,1,0,0,0,Plastic & Reconstructive Surgery,False,False
624,polytrauma,3,2,1,0,0,0,Polytrauma,False,False
624,radiation_oncology,2,1,1,0,0,0,Radiation Oncology,True,False
624,surgical_oncology,2,1,1,0,0,0,Surgical Oncology,False,False
624,urology,3,1,2,0,0,0,Urology,False,False
625,emergency_room,1,1,0,0,0,0,Emergency Room Packages,False,False
625,ent,1,0,1,0,0,0,Otorhinolaryngology (ENT),False,False
625,general_medicine,4,2,1,1,0,1,General Medicine,False,False
625,general_surgery,4,3,1,0,0,2,General Surgery,False,False
625,obgyn,3,2,1,0,0,1,Obstetrics & Gynaecology,False,False
625,ophthalmology,1,1,0,0,0,0,Ophthalmology,False,False
625,oral_maxillofacial,1,1,0,0,0,0,Oral & Maxillofacial Surgery,False,False
625,orthopaedics,2,1,1,0,0,0,Orthopaedics,False,False
625,paediatric_medicine,2,1,1,0,0,0,Paediatric Medical Management,False,False
625,urology,2,1,1,0,0,0,Urology,False,False
626,ctvs,1,1,0,0,0,0,Cardio-thoracic & Vascular Surgery,True,False
626,emergency_room,1,1,0,0,0,0,Emergency Room Packages,False,False
626,ent,2,2,0,0,0,0,Otorhinolaryngology (ENT),False,False
626,general_medicine,3,2,1,0,0,0,General Medicine,False,False
626,general_surgery,2,2,0,0,0,0,General Surgery,False,False
626,neonatal,1,1,0,0,0,0,Neo-natal Care,False,False
626,obgyn,2,2,0,0,0,0,Obstetrics & Gynaecology,False,False
626,ophthalmology,2,2,0,0,0,0,Ophthalmology,False,False
626,oral_maxillofacial,2,2,0,0,0,0,Oral & Maxillofacial Surgery,False,False
626,orthopaedics,2,2,0,0,0,0,Orthopaedics,False,False
626,paediatric_medicine,1,1,0,0,0,0,Paediatric Medical Management,False,False
626,paediatric_surgery,2,2,0,0,0,0,Paediatric Surgery,False,False
627,cardiology,1,0,1,0,0,0,Cardiology,True,False
627,ctvs,1,0,1,0,0,0,Cardio-thoracic & Vascular Surgery,True,False
627,emergency_room,3,2,1,0,0,1,Emergency Room Packages,False,False
627,ent,1,0,1,0,0,0,Otorhinolaryngology (ENT),False,False
627,general_medicine,3,2,1,0,0,1,General Medicine,False,False
627,general_surgery,3,2,1,0,0,1,General Surgery,False,False
627,interventional_neuroradiology,1,0,1,0,0,0,Interventional Neuroradiology,True,False
627,medical_oncology,1,0,1,0,0,0,Medical Oncology,False,False
627,neonatal,2,1,1,0,0,1,Neo-natal Care,False,False
627,neurosurgery,1,0,1,0,0,0,Neurosurgery,True,False
627,obgyn,3,2,1,0,0,1,Obstetrics & Gynaecology,False,False
627,ophthalmology,1,0,1,0,0,0,Ophthalmology,False,False
627,oral_maxillofacial,1,0,1,0,0,0,Oral & Maxillofacial Surgery,False,False
627,orthopaedics,2,1,1,0,0,1,Orthopaedics,False,False
627,paediatric_medicine,3,2,1,0,0,1,Paediatric Medical Management,False,False
627,radiation_oncology,1,0,1,0,0,0,Radiation Oncology,True,False
627,surgical_oncology,1,0,1,0,0,0,Surgical Oncology,False,False
627,urology,1,0,1,0,0,0,Urology,False,False
628,emergency_room,1,1,0,0,0,0,Emergency Room Packages,False,False
628,general_medicine,1,1,0,0,0,0,General Medicine,False,False
628,oral_maxillofacial,1,1,0,0,0,0,Oral & Maxillofacial Surgery,False,False
629,emergency_room,6,6,0,0,0,6,Emergency Room Packages,False,False
629,general_medicine,6,6,0,0,0,6,General Medicine,False,False
629,general_surgery,2,2,0,0,0,1,General Surgery,False,False
629,obgyn,2,2,0,0,0,1,Obstetrics & Gynaecology,False,False
629,oral_maxillofacial,2,2,0,0,0,1,Oral & Maxillofacial Surgery,False,False
629,orthopaedics,2,2,0,0,0,1,Orthopaedics,False,False
629,paediatric_medicine,2,2,0,0,0,1,Paediatric Medical Management,False,False
630,emergency_room,4,3,1,0,0,0,Emergency Room Packages,False,False
630,ent,4,4,0,0,0,0,Otorhinolaryngology (ENT),False,False
630,general_medicine,4,3,1,0,0,0,General Medicine,False,False
630,general_surgery,6,6,0,0,0,1,General Surgery,False,False
630,interventional_neuroradiology,1,1,0,0,0,0,Interventional Neuroradiology,True,False
630,medical_oncology,1,1,0,0,0,0,Medical Oncology,False,False
630,neurosurgery,1,1,0,0,0,0,Neurosurgery,True,False
630,obgyn,4,4,0,0,0,0,Obstetrics & Gynaecology,False,False
630,ophthalmology,3,2,1,0,0,0,Ophthalmology,False,False
630,orthopaedics,4,4,0,0,0,0,Orthopaedics,False,False
630,paediatric_cancer,5,5,0,0,0,2,Paediatric Cancer,False,False
630,paediatric_surgery,2,2,0,0,0,0,Paediatric Surgery,False,False
630,radiation_oncology,1,1,0,0,0,0,Radiation Oncology,True,False
630,surgical_oncology,1,1,0,0,0,0,Surgical Oncology,False,False
630,urology,2,2,0,0,0,0,Urology,False,False
631,emergency_room,2,2,0,0,0,0,Emergency Room Packages,False,False
631,ent,1,1,0,0,0,0,Otorhinolaryngology (ENT),False,False
631,general_medicine,2,2,0,0,0,0,General Medicine,False,False
631,general_surgery,3,3,0,0,0,1,General Surgery,False,False
631,obgyn,3,3,0,0,0,3,Obstetrics & Gynaecology,False,False
631,ophthalmology,1,1,0,0,0,1,Ophthalmology,False,False
631,orthopaedics,2,2,0,0,0,1,Orthopaedics,False,False
631,paediatric_cancer,2,2,0,0,0,2,Paediatric Cancer,False,False
631,paediatric_surgery,3,3,0,0,0,1,Paediatric Surgery,False,False
631,polytrauma,1,1,0,0,0,1,Polytrauma,False,False
631,surgical_oncology,1,1,0,0,0,1,Surgical Oncology,False,False
631,urology,2,2,0,0,0,1,Urology,False,False
632,emergency_room,1,1,0,0,0,0,Emergency Room Packages,False,False
632,ent,1,1,0,0,0,0,Otorhinolaryngology (ENT),False,False
632,general_medicine,3,3,0,0,0,2,General Medicine,False,False
632,general_surgery,1,1,0,0,0,0,General Surgery,False,False
632,neonatal,1,1,0,0,0,0,Neo-natal Care,False,False
632,obgyn,1,1,0,0,0,0,Obstetrics & Gynaecology,False,False
632,ophthalmology,1,1,0,0,0,0,Ophthalmology,False,False
632,oral_maxillofacial,1,1,0,0,0,0,Oral & Maxillofacial Surgery,False,False
632,orthopaedics,1,1,0,0,0,0,Orthopaedics,False,False
632,paediatric_medicine,1,1,0,0,0,0,Paediatric Medical Management,False,False
633,emergency_room,5,3,1,1,0,3,Emergency Room Packages,False,False
633,general_medicine,17,15,1,1,0,14,General Medicine,False,False
633,general_surgery,2,0,1,1,0,0,General Surgery,False,False
633,obgyn,3,1,1,1,0,1,Obstetrics & Gynaecology,False,False
633,ophthalmology,2,0,1,1,0,0,Ophthalmology,False,False
633,oral_maxillofacial,1,0,0,1,0,0,Oral & Maxillofacial Surgery,False,False
633,orthopaedics,2,1,0,1,0,0,Orthopaedics,False,False
633,paediatric_medicine,2,1,0,1,0,0,Paediatric Medical Management,False,False
634,burns,13,0,13,0,0,0,Burns Management,False,False
634,cardiology,8,0,8,0,0,0,Cardiology,True,False
634,ctvs,2,0,2,0,0,0,Cardio-thoracic & Vascular Surgery,True,False
634,emergency_room,15,0,15,0,0,0,Emergency Room Packages,False,False
634,ent,8,0,8,0,0,0,Otorhinolaryngology (ENT),False,False
634,general_medicine,17,0,17,0,0,0,General Medicine,False,False
634,general_surgery,16,0,16,0,0,0,General Surgery,False,False
634,interventional_neuroradiology,9,0,9,0,0,0,Interventional Neuroradiology,True,False
634,medical_oncology,5,0,5,0,0,0,Medical Oncology,False,False
634,neonatal,6,0,6,0,0,0,Neo-natal Care,False,False
634,neurosurgery,13,0,13,0,0,0,Neurosurgery,True,False
634,obgyn,17,0,17,0,0,0,Obstetrics & Gynaecology,False,False
634,ophthalmology,1,0,1,0,0,0,Ophthalmology,False,False
634,orthopaedics,14,0,14,0,0,0,Orthopaedics,False,False
634,paediatric_medicine,12,0,12,0,0,0,Paediatric Medical Management,False,False
634,paediatric_surgery,9,0,9,0,0,0,Paediatric Surgery,False,False
634,plastic_surgery,13,0,13,0,0,0,Plastic & Reconstructive Surgery,False,False
634,surgical_oncology,4,0,4,0,0,0,Surgical Oncology,False,False
634,urology,12,0,12,0,0,0,Urology,False,False
635,emergency_room,2,2,0,0,0,2,Emergency Room Packages,False,True
635,general_medicine,2,2,0,0,0,2,General Medicine,False,True
635,obgyn,2,2,0,0,0,1,Obstetrics & Gynaecology,False,True
635,paediatric_cancer,4,4,0,0,0,3,Paediatric Cancer,False,True
636,burns,1,1,0,0,0,0,Burns Management,False,True
636,cardiology,1,1,0,0,0,0,Cardiology,True,True
636,emergency_room,18,18,0,0,0,17,Emergency Room Packages,False,True
636,ent,1,1,0,0,0,0,Otorhinolaryngology (ENT),False,True
636,general_medicine,20,20,0,0,0,19,General Medicine,False,True
636,general_surgery,1,1,0,0,0,0,General Surgery,False,True
636,medical_oncology,1,1,0,0,0,0,Medical Oncology,False,True
636,mental_disorders,1,1,0,0,0,0,Mental Disorders,False,True
636,neonatal,1,1,0,0,0,0,Neo-natal Care,False,True
636,obgyn,20,20,0,0,0,19,Obstetrics & Gynaecology,False,True
636,ophthalmology,1,1,0,0,0,0,Ophthalmology,False,True
636,oral_maxillofacial,3,3,0,0,0,2,Oral & Maxillofacial Surgery,False,True
636,orthopaedics,1,1,0,0,0,0,Orthopaedics,False,True
636,paediatric_cancer,1,1,0,0,0,0,Paediatric Cancer,False,True
636,paediatric_medicine,9,9,0,0,0,8,Paediatric Medical Management,False,True
636,paediatric_surgery,1,1,0,0,0,0,Paediatric Surgery,False,True
636,plastic_surgery,1,1,0,0,0,0,Plastic & Reconstructive Surgery,False,True
636,polytrauma,1,1,0,0,0,0,Polytrauma,False,True
636,surgical_oncology,1,1,0,0,0,0,Surgical Oncology,False,True
636,urology,1,1,0,0,0,0,Urology,False,True
637,emergency_room,7,6,1,0,0,6,Emergency Room Packages,False,True
637,general_medicine,7,6,1,0,0,6,General Medicine,False,True
637,general_surgery,6,5,1,0,0,4,General Surgery,False,True
637,obgyn,7,6,1,0,0,5,Obstetrics & Gynaecology,False,True
637,ophthalmology,1,1,0,0,0,0,Ophthalmology,False,True
637,oral_maxillofacial,1,1,0,0,0,0,Oral & Maxillofacial Surgery,False,True
637,orthopaedics,1,1,0,0,0,0,Orthopaedics,False,True
637,paediatric_medicine,2,1,1,0,0,0,Paediatric Medical Management,False,True
638,burns,1,1,0,0,0,0,Burns Management,False,True
638,cardiology,1,1,0,0,0,0,Cardiology,True,True
638,ctvs,1,1,0,0,0,0,Cardio-thoracic & Vascular Surgery,True,True
638,emergency_room,13,8,2,0,3,7,Emergency Room Packages,False,True
638,ent,2,1,0,0,1,0,Otorhinolaryngology (ENT),False,True
638,general_medicine,14,8,3,0,3,7,General Medicine,False,True
638,general_surgery,3,1,0,0,2,0,General Surgery,False,True
638,interventional_neuroradiology,1,1,0,0,0,0,Interventional Neuroradiology,True,True
638,medical_oncology,1,1,0,0,0,0,Medical Oncology,False,True
638,mental_disorders,1,1,0,0,0,0,Mental Disorders,False,True
638,neonatal,1,1,0,0,0,0,Neo-natal Care,False,True
638,neurosurgery,1,1,0,0,0,0,Neurosurgery,True,True
638,obgyn,10,5,2,0,3,4,Obstetrics & Gynaecology,False,True
638,ophthalmology,6,1,2,0,3,0,Ophthalmology,False,True
638,oral_maxillofacial,4,1,1,0,2,0,Oral & Maxillofacial Surgery,False,True
638,orthopaedics,5,1,2,0,2,0,Orthopaedics,False,True
638,paediatric_cancer,1,1,0,0,0,0,Paediatric Cancer,False,True
638,paediatric_medicine,3,1,0,0,2,0,Paediatric Medical Management,False,True
638,paediatric_surgery,1,1,0,0,0,0,Paediatric Surgery,False,True
638,plastic_surgery,1,1,0,0,0,0,Plastic & Reconstructive Surgery,False,True
638,polytrauma,1,1,0,0,0,0,Polytrauma,False,True
638,radiation_oncology,1,1,0,0,0,0,Radiation Oncology,True,True
638,surgical_oncology,1,1,0,0,0,0,Surgical Oncology,False,True
638,urology,2,1,0,0,1,0,Urology,False,True
639,burns,2,2,0,0,0,1,Burns Management,False,False
639,cardiology,1,1,0,0,0,1,Cardiology,True,False
639,emergency_room,7,7,0,0,0,5,Emergency Room Packages,False,False
639,ent,1,1,0,0,0,1,Otorhinolaryngology (ENT),False,False
639,general_medicine,7,7,0,0,0,5,General Medicine,False,False
639,general_surgery,3,3,0,0,0,1,General Surgery,False,False
639,neonatal,1,1,0,0,0,1,Neo-natal Care,False,False
639,obgyn,3,3,0,0,0,1,Obstetrics & Gynaecology,False,False
639,ophthalmology,1,1,0,0,0,1,Ophthalmology,False,False
639,oral_maxillofacial,1,1,0,0,0,1,Oral & Maxillofacial Surgery,False,False
639,orthopaedics,3,3,0,0,0,1,Orthopaedics,False,False
639,paediatric_medicine,3,3,0,0,0,1,Paediatric Medical Management,False,False
639,polytrauma,1,1,0,0,0,1,Polytrauma,False,False
639,urology,1,1,0,0,0,1,Urology,False,False
640,cardiology,1,0,0,1,0,0,Cardiology,True,False
640,emergency_room,14,11,1,2,0,11,Emergency Room Packages,False,False
640,ent,3,0,2,1,0,0,Otorhinolaryngology (ENT),False,False
640,general_medicine,44,38,4,2,0,38,General Medicine,False,False
640,general_surgery,10,1,7,2,0,1,General Surgery,False,False
640,interventional_neuroradiology,1,0,1,0,0,0,Interventional Neuroradiology,True,False
640,neonatal,2,0,0,2,0,0,Neo-natal Care,False,False
640,neurosurgery,1,0,1,0,0,0,Neurosurgery,True,False
640,obgyn,10,2,5,3,0,1,Obstetrics & Gynaecology,False,False
640,ophthalmology,11,0,6,5,0,0,Ophthalmology,False,False
640,oral_maxillofacial,1,0,0,1,0,0,Oral & Maxillofacial Surgery,False,False
640,orthopaedics,8,2,4,2,0,2,Orthopaedics,False,False
640,paediatric_medicine,3,0,1,2,0,0,Paediatric Medical Management,False,False
640,polytrauma,2,0,1,1,0,0,Polytrauma,False,False
640,surgical_oncology,1,0,0,1,0,0,Surgical Oncology,False,False
640,urology,3,0,2,1,0,0,Urology,False,False
641,burns,42,41,1,0,0,38,Burns Management,False,False
641,cardiology,43,42,0,1,0,39,Cardiology,True,False
641,ctvs,41,41,0,0,0,38,Cardio-thoracic & Vascular Surgery,True,False
641,emergency_room,45,43,2,0,0,40,Emergency Room Packages,False,False
641,ent,42,42,0,0,0,39,Otorhinolaryngology (ENT),False,False
641,general_medicine,49,46,2,0,0,43,General Medicine,False,False
641,general_surgery,50,46,2,1,0,43,General Surgery,False,False
641,interventional_neuroradiology,41,41,0,0,0,38,Interventional Neuroradiology,True,False
641,medical_oncology,42,41,1,0,0,38,Medical Oncology,False,False
641,mental_disorders,43,43,0,0,0,40,Mental Disorders,False,False
641,neonatal,46,44,2,0,0,41,Neo-natal Care,False,False
641,neurosurgery,41,41,0,0,0,38,Neurosurgery,True,False
641,obgyn,48,46,0,1,0,43,Obstetrics & Gynaecology,False,False
641,ophthalmology,43,43,0,0,0,40,Ophthalmology,False,False
641,oral_maxillofacial,42,42,0,0,0,39,Oral & Maxillofacial Surgery,False,False
641,orthopaedics,44,41,1,1,0,38,Orthopaedics,False,False
641,paediatric_cancer,41,41,0,0,0,38,Paediatric Cancer,False,False
641,paediatric_medicine,46,44,2,0,0,41,Paediatric Medical Management,False,False
641,paediatric_surgery,42,41,1,0,0,38,Paediatric Surgery,False,False
641,plastic_surgery,43,42,1,0,0,39,Plastic & Reconstructive Surgery,False,False
641,polytrauma,43,41,1,1,0,38,Polytrauma,False,False
641,radiation_oncology,41,41,0,0,0,38,Radiation Oncology,True,False
641,surgical_oncology,41,41,0,0,0,38,Surgical Oncology,False,False
641,urology,43,41,1,1,0,38,Urology,False,False
642,emergency_room,12,12,0,0,0,11,Emergency Room Packages,False,True
642,ent,2,2,0,0,0,1,Otorhinolaryngology (ENT),False,True
642,general_medicine,13,13,0,0,0,12,General Medicine,False,True
642,general_surgery,8,8,0,0,0,7,General Surgery,False,True
642,obgyn,12,12,0,0,0,11,Obstetrics & Gynaecology,False,True
642,oral_maxillofacial,1,1,0,0,0,0,Oral & Maxillofacial Surgery,False,True
642,orthopaedics,1,1,0,0,0,0,Orthopaedics,False,True
642,paediatric_medicine,2,2,0,0,0,1,Paediatric Medical Management,False,True
643,burns,2,2,0,0,0,2,Burns Management,False,True
643,emergency_room,32,27,5,0,0,25,Emergency Room Packages,False,True
643,ent,1,1,0,0,0,0,Otorhinolaryngology (ENT),False,True
643,general_medicine,34,27,7,0,0,25,General Medicine,False,True
643,general_surgery,23,22,1,0,0,21,General Surgery,False,True
643,neonatal,1,1,0,0,0,0,Neo-natal Care,False,True
643,obgyn,29,27,2,0,0,26,Obstetrics & Gynaecology,False,True
643,ophthalmology,1,1,0,0,0,0,Ophthalmology,False,True
643,oral_maxillofacial,1,1,0,0,0,1,Oral & Maxillofacial Surgery,False,True
643,orthopaedics,5,3,2,0,0,2,Orthopaedics,False,True
643,paediatric_medicine,2,2,0,0,0,0,Paediatric Medical Management,False,True
643,paediatric_surgery,1,1,0,0,0,1,Paediatric Surgery,False,True
643,plastic_surgery,2,2,0,0,0,2,Plastic & Reconstructive Surgery,False,True
644,burns,3,3,0,0,0,2,Burns Management,False,False
644,cardiology,1,1,0,0,0,0,Cardiology,True,False
644,emergency_room,32,29,2,1,0,28,Emergency Room Packages,False,False
644,ent,4,2,2,0,0,1,Otorhinolaryngology (ENT),False,False
644,general_medicine,34,30,3,1,0,29,General Medicine,False,False
644,general_surgery,14,7,7,0,0,6,General Surgery,False,False
644,mental_disorders,1,1,0,0,0,0,Mental Disorders,False,False
644,neonatal,5,1,4,0,0,0,Neo-natal Care,False,False
644,neurosurgery,1,1,0,0,0,0,Neurosurgery,True,False
644,obgyn,34,28,6,0,0,27,Obstetrics & Gynaecology,False,False
644,ophthalmology,5,3,2,0,0,2,Ophthalmology,False,False
644,oral_maxillofacial,5,3,2,0,0,2,Oral & Maxillofacial Surgery,False,False
644,orthopaedics,11,2,7,2,0,1,Orthopaedics,False,False
644,paediatric_medicine,6,2,4,0,0,1,Paediatric Medical Management,False,False
644,paediatric_surgery,1,1,0,0,0,0,Paediatric Surgery,False,False
644,plastic_surgery,2,2,0,0,0,1,Plastic & Reconstructive Surgery,False,False
644,polytrauma,2,1,1,0,0,0,Polytrauma,False,False
644,urology,2,1,1,0,0,0,Urology,False,False
645,burns,1,0,1,0,0,0,Burns Management,False,False
645,cardiology,1,0,1,0,0,0,Cardiology,True,False
645,emergency_room,22,19,3,0,0,17,Emergency Room Packages,False,False
645,ent,3,2,1,0,0,2,Otorhinolaryngology (ENT),False,False
645,general_medicine,29,20,9,0,0,18,General Medicine,False,False
645,general_surgery,15,11,4,0,0,9,General Surgery,False,False
645,medical_oncology,1,1,0,0,0,1,Medical Oncology,False,False
645,neonatal,2,0,2,0,0,0,Neo-natal Care,False,False
645,neurosurgery,1,0,1,0,0,0,Neurosurgery,True,False
645,obgyn,22,17,5,0,0,16,Obstetrics & Gynaecology,False,False
645,oral_maxillofacial,3,1,2,0,0,1,Oral & Maxillofacial Surgery,False,False
645,orthopaedics,6,2,4,0,0,1,Orthopaedics,False,False
645,paediatric_medicine,7,5,2,0,0,3,Paediatric Medical Management,False,False
645,paediatric_surgery,2,1,1,0,0,1,Paediatric Surgery,False,False
645,plastic_surgery,1,0,1,0,0,0,Plastic & Reconstructive Surgery,False,False
645,polytrauma,2,0,2,0,0,0,Polytrauma,False,False
645,urology,1,0,1,0,0,0,Urology,False,False
646,burns,2,1,1,0,0,1,Burns Management,False,False
646,cardiology,1,1,0,0,0,1,Cardiology,True,False
646,emergency_room,33,27,5,1,0,24,Emergency Room Packages,False,False
646,ent,3,1,1,1,0,0,Otorhinolaryngology (ENT),False,False
646,general_medicine,44,37,6,1,0,34,General Medicine,False,False
646,general_surgery,14,10,3,1,0,8,General Surgery,False,False
646,mental_disorders,3,3,0,0,0,2,Mental Disorders,False,False
646,neonatal,4,2,2,0,0,2,Neo-natal Care,False,False
646,neurosurgery,1,0,1,0,0,0,Neurosurgery,True,False
646,obgyn,28,24,3,1,0,21,Obstetrics & Gynaecology,False,False
646,ophthalmology,6,5,1,0,0,4,Ophthalmology,False,False
646,oral_maxillofacial,5,2,2,1,0,1,Oral & Maxillofacial Surgery,False,False
646,orthopaedics,7,3,3,1,0,2,Orthopaedics,False,False
646,paediatric_medicine,9,4,4,1,0,3,Paediatric Medical Management,False,False
646,plastic_surgery,1,0,1,0,0,0,Plastic & Reconstructive Surgery,False,False
646,polytrauma,3,1,2,0,0,1,Polytrauma,False,False
646,urology,3,0,2,1,0,0,Urology,False,False
647,emergency_room,35,31,4,0,0,29,Emergency Room Packages,False,False
647,ent,2,1,1,0,0,0,Otorhinolaryngology (ENT),False,False
647,general_medicine,38,32,5,1,0,30,General Medicine,False,False
647,general_surgery,9,4,4,1,0,3,General Surgery,False,False
647,neonatal,3,2,1,0,0,1,Neo-natal Care,False,False
647,obgyn,37,33,4,0,0,31,Obstetrics & Gynaecology,False,False
647,ophthalmology,3,2,1,0,0,1,Ophthalmology,False,False
647,oral_maxillofacial,2,2,0,0,0,1,Oral & Maxillofacial Surgery,False,False
647,orthopaedics,6,1,5,0,0,0,Orthopaedics,False,False
647,paediatric_medicine,4,2,2,0,0,1,Paediatric Medical Management,False,False
648,emergency_room,45,42,3,0,0,41,Emergency Room Packages,False,False
648,ent,1,1,0,0,0,0,Otorhinolaryngology (ENT),False,False
648,general_medicine,49,44,5,0,0,43,General Medicine,False,False
648,general_surgery,9,6,3,0,0,5,General Surgery,False,False
648,neonatal,2,0,2,0,0,0,Neo-natal Care,False,False
648,neurosurgery,1,0,1,0,0,0,Neurosurgery,True,False
648,obgyn,32,29,3,0,0,28,Obstetrics & Gynaecology,False,False
648,ophthalmology,2,1,0,0,1,0,Ophthalmology,False,False
648,oral_maxillofacial,3,3,0,0,0,2,Oral & Maxillofacial Surgery,False,False
648,orthopaedics,4,1,3,0,0,0,Orthopaedics,False,False
648,paediatric_medicine,4,2,2,0,0,1,Paediatric Medical Management,False,False
648,polytrauma,1,0,1,0,0,0,Polytrauma,False,False
649,cardiology,4,4,0,0,0,3,Cardiology,True,False
649,emergency_room,37,35,2,0,0,33,Emergency Room Packages,False,False
649,ent,3,3,0,0,0,2,Otorhinolaryngology (ENT),False,False
649,general_medicine,39,35,4,0,0,33,General Medicine,False,False
649,general_surgery,25,24,1,0,0,22,General Surgery,False,False
649,medical_oncology,4,4,0,0,0,3,Medical Oncology,False,False
649,mental_disorders,2,2,0,0,0,2,Mental Disorders,False,False
649,neonatal,1,0,1,0,0,0,Neo-natal Care,False,False
649,neurosurgery,3,3,0,0,0,2,Neurosurgery,True,False
649,obgyn,36,35,1,0,0,33,Obstetrics & Gynaecology,False,False
649,ophthalmology,4,4,0,0,0,3,Ophthalmology,False,False
649,oral_maxillofacial,7,6,1,0,0,4,Oral & Maxillofacial Surgery,False,False
649,orthopaedics,10,7,3,0,0,5,Orthopaedics,False,False
649,paediatric_medicine,29,26,3,0,0,25,Paediatric Medical Management,False,False
649,paediatric_surgery,6,6,0,0,0,4,Paediatric Surgery,False,False
649,urology,3,3,0,0,0,2,Urology,False,False
650,emergency_room,28,26,1,1,0,24,Emergency Room Packages,False,False
650,ent,2,1,0,1,0,0,Otorhinolaryngology (ENT),False,False
650,general_medicine,29,27,1,1,0,25,General Medicine,False,False
650,general_surgery,28,25,2,1,0,23,General Surgery,False,False
650,mental_disorders,1,1,0,0,0,0,Mental Disorders,False,False
650,neonatal,1,0,0,1,0,0,Neo-natal Care,False,False
650,obgyn,29,27,2,0,0,25,Obstetrics & Gynaecology,False,False
650,ophthalmology,1,1,0,0,0,0,Ophthalmology,False,False
650,oral_maxillofacial,5,5,0,0,0,4,Oral & Maxillofacial Surgery,False,False
650,orthopaedics,4,1,2,1,0,0,Orthopaedics,False,False
650,paediatric_medicine,2,1,0,1,0,0,Paediatric Medical Management,False,False
650,polytrauma,1,0,1,0,0,0,Polytrauma,False,False
651,burns,7,6,1,0,0,4,Burns Management,False,False
651,cardiology,6,6,0,0,0,4,Cardiology,True,False
651,ctvs,6,6,0,0,0,4,Cardio-thoracic & Vascular Surgery,True,False
651,emergency_room,8,6,2,0,0,4,Emergency Room Packages,False,False
651,ent,6,6,0,0,0,4,Otorhinolaryngology (ENT),False,False
651,general_medicine,8,6,2,0,0,4,General Medicine,False,False
651,general_surgery,10,6,4,0,0,4,General Surgery,False,False
651,interventional_neuroradiology,6,6,0,0,0,4,Interventional Neuroradiology,True,False
651,medical_oncology,6,6,0,0,0,4,Medical Oncology,False,False
651,mental_disorders,6,6,0,0,0,4,Mental Disorders,False,False
651,neonatal,9,6,3,0,0,4,Neo-natal Care,False,False
651,neurosurgery,6,6,0,0,0,4,Neurosurgery,True,False
651,obgyn,10,6,4,0,0,4,Obstetrics & Gynaecology,False,False
651,ophthalmology,6,6,0,0,0,4,Ophthalmology,False,False
651,oral_maxillofacial,7,6,1,0,0,4,Oral & Maxillofacial Surgery,False,False
651,orthopaedics,10,6,4,0,0,4,Orthopaedics,False,False
651,paediatric_cancer,6,6,0,0,0,4,Paediatric Cancer,False,False
651,paediatric_medicine,9,6,3,0,0,4,Paediatric Medical Management,False,False
651,paediatric_surgery,6,6,0,0,0,4,Paediatric Surgery,False,False
651,plastic_surgery,7,6,1,0,0,4,Plastic & Reconstructive Surgery,False,False
651,polytrauma,6,6,0,0,0,4,Polytrauma,False,False
651,radiation_oncology,6,6,0,0,0,4,Radiation Oncology,True,False
651,surgical_oncology,6,6,0,0,0,4,Surgical Oncology,False,False
651,urology,9,6,3,0,0,4,Urology,False,False
652,emergency_room,9,9,0,0,0,6,Emergency Room Packages,False,False
652,general_medicine,7,7,0,0,0,4,General Medicine,False,False
652,obgyn,2,2,0,0,0,0,Obstetrics & Gynaecology,False,False
652,ophthalmology,1,1,0,0,0,0,Ophthalmology,False,False
653,emergency_room,19,19,0,0,0,15,Emergency Room Packages,False,False
653,general_medicine,16,16,0,0,0,12,General Medicine,False,False
653,general_surgery,3,3,0,0,0,1,General Surgery,False,False
653,neurosurgery,1,1,0,0,0,1,Neurosurgery,True,False
653,obgyn,1,1,0,0,0,0,Obstetrics & Gynaecology,False,False
653,oral_maxillofacial,3,3,0,0,0,2,Oral & Maxillofacial Surgery,False,False
653,paediatric_medicine,2,2,0,0,0,1,Paediatric Medical Management,False,False
653,polytrauma,1,1,0,0,0,0,Polytrauma,False,False
653,urology,1,1,0,0,0,1,Urology,False,False
654,burns,1,1,0,0,0,0,Burns Management,False,False
654,emergency_room,14,14,0,0,0,9,Emergency Room Packages,False,False
654,ent,1,1,0,0,0,0,Otorhinolaryngology (ENT),False,False
654,general_medicine,15,15,0,0,0,11,General Medicine,False,False
654,general_surgery,3,3,0,0,0,0,General Surgery,False,False
654,mental_disorders,1,1,0,0,0,0,Mental Disorders,False,False
654,obgyn,2,2,0,0,0,0,Obstetrics & Gynaecology,False,False
654,ophthalmology,1,1,0,0,0,0,Ophthalmology,False,False
654,orthopaedics,3,3,0,0,0,0,Orthopaedics,False,False
654,paediatric_medicine,2,2,0,0,0,0,Paediatric Medical Management,False,False
654,plastic_surgery,1,1,0,0,0,0,Plastic & Reconstructive Surgery,False,False
655,emergency_room,7,7,0,0,0,4,Emergency Room Packages,False,False
655,ent,1,1,0,0,0,0,Otorhinolaryngology (ENT),False,False
655,general_medicine,7,7,0,0,0,4,General Medicine,False,False
655,general_surgery,2,2,0,0,0,0,General Surgery,False,False
655,obgyn,1,1,0,0,0,0,Obstetrics & Gynaecology,False,False
655,orthopaedics,1,1,0,0,0,0,Orthopaedics,False,False
655,paediatric_medicine,1,1,0,0,0,0,Paediatric Medical Management,False,False
655,paediatric_surgery,1,1,0,0,0,0,Paediatric Surgery,False,False
656,burns,2,2,0,0,0,2,Burns Management,False,False
656,emergency_room,12,12,0,0,0,12,Emergency Room Packages,False,False
656,ent,12,12,0,0,0,12,Otorhinolaryngology (ENT),False,False
656,general_medicine,12,12,0,0,0,12,General Medicine,False,False
656,general_surgery,12,12,0,0,0,12,General Surgery,False,False
656,obgyn,12,12,0,0,0,12,Obstetrics & Gynaecology,False,False
656,ophthalmology,1,1,0,0,0,1,Ophthalmology,False,False
656,oral_maxillofacial,5,5,0,0,0,5,Oral & Maxillofacial Surgery,False,False
656,orthopaedics,1,1,0,0,0,1,Orthopaedics,False,False
656,paediatric_medicine,12,12,0,0,0,12,Paediatric Medical Management,False,False
656,plastic_surgery,2,2,0,0,0,2,Plastic & Reconstructive Surgery,False,False
657,emergency_room,9,9,0,0,0,8,Emergency Room Packages,False,False
657,ent,7,7,0,0,0,6,Otorhinolaryngology (ENT),False,False
657,general_medicine,9,9,0,0,0,8,General Medicine,False,False
657,general_surgery,7,7,0,0,0,6,General Surgery,False,False
657,obgyn,9,9,0,0,0,8,Obstetrics & Gynaecology,False,False
657,oral_maxillofacial,4,4,0,0,0,4,Oral & Maxillofacial Surgery,False,False
657,orthopaedics,1,1,0,0,0,1,Orthopaedics,False,False
657,paediatric_medicine,9,9,0,0,0,8,Paediatric Medical Management,False,False
658,burns,1,1,0,0,0,1,Burns Management,False,False
658,emergency_room,5,5,0,0,0,4,Emergency Room Packages,False,False
658,ent,4,4,0,0,0,3,Otorhinolaryngology (ENT),False,False
658,general_medicine,5,5,0,0,0,4,General Medicine,False,False
658,general_surgery,4,4,0,0,0,3,General Surgery,False,False
658,obgyn,5,5,0,0,0,4,Obstetrics & Gynaecology,False,False
658,ophthalmology,1,1,0,0,0,1,Ophthalmology,False,False
658,oral_maxillofacial,2,2,0,0,0,1,Oral & Maxillofacial Surgery,False,False
658,orthopaedics,2,2,0,0,0,1,Orthopaedics,False,False
658,paediatric_medicine,4,4,0,0,0,3,Paediatric Medical Management,False,False
658,plastic_surgery,1,1,0,0,0,1,Plastic & Reconstructive Surgery,False,False
659,burns,1,0,1,0,0,0,Burns Management,False,False
659,emergency_room,13,10,3,0,0,10,Emergency Room Packages,False,False
659,general_medicine,25,21,4,0,0,20,General Medicine,False,False
659,general_surgery,5,0,5,0,0,0,General Surgery,False,False
659,obgyn,4,1,3,0,0,0,Obstetrics & Gynaecology,False,False
659,ophthalmology,5,1,3,1,0,1,Ophthalmology,False,False
659,orthopaedics,3,0,3,0,0,0,Orthopaedics,False,False
659,paediatric_medicine,1,0,1,0,0,0,Paediatric Medical Management,False,False
660,cardiology,2,0,1,1,0,0,Cardiology,True,False
660,ctvs,1,0,1,0,0,0,Cardio-thoracic & Vascular Surgery,True,False
660,emergency_room,16,7,8,1,0,5,Emergency Room Packages,False,False
660,ent,2,0,2,0,0,0,Otorhinolaryngology (ENT),False,False
660,general_medicine,38,18,19,1,0,16,General Medicine,False,False
660,general_surgery,22,2,19,1,0,2,General Surgery,False,False
660,medical_oncology,1,0,1,0,0,0,Medical Oncology,False,False
660,neonatal,2,0,1,1,0,0,Neo-natal Care,False,False
660,neurosurgery,1,0,1,0,0,0,Neurosurgery,True,False
660,obgyn,15,3,11,1,0,2,Obstetrics & Gynaecology,False,False
660,ophthalmology,8,1,6,1,0,1,Ophthalmology,False,False
660,oral_maxillofacial,3,1,2,0,0,1,Oral & Maxillofacial Surgery,False,False
660,orthopaedics,11,2,8,1,0,1,Orthopaedics,False,False
660,paediatric_cancer,1,0,1,0,0,0,Paediatric Cancer,False,False
660,paediatric_medicine,3,1,1,1,0,1,Paediatric Medical Management,False,False
660,paediatric_surgery,1,0,1,0,0,0,Paediatric Surgery,False,False
660,surgical_oncology,1,0,1,0,0,0,Surgical Oncology,False,False
660,urology,4,0,4,0,0,0,Urology,False,False
661,burns,4,1,0,3,0,1,Burns Management,False,False
661,cardiology,2,0,0,2,0,0,Cardiology,True,False
661,ctvs,1,0,0,1,0,0,Cardio-thoracic & Vascular Surgery,True,False
661,emergency_room,19,4,8,7,0,3,Emergency Room Packages,False,False
661,ent,6,2,0,4,0,1,Otorhinolaryngology (ENT),False,False
661,general_medicine,47,27,13,7,0,22,General Medicine,False,False
661,general_surgery,22,4,12,6,0,3,General Surgery,False,False
661,interventional_neuroradiology,2,0,0,2,0,0,Interventional Neuroradiology,True,False
661,medical_oncology,1,0,0,1,0,0,Medical Oncology,False,False
661,neonatal,8,2,3,3,0,1,Neo-natal Care,False,False
661,neurosurgery,2,0,0,2,0,0,Neurosurgery,True,False
661,obgyn,19,5,8,6,0,4,Obstetrics & Gynaecology,False,False
661,ophthalmology,13,4,4,5,0,3,Ophthalmology,False,False
661,oral_maxillofacial,8,4,1,3,0,3,Oral & Maxillofacial Surgery,False,False
661,orthopaedics,22,4,12,6,0,3,Orthopaedics,False,False
661,paediatric_medicine,17,4,8,5,0,3,Paediatric Medical Management,False,False
661,plastic_surgery,3,0,0,3,0,0,Plastic & Reconstructive Surgery,False,False
661,polytrauma,3,0,2,1,0,0,Polytrauma,False,False
661,surgical_oncology,1,0,0,1,0,0,Surgical Oncology,False,False
661,urology,7,0,5,2,0,0,Urology,False,False
662,burns,7,5,2,0,0,4,Burns Management,False,False
662,cardiology,9,5,3,1,0,4,Cardiology,True,False
662,ctvs,5,5,0,0,0,4,Cardio-thoracic & Vascular Surgery,True,False
662,emergency_room,12,5,7,0,0,4,Emergency Room Packages,False,False
662,ent,8,5,3,0,0,4,Otorhinolaryngology (ENT),False,False
662,general_medicine,17,5,11,1,0,4,General Medicine,False,False
662,general_surgery,17,5,11,1,0,4,General Surgery,False,False
662,interventional_neuroradiology,7,5,2,0,0,4,Interventional Neuroradiology,True,False
662,medical_oncology,5,5,0,0,0,4,Medical Oncology,False,False
662,mental_disorders,5,5,0,0,0,4,Mental Disorders,False,False
662,neonatal,5,5,0,0,0,4,Neo-natal Care,False,False
662,neurosurgery,7,5,2,0,0,4,Neurosurgery,True,False
662,obgyn,9,5,3,1,0,4,Obstetrics & Gynaecology,False,False
662,ophthalmology,6,5,1,0,0,4,Ophthalmology,False,False
662,oral_maxillofacial,7,5,2,0,0,4,Oral & Maxillofacial Surgery,False,False
662,orthopaedics,15,5,9,1,0,4,Orthopaedics,False,False
662,paediatric_cancer,5,5,0,0,0,4,Paediatric Cancer,False,False
662,paediatric_medicine,6,5,1,0,0,4,Paediatric Medical Management,False,False
662,paediatric_surgery,5,5,0,0,0,4,Paediatric Surgery,False,False
662,plastic_surgery,7,5,2,0,0,4,Plastic & Reconstructive Surgery,False,False
662,polytrauma,7,5,2,0,0,4,Polytrauma,False,False
662,radiation_oncology,5,5,0,0,0,4,Radiation Oncology,True,False
662,surgical_oncology,5,5,0,0,0,4,Surgical Oncology,False,False
662,urology,11,5,6,0,0,4,Urology,False,False
663,emergency_room,11,11,0,0,0,10,Emergency Room Packages,False,False
663,ent,10,10,0,0,0,9,Otorhinolaryngology (ENT),False,False
663,general_medicine,11,11,0,0,0,10,General Medicine,False,False
663,general_surgery,10,10,0,0,0,9,General Surgery,False,False
663,neonatal,2,2,0,0,0,1,Neo-natal Care,False,False
663,obgyn,11,11,0,0,0,10,Obstetrics & Gynaecology,False,False
663,ophthalmology,1,1,0,0,0,0,Ophthalmology,False,False
663,oral_maxillofacial,4,4,0,0,0,3,Oral & Maxillofacial Surgery,False,False
663,orthopaedics,3,3,0,0,0,2,Orthopaedics,False,False
663,paediatric_medicine,10,10,0,0,0,9,Paediatric Medical Management,False,False
665,burns,5,0,5,0,0,0,Burns Management,False,False
665,cardiology,4,0,4,0,0,0,Cardiology,True,False
665,ctvs,2,0,2,0,0,0,Cardio-thoracic & Vascular Surgery,True,False
665,emergency_room,10,2,7,1,0,0,Emergency Room Packages,False,False
665,ent,6,0,5,1,0,0,Otorhinolaryngology (ENT),False,False
665,general_medicine,10,2,7,1,0,0,General Medicine,False,False
665,general_surgery,11,3,7,1,0,0,General Surgery,False,False
665,interventional_neuroradiology,5,0,5,0,0,0,Interventional Neuroradiology,True,False
665,medical_oncology,3,0,3,0,0,0,Medical Oncology,False,False
665,mental_disorders,3,0,3,0,0,0,Mental Disorders,False,False
665,neonatal,2,0,2,0,0,0,Neo-natal Care,False,False
665,neurosurgery,6,0,6,0,0,0,Neurosurgery,True,False
665,obgyn,9,3,6,0,0,0,Obstetrics & Gynaecology,False,False
665,ophthalmology,6,0,5,1,0,0,Ophthalmology,False,False
665,oral_maxillofacial,5,0,4,1,0,0,Oral & Maxillofacial Surgery,False,False
665,orthopaedics,9,1,7,1,0,0,Orthopaedics,False,False
665,paediatric_cancer,2,0,2,0,0,0,Paediatric Cancer,False,False
665,paediatric_medicine,9,2,6,1,0,0,Paediatric Medical Management,False,False
665,paediatric_surgery,3,0,3,0,0,0,Paediatric Surgery,False,False
665,plastic_surgery,5,0,5,0,0,0,Plastic & Reconstructive Surgery,False,False
665,polytrauma,6,0,6,0,0,0,Polytrauma,False,False
665,radiation_oncology,2,0,2,0,0,0,Radiation Oncology,True,False
665,surgical_oncology,5,0,5,0,0,0,Surgical Oncology,False,False
665,urology,8,0,7,1,0,0,Urology,False,False
666,emergency_room,1,1,0,0,0,0,Emergency Room Packages,False,False
666,general_medicine,1,1,0,0,0,0,General Medicine,False,False
666,general_surgery,1,1,0,0,0,0,General Surgery,False,False
666,oral_maxillofacial,1,1,0,0,0,0,Oral & Maxillofacial Surgery,False,False
667,emergency_room,4,4,0,0,0,3,Emergency Room Packages,False,False
667,ent,1,0,1,0,0,0,Otorhinolaryngology (ENT),False,False
667,general_medicine,6,4,2,0,0,3,General Medicine,False,False
667,general_surgery,4,2,2,0,0,1,General Surgery,False,False
667,neonatal,1,1,0,0,0,0,Neo-natal Care,False,False
667,neurosurgery,1,0,1,0,0,0,Neurosurgery,True,False
667,obgyn,5,4,1,0,0,3,Obstetrics & Gynaecology,False,False
667,ophthalmology,1,1,0,0,0,0,Ophthalmology,False,False
667,oral_maxillofacial,2,1,1,0,0,0,Oral & Maxillofacial Surgery,False,False
667,orthopaedics,6,2,4,0,0,1,Orthopaedics,False,False
667,paediatric_cancer,1,1,0,0,0,1,Paediatric Cancer,False,False
667,paediatric_medicine,3,3,0,0,0,2,Paediatric Medical Management,False,False
667,paediatric_surgery,1,0,1,0,0,0,Paediatric Surgery,False,False
667,plastic_surgery,1,0,1,0,0,0,Plastic & Reconstructive Surgery,False,False
667,polytrauma,2,1,1,0,0,1,Polytrauma,False,False
667,urology,2,0,2,0,0,0,Urology,False,False
668,burns,31,30,1,0,0,28,Burns Management,False,False
668,cardiology,11,11,0,0,0,9,Cardiology,True,False
668,ctvs,11,11,0,0,0,9,Cardio-thoracic & Vascular Surgery,True,False
668,emergency_room,33,30,2,0,0,28,Emergency Room Packages,False,False
668,ent,11,11,0,0,0,9,Otorhinolaryngology (ENT),False,False
668,general_medicine,38,34,3,0,0,32,General Medicine,False,False
668,general_surgery,16,11,4,0,0,9,General Surgery,False,False
668,interventional_neuroradiology,12,11,1,0,0,9,Interventional Neuroradiology,True,False
668,medical_oncology,11,11,0,0,0,9,Medical Oncology,False,False
668,mental_disorders,11,11,0,0,0,9,Mental Disorders,False,False
668,neonatal,32,29,3,0,0,27,Neo-natal Care,False,False
668,neurosurgery,12,11,1,0,0,9,Neurosurgery,True,False
668,obgyn,37,32,3,0,0,30,Obstetrics & Gynaecology,False,False
668,ophthalmology,30,30,0,0,0,28,Ophthalmology,False,False
668,oral_maxillofacial,11,11,0,0,0,9,Oral & Maxillofacial Surgery,False,False
668,orthopaedics,18,11,5,0,0,9,Orthopaedics,False,False
668,paediatric_cancer,11,11,0,0,0,9,Paediatric Cancer,False,False
668,paediatric_medicine,34,31,3,0,0,29,Paediatric Medical Management,False,False
668,paediatric_surgery,11,11,0,0,0,9,Paediatric Surgery,False,False
668,plastic_surgery,31,30,1,0,0,28,Plastic & Reconstructive Surgery,False,False
668,polytrauma,11,11,0,0,0,9,Polytrauma,False,False
668,radiation_oncology,11,11,0,0,0,9,Radiation Oncology,True,False
668,surgical_oncology,11,11,0,0,0,9,Surgical Oncology,False,False
668,urology,13,11,2,0,0,9,Urology,False,False
669,burns,39,39,0,0,0,37,Burns Management,False,False
669,cardiology,40,39,1,0,0,37,Cardiology,True,False
669,ctvs,39,39,0,0,0,37,Cardio-thoracic & Vascular Surgery,True,False
669,emergency_room,42,41,1,0,0,39,Emergency Room Packages,False,False
669,ent,39,39,0,0,0,37,Otorhinolaryngology (ENT),False,False
669,general_medicine,46,44,2,0,0,42,General Medicine,False,False
669,general_surgery,44,42,2,0,0,40,General Surgery,False,False
669,interventional_neuroradiology,39,39,0,0,0,37,Interventional Neuroradiology,True,False
669,medical_oncology,39,39,0,0,0,37,Medical Oncology,False,False
669,mental_disorders,39,39,0,0,0,37,Mental Disorders,False,False
669,neonatal,41,39,2,0,0,37,Neo-natal Care,False,False
669,neurosurgery,39,39,0,0,0,37,Neurosurgery,True,False
669,obgyn,45,44,1,0,0,42,Obstetrics & Gynaecology,False,False
669,ophthalmology,39,39,0,0,0,37,Ophthalmology,False,False
669,oral_maxillofacial,39,39,0,0,0,37,Oral & Maxillofacial Surgery,False,False
669,orthopaedics,44,39,5,0,0,37,Orthopaedics,False,False
669,paediatric_cancer,38,38,0,0,0,36,Paediatric Cancer,False,False
669,paediatric_medicine,41,39,2,0,0,37,Paediatric Medical Management,False,False
669,paediatric_surgery,39,39,0,0,0,37,Paediatric Surgery,False,False
669,plastic_surgery,39,39,0,0,0,37,Plastic & Reconstructive Surgery,False,False
669,polytrauma,43,39,4,0,0,37,Polytrauma,False,False
669,radiation_oncology,39,39,0,0,0,37,Radiation Oncology,True,False
669,surgical_oncology,39,39,0,0,0,37,Surgical Oncology,False,False
669,urology,39,39,0,0,0,37,Urology,False,False
672,burns,20,19,1,0,0,18,Burns Management,False,False
672,cardiology,20,18,2,0,0,17,Cardiology,True,False
672,ctvs,18,18,0,0,0,17,Cardio-thoracic & Vascular Surgery,True,False
672,emergency_room,42,37,4,1,0,35,Emergency Room Packages,False,False
672,ent,19,18,1,0,0,17,Otorhinolaryngology (ENT),False,False
672,general_medicine,49,44,4,1,0,42,General Medicine,False,False
672,general_surgery,27,18,9,0,0,17,General Surgery,False,False
672,interventional_neuroradiology,19,18,1,0,0,17,Interventional Neuroradiology,True,False
672,medical_oncology,19,18,1,0,0,17,Medical Oncology,False,False
672,mental_disorders,18,18,0,0,0,17,Mental Disorders,False,False
672,neonatal,22,18,4,0,0,17,Neo-natal Care,False,False
672,neurosurgery,19,18,1,0,0,17,Neurosurgery,True,False
672,obgyn,26,21,5,0,0,20,Obstetrics & Gynaecology,False,False
672,ophthalmology,21,19,2,0,0,18,Ophthalmology,False,False
672,oral_maxillofacial,20,18,2,0,0,17,Oral & Maxillofacial Surgery,False,False
672,orthopaedics,28,18,10,0,0,17,Orthopaedics,False,False
672,paediatric_cancer,18,18,0,0,0,17,Paediatric Cancer,False,False
672,paediatric_medicine,23,20,3,0,0,19,Paediatric Medical Management,False,False
672,paediatric_surgery,19,18,1,0,0,17,Paediatric Surgery,False,False
672,plastic_surgery,19,18,1,0,0,17,Plastic & Reconstructive Surgery,False,False
672,polytrauma,23,18,5,0,0,17,Polytrauma,False,False
672,radiation_oncology,18,18,0,0,0,17,Radiation Oncology,True,False
672,surgical_oncology,19,18,1,0,0,17,Surgical Oncology,False,False
672,urology,24,18,5,1,0,17,Urology,False,False
673,burns,34,32,2,0,0,28,Burns Management,False,False
673,cardiology,34,32,2,0,0,28,Cardiology,True,False
673,ctvs,32,32,0,0,0,28,Cardio-thoracic & Vascular Surgery,True,False
673,emergency_room,35,33,2,0,0,29,Emergency Room Packages,False,False
673,ent,33,33,0,0,0,29,Otorhinolaryngology (ENT),False,False
673,general_medicine,36,33,2,0,0,29,General Medicine,False,False
673,general_surgery,36,32,3,0,0,28,General Surgery,False,False
673,interventional_neuroradiology,33,32,1,0,0,28,Interventional Neuroradiology,True,False
673,medical_oncology,32,32,0,0,0,28,Medical Oncology,False,False
673,mental_disorders,32,32,0,0,0,28,Mental Disorders,False,False
673,neonatal,37,32,4,0,0,28,Neo-natal Care,False,False
673,neurosurgery,34,32,2,0,0,28,Neurosurgery,True,False
673,obgyn,35,33,2,0,0,29,Obstetrics & Gynaecology,False,False
673,ophthalmology,33,33,0,0,0,29,Ophthalmology,False,False
673,oral_maxillofacial,34,33,1,0,0,29,Oral & Maxillofacial Surgery,False,False
673,orthopaedics,37,33,3,0,0,29,Orthopaedics,False,False
673,paediatric_cancer,32,32,0,0,0,28,Paediatric Cancer,False,False
673,paediatric_medicine,36,33,3,0,0,29,Paediatric Medical Management,False,False
673,paediatric_surgery,32,32,0,0,0,28,Paediatric Surgery,False,False
673,plastic_surgery,34,32,2,0,0,28,Plastic & Reconstructive Surgery,False,False
673,polytrauma,36,33,3,0,0,29,Polytrauma,False,False
673,radiation_oncology,32,32,0,0,0,28,Radiation Oncology,True,False
673,surgical_oncology,32,32,0,0,0,28,Surgical Oncology,False,False
673,urology,35,32,3,0,0,28,Urology,False,False
674,burns,30,30,0,0,0,28,Burns Management,False,False
674,cardiology,30,30,0,0,0,28,Cardiology,True,False
674,ctvs,30,30,0,0,0,28,Cardio-thoracic & Vascular Surgery,True,False
674,emergency_room,30,30,0,0,0,28,Emergency Room Packages,False,False
674,ent,31,30,1,0,0,28,Otorhinolaryngology (ENT),False,False
674,general_medicine,30,30,0,0,0,28,General Medicine,False,False
674,general_surgery,32,30,2,0,0,28,General Surgery,False,False
674,interventional_neuroradiology,30,30,0,0,0,28,Interventional Neuroradiology,True,False
674,medical_oncology,31,30,1,0,0,28,Medical Oncology,False,False
674,mental_disorders,30,30,0,0,0,28,Mental Disorders,False,False
674,neonatal,31,30,1,0,0,28,Neo-natal Care,False,False
674,neurosurgery,30,30,0,0,0,28,Neurosurgery,True,False
674,obgyn,30,30,0,0,0,28,Obstetrics & Gynaecology,False,False
674,ophthalmology,30,30,0,0,0,28,Ophthalmology,False,False
674,oral_maxillofacial,30,30,0,0,0,28,Oral & Maxillofacial Surgery,False,False
674,orthopaedics,34,30,4,0,0,28,Orthopaedics,False,False
674,paediatric_cancer,30,30,0,0,0,28,Paediatric Cancer,False,False
674,paediatric_medicine,31,30,1,0,0,28,Paediatric Medical Management,False,False
674,paediatric_surgery,30,30,0,0,0,28,Paediatric Surgery,False,False
674,plastic_surgery,30,30,0,0,0,28,Plastic & Reconstructive Surgery,False,False
674,polytrauma,31,30,1,0,0,28,Polytrauma,False,False
674,radiation_oncology,30,30,0,0,0,28,Radiation Oncology,True,False
674,surgical_oncology,30,30,0,0,0,28,Surgical Oncology,False,False
674,urology,31,30,1,0,0,28,Urology,False,False
675,burns,10,10,0,0,0,6,Burns Management,False,False
675,cardiology,11,10,1,0,0,6,Cardiology,True,False
675,ctvs,10,10,0,0,0,6,Cardio-thoracic & Vascular Surgery,True,False
675,emergency_room,37,34,3,0,0,27,Emergency Room Packages,False,False
675,ent,11,10,1,0,0,6,Otorhinolaryngology (ENT),False,False
675,general_medicine,38,34,4,0,0,27,General Medicine,False,False
675,general_surgery,21,12,9,0,0,8,General Surgery,False,False
675,interventional_neuroradiology,10,10,0,0,0,6,Interventional Neuroradiology,True,False
675,medical_oncology,11,10,1,0,0,6,Medical Oncology,False,False
675,mental_disorders,10,10,0,0,0,6,Mental Disorders,False,False
675,neonatal,16,11,5,0,0,6,Neo-natal Care,False,False
675,neurosurgery,10,10,0,0,0,6,Neurosurgery,True,False
675,obgyn,27,18,8,0,0,13,Obstetrics & Gynaecology,False,False
675,ophthalmology,12,10,2,0,0,6,Ophthalmology,False,False
675,oral_maxillofacial,13,11,2,0,0,7,Oral & Maxillofacial Surgery,False,False
675,orthopaedics,18,10,8,0,0,6,Orthopaedics,False,False
675,paediatric_cancer,10,10,0,0,0,6,Paediatric Cancer,False,False
675,paediatric_medicine,17,11,6,0,0,6,Paediatric Medical Management,False,False
675,paediatric_surgery,10,10,0,0,0,6,Paediatric Surgery,False,False
675,plastic_surgery,10,10,0,0,0,6,Plastic & Reconstructive Surgery,False,False
675,polytrauma,16,10,6,0,0,6,Polytrauma,False,False
675,radiation_oncology,10,10,0,0,0,6,Radiation Oncology,True,False
675,surgical_oncology,10,10,0,0,0,6,Surgical Oncology,False,False
675,urology,16,11,5,0,0,6,Urology,False,False
676,burns,21,21,0,0,0,17,Burns Management,False,False
676,cardiology,21,21,0,0,0,17,Cardiology,True,False
676,ctvs,21,21,0,0,0,17,Cardio-thoracic & Vascular Surgery,True,False
676,emergency_room,22,22,0,0,0,18,Emergency Room Packages,False,False
676,ent,21,21,0,0,0,17,Otorhinolaryngology (ENT),False,False
676,general_medicine,24,23,1,0,0,19,General Medicine,False,False
676,general_surgery,24,23,1,0,0,19,General Surgery,False,False
676,interventional_neuroradiology,21,21,0,0,0,17,Interventional Neuroradiology,True,False
676,medical_oncology,21,21,0,0,0,17,Medical Oncology,False,False
676,mental_disorders,21,21,0,0,0,17,Mental Disorders,False,False
676,neonatal,27,21,6,0,0,17,Neo-natal Care,False,False
676,neurosurgery,21,21,0,0,0,17,Neurosurgery,True,False
676,obgyn,23,23,0,0,0,19,Obstetrics & Gynaecology,False,False
676,ophthalmology,21,21,0,0,0,17,Ophthalmology,False,False
676,oral_maxillofacial,23,22,1,0,0,18,Oral & Maxillofacial Surgery,False,False
676,orthopaedics,23,21,2,0,0,17,Orthopaedics,False,False
676,paediatric_cancer,21,21,0,0,0,17,Paediatric Cancer,False,False
676,paediatric_medicine,28,23,5,0,0,19,Paediatric Medical Management,False,False
676,paediatric_surgery,21,21,0,0,0,17,Paediatric Surgery,False,False
676,plastic_surgery,22,22,0,0,0,18,Plastic & Reconstructive Surgery,False,False
676,polytrauma,23,22,1,0,0,18,Polytrauma,False,False
676,radiation_oncology,21,21,0,0,0,17,Radiation Oncology,True,False
676,surgical_oncology,21,21,0,0,0,17,Surgical Oncology,False,False
676,urology,22,21,1,0,0,17,Urology,False,False
677,emergency_room,1,1,0,0,0,0,Emergency Room Packages,False,False
677,general_medicine,1,1,0,0,0,0,General Medicine,False,False
677,paediatric_medicine,1,1,0,0,0,0,Paediatric Medical Management,False,False
678,emergency_room,3,3,0,0,0,2,Emergency Room Packages,False,True
678,general_medicine,3,3,0,0,0,2,General Medicine,False,True
678,general_surgery,1,1,0,0,0,0,General Surgery,False,True
678,obgyn,2,2,0,0,0,1,Obstetrics & Gynaecology,False,True
678,oral_maxillofacial,1,1,0,0,0,1,Oral & Maxillofacial Surgery,False,True
678,orthopaedics,1,1,0,0,0,0,Orthopaedics,False,True
678,paediatric_medicine,1,1,0,0,0,1,Paediatric Medical Management,False,True
678,polytrauma,1,1,0,0,0,0,Polytrauma,False,True
679,emergency_room,1,1,0,0,0,0,Emergency Room Packages,False,False
679,general_medicine,1,1,0,0,0,0,General Medicine,False,False
679,oral_maxillofacial,1,1,0,0,0,0,Oral & Maxillofacial Surgery,False,False
679,paediatric_medicine,1,1,0,0,0,0,Paediatric Medical Management,False,False
680,burns,3,2,1,0,0,2,Burns Management,False,False
680,cardiology,3,2,1,0,0,2,Cardiology,True,False
680,ctvs,2,2,0,0,0,2,Cardio-thoracic & Vascular Surgery,True,False
680,emergency_room,10,6,4,0,0,5,Emergency Room Packages,False,False
680,ent,2,2,0,0,0,2,Otorhinolaryngology (ENT),False,False
680,general_medicine,10,6,4,0,0,5,General Medicine,False,False
680,general_surgery,5,3,2,0,0,2,General Surgery,False,False
680,interventional_neuroradiology,2,2,0,0,0,2,Interventional Neuroradiology,True,False
680,medical_oncology,2,2,0,0,0,2,Medical Oncology,False,False
680,mental_disorders,2,2,0,0,0,2,Mental Disorders,False,False
680,neonatal,3,2,1,0,0,2,Neo-natal Care,False,False
680,neurosurgery,2,2,0,0,0,2,Neurosurgery,True,False
680,obgyn,5,3,2,0,0,2,Obstetrics & Gynaecology,False,False
680,ophthalmology,2,2,0,0,0,2,Ophthalmology,False,False
680,orthopaedics,10,3,7,0,0,2,Orthopaedics,False,False
680,paediatric_cancer,2,2,0,0,0,2,Paediatric Cancer,False,False
680,paediatric_medicine,5,2,3,0,0,2,Paediatric Medical Management,False,False
680,paediatric_surgery,2,2,0,0,0,2,Paediatric Surgery,False,False
680,plastic_surgery,3,2,1,0,0,2,Plastic & Reconstructive Surgery,False,False
680,polytrauma,10,3,7,0,0,2,Polytrauma,False,False
680,radiation_oncology,2,2,0,0,0,2,Radiation Oncology,True,False
680,surgical_oncology,2,2,0,0,0,2,Surgical Oncology,False,False
680,urology,4,2,2,0,0,2,Urology,False,False
681,burns,5,5,0,0,0,4,Burns Management,False,False
681,cardiology,4,4,0,0,0,4,Cardiology,True,False
681,ctvs,4,4,0,0,0,4,Cardio-thoracic & Vascular Surgery,True,False
681,emergency_room,12,10,2,0,0,9,Emergency Room Packages,False,False
681,ent,6,5,1,0,0,4,Otorhinolaryngology (ENT),False,False
681,general_medicine,12,10,2,0,0,9,General Medicine,False,False
681,general_surgery,6,5,1,0,0,4,General Surgery,False,False
681,interventional_neuroradiology,4,4,0,0,0,4,Interventional Neuroradiology,True,False
681,medical_oncology,4,4,0,0,0,4,Medical Oncology,False,False
681,mental_disorders,4,4,0,0,0,4,Mental Disorders,False,False
681,neonatal,4,4,0,0,0,4,Neo-natal Care,False,False
681,neurosurgery,4,4,0,0,0,4,Neurosurgery,True,False
681,obgyn,6,5,1,0,0,4,Obstetrics & Gynaecology,False,False
681,ophthalmology,5,4,1,0,0,4,Ophthalmology,False,False
681,orthopaedics,9,5,4,0,0,4,Orthopaedics,False,False
681,paediatric_cancer,4,4,0,0,0,4,Paediatric Cancer,False,False
681,paediatric_medicine,6,5,1,0,0,4,Paediatric Medical Management,False,False
681,paediatric_surgery,6,5,1,0,0,4,Paediatric Surgery,False,False
681,plastic_surgery,5,5,0,0,0,4,Plastic & Reconstructive Surgery,False,False
681,polytrauma,8,5,3,0,0,4,Polytrauma,False,False
681,radiation_oncology,4,4,0,0,0,4,Radiation Oncology,True,False
681,surgical_oncology,4,4,0,0,0,4,Surgical Oncology,False,False
681,urology,7,5,2,0,0,4,Urology,False,False
682,burns,4,4,0,0,0,4,Burns Management,False,False
682,cardiology,4,4,0,0,0,4,Cardiology,True,False
682,ctvs,4,4,0,0,0,4,Cardio-thoracic & Vascular Surgery,True,False
682,emergency_room,11,11,0,0,0,10,Emergency Room Packages,False,False
682,ent,4,4,0,0,0,4,Otorhinolaryngology (ENT),False,False
682,general_medicine,11,11,0,0,0,10,General Medicine,False,False
682,general_surgery,6,5,1,0,0,4,General Surgery,False,False
682,interventional_neuroradiology,4,4,0,0,0,4,Interventional Neuroradiology,True,False
682,medical_oncology,4,4,0,0,0,4,Medical Oncology,False,False
682,mental_disorders,4,4,0,0,0,4,Mental Disorders,False,False
682,neonatal,4,4,0,0,0,4,Neo-natal Care,False,False
682,neurosurgery,4,4,0,0,0,4,Neurosurgery,True,False
682,obgyn,7,5,1,0,1,4,Obstetrics & Gynaecology,False,False
682,ophthalmology,5,5,0,0,0,4,Ophthalmology,False,False
682,orthopaedics,6,5,1,0,0,4,Orthopaedics,False,False
682,paediatric_cancer,4,4,0,0,0,4,Paediatric Cancer,False,False
682,paediatric_medicine,5,5,0,0,0,4,Paediatric Medical Management,False,False
682,paediatric_surgery,4,4,0,0,0,4,Paediatric Surgery,False,False
682,plastic_surgery,4,4,0,0,0,4,Plastic & Reconstructive Surgery,False,False
682,polytrauma,5,5,0,0,0,4,Polytrauma,False,False
682,radiation_oncology,4,4,0,0,0,4,Radiation Oncology,True,False
682,surgical_oncology,4,4,0,0,0,4,Surgical Oncology,False,False
682,urology,5,5,0,0,0,4,Urology,False,False
683,burns,3,3,0,0,0,3,Burns Management,False,False
683,cardiology,3,3,0,0,0,3,Cardiology,True,False
683,ctvs,3,3,0,0,0,3,Cardio-thoracic & Vascular Surgery,True,False
683,emergency_room,7,7,0,0,0,6,Emergency Room Packages,False,False
683,ent,4,4,0,0,0,3,Otorhinolaryngology (ENT),False,False
683,general_medicine,7,7,0,0,0,6,General Medicine,False,False
683,general_surgery,4,4,0,0,0,3,General Surgery,False,False
683,interventional_neuroradiology,3,3,0,0,0,3,Interventional Neuroradiology,True,False
683,medical_oncology,3,3,0,0,0,3,Medical Oncology,False,False
683,mental_disorders,3,3,0,0,0,3,Mental Disorders,False,False
683,neonatal,3,3,0,0,0,3,Neo-natal Care,False,False
683,neurosurgery,4,4,0,0,0,3,Neurosurgery,True,False
683,obgyn,4,4,0,0,0,3,Obstetrics & Gynaecology,False,False
683,ophthalmology,3,3,0,0,0,3,Ophthalmology,False,False
683,orthopaedics,4,4,0,0,0,3,Orthopaedics,False,False
683,paediatric_cancer,3,3,0,0,0,3,Paediatric Cancer,False,False
683,paediatric_medicine,4,4,0,0,0,3,Paediatric Medical Management,False,False
683,paediatric_surgery,3,3,0,0,0,3,Paediatric Surgery,False,False
683,plastic_surgery,3,3,0,0,0,3,Plastic & Reconstructive Surgery,False,False
683,polytrauma,4,4,0,0,0,3,Polytrauma,False,False
683,radiation_oncology,3,3,0,0,0,3,Radiation Oncology,True,False
683,surgical_oncology,3,3,0,0,0,3,Surgical Oncology,False,False
683,urology,4,4,0,0,0,3,Urology,False,False
684,burns,2,2,0,0,0,2,Burns Management,False,False
684,cardiology,2,2,0,0,0,2,Cardiology,True,False
684,ctvs,2,2,0,0,0,2,Cardio-thoracic & Vascular Surgery,True,False
684,emergency_room,8,6,2,0,0,5,Emergency Room Packages,False,False
684,ent,3,3,0,0,0,2,Otorhinolaryngology (ENT),False,False
684,general_medicine,8,6,2,0,0,5,General Medicine,False,False
684,general_surgery,4,3,1,0,0,2,General Surgery,False,False
684,interventional_neuroradiology,3,2,1,0,0,2,Interventional Neuroradiology,True,False
684,medical_oncology,2,2,0,0,0,2,Medical Oncology,False,False
684,mental_disorders,2,2,0,0,0,2,Mental Disorders,False,False
684,neonatal,2,2,0,0,0,2,Neo-natal Care,False,False
684,neurosurgery,3,2,1,0,0,2,Neurosurgery,True,False
684,obgyn,2,2,0,0,0,2,Obstetrics & Gynaecology,False,False
684,ophthalmology,3,3,0,0,0,2,Ophthalmology,False,False
684,orthopaedics,5,3,2,0,0,2,Orthopaedics,False,False
684,paediatric_cancer,2,2,0,0,0,2,Paediatric Cancer,False,False
684,paediatric_medicine,3,3,0,0,0,2,Paediatric Medical Management,False,False
684,paediatric_surgery,2,2,0,0,0,2,Paediatric Surgery,False,False
684,plastic_surgery,2,2,0,0,0,2,Plastic & Reconstructive Surgery,False,False
684,polytrauma,5,3,2,0,0,2,Polytrauma,False,False
684,radiation_oncology,2,2,0,0,0,2,Radiation Oncology,True,False
684,surgical_oncology,2,2,0,0,0,2,Surgical Oncology,False,False
684,urology,3,2,1,0,0,2,Urology,False,False
685,burns,7,7,0,0,0,7,Burns Management,False,False
685,cardiology,7,7,0,0,0,7,Cardiology,True,False
685,ctvs,7,7,0,0,0,7,Cardio-thoracic & Vascular Surgery,True,False
685,emergency_room,16,15,1,0,0,14,Emergency Room Packages,False,False
685,ent,7,7,0,0,0,7,Otorhinolaryngology (ENT),False,False
685,general_medicine,17,16,1,0,0,14,General Medicine,False,False
685,general_surgery,9,9,0,0,0,7,General Surgery,False,False
685,interventional_neuroradiology,7,7,0,0,0,7,Interventional Neuroradiology,True,False
685,medical_oncology,7,7,0,0,0,7,Medical Oncology,False,False
685,mental_disorders,7,7,0,0,0,7,Mental Disorders,False,False
685,neonatal,7,7,0,0,0,7,Neo-natal Care,False,False
685,neurosurgery,8,8,0,0,0,7,Neurosurgery,True,False
685,obgyn,10,9,1,0,0,7,Obstetrics & Gynaecology,False,False
685,ophthalmology,7,7,0,0,0,7,Ophthalmology,False,False
685,orthopaedics,10,8,2,0,0,7,Orthopaedics,False,False
685,paediatric_cancer,7,7,0,0,0,7,Paediatric Cancer,False,False
685,paediatric_medicine,9,8,1,0,0,7,Paediatric Medical Management,False,False
685,paediatric_surgery,8,8,0,0,0,7,Paediatric Surgery,False,False
685,plastic_surgery,7,7,0,0,0,7,Plastic & Reconstructive Surgery,False,False
685,polytrauma,9,7,2,0,0,7,Polytrauma,False,False
685,radiation_oncology,7,7,0,0,0,7,Radiation Oncology,True,False
685,surgical_oncology,7,7,0,0,0,7,Surgical Oncology,False,False
685,urology,10,9,1,0,0,7,Urology,False,False
686,burns,6,3,3,0,0,2,Burns Management,False,False
686,cardiology,10,3,7,0,0,2,Cardiology,True,False
686,ctvs,10,3,7,0,0,2,Cardio-thoracic & Vascular Surgery,True,False
686,emergency_room,21,8,13,0,0,7,Emergency Room Packages,False,False
686,ent,9,3,6,0,0,2,Otorhinolaryngology (ENT),False,False
686,general_medicine,25,8,17,0,0,7,General Medicine,False,False
686,general_surgery,21,3,18,0,0,2,General Surgery,False,False
686,interventional_neuroradiology,13,3,10,0,0,2,Interventional Neuroradiology,True,False
686,medical_oncology,6,3,3,0,0,2,Medical Oncology,False,False
686,mental_disorders,2,2,0,0,0,2,Mental Disorders,False,False
686,neonatal,3,2,1,0,0,2,Neo-natal Care,False,False
686,neurosurgery,14,3,11,0,0,2,Neurosurgery,True,False
686,obgyn,18,3,15,0,0,2,Obstetrics & Gynaecology,False,False
686,ophthalmology,9,3,6,0,0,2,Ophthalmology,False,False
686,oral_maxillofacial,1,0,1,0,0,0,Oral & Maxillofacial Surgery,False,False
686,orthopaedics,26,3,23,0,0,2,Orthopaedics,False,False
686,paediatric_cancer,3,2,1,0,0,2,Paediatric Cancer,False,False
686,paediatric_medicine,18,4,14,0,0,2,Paediatric Medical Management,False,False
686,paediatric_surgery,8,2,6,0,0,2,Paediatric Surgery,False,False
686,plastic_surgery,6,3,3,0,0,2,Plastic & Reconstructive Surgery,False,False
686,polytrauma,26,3,23,0,0,2,Polytrauma,False,False
686,radiation_oncology,6,3,3,0,0,2,Radiation Oncology,True,False
686,surgical_oncology,8,5,3,0,0,2,Surgical Oncology,False,False
686,urology,17,3,14,0,0,2,Urology,False,False
687,burns,2,2,0,0,0,2,Burns Management,False,True
687,cardiology,2,2,0,0,0,2,Cardiology,True,True
687,ctvs,2,2,0,0,0,2,Cardio-thoracic & Vascular Surgery,True,True
687,emergency_room,7,7,0,0,0,7,Emergency Room Packages,False,True
687,ent,2,2,0,0,0,2,Otorhinolaryngology (ENT),False,True
687,general_medicine,7,7,0,0,0,7,General Medicine,False,True
687,general_surgery,2,2,0,0,0,2,General Surgery,False,True
687,interventional_neuroradiology,2,2,0,0,0,2,Interventional Neuroradiology,True,True
687,medical_oncology,2,2,0,0,0,2,Medical Oncology,False,True
687,mental_disorders,2,2,0,0,0,2,Mental Disorders,False,True
687,neonatal,2,2,0,0,0,2,Neo-natal Care,False,True
687,neurosurgery,2,2,0,0,0,2,Neurosurgery,True,True
687,obgyn,2,2,0,0,0,2,Obstetrics & Gynaecology,False,True
687,ophthalmology,2,2,0,0,0,2,Ophthalmology,False,True
687,orthopaedics,2,2,0,0,0,2,Orthopaedics,False,True
687,paediatric_cancer,2,2,0,0,0,2,Paediatric Cancer,False,True
687,paediatric_medicine,2,2,0,0,0,2,Paediatric Medical Management,False,True
687,paediatric_surgery,2,2,0,0,0,2,Paediatric Surgery,False,True
687,plastic_surgery,2,2,0,0,0,2,Plastic & Reconstructive Surgery,False,True
687,polytrauma,2,2,0,0,0,2,Polytrauma,False,True
687,radiation_oncology,2,2,0,0,0,2,Radiation Oncology,True,True
687,surgical_oncology,2,2,0,0,0,2,Surgical Oncology,False,True
687,urology,2,2,0,0,0,2,Urology,False,True
688,burns,2,2,0,0,0,2,Burns Management,False,False
688,cardiology,2,2,0,0,0,2,Cardiology,True,False
688,ctvs,2,2,0,0,0,2,Cardio-thoracic & Vascular Surgery,True,False
688,emergency_room,11,10,1,0,0,9,Emergency Room Packages,False,False
688,ent,2,2,0,0,0,2,Otorhinolaryngology (ENT),False,False
688,general_medicine,12,10,2,0,0,9,General Medicine,False,False
688,general_surgery,3,3,0,0,0,2,General Surgery,False,False
688,interventional_neuroradiology,3,2,1,0,0,2,Interventional Neuroradiology,True,False
688,medical_oncology,2,2,0,0,0,2,Medical Oncology,False,False
688,mental_disorders,2,2,0,0,0,2,Mental Disorders,False,False
688,neonatal,2,2,0,0,0,2,Neo-natal Care,False,False
688,neurosurgery,4,3,1,0,0,2,Neurosurgery,True,False
688,obgyn,3,2,1,0,0,2,Obstetrics & Gynaecology,False,False
688,ophthalmology,2,2,0,0,0,2,Ophthalmology,False,False
688,orthopaedics,6,3,3,0,0,2,Orthopaedics,False,False
688,paediatric_cancer,2,2,0,0,0,2,Paediatric Cancer,False,False
688,paediatric_medicine,5,3,2,0,0,2,Paediatric Medical Management,False,False
688,paediatric_surgery,2,2,0,0,0,2,Paediatric Surgery,False,False
688,plastic_surgery,2,2,0,0,0,2,Plastic & Reconstructive Surgery,False,False
688,polytrauma,6,3,3,0,0,2,Polytrauma,False,False
688,radiation_oncology,2,2,0,0,0,2,Radiation Oncology,True,False
688,surgical_oncology,2,2,0,0,0,2,Surgical Oncology,False,False
688,urology,4,3,1,0,0,2,Urology,False,False
689,burns,5,5,0,0,0,4,Burns Management,False,False
689,cardiology,5,5,0,0,0,4,Cardiology,True,False
689,ctvs,5,5,0,0,0,4,Cardio-thoracic & Vascular Surgery,True,False
689,emergency_room,7,7,0,0,0,5,Emergency Room Packages,False,False
689,ent,6,6,0,0,0,4,Otorhinolaryngology (ENT),False,False
689,general_medicine,7,7,0,0,0,5,General Medicine,False,False
689,general_surgery,7,6,1,0,0,4,General Surgery,False,False
689,interventional_neuroradiology,5,5,0,0,0,4,Interventional Neuroradiology,True,False
689,medical_oncology,5,5,0,0,0,4,Medical Oncology,False,False
689,mental_disorders,4,4,0,0,0,4,Mental Disorders,False,False
689,neonatal,5,5,0,0,0,4,Neo-natal Care,False,False
689,neurosurgery,5,5,0,0,0,4,Neurosurgery,True,False
689,obgyn,7,6,1,0,0,4,Obstetrics & Gynaecology,False,False
689,ophthalmology,6,6,0,0,0,4,Ophthalmology,False,False
689,oral_maxillofacial,1,1,0,0,0,0,Oral & Maxillofacial Surgery,False,False
689,orthopaedics,9,6,3,0,0,4,Orthopaedics,False,False
689,paediatric_cancer,5,5,0,0,0,4,Paediatric Cancer,False,False
689,paediatric_medicine,6,6,0,0,0,4,Paediatric Medical Management,False,False
689,paediatric_surgery,5,5,0,0,0,4,Paediatric Surgery,False,False
689,plastic_surgery,5,5,0,0,0,4,Plastic & Reconstructive Surgery,False,False
689,polytrauma,8,5,3,0,0,4,Polytrauma,False,False
689,radiation_oncology,5,5,0,0,0,4,Radiation Oncology,True,False
689,surgical_oncology,5,5,0,0,0,4,Surgical Oncology,False,False
689,urology,6,6,0,0,0,4,Urology,False,False
690,burns,5,5,0,0,0,5,Burns Management,False,True
690,cardiology,5,5,0,0,0,5,Cardiology,True,True
690,ctvs,5,5,0,0,0,5,Cardio-thoracic & Vascular Surgery,True,True
690,emergency_room,19,16,3,0,0,13,Emergency Room Packages,False,True
690,ent,7,7,0,0,0,5,Otorhinolaryngology (ENT),False,True
690,general_medicine,19,16,3,0,0,13,General Medicine,False,True
690,general_surgery,11,9,2,0,0,5,General Surgery,False,True
690,interventional_neuroradiology,6,5,1,0,0,5,Interventional Neuroradiology,True,True
690,medical_oncology,5,5,0,0,0,5,Medical Oncology,False,True
690,mental_disorders,5,5,0,0,0,5,Mental Disorders,False,True
690,neonatal,5,5,0,0,0,5,Neo-natal Care,False,True
690,neurosurgery,6,5,1,0,0,5,Neurosurgery,True,True
690,obgyn,9,8,1,0,0,5,Obstetrics & Gynaecology,False,True
690,ophthalmology,5,5,0,0,0,5,Ophthalmology,False,True
690,oral_maxillofacial,4,4,0,0,0,0,Oral & Maxillofacial Surgery,False,True
690,orthopaedics,13,8,5,0,0,5,Orthopaedics,False,True
690,paediatric_cancer,5,5,0,0,0,5,Paediatric Cancer,False,True
690,paediatric_medicine,9,9,0,0,0,5,Paediatric Medical Management,False,True
690,paediatric_surgery,5,5,0,0,0,5,Paediatric Surgery,False,True
690,plastic_surgery,5,5,0,0,0,5,Plastic & Reconstructive Surgery,False,True
690,polytrauma,12,7,5,0,0,5,Polytrauma,False,True
690,radiation_oncology,5,5,0,0,0,5,Radiation Oncology,True,True
690,surgical_oncology,5,5,0,0,0,5,Surgical Oncology,False,True
690,urology,7,7,0,0,0,5,Urology,False,True
691,burns,6,3,3,0,0,2,Burns Management,False,False
691,cardiology,5,2,3,0,0,2,Cardiology,True,False
691,ctvs,4,2,2,0,0,2,Cardio-thoracic & Vascular Surgery,True,False
691,emergency_room,17,10,7,0,0,9,Emergency Room Packages,False,False
691,ent,4,2,2,0,0,2,Otorhinolaryngology (ENT),False,False
691,general_medicine,17,10,7,0,0,9,General Medicine,False,False
691,general_surgery,10,4,6,0,0,2,General Surgery,False,False
691,interventional_neuroradiology,4,2,2,0,0,2,Interventional Neuroradiology,True,False
691,medical_oncology,3,2,1,0,0,2,Medical Oncology,False,False
691,mental_disorders,3,2,1,0,0,2,Mental Disorders,False,False
691,neonatal,4,2,2,0,0,2,Neo-natal Care,False,False
691,neurosurgery,4,2,2,0,0,2,Neurosurgery,True,False
691,obgyn,7,3,4,0,0,2,Obstetrics & Gynaecology,False,False
691,ophthalmology,4,3,1,0,0,2,Ophthalmology,False,False
691,oral_maxillofacial,1,0,1,0,0,0,Oral & Maxillofacial Surgery,False,False
691,orthopaedics,11,4,7,0,0,2,Orthopaedics,False,False
691,paediatric_cancer,3,2,1,0,0,2,Paediatric Cancer,False,False
691,paediatric_medicine,9,4,5,0,0,2,Paediatric Medical Management,False,False
691,paediatric_surgery,4,2,2,0,0,2,Paediatric Surgery,False,False
691,plastic_surgery,6,3,3,0,0,2,Plastic & Reconstructive Surgery,False,False
691,polytrauma,11,4,7,0,0,2,Polytrauma,False,False
691,radiation_oncology,3,2,1,0,0,2,Radiation Oncology,True,False
691,surgical_oncology,4,2,2,0,0,2,Surgical Oncology,False,False
691,urology,9,3,6,0,0,2,Urology,False,False
692,burns,5,3,2,0,0,3,Burns Management,False,False
692,cardiology,6,4,2,0,0,3,Cardiology,True,False
692,ctvs,4,3,1,0,0,3,Cardio-thoracic & Vascular Surgery,True,False
692,emergency_room,15,10,5,0,0,8,Emergency Room Packages,False,False
692,ent,6,5,1,0,0,3,Otorhinolaryngology (ENT),False,False
692,general_medicine,15,10,5,0,0,8,General Medicine,False,False
692,general_surgery,10,5,5,0,0,3,General Surgery,False,False
692,interventional_neuroradiology,6,3,3,0,0,3,Interventional Neuroradiology,True,False
692,medical_oncology,3,3,0,0,0,3,Medical Oncology,False,False
692,mental_disorders,3,3,0,0,0,3,Mental Disorders,False,False
692,neonatal,3,3,0,0,0,3,Neo-natal Care,False,False
692,neurosurgery,7,4,3,0,0,3,Neurosurgery,True,False
692,obgyn,6,5,1,0,0,3,Obstetrics & Gynaecology,False,False
692,ophthalmology,7,4,3,0,0,3,Ophthalmology,False,False
692,oral_maxillofacial,1,0,1,0,0,0,Oral & Maxillofacial Surgery,False,False
692,orthopaedics,10,4,6,0,0,3,Orthopaedics,False,False
692,paediatric_cancer,3,3,0,0,0,3,Paediatric Cancer,False,False
692,paediatric_medicine,8,5,3,0,0,3,Paediatric Medical Management,False,False
692,paediatric_surgery,4,3,1,0,0,3,Paediatric Surgery,False,False
692,plastic_surgery,5,3,2,0,0,3,Plastic & Reconstructive Surgery,False,False
692,polytrauma,11,5,6,0,0,3,Polytrauma,False,False
692,radiation_oncology,3,3,0,0,0,3,Radiation Oncology,True,False
692,surgical_oncology,3,3,0,0,0,3,Surgical Oncology,False,False
692,urology,7,5,2,0,0,3,Urology,False,False
693,burns,2,2,0,0,0,2,Burns Management,False,False
693,cardiology,2,2,0,0,0,2,Cardiology,True,False
693,ctvs,2,2,0,0,0,2,Cardio-thoracic & Vascular Surgery,True,False
693,emergency_room,6,6,0,0,0,5,Emergency Room Packages,False,False
693,ent,3,3,0,0,0,2,Otorhinolaryngology (ENT),False,False
693,general_medicine,6,6,0,0,0,5,General Medicine,False,False
693,general_surgery,4,3,1,0,0,2,General Surgery,False,False
693,interventional_neuroradiology,2,2,0,0,0,2,Interventional Neuroradiology,True,False
693,medical_oncology,2,2,0,0,0,2,Medical Oncology,False,False
693,mental_disorders,2,2,0,0,0,2,Mental Disorders,False,False
693,neonatal,3,3,0,0,0,2,Neo-natal Care,False,False
693,neurosurgery,2,2,0,0,0,2,Neurosurgery,True,False
693,obgyn,4,3,1,0,0,2,Obstetrics & Gynaecology,False,False
693,ophthalmology,3,3,0,0,0,2,Ophthalmology,False,False
693,oral_maxillofacial,1,1,0,0,0,0,Oral & Maxillofacial Surgery,False,False
693,orthopaedics,4,3,1,0,0,2,Orthopaedics,False,False
693,paediatric_cancer,2,2,0,0,0,2,Paediatric Cancer,False,False
693,paediatric_medicine,3,3,0,0,0,2,Paediatric Medical Management,False,False
693,paediatric_surgery,2,2,0,0,0,2,Paediatric Surgery,False,False
693,plastic_surgery,2,2,0,0,0,2,Plastic & Reconstructive Surgery,False,False
693,polytrauma,4,3,1,0,0,2,Polytrauma,False,False
693,radiation_oncology,2,2,0,0,0,2,Radiation Oncology,True,False
693,surgical_oncology,2,2,0,0,0,2,Surgical Oncology,False,False
693,urology,3,3,0,0,0,2,Urology,False,False
694,burns,4,4,0,0,0,4,Burns Management,False,False
694,cardiology,4,4,0,0,0,4,Cardiology,True,False
694,ctvs,4,4,0,0,0,4,Cardio-thoracic & Vascular Surgery,True,False
694,emergency_room,10,10,0,0,0,9,Emergency Room Packages,False,False
694,ent,4,4,0,0,0,4,Otorhinolaryngology (ENT),False,False
694,general_medicine,10,10,0,0,0,9,General Medicine,False,False
694,general_surgery,5,5,0,0,0,4,General Surgery,False,False
694,interventional_neuroradiology,4,4,0,0,0,4,Interventional Neuroradiology,True,False
694,medical_oncology,4,4,0,0,0,4,Medical Oncology,False,False
694,mental_disorders,4,4,0,0,0,4,Mental Disorders,False,False
694,neonatal,4,4,0,0,0,4,Neo-natal Care,False,False
694,neurosurgery,4,4,0,0,0,4,Neurosurgery,True,False
694,obgyn,5,5,0,0,0,4,Obstetrics & Gynaecology,False,False
694,ophthalmology,4,4,0,0,0,4,Ophthalmology,False,False
694,orthopaedics,5,5,0,0,0,4,Orthopaedics,False,False
694,paediatric_cancer,4,4,0,0,0,4,Paediatric Cancer,False,False
694,paediatric_medicine,5,5,0,0,0,4,Paediatric Medical Management,False,False
694,paediatric_surgery,4,4,0,0,0,4,Paediatric Surgery,False,False
694,plastic_surgery,4,4,0,0,0,4,Plastic & Reconstructive Surgery,False,False
694,polytrauma,5,5,0,0,0,4,Polytrauma,False,False
694,radiation_oncology,4,4,0,0,0,4,Radiation Oncology,True,False
694,surgical_oncology,4,4,0,0,0,4,Surgical Oncology,False,False
694,urology,5,5,0,0,0,4,Urology,False,False
695,burns,2,2,0,0,0,1,Burns Management,False,False
695,cardiology,1,1,0,0,0,1,Cardiology,True,False
695,ctvs,1,1,0,0,0,1,Cardio-thoracic & Vascular Surgery,True,False
695,emergency_room,3,3,0,0,0,3,Emergency Room Packages,False,False
695,ent,1,1,0,0,0,1,Otorhinolaryngology (ENT),False,False
695,general_medicine,5,4,1,0,0,3,General Medicine,False,False
695,general_surgery,1,1,0,0,0,1,General Surgery,False,False
695,interventional_neuroradiology,1,1,0,0,0,1,Interventional Neuroradiology,True,False
695,medical_oncology,1,1,0,0,0,1,Medical Oncology,False,False
695,mental_disorders,1,1,0,0,0,1,Mental Disorders,False,False
695,neonatal,1,1,0,0,0,1,Neo-natal Care,False,False
695,neurosurgery,1,1,0,0,0,1,Neurosurgery,True,False
695,obgyn,2,2,0,0,0,1,Obstetrics & Gynaecology,False,False
695,ophthalmology,1,1,0,0,0,1,Ophthalmology,False,False
695,orthopaedics,1,1,0,0,0,1,Orthopaedics,False,False
695,paediatric_cancer,1,1,0,0,0,1,Paediatric Cancer,False,False
695,paediatric_medicine,1,1,0,0,0,1,Paediatric Medical Management,False,False
695,paediatric_surgery,1,1,0,0,0,1,Paediatric Surgery,False,False
695,plastic_surgery,2,2,0,0,0,1,Plastic & Reconstructive Surgery,False,False
695,polytrauma,1,1,0,0,0,1,Polytrauma,False,False
695,radiation_oncology,1,1,0,0,0,1,Radiation Oncology,True,False
695,surgical_oncology,1,1,0,0,0,1,Surgical Oncology,False,False
695,urology,3,2,1,0,0,1,Urology,False,False
696,burns,3,2,1,0,0,1,Burns Management,False,False
696,cardiology,2,1,1,0,0,1,Cardiology,True,False
696,ctvs,2,1,1,0,0,1,Cardio-thoracic & Vascular Surgery,True,False
696,emergency_room,10,7,3,0,0,6,Emergency Room Packages,False,False
696,ent,3,2,1,0,0,1,Otorhinolaryngology (ENT),False,False
696,general_medicine,10,7,3,0,0,6,General Medicine,False,False
696,general_surgery,6,3,3,0,0,1,General Surgery,False,False
696,interventional_neuroradiology,2,1,1,0,0,1,Interventional Neuroradiology,True,False
696,medical_oncology,2,1,1,0,0,1,Medical Oncology,False,False
696,mental_disorders,2,1,1,0,0,1,Mental Disorders,False,False
696,neonatal,1,1,0,0,0,1,Neo-natal Care,False,False
696,neurosurgery,3,2,1,0,0,1,Neurosurgery,True,False
696,obgyn,4,3,1,0,0,1,Obstetrics & Gynaecology,False,False
696,ophthalmology,1,1,0,0,0,1,Ophthalmology,False,False
696,oral_maxillofacial,1,0,1,0,0,0,Oral & Maxillofacial Surgery,False,False
696,orthopaedics,6,3,3,0,0,1,Orthopaedics,False,False
696,paediatric_cancer,1,1,0,0,0,1,Paediatric Cancer,False,False
696,paediatric_medicine,6,3,3,0,0,1,Paediatric Medical Management,False,False
696,paediatric_surgery,1,1,0,0,0,1,Paediatric Surgery,False,False
696,plastic_surgery,3,2,1,0,0,1,Plastic & Reconstructive Surgery,False,False
696,polytrauma,6,3,3,0,0,1,Polytrauma,False,False
696,radiation_oncology,1,1,0,0,0,1,Radiation Oncology,True,False
696,surgical_oncology,3,2,1,0,0,1,Surgical Oncology,False,False
696,urology,4,2,2,0,0,1,Urology,False,False
697,burns,2,2,0,0,0,2,Burns Management,False,False
697,cardiology,2,2,0,0,0,2,Cardiology,True,False
697,ctvs,2,2,0,0,0,2,Cardio-thoracic & Vascular Surgery,True,False
697,emergency_room,4,3,1,0,0,3,Emergency Room Packages,False,False
697,ent,3,3,0,0,0,2,Otorhinolaryngology (ENT),False,False
697,general_medicine,4,3,1,0,0,3,General Medicine,False,False
697,general_surgery,3,3,0,0,0,2,General Surgery,False,False
697,interventional_neuroradiology,2,2,0,0,0,2,Interventional Neuroradiology,True,False
697,medical_oncology,2,2,0,0,0,2,Medical Oncology,False,False
697,mental_disorders,2,2,0,0,0,2,Mental Disorders,False,False
697,neonatal,2,2,0,0,0,2,Neo-natal Care,False,False
697,neurosurgery,2,2,0,0,0,2,Neurosurgery,True,False
697,obgyn,4,4,0,0,0,2,Obstetrics & Gynaecology,False,False
697,ophthalmology,2,2,0,0,0,2,Ophthalmology,False,False
697,orthopaedics,4,3,1,0,0,2,Orthopaedics,False,False
697,paediatric_cancer,2,2,0,0,0,2,Paediatric Cancer,False,False
697,paediatric_medicine,4,4,0,0,0,2,Paediatric Medical Management,False,False
697,paediatric_surgery,2,2,0,0,0,2,Paediatric Surgery,False,False
697,plastic_surgery,2,2,0,0,0,2,Plastic & Reconstructive Surgery,False,False
697,polytrauma,3,2,1,0,0,2,Polytrauma,False,False
697,radiation_oncology,2,2,0,0,0,2,Radiation Oncology,True,False
697,surgical_oncology,2,2,0,0,0,2,Surgical Oncology,False,False
697,urology,2,2,0,0,0,2,Urology,False,False
698,burns,2,1,1,0,0,1,Burns Management,False,False
698,cardiology,2,1,1,0,0,1,Cardiology,True,False
698,ctvs,1,1,0,0,0,1,Cardio-thoracic & Vascular Surgery,True,False
698,emergency_room,14,12,2,0,0,11,Emergency Room Packages,False,False
698,ent,4,2,2,0,0,1,Otorhinolaryngology (ENT),False,False
698,general_medicine,14,12,2,0,0,11,General Medicine,False,False
698,general_surgery,4,2,2,0,0,1,General Surgery,False,False
698,interventional_neuroradiology,2,1,1,0,0,1,Interventional Neuroradiology,True,False
698,medical_oncology,2,1,1,0,0,1,Medical Oncology,False,False
698,mental_disorders,1,1,0,0,0,1,Mental Disorders,False,False
698,neonatal,3,2,1,0,0,1,Neo-natal Care,False,False
698,neurosurgery,2,1,1,0,0,1,Neurosurgery,True,False
698,obgyn,3,2,1,0,0,1,Obstetrics & Gynaecology,False,False
698,ophthalmology,3,2,1,0,0,1,Ophthalmology,False,False
698,oral_maxillofacial,1,1,0,0,0,0,Oral & Maxillofacial Surgery,False,False
698,orthopaedics,4,2,2,0,0,1,Orthopaedics,False,False
698,paediatric_cancer,1,1,0,0,0,1,Paediatric Cancer,False,False
698,paediatric_medicine,4,2,2,0,0,1,Paediatric Medical Management,False,False
698,paediatric_surgery,1,1,0,0,0,1,Paediatric Surgery,False,False
698,plastic_surgery,2,1,1,0,0,1,Plastic & Reconstructive Surgery,False,False
698,polytrauma,4,2,2,0,0,1,Polytrauma,False,False
698,radiation_oncology,1,1,0,0,0,1,Radiation Oncology,True,False
698,surgical_oncology,2,1,1,0,0,1,Surgical Oncology,False,False
698,urology,3,2,1,0,0,1,Urology,False,False
699,burns,3,3,0,0,0,3,Burns Management,False,True
699,cardiology,3,3,0,0,0,3,Cardiology,True,True
699,ctvs,3,3,0,0,0,3,Cardio-thoracic & Vascular Surgery,True,True
699,emergency_room,12,12,0,0,0,12,Emergency Room Packages,False,True
699,ent,3,3,0,0,0,3,Otorhinolaryngology (ENT),False,True
699,general_medicine,12,12,0,0,0,12,General Medicine,False,True
699,general_surgery,3,3,0,0,0,3,General Surgery,False,True
699,interventional_neuroradiology,3,3,0,0,0,3,Interventional Neuroradiology,True,True
699,medical_oncology,3,3,0,0,0,3,Medical Oncology,False,True
699,mental_disorders,2,2,0,0,0,2,Mental Disorders,False,True
699,neonatal,3,3,0,0,0,3,Neo-natal Care,False,True
699,neurosurgery,3,3,0,0,0,3,Neurosurgery,True,True
699,obgyn,3,3,0,0,0,3,Obstetrics & Gynaecology,False,True
699,ophthalmology,3,3,0,0,0,3,Ophthalmology,False,True
699,orthopaedics,3,3,0,0,0,3,Orthopaedics,False,True
699,paediatric_cancer,3,3,0,0,0,3,Paediatric Cancer,False,True
699,paediatric_medicine,4,4,0,0,0,4,Paediatric Medical Management,False,True
699,paediatric_surgery,3,3,0,0,0,3,Paediatric Surgery,False,True
699,plastic_surgery,3,3,0,0,0,3,Plastic & Reconstructive Surgery,False,True
699,polytrauma,3,3,0,0,0,3,Polytrauma,False,True
699,radiation_oncology,3,3,0,0,0,3,Radiation Oncology,True,True
699,surgical_oncology,3,3,0,0,0,3,Surgical Oncology,False,True
699,urology,3,3,0,0,0,3,Urology,False,True
700,burns,16,6,10,0,0,6,Burns Management,False,False
700,cardiology,18,6,12,0,0,6,Cardiology,True,False
700,ctvs,14,6,8,0,0,6,Cardio-thoracic & Vascular Surgery,True,False
700,emergency_room,25,6,19,0,0,6,Emergency Room Packages,False,False
700,ent,19,6,13,0,0,6,Otorhinolaryngology (ENT),False,False
700,general_medicine,28,6,22,0,0,6,General Medicine,False,False
700,general_surgery,23,6,17,0,0,6,General Surgery,False,False
700,interventional_neuroradiology,15,6,9,0,0,6,Interventional Neuroradiology,True,False
700,medical_oncology,9,6,3,0,0,6,Medical Oncology,False,False
700,mental_disorders,10,6,4,0,0,6,Mental Disorders,False,False
700,neonatal,8,6,2,0,0,6,Neo-natal Care,False,False
700,neurosurgery,18,6,12,0,0,6,Neurosurgery,True,False
700,obgyn,18,6,12,0,0,6,Obstetrics & Gynaecology,False,False
700,ophthalmology,17,6,11,0,0,6,Ophthalmology,False,False
700,oral_maxillofacial,1,0,1,0,0,0,Oral & Maxillofacial Surgery,False,False
700,orthopaedics,30,6,24,0,0,6,Orthopaedics,False,False
700,paediatric_cancer,6,6,0,0,0,6,Paediatric Cancer,False,False
700,paediatric_medicine,20,6,14,0,0,6,Paediatric Medical Management,False,False
700,paediatric_surgery,15,6,9,0,0,6,Paediatric Surgery,False,False
700,plastic_surgery,16,6,10,0,0,6,Plastic & Reconstructive Surgery,False,False
700,polytrauma,30,6,24,0,0,6,Polytrauma,False,False
700,radiation_oncology,7,6,1,0,0,6,Radiation Oncology,True,False
700,surgical_oncology,9,6,3,0,0,6,Surgical Oncology,False,False
700,urology,28,6,22,0,0,6,Urology,False,False
701,cardiology,2,0,2,0,0,0,Cardiology,True,False
701,emergency_room,34,13,20,1,0,12,Emergency Room Packages,False,False
701,ent,6,0,6,0,0,0,Otorhinolaryngology (ENT),False,False
701,general_medicine,34,13,20,1,0,12,General Medicine,False,False
701,general_surgery,17,1,15,1,0,0,General Surgery,False,False
701,obgyn,12,1,11,0,0,0,Obstetrics & Gynaecology,False,False
701,ophthalmology,8,0,7,1,0,0,Ophthalmology,False,False
701,oral_maxillofacial,4,1,3,0,0,0,Oral & Maxillofacial Surgery,False,False
701,orthopaedics,11,0,10,1,0,0,Orthopaedics,False,False
701,paediatric_medicine,3,0,3,0,0,0,Paediatric Medical Management,False,False
701,urology,7,0,7,0,0,0,Urology,False,False
705,emergency_room,2,2,0,0,0,0,Emergency Room Packages,False,False
705,general_medicine,2,2,0,0,0,0,General Medicine,False,False
705,general_surgery,2,1,1,0,0,0,General Surgery,False,False
705,neonatal,1,1,0,0,0,0,Neo-natal Care,False,False
705,obgyn,3,2,1,0,0,0,Obstetrics & Gynaecology,False,False
705,oral_maxillofacial,2,1,1,0,0,0,Oral & Maxillofacial Surgery,False,False
705,orthopaedics,1,0,1,0,0,0,Orthopaedics,False,False
705,paediatric_medicine,3,2,1,0,0,0,Paediatric Medical Management,False,False
706,emergency_room,1,1,0,0,0,0,Emergency Room Packages,False,False
706,ent,1,1,0,0,0,0,Otorhinolaryngology (ENT),False,False
706,general_medicine,1,1,0,0,0,0,General Medicine,False,False
706,obgyn,1,1,0,0,0,0,Obstetrics & Gynaecology,False,False
706,ophthalmology,1,1,0,0,0,0,Ophthalmology,False,False
706,oral_maxillofacial,1,1,0,0,0,0,Oral & Maxillofacial Surgery,False,False
706,paediatric_medicine,1,1,0,0,0,0,Paediatric Medical Management,False,False
707,emergency_room,1,1,0,0,0,0,Emergency Room Packages,False,False
707,general_medicine,1,1,0,0,0,0,General Medicine,False,False
707,obgyn,4,4,0,0,0,2,Obstetrics & Gynaecology,False,False
707,paediatric_medicine,2,2,0,0,0,1,Paediatric Medical Management,False,False
709,emergency_room,11,7,3,1,0,1,Emergency Room Packages,False,False
709,ent,5,1,3,1,0,0,Otorhinolaryngology (ENT),False,False
709,general_medicine,11,7,3,1,0,1,General Medicine,False,False
709,general_surgery,11,7,3,1,0,1,General Surgery,False,False
709,interventional_neuroradiology,1,0,0,1,0,0,Interventional Neuroradiology,True,False
709,medical_oncology,1,0,1,0,0,0,Medical Oncology,False,False
709,mental_disorders,1,1,0,0,0,0,Mental Disorders,False,False
709,neonatal,6,4,1,1,0,1,Neo-natal Care,False,False
709,neurosurgery,1,0,0,1,0,0,Neurosurgery,True,False
709,obgyn,11,7,3,1,0,1,Obstetrics & Gynaecology,False,False
709,oral_maxillofacial,4,3,1,0,0,0,Oral & Maxillofacial Surgery,False,False
709,orthopaedics,5,1,3,1,0,0,Orthopaedics,False,False
709,paediatric_medicine,6,4,1,1,0,1,Paediatric Medical Management,False,False
709,paediatric_surgery,1,0,1,0,0,0,Paediatric Surgery,False,False
709,polytrauma,3,3,0,0,0,1,Polytrauma,False,False
709,surgical_oncology,2,0,1,1,0,0,Surgical Oncology,False,False
709,urology,4,0,3,1,0,0,Urology,False,False
710,emergency_room,3,3,0,0,0,1,Emergency Room Packages,False,False
710,general_medicine,3,3,0,0,0,1,General Medicine,False,False
710,general_surgery,2,2,0,0,0,1,General Surgery,False,False
710,neonatal,1,1,0,0,0,0,Neo-natal Care,False,False
710,obgyn,2,2,0,0,0,1,Obstetrics & Gynaecology,False,False
710,polytrauma,1,1,0,0,0,0,Polytrauma,False,False
711,emergency_room,3,2,1,0,0,1,Emergency Room Packages,False,False
711,ent,1,0,1,0,0,0,Otorhinolaryngology (ENT),False,False
711,general_medicine,3,2,1,0,0,1,General Medicine,False,False
711,general_surgery,2,0,2,0,0,0,General Surgery,False,False
711,obgyn,4,2,2,0,0,1,Obstetrics & Gynaecology,False,False
711,ophthalmology,1,0,1,0,0,0,Ophthalmology,False,False
711,orthopaedics,1,0,1,0,0,0,Orthopaedics,False,False
711,paediatric_medicine,3,2,1,0,0,1,Paediatric Medical Management,False,False
712,emergency_room,2,2,0,0,0,2,Emergency Room Packages,False,False
712,general_medicine,2,2,0,0,0,2,General Medicine,False,False
712,general_surgery,1,1,0,0,0,1,General Surgery,False,False
712,obgyn,2,2,0,0,0,2,Obstetrics & Gynaecology,False,False
712,paediatric_medicine,2,2,0,0,0,2,Paediatric Medical Management,False,False
713,emergency_room,1,1,0,0,0,0,Emergency Room Packages,False,False
713,general_medicine,1,1,0,0,0,0,General Medicine,False,False
713,obgyn,1,1,0,0,0,0,Obstetrics & Gynaecology,False,False
713,paediatric_medicine,1,1,0,0,0,0,Paediatric Medical Management,False,False
714,general_medicine,1,1,0,0,0,1,General Medicine,False,False
714,obgyn,1,1,0,0,0,1,Obstetrics & Gynaecology,False,False
714,paediatric_medicine,1,1,0,0,0,1,Paediatric Medical Management,False,False
715,general_medicine,1,1,0,0,0,1,General Medicine,False,False
715,obgyn,1,1,0,0,0,1,Obstetrics & Gynaecology,False,False
715,paediatric_medicine,1,1,0,0,0,1,Paediatric Medical Management,False,False
716,emergency_room,2,2,0,0,0,1,Emergency Room Packages,False,False
716,general_medicine,2,2,0,0,0,1,General Medicine,False,False
716,obgyn,2,2,0,0,0,1,Obstetrics & Gynaecology,False,False
716,paediatric_medicine,2,2,0,0,0,1,Paediatric Medical Management,False,False
717,general_medicine,1,1,0,0,0,1,General Medicine,False,False
717,obgyn,1,1,0,0,0,1,Obstetrics & Gynaecology,False,False
717,paediatric_medicine,1,1,0,0,0,1,Paediatric Medical Management,False,False
718,emergency_room,1,1,0,0,0,0,Emergency Room Packages,False,False
718,general_medicine,1,1,0,0,0,0,General Medicine,False,False
718,obgyn,1,1,0,0,0,0,Obstetrics & Gynaecology,False,False
719,emergency_room,1,1,0,0,0,0,Emergency Room Packages,False,False
719,general_medicine,1,1,0,0,0,0,General Medicine,False,False
719,oral_maxillofacial,1,1,0,0,0,0,Oral & Maxillofacial Surgery,False,False
721,emergency_room,1,0,1,0,0,0,Emergency Room Packages,False,False
721,general_medicine,1,0,1,0,0,0,General Medicine,False,False
721,general_surgery,1,0,1,0,0,0,General Surgery,False,False
721,obgyn,1,0,1,0,0,0,Obstetrics & Gynaecology,False,False
721,orthopaedics,1,0,1,0,0,0,Orthopaedics,False,False
721,paediatric_medicine,1,0,1,0,0,0,Paediatric Medical Management,False,False
721,polytrauma,1,0,1,0,0,0,Polytrauma,False,False
723,emergency_room,1,1,0,0,0,0,Emergency Room Packages,False,False
723,general_medicine,1,1,0,0,0,0,General Medicine,False,False
723,oral_maxillofacial,1,1,0,0,0,0,Oral & Maxillofacial Surgery,False,False
724,emergency_room,1,1,0,0,0,0,Emergency Room Packages,False,False
724,general_medicine,1,1,0,0,0,0,General Medicine,False,False
724,obgyn,1,1,0,0,0,0,Obstetrics & Gynaecology,False,False
724,oral_maxillofacial,1,1,0,0,0,0,Oral & Maxillofacial Surgery,False,False
725,emergency_room,1,1,0,0,0,1,Emergency Room Packages,False,False
725,general_medicine,1,1,0,0,0,1,General Medicine,False,False
725,oral_maxillofacial,1,1,0,0,0,1,Oral & Maxillofacial Surgery,False,False
734,burns,1,1,0,0,0,0,Burns Management,False,False
734,emergency_room,13,13,0,0,0,12,Emergency Room Packages,False,False
734,ent,1,1,0,0,0,0,Otorhinolaryngology (ENT),False,False
734,general_medicine,15,14,1,0,0,13,General Medicine,False,False
734,general_surgery,2,1,1,0,0,0,General Surgery,False,False
734,obgyn,7,6,1,0,0,5,Obstetrics & Gynaecology,False,False
734,ophthalmology,1,1,0,0,0,0,Ophthalmology,False,False
734,oral_maxillofacial,3,1,2,0,0,0,Oral & Maxillofacial Surgery,False,False
734,orthopaedics,2,1,1,0,0,0,Orthopaedics,False,False
734,paediatric_medicine,1,1,0,0,0,0,Paediatric Medical Management,False,False
734,paediatric_surgery,1,1,0,0,0,0,Paediatric Surgery,False,False
734,plastic_surgery,1,1,0,0,0,0,Plastic & Reconstructive Surgery,False,False
734,urology,2,1,1,0,0,0,Urology,False,False
737,burns,3,3,0,0,0,2,Burns Management,False,False
737,cardiology,3,3,0,0,0,2,Cardiology,True,False
737,ctvs,3,3,0,0,0,2,Cardio-thoracic & Vascular Surgery,True,False
737,emergency_room,4,3,0,1,0,2,Emergency Room Packages,False,False
737,ent,3,3,0,0,0,2,Otorhinolaryngology (ENT),False,False
737,general_medicine,4,3,0,1,0,2,General Medicine,False,False
737,general_surgery,6,3,2,1,0,2,General Surgery,False,False
737,interventional_neuroradiology,3,3,0,0,0,2,Interventional Neuroradiology,True,False
737,medical_oncology,3,3,0,0,0,2,Medical Oncology,False,False
737,mental_disorders,3,3,0,0,0,2,Mental Disorders,False,False
737,neonatal,3,3,0,0,0,2,Neo-natal Care,False,False
737,neurosurgery,3,3,0,0,0,2,Neurosurgery,True,False
737,obgyn,6,3,2,1,0,2,Obstetrics & Gynaecology,False,False
737,ophthalmology,3,3,0,0,0,2,Ophthalmology,False,False
737,oral_maxillofacial,3,3,0,0,0,2,Oral & Maxillofacial Surgery,False,False
737,orthopaedics,6,3,2,1,0,2,Orthopaedics,False,False
737,paediatric_cancer,3,3,0,0,0,2,Paediatric Cancer,False,False
737,paediatric_medicine,5,3,1,1,0,2,Paediatric Medical Management,False,False
737,paediatric_surgery,3,3,0,0,0,2,Paediatric Surgery,False,False
737,plastic_surgery,3,3,0,0,0,2,Plastic & Reconstructive Surgery,False,False
737,polytrauma,3,3,0,0,0,2,Polytrauma,False,False
737,radiation_oncology,3,3,0,0,0,2,Radiation Oncology,True,False
737,surgical_oncology,3,3,0,0,0,2,Surgical Oncology,False,False
737,urology,5,3,1,1,0,2,Urology,False,False
741,general_medicine,2,2,0,0,0,2,General Medicine,False,False
741,oral_maxillofacial,1,1,0,0,0,1,Oral & Maxillofacial Surgery,False,False
742,general_medicine,1,1,0,0,0,1,General Medicine,False,True
759,burns,2,2,0,0,0,1,Burns Management,False,False
759,cardiology,1,1,0,0,0,1,Cardiology,True,False
759,emergency_room,15,14,1,0,0,13,Emergency Room Packages,False,False
759,ent,4,4,0,0,0,3,Otorhinolaryngology (ENT),False,False
759,general_medicine,18,16,2,0,0,15,General Medicine,False,False
759,general_surgery,10,9,1,0,0,8,General Surgery,False,False
759,mental_disorders,1,1,0,0,0,1,Mental Disorders,False,False
759,neonatal,17,16,1,0,0,15,Neo-natal Care,False,False
759,obgyn,17,16,1,0,0,15,Obstetrics & Gynaecology,False,False
759,ophthalmology,1,0,1,0,0,0,Ophthalmology,False,False
759,oral_maxillofacial,1,1,0,0,0,0,Oral & Maxillofacial Surgery,False,False
759,orthopaedics,2,0,2,0,0,0,Orthopaedics,False,False
759,paediatric_medicine,17,16,1,0,0,15,Paediatric Medical Management,False,False
759,plastic_surgery,2,2,0,0,0,1,Plastic & Reconstructive Surgery,False,False
759,polytrauma,1,1,0,0,0,0,Polytrauma,False,False
759,urology,1,0,1,0,0,0,Urology,False,False
760,burns,3,2,0,0,1,2,Burns Management,False,False
760,cardiology,2,1,0,0,1,1,Cardiology,True,False
760,emergency_room,22,20,0,0,2,19,Emergency Room Packages,False,False
760,ent,3,2,0,0,1,2,Otorhinolaryngology (ENT),False,False
760,general_medicine,23,21,0,0,2,20,General Medicine,False,False
760,general_surgery,5,3,0,0,2,3,General Surgery,False,False
760,mental_disorders,1,1,0,0,0,1,Mental Disorders,False,False
760,neonatal,2,1,0,0,1,1,Neo-natal Care,False,False
760,neurosurgery,1,1,0,0,0,1,Neurosurgery,True,False
760,obgyn,21,19,0,0,2,18,Obstetrics & Gynaecology,False,False
760,ophthalmology,6,3,1,0,2,3,Ophthalmology,False,False
760,oral_maxillofacial,4,3,0,0,1,3,Oral & Maxillofacial Surgery,False,False
760,orthopaedics,3,2,0,0,1,2,Orthopaedics,False,False
760,paediatric_medicine,6,4,0,0,2,4,Paediatric Medical Management,False,False
760,plastic_surgery,2,2,0,0,0,2,Plastic & Reconstructive Surgery,False,False
760,polytrauma,6,5,0,0,1,5,Polytrauma,False,False
760,urology,1,1,0,0,0,1,Urology,False,False
761,burns,3,3,0,0,0,3,Burns Management,False,False
761,emergency_room,15,14,1,0,0,14,Emergency Room Packages,False,False
761,ent,3,3,0,0,0,3,Otorhinolaryngology (ENT),False,False
761,general_medicine,18,14,3,1,0,14,General Medicine,False,False
761,general_surgery,4,4,0,0,0,4,General Surgery,False,False
761,neonatal,16,14,1,1,0,14,Neo-natal Care,False,False
761,obgyn,17,14,2,1,0,14,Obstetrics & Gynaecology,False,False
761,oral_maxillofacial,1,0,1,0,0,0,Oral & Maxillofacial Surgery,False,False
761,orthopaedics,3,1,1,1,0,1,Orthopaedics,False,False
761,paediatric_medicine,16,14,1,1,0,14,Paediatric Medical Management,False,False
761,plastic_surgery,3,3,0,0,0,3,Plastic & Reconstructive Surgery,False,False
762,burns,1,1,0,0,0,1,Burns Management,False,False
762,emergency_room,25,25,0,0,0,21,Emergency Room Packages,False,False
762,ent,3,3,0,0,0,2,Otorhinolaryngology (ENT),False,False
762,general_medicine,30,26,4,0,0,21,General Medicine,False,False
762,general_surgery,7,3,4,0,0,2,General Surgery,False,False
762,neonatal,1,0,1,0,0,0,Neo-natal Care,False,False
762,obgyn,26,24,2,0,0,21,Obstetrics & Gynaecology,False,False
762,ophthalmology,4,4,0,0,0,3,Ophthalmology,False,False
762,oral_maxillofacial,3,3,0,0,0,2,Oral & Maxillofacial Surgery,False,False
762,orthopaedics,6,1,5,0,0,1,Orthopaedics,False,False
762,paediatric_medicine,2,0,2,0,0,0,Paediatric Medical Management,False,False
763,cardiology,1,1,0,0,0,1,Cardiology,True,False
763,emergency_room,26,17,8,1,0,17,Emergency Room Packages,False,False
763,ent,3,2,1,0,0,2,Otorhinolaryngology (ENT),False,False
763,general_medicine,28,19,8,1,0,19,General Medicine,False,False
763,general_surgery,18,11,6,1,0,11,General Surgery,False,False
763,medical_oncology,2,2,0,0,0,2,Medical Oncology,False,False
763,neonatal,1,0,1,0,0,0,Neo-natal Care,False,False
763,obgyn,24,19,5,0,0,19,Obstetrics & Gynaecology,False,False
763,ophthalmology,2,2,0,0,0,2,Ophthalmology,False,False
763,oral_maxillofacial,5,3,2,0,0,3,Oral & Maxillofacial Surgery,False,False
763,orthopaedics,7,2,5,0,0,2,Orthopaedics,False,False
763,paediatric_medicine,6,2,4,0,0,2,Paediatric Medical Management,False,False
763,paediatric_surgery,2,1,1,0,0,1,Paediatric Surgery,False,False
763,polytrauma,1,0,1,0,0,0,Polytrauma,False,False
763,surgical_oncology,2,2,0,0,0,2,Surgical Oncology,False,False
