specialty_code,specialty_name,package_code,package_name,package_amount_rs,pre_investigations,post_investigations,govt_reserved,referral_basis
BM,Burns Management,BM001A,"% Total Body Surface Area Burns (TBSA) - any % 
(not requiring admission). 
Needs at least 5-6 dressing",7000,"Clinical Notes, MLC copy with number, Extent of burns visible on photograph (with rule of 9 chart)","Post Treatment clinical photograph, lab tests or other diagnostic procedures done as a part of treatment. Detailed clinical notes.",Yes,No
BM,Burns Management,BM001B,"% Total Body Surface Area Burns (TBSA): Upto 40 %; Includes % TBSA skin grafted, flap cover, follow-up dressings etc. as deemed necessary; Surgical procedures are required for deep burns that are not amenable to heal with dressings alone.",40000,"Clinical Notes, MLC copy with number, Extent of upto 40% burns visible on photograph (with rule of 9 chart)","Post Treatment clinical photograph, lab tests, X-rays or other diagnostic procedures done as a part of treatment. Detailed discharge summary.",No,--
BM,Burns Management,BM001C,"% Total Body Surface Area Burns (TBSA): 40% - 60 %; Includes % TBSA skin grafted, flap cover, follow-up dressings etc. as deemed necessary; Surgical procedures are required for deep burns that are not amenable to heal with dressings alone.",50000,"Clinical Notes, MLC copy with number, Extent of upto 40% - 60% burns visible on photograph (with rule of 9 chart)","Post Treatment clinical photograph, lab tests, X-rays or other diagnostic procedures done as a part of treatment. Detailed discharge summary.",No,--
BM,Burns Management,BM001D,"% Total Body Surface Area Burns (TBSA): > 60 %; Includes % TBSA skin grafted, flap cover, follow-up dressings etc. as deemed necessary; Surgical procedures are required for deep burns that are not amenable to heal with dressings alone.",80000,"Clinical Notes, MLC copy with number, Extent > 60% burns visible on photograph (with rule of 9 chart)","Post Treatment clinical photograph, lab tests, X-rays or other diagnostic procedures done as a part of treatment. Detailed discharge summary.",No,--
BM,Burns Management,BM002A,"% Total Body Surface Area Burns (TBSA) - any % 
(not requiring admission). 
Needs at least 5-6 dressing",7000,"Clinical Notes, MLC copy with number, Extent of burns visible on photograph (with rule of 9 chart)","Post Treatment clinical photograph, lab tests or other diagnostic procedures done as a part of treatment. Detailed clinical notes.",Yes,No
BM,Burns Management,BM002B,"% Total Body Surface Area Burns (TBSA): Upto 40 %; Includes % TBSA skin grafted, flap cover, follow-up dressings etc. as deemed necessary; Surgical procedures are required for deep burns that are not amenable to heal with dressings alone.",40000,"Clinical Notes, MLC copy with number, Extent of upto 40% burns visible on photograph (with rule of 9 chart)","Post Treatment clinical photograph, lab tests, X-rays or other diagnostic procedures done as a part of treatment. Detailed discharge summary.",No,--
BM,Burns Management,BM002C,"% Total Body Surface Area Burns (TBSA): 40% - 60 %; Includes % TBSA skin grafted, flap cover, follow-up dressings etc. as deemed necessary; Surgical procedures are required for deep burns that are not amenable to heal with dressings alone.",50000,"Clinical Notes, MLC copy with number, Extent of upto 40% - 60% burns visible on photograph (with rule of 9 chart)","Post Treatment clinical photograph, lab tests, X-rays or other diagnostic procedures done as a part of treatment. Detailed discharge summary.",No,--
BM,Burns Management,BM002D,"% Total Body Surface Area Burns (TBSA): >  60 %; Includes % TBSA skin grafted, flap cover, follow-up dressings etc. as deemed necessary; Surgical procedures are required for deep burns that are not amenable to heal with dressings alone.",80000,"Clinical Notes, MLC copy with number, Extent > 60% burns visible on photograph (with rule of 9 chart)","Post Treatment clinical photograph, lab tests, X-rays or other diagnostic procedures done as a part of treatment. Detailed discharge summary.",No,--
BM,Burns Management,BM003A,"% Total Body Surface Area Burns (TBSA) - any % 
(not requiring admission). 
Needs at least 5-6 dressing",7000,"Clinical Notes, MLC copy with number, Extent of burns visible on photograph (with rule of 9 chart)","Post Treatment clinical photograph, lab tests, X-rays or other diagnostic procedures done as a part of treatment. Detailed discharge summary.",Yes,No
BM,Burns Management,BM003B,"% Total Body Surface Area Burns (TBSA): Upto 40 %; Includes % TBSA skin grafted, flap cover, follow-up dressings etc. as deemed necessary; Surgical procedures are required for deep burns that are not amenable to heal with dressings alone.",40000,"Clinical Notes, MLC copy with number, Extent of upto 40% burns visible on photograph (with rule of 9 chart)","Post Treatment clinical photograph, lab tests, X-rays or other diagnostic procedures done as a part of treatment. Detailed discharge summary.",No,--
BM,Burns Management,BM003C,"% Total Body Surface Area Burns (TBSA): 40 % - 60 %; Includes % TBSA skin grafted, flap cover, follow-up dressings etc. as deemed necessary; Surgical procedures are required for deep burns that are not amenable to heal with dressings alone.",50000,"Clinical Notes, MLC copy with number, Extent of upto 40% - 60% burns visible on photograph (with rule of 9 chart)","Post Treatment clinical photograph, lab tests, X-rays or other diagnostic procedures done as a part of treatment. Detailed discharge summary.",No,--
BM,Burns Management,BM003D,"% Total Body Surface Area Burns (TBSA): >  60 %; Includes % TBSA skin grafted, flap cover, follow-up dressings etc. as deemed necessary; Surgical procedures are required for deep burns that are not amenable to heal with dressings alone.",80000,"Clinical Notes, MLC copy with number, Extent > 60% burns visible on photograph (with rule of 9 chart)","Post Treatment clinical photograph, lab tests, X-rays or other diagnostic procedures done as a part of treatment. Detailed discharge summary.",No,--
BM,Burns Management,BM004A,"Electrical contact burns: Low voltage - without part of limb / limb loss; Includes % TBSA skin grafted, flap cover, follow-up dressings etc. as deemed necessary; Surgical procedures are required for deep burns that are not amenable to heal with dressings alone.",30000,"Circumstances that led to low voltage electrical contact burns, MLC copy with number. % burns visible on clinical photograph (with rule of 9 chart)","Post Treatment clinical photograph, lab tests, X-rays or other diagnostic procedures done as a part of treatment. Detailed discharge summary. Detailed Procedure / Operative Notes if surgery done.",No,--
BM,Burns Management,BM004B,"Electrical contact burns: Low voltage - with part of limb / limb loss; Includes % TBSA skin grafted, flap cover, follow-up dressings etc. as deemed necessary; Surgical procedures are required for deep burns that are not amenable to heal with dressings alone.",40000,"Circumstances that led to low voltage electrical contact burns, MLC copy with number. % burns visible on clinical photograph (with rule of 9 chart)","Post Treatment clinical photograph, lab tests, X-rays or other diagnostic procedures done as a part of treatment. Detailed discharge summary. Detailed Procedure / Operative Notes if surgery done.",No,--
BM,Burns Management,BM004C,"Electrical contact burns: High voltage - with part of limb / limb loss; Includes % TBSA skin grafted, flap cover, follow-up dressings etc. as deemed necessary; Surgical procedures are required for deep burns that are not amenable to heal with dressings alone.",60000,"Circumstances that led to High voltage electrical contact burns, MLC copy with number. % burns visible on clinical photograph (with rule of 9 chart)","Post Treatment clinical photograph, lab tests, X-rays or other diagnostic procedures done as a part of treatment. Detailed discharge summary. Detailed Procedure / Operative Notes if surgery done.",No,--
BM,Burns Management,BM004D,"Electrical contact burns: High voltage - without part of limb / limb loss; Includes % TBSA skin grafted, flap cover, follow-up dressings etc. as deemed necessary; Surgical procedures are required for deep burns that are not amenable to heal with dressings alone.",50000,"Circumstances that led to High voltage electrical contact burns, MLC copy with number. % burns visible on clinical photograph (with rule of 9 chart)","Post Treatment clinical photograph, lab tests, X-rays or other diagnostic procedures done as a part of treatment. Detailed discharge summary. Detailed Procedure / Operative Notes if surgery done.",No,--
BM,Burns Management,BM005A,"Chemical burns: Without significant facial scarring and/or loss of function; Includes % TBSA skin grafted, flap cover, follow-up dressings etc. as deemed necessary; Surgical procedures are required for deep burns that are not amenable to heal with dressings alone.",40000,"Circumstances that led to chemical burns, MLC copy with number, % and area burnt visible on clinical photograph 
(with rule of 9 chart)","Post Treatment clinical photograph showing treated burns, lab tests, X-rays or other diagnostic procedures done as a part of treatment.Detailed discharge summary. Detailed Procedure / Operative Notes if surgery done.",No,--
BM,Burns Management,BM005B,"Chemical burns: With significant facial scarring and/or loss of function; Includes % TBSA skin grafted, flap cover, follow-up dressings etc. as deemed necessary; Surgical procedures are required for deep burns that are not amenable to heal with dressings alone.",60000,"Circumstances that led to chemical burns, MLC copy with number, % and area burnt visible on clinical photograph 
(with rule of 9 chart)","Post Treatment clinical photograph showing treated burns, lab tests, X-rays or other diagnostic procedures done as a part of treatment.Detailed discharge summary. Detailed Procedure / Operative Notes if surgery done.",No,--
BM,Burns Management,BM006A,"Post Burn Contracture surgeries for Functional Improvement (Package including splints, pressure garments, silicone - gel sheet and physiotherapy): Excluding Neck contracture; Contracture release with - Split thickness Skin Graft (STSG) / Full Thickness Skin Graft (FTSG) / Flap cover is done for each joint with post - operative regular dressings for STSG / FTSG / Flap cover.",50000,"Clinical history detailing the burns - etiology, treatment given and resultant contractures left. Functional disability to be detailed and expected functional improvement to be shared. Pre-op clinical photograph.","Post Treatment clinical photograph, Detailed discharge summary. Detailed Procedure / Operative Notes.",No,--
BM,Burns Management,BM006B,"Post Burn Contracture surgeries for Functional Improvement (Package including splints, pressure garments, silicone - gel sheet and physiotherapy): Neck contracture; Contracture release with - Split thickness Skin Graft (STSG) / 
Full Thickness Skin Graft (FTSG) / Flap cover is done for each joint with post-operative regular dressings for STSG / FTSG / Flap cover.",50000,"Clinical history detailing the burns - etiology, treatment given and resultant contractures left. Functional disability to be detailed and expected functional improvement to be shared. Pre-op clinical photograph.","Post Treatment clinical photograph, Detailed discharge summary. Detailed Procedure / Operative Notes.",No,--
BM,Burns Management,BMU100,Unspecified Surgical Package,0,NA,NA,No,--
ER,Emergency Room Packages (Care requiring less than 12 hrs stay),ER001A,Laceration - Suturing / Dressing,2000,Clinical notes with planned line of treatment with pre-clinical photograph,Clinical notes / discharge summary with planned line of treatment & post clinical photograph,No,--
ER,Emergency Room Packages (Care requiring less than 12 hrs stay),ER002A,Emergency with stable cardiopulmonary status,2000,"Clinical notes with planned line of treatment, ECG",Clinical notes / discharge summary with planned line of treatment ,No,--
ER,Emergency Room Packages (Care requiring less than 12 hrs stay),ER002B,Emergency with unstable cardiopulmonary status with resuccitation,10000,"Clinical notes with planned line of treatment, ECG",Clinical notes / discharge summary with planned line of treatment ,No,--
ER,Emergency Room Packages (Care requiring less than 12 hrs stay),ER003A,Animal bites (Excluding Snake Bite),1700,Classification of bites with pre-clinical photograph,"Beneficiary signature / thumb impession; invoice / bar code sticker of the vaccine, Clinical Notes with complete treatment details given",Yes,No
ER,Emergency Room Packages (Care requiring less than 12 hrs stay),SB001A,"Fracture - Conservative Management - 
Without plaster",2000,"Clinical notes with planned line of treatment including planned line of treatment, X-ray films with reports ","Procedure / Operation notes, Post procedure X-ray films with reports, Detailed Discharge Summary",Yes,No
ER,Emergency Room Packages (Care requiring less than 12 hrs stay),SU073A,Emergency management of Hematuria,0,Clinical notes detailing the hematuria with urine report showing frank or microscopic?,Evidence of investigations done treatment given; detailed discharge summary,No,--
IN,Interventional Neuroradiology,IN001A,Dural AVMs (per sitting) with glue,70000,Clinical notes and CT/MRI/ DSA confirming the diagnosis,"Detailed Procedure / Operative Notes. Radiographic stills
photograph/CT/MRI/Angio, Invoice / bar code of glue used, Detailed Discharge Summary",No,--
IN,Interventional Neuroradiology,IN001B,Dural AVFs (per sitting) with glue,70000,Clinical notes and CT/MRI/ DSA confirming the diagnosis,"Detailed Procedure / Operative Notes. Radiographic stills
photograph/CT/MRI/Angio, Invoice / bar code of glue used, Detailed Discharge Summary",No,--
IN,Interventional Neuroradiology,IN001C,Dural AVMs (per sitting) with onyx,150000,Clinical notes and CT/MRI/ DSA confirming the diagnosis,"Detailed Procedure / Operative Notes. Radiographic stills
photograph/CT/MRI/Angio, Invoice / bar code of Onyx used, Detailed Discharge Summary",No,--
IN,Interventional Neuroradiology,IN001D,Dural AVFs (per sitting) with onyx,150000,Clinical notes and CT/MRI/ DSA confirming the diagnosis,"Detailed Procedure / Operative Notes. Radiographic stills
photograph/CT/MRI/Angio, Invoice / bar code of Onyx used, Detailed Discharge Summary",No,--
IN,Interventional Neuroradiology,IN002A,"Cerebral AVM embolization - Using Histoacryl 
(per sitting)",100000,Clinical notes and CT/MRI/ DSA confirming the diagnosis,"Detailed Procedure / Operative Notes. Radiographic stills
photograph/CT/MRI/Angio, Invoice / bar code of histoacryl used, Detailed Discharge Summary",No,--
IN,Interventional Neuroradiology,IN002B,"Spinal AVM embolization - Using Histoacryl 
(per sitting)",100000,Clinical notes and CT/MRI/ DSA confirming the diagnosis,"Detailed Procedure / Operative Notes. Radiographic stills
photograph/CT/MRI/Angio, Invoice / bar code of histoacryl used, Detailed Discharge Summary",No,--
IN,Interventional Neuroradiology,IN003A,"Coil embolization for aneurysms 
(includes cost of first 3 coils + balloon and / or stent if used)",100000,Clinical notes and CT Angio/MRA/ DSA confirming the diagnosis for which the procedure is done,"Post procedure x-ray showing coils; Detailed Procedure / Operative Notes. Invoice / bar code of used coil / balloon / stent, detailed discharge summary",No,--
IN,Interventional Neuroradiology,IN004A,"Carotico-cavernous Fistula (CCF) embolization with coils. 
[includes 5 coils, guide catheter, micro-catheter, micro-guidewire, general items]",30000,Clinical notes and CT/MRI/ DSA confirming the diagnosis,"Post procedure x-ray showing coils; Detailed Procedure / Operative Notes. Invoice / bar code of used coil / catheter and other accessories, detailed discharge summary",No,--
IN,Interventional Neuroradiology,IN004B,"Carotid-cavernous Fistula (CCF) embolization with balloon 
(includes one balloon, guide catheter, micro-catheter, micro-guidewire, general items)",64000,Clinical notes and CT/MRI/ DSA confirming the diagnosis,"Post procedure x-ray showing balloon; Detailed Procedure / Operative Notes. Invoice / bar code of used coil / catheter and other accessories, detailed discharge summary",No,--
IN,Interventional Neuroradiology,IN005A,"Pre-operative tumour embolization 
(per session)",40000,Clinical notes and CT/MRI/ DSA confirming the diagnosis,"Intra procedure clinical photograph, Detailed discharge summary, Detailed Procedure / Operative Notes. Invoices / bar code of embolic agent used.",No,--
IN,Interventional Neuroradiology,IN006A,Intracranial balloon angioplasty with stenting,160000,Clinical notes and CT/MRI/ DSA confirming the diagnosis,"Intra procedure clinical photograph, Detailed discharge summary, Detailed Procedure / Operative Notes. Invoices / bar code of balloon and stent",No,--
IN,Interventional Neuroradiology,IN007A,Intracranial thrombolysis / clot retrieval,160000,Clinical notes and CT/MRI/ DSA confirming the diagnosis,"Intra procedure clinical photograph, Detailed discharge summary, Detailed Procedure / Operative Notes. Invoices / bar code of thrombolytic agentused.",No,--
IN,Interventional Neuroradiology,IN008A,Balloon test occlusion,70000,Clinical notes and CT/MRI/ DSA confirming the diagnosis,"Intra procedure clinical photograph, Detailed discharge summary, Detailed Procedure / Operative Notes.",No,--
IN,Interventional Neuroradiology,IN009A,Parent vessel occlusion - Basic,30000,Clinical notes and CT/MRI/ DSA confirming the diagnosis,"Intra procedure still photograph showing coil, Detailed Procedure / Operative Notes with procedure deployed; detailed discharge summary; invoice / bar code of coil used",No,--
IN,Interventional Neuroradiology,IN010A,Vertebroplasty ,40000,Clinical notes and CT/MRI confirming the diagnosis and need of procedure; MLC/ FIR if traumatic,"Intra procedure clinical photograph, Detailed discharge summary, Detailed Procedure / Operative Notes. Invoices of cement used.",No,--
IN,Interventional Neuroradiology,MC002A,For Deep vein thrombosis (DVT),30800,Clinical notes and doppler establishing presence of DVT,"Post procedure Colour Doppler of affected limb/part, invoice of catheter used, invoice of the thrombolytic drug (tPA) used, Detailed Discharge Summary.",No,--
IN,Interventional Neuroradiology,MC002B,For Mesenteric Thrombosis,30800,Clinical notes and doppler establishing presence of mesentric thrombosis,"Post procedure Colour Doppler of affected limb/part, invoice of catheter used, invoice of the thrombolytic drug (tPA) used, Detailed Discharge Summary.",No,--
IN,Interventional Neuroradiology,MC002C,For Peripheral vessels,30800,Clinical notes and doppler establishing presence of peripheral vessel thrombosis,"Post procedure Colour Doppler of affected limb/part, invoice of catheter used, invoice of the thrombolytic drug (tPA) used, Detailed Discharge Summary.",No,--
IN,Interventional Neuroradiology,SU008A,Nephrostomy - Percutaneous ultrasound guided,14000,Clinical notes and USG confirming the indication and need of procedure.,"Intra procedure clinical photograph, detailed discharge summary, detailed Procedure / Operative Notes",No,--
MC,Cardiology,MC001A,Right Heart Catheterization,5000,"Clinical notes with planned line of treatment, ECG, ECHO","Discharge summary, Procedure / Operative Notes. Invoices of catherter and other accesories used.",No,--
MC,Cardiology,MC001B,Left Heart Catheterization,5000,"Clinical notes with planned line of treatment, ECG, ECHO","Discharge summary, Procedure / Operative Notes. Invoices of catherter and other accesories used.",No,--
MC,Cardiology,MC003A,Coartication of Aorta,38600,ECHO & CT angiogram report & stills,"Procedure / Operative Notes with images, Post Procedure images / Angiogram, barcode of balloon used, Detailed Discharge Summary",No,--
MC,Cardiology,MC003B,Pulmonary Artrey Stenosis,38600,ECHO & CT angiogram report & stills,"Procedure / Operative Notes with images, Post Procedure images / Angiogram, barcode of balloon used, Detailed Discharge Summary",No,--
MC,Cardiology,MC004A,Balloon Pulmonary Valvotomy,23400,Clinical notes with planned line of treatment and ECHO report with stills.,"Procedure / Operative notes with still images, Post procedure stills of Echo with report; Invoice of blade / balloon used, Detailed Discharge Summary .",No,--
MC,Cardiology,MC004B,Balloon Aortic Valvotomy,23400,Clinical notes with planned line of treatment and ECHO report with stills.,"Procedure / Operative notes with still images, Post procedure stills of Echo with report; Invoice of blade / balloon used, Detailed Discharge Summary .",No,--
MC,Cardiology,MC005A,Balloon Mitral Valvotomy,35700,Clinical notes with planned line of treatment and ECHO report with stills.,"Procedure / Operative notes with still images, Post procedure stills of Echo with report; Invoice of blade / balloon used, Detailed Discharge Summary .",No,--
MC,Cardiology,MC006A,Balloon Atrial Septostomy,24400,Clinical notes and ECHO / and doppler stills + reports showing the transposition of the great arteries (TGA) & need of septostomy,"Procedure / Operative notes with still images, Post procedure stills of ECHO with report; Invoice of blade / balloon used, Detailed Discharge Summary .",No,--
MC,Cardiology,MC007A,ASD Device Closure,36900,Clinical notes and ECHO report showing ASD,"Procedure / Operative notes with still images, Post procedure stills of ECHO with report; Invoice of blade / device used, Detailed Discharge Summary .",No,--
MC,Cardiology,MC008A,VSD Device Closure,37900,Clinical notes and ECHO report showing VSD,"Procedure / Operative notes with still images, Post procedure stills of ECHO with report; Invoice of blade / device used, Detailed Discharge Summary .",No,--
MC,Cardiology,MC009A,PDA Device Closure,25000,Clinical notes and ECHO report showing PDA,"Procedure / Operative notes with still images, Post procedure stills of ECHO with report; Invoice of blade / device used, Detailed Discharge Summary .",No,--
MC,Cardiology,MC010A,PDA stenting,40260,Clinical notes and ECHO report / Angio showing PDA,"Procedure / Operative notes with still images, Post procedure stills of ECHO with report; Invoice of blade / barcode of stent used, barcode of the stent used, Detailed Discharge Summary .",No,--
MC,Cardiology,MC011A,"PTCA, inclusive of diagnostic angiogram",40600,"ECG, ECHO, CAG stills showing blocks & Reports","Procedure / Operative notes with still images, Angiogram report, showing stent & post Stent flow + barcode of the stents used, Detailed Discharge Summary",No,--
MC,Cardiology,MC012A,Electrophysiological Study,20000,"Clinical notes with planned line of treatment, ECG, ECHO, Serum Elctrolytes","Discharge summary, EP study report",No,--
MC,Cardiology,MC012B,"Electrophysiological Study 
with Radio Frequency Ablation",20000,"Clinical notes with planned line of treatment, ECG, ECHO, Serum Elctrolytes","Discharge summary, EP study report, Procedure / Operative Notes",No,--
MC,Cardiology,MC013A,Percutaneous Transluminal Septal Myocardial Ablation,34000,"Clinical notes and ECG, ECHO, CAG stills showing blaocks justifying the procedure","Angiogram report with stills, showing stent & post Stent flow + barcode / Invoice of the stent used",No,--
MC,Cardiology,MC014A,Temporary Pacemaker implantation,19200,Clinical notes and ECG + Report by cardiologist necessitating procedure,"X Ray showing the pacemaker in situ; detailed discharge summary, Detailed Procedure / Operative Notes; Invoice / barcode of pacemaker",No,--
MC,Cardiology,MC015A,"Permanent Pacemaker Implantation - 
Single Chamber",24500,Clinical notes and ECG + Report by cardiologist necessitating procedure; Angiogram if done,"X Ray showing the pacemaker in situ, Invoice / Barcode of designated pacemaker. Detailed Procedure / Operative Notes, detailed discharge summary",No,--
MC,Cardiology,MC016A,"Permanent Pacemaker Implantation - 
Double Chamber",33000,Clinical notes and ECG + Report by cardiologist necessitating procedure; Angiogram if done,"X Ray showing the pacemaker in situ, Invoice / Barcode of designated pacemaker. Detailed Procedure / Operative Notes, detailed discharge summary",No,--
MC,Cardiology,MC017A,Peripheral Angioplasty,34500,"ECHO, Doppler, Angio stills showing blocks & Reports","Post op. Angiogram report/ stills, showing stent; Implant / barcode of stent used",No,--
MC,Cardiology,MC018A,"Bronchial artery Embolisation 
(for Haemoptysis)",32800,Clinical notes and Chest X-Ray / HRCT chest with CT Pulmonary Angiogram & other investigations,"Check Angiography of same bronchial artery after the procedure. Detailed discharge summary; Detailed Procedure / Operative Notes, Hb, Serum Creatinine",No,--
MC,Cardiology,MC019A,Pericardiocentesis,12100,Clinical notes and ECHO report justifying need of procedure,"Intra procedure clinical photograph, post procedure ECHO report; Analysis of fluid removed.",No,--
MC,Cardiology,MC020A,Systemic Thrombolysis (for MI),17900,"Serial ECGs showing MI, Cardiac markers - CPK-MB, TROP I or TROP T","ECHO, ECG, Lab Investigation (TROP - T report); invoice / barcode of thrombolytic agent used",No,--
MG,General Medicine,MG001A,Acute febrile illness,0,Clinical notes detailing history and Admission notes showing vitals and examination findings; any investigations done; planned line of management,"Detailed ICPs, Treatment details, detailed discharge summary, All investigations reports.",No,--
MG,General Medicine,MG002A,Severe sepsis,0,Clinical notes detailing history and Admission notes showing vitals and examination findings; any investigations done; planned line of management,"Detailed ICPs, Treatment details, detailed discharge summary, All investigations reports.",No,--
MG,General Medicine,MG002B,Septic shock,0,Clinical notes detailing history and Admission notes showing vitals and examination findings; any investigations done; planned line of management,"Detailed ICPs, Treatment details, detailed discharge summary, All investigations reports.",No,--
MG,General Medicine,MG003A,Malaria,0,Clinical notes detailing history and Admission notes showing vitals and examination findings; any investigations done; planned line of management,"Detailed ICPs, Treatment details, detailed discharge summary, All investigations reports.",No,--
MG,General Medicine,MG003B,Complicated malaria,0,Clinical notes detailing history and Admission notes showing vitals and examination findings; any investigations done; planned line of management,"Detailed ICPs, Treatment details, detailed discharge summary, All investigations reports.",No,--
MG,General Medicine,MG004A,Dengue fever,0,Clinical notes detailing history and Admission notes showing vitals and examination findings; any investigations done; planned line of management,"Detailed ICPs, Treatment details, detailed discharge summary, All investigations reports.",No,--
MG,General Medicine,MG004B,Dengue hemorrhagic fever,0,Clinical notes detailing history and Admission notes showing vitals and examination findings; any investigations done; planned line of management,"Detailed ICPs, Treatment details, detailed discharge summary, All investigations reports.",No,--
MG,General Medicine,MG004C,Dengue shock syndrome,0,Clinical notes detailing history and Admission notes showing vitals and examination findings; any investigations done; planned line of management,"Detailed ICPs, Treatment details, detailed discharge summary, All investigations reports.",No,--
MG,General Medicine,MG005A,Chikungunya fever,0,Clinical notes detailing history and Admission notes showing vitals and examination findings; any investigations done; planned line of management,"Detailed ICPs, Treatment details, detailed discharge summary, All investigations reports.",No,--
MG,General Medicine,MG006A,Enteric fever,0,Clinical notes detailing history and Admission notes showing vitals and examination findings; any investigations done; planned line of management,"Detailed ICPs, Treatment details, detailed discharge summary, All investigations reports.",No,--
MG,General Medicine,MG007A,HIV with complications,0,Clinical notes detailing history and Admission notes showing vitals and examination findings; any investigations done; planned line of management,"Detailed ICPs, Treatment details, detailed discharge summary, All investigations reports.",Yes,No
MG,General Medicine,MG008A,Leptospirosis,0,Clinical notes detailing history and Admission notes showing vitals and examination findings; any investigations done; planned line of management,"Detailed ICPs, Treatment details, detailed discharge summary, All investigations reports.",No,--
MG,General Medicine,MG009A,Acute gastroenteritis with moderate dehydration,0,Clinical notes detailing history and Admission notes showing vitals and examination findings; any investigations done; planned line of management,"Detailed ICPs, Treatment details, detailed discharge summary, All investigations reports.",Yes,No
MG,General Medicine,MG009B,Acute gastroenteritis with severe dehydration,0,Clinical notes detailing history and Admission notes showing vitals and examination findings; any investigations done; planned line of management,"Detailed ICPs, Treatment details, detailed discharge summary, All investigations reports.",No,--
MG,General Medicine,MG010A,Chronic diarrohea,0,Clinical notes with planned line of treatment,"Detailed Discharge Summary, any other investigations done",Yes,No
MG,General Medicine,MG010B,Persistent diarrohea,0,Clinical notes with planned line of treatment; stool examintaion,"Detailed Discharge Summary summary, any other investigations done",Yes,No
MG,General Medicine,MG011A,Dysentery,0,Clinical notes detailing history and Admission notes showing vitals and examination findings; any investigations done; planned line of management,"Detailed ICPs, Treatment details, detailed discharge summary, All investigations reports.",No,--
MG,General Medicine,MG012A,Acute viral hepatitis,0,"Clinical notes with planned line of treatment, LFT, USG - Whole Abdomen","Detailed ICPs, Treatment details, detailed discharge summary, All investigations reports.",No,--
MG,General Medicine,MG013A,Chronic Hepatitis ,0,"Clinical notes with planned line of treatment, LFT, USG - Whole Abdomen","Detailed ICPs, Treatment details, detailed discharge summary, All investigations reports.",No,--
MG,General Medicine,MG014A,Liver abscess,0,Clinical notes detailing history and Admission notes showing vitals and examination findings; any investigations done; planned line of management,"Detailed ICPs, Treatment details, detailed discharge summary, All investigations reports.",Yes,No
MG,General Medicine,MG015A,Visceral leishmaniasis,0,Clinical notes detailing history and Admission notes showing vitals and examination findings; any investigations done; planned line of management,"Detailed ICPs, Treatment details, detailed discharge summary, All investigations reports.",No,--
MG,General Medicine,MG016A,Pneumonia,0,Clinical notes detailing history and Admission notes showing vitals and examination findings; any investigations done; planned line of management,"Detailed ICPs, Treatment details, detailed discharge summary, All investigations reports.",No,--
MG,General Medicine,MG017A,Severe pneumonia,0,Clinical notes detailing history and Admission notes showing vitals and examination findings; any investigations done; planned line of management,"Detailed ICPs, Treatment details, detailed discharge summary, All investigations reports.",No,--
MG,General Medicine,MG018A,Empyema,0,"Clinical notes with planned line of treatment, CBC, X ray chest","Post Treatment X-ray chest, Detailed Discharge Summary",No,--
MG,General Medicine,MG019A,Lung abscess,0,"Clinical notes with planned line of treatment , X-ray chest, CBC and any other investigations done, planned line of management","Post Treatment X-ray chest, CBC,  Detailed Discharge summary.",No,--
MG,General Medicine,MG020A,Pericardial tuberculosis,0,Clinical notes detailing history and Admission notes showing vitals and examination findings; investigations done,"Detailed ICPs, Treatment details, detailed discharge summary, All investigations reports.",No,--
MG,General Medicine,MG020B,Pleural tuberculosis,0,Clinical notes detailing history and Admission notes showing vitals and examination findings; investigations done,"Detailed ICPs, Treatment details, detailed discharge summary, All investigations reports.",Yes,No
MG,General Medicine,MG021A,Urinary Tract Infection,0,Clinical notes detailing history and Admission notes showing vitals and examination findings; any investigations done; planned line of management,"Detailed ICPs, Treatment details, detailed discharge summary, All investigations reports.",Yes,No
MG,General Medicine,MG022A,Viral encephalitis,0,Clinical notes detailing history and Admission notes showing vitals and examination findings; any investigations done; planned line of management,"Detailed ICPs, Treatment details, detailed discharge summary, All investigations reports.",No,--
MG,General Medicine,MG023A,Septic Arthritis ,0,"Clinical notes with planned line of treatment, CBC, X-ray of the affected joint","Post treatment X-ray / Radiological evidence, CBC, Detailed Discharge Summary",No,--
MG,General Medicine,MG024A,Skin and soft tissue infections ,0,"Clinical notes with planned line of treatment, CBC","Detailed ICPs, Treatment details, detailed discharge summary, All investigations reports including CBC",Yes,No
MG,General Medicine,MG025A,Recurrent vomiting with dehydration,0,Clinical notes detailing history and Admission notes showing vitals and examination findings; any investigations done; planned line of management,"Detailed ICPs, Treatment details, detailed discharge summary, All investigations reports.",Yes,No
MG,General Medicine,MG026A,Pyrexia of unknown origin,0,Clinical notes detailing history and Admission notes showing vitals and examination findings; any investigations done; planned line of management,"Detailed ICPs, Treatment details, detailed discharge summary, All investigations reports.",No,--
MG,General Medicine,MG027A,Bronchiectasis,0,"X ray-Chest, Clinical notes with planned line of treatment","Post treatment X-ray / Radiological evidence, Detailed Discharge Summary, Detailed ICPs, Treatment details, All investigations reports.",No,--
MG,General Medicine,MG028A,Acute bronchitis,0,Clinical notes detailing history and Admission notes showing vitals and examination findings; any investigations done; planned line of management,"Detailed ICPs, Treatment details, detailed discharge summary, All investigations reports.",No,--
MG,General Medicine,MG029A,Acute excaberation of COPD,0,Clinical notes detailing history and Admission notes showing vitals and examination findings; any investigations done; planned line of management,"Detailed ICPs, Treatment details, detailed discharge summary, All investigations reports.",No,--
MG,General Medicine,MG030A,Acute excaberation of Interstitial Lung Disease,0,Clinical notes detailing history and Admission notes showing vitals and examination findings; any investigations done; planned line of management,"Detailed ICPs, Treatment details, detailed discharge summary, All investigations reports.",No,--
MG,General Medicine,MG031A,Bacterial Endocarditis,0,"Clinical notes with planned line of treatment, ECHO, CBC","Blood culture reports, Post treatment ECHO, Detailed Discharge Summary, Detailed ICPs, Treatment details, All investigations reports.",No,--
MG,General Medicine,MG031B,Fungal Endocarditis,0,"Clinical notes with planned line of treatment, ECHO, CBC","Blood culture reports, Post treatment ECHO, Detailed Discharge Summary, Detailed ICPs, Treatment details, All investigations reports.",No,--
MG,General Medicine,MG032A,Vasculitis,0,Clinical notes detailing history and Admission notes showing vitals and examination findings; any investigations done; planned line of management,"Detailed ICPs, Treatment details, detailed discharge summary, All investigations reports.",No,--
MG,General Medicine,MG033A,Acute pancreatitis,0,"Cliical notes, Sr Amylase, Lipase, LFT, CBC, USG- abdomen","Post treatment Sr Amylase, Lipase, LFT, USG- abdomen Detailed Discharge Summary",No,--
MG,General Medicine,MG033B,Chronic pancreatitis,0,"Cliical notes, Sr Amylase, Lipase, LFT, CBC, USG- abdomen","Post treatment Sr Amylase, Lipase, LFT, USG- abdomen Detailed Discharge Summary",No,--
MG,General Medicine,MG034A,Ascites,0,"Clinial notes, LFT, CBC, USG- abdomen","Ascitic Fluid Analysis and Culture Report, Detailed Discharge Summary, ",No,--
MG,General Medicine,MG035A,Acute transverse myelitis,0,Clinical notes detailing history and Admission notes showing vitals and examination findings; any investigations done; planned line of management,"Detailed ICPs, Treatment details, detailed discharge summary, All investigations reports.",No,--
MG,General Medicine,MG036A,Atrial Fibrillation ,0,"Clinical notes with planned line of treatment, ECG, Sr Electrolytes","Post treatment ECG, Detailed Discharge Summary, Detailed ICPs, Treatment details, All investigations reports.",No,--
MG,General Medicine,MG037A,Cardiac Tamponade ,0,"Clincal notes, 2D echo","Post treatment 2D echo, Fluid Aspirated report, Procedure notes, Detailed Discharge Summary",No,--
MG,General Medicine,MG038A,Congestive heart failure,0,Clinical notes detailing history and Admission notes showing vitals and examination findings; any investigations done; planned line of management,"Detailed ICPs, Treatment details, detailed discharge summary, All investigations reports.",No,--
MG,General Medicine,MG039A,Acute asthmatic attack,0,Clinical notes detailing history and Admission notes showing vitals and examination findings; any investigations done; planned line of management,"Detailed ICPs, Treatment details, detailed discharge summary, All investigations reports.",No,--
MG,General Medicine,MG039B,Status asthmaticus,0,Clinical notes detailing history and Admission notes showing vitals and examination findings; any investigations done; planned line of management,"Detailed ICPs, Treatment details, detailed discharge summary, All investigations reports.",No,--
MG,General Medicine,MG040A,Type 1 respiratory failure,0,Clinical notes detailing history and Admission notes showing vitals and examination findings; any investigations done; planned line of management,"Detailed ICPs, Treatment details, detailed discharge summary, All investigations reports.",No,--
MG,General Medicine,MG040B,Type 2 respiratory failure,0,Clinical notes detailing history and Admission notes showing vitals and examination findings; any investigations done; planned line of management,"Detailed ICPs, Treatment details, detailed discharge summary, All investigations reports.",No,--
MG,General Medicine,MG040C,"Due to any cause (pneumonia, asthma, COPD, ARDS, foreign body, poisoning, head injury etc.)",0,"Clinical notes detailing history and Admission notes showing vitals and examination findings; any investigations done; planned line of management, Copy of MLC / FIR (if required)","Detailed ICPs, Treatment details, detailed discharge summary, All investigations reports.",No,--
MG,General Medicine,MG041A,Upper GI bleeding (conservative),0,Clinical notes detailing history and Admission notes showing vitals and examination findings; any investigations done; planned line of management,"Detailed ICPs, Treatment details, detailed discharge summary, All investigations reports.",No,--
MG,General Medicine,MG041B,Upper GI bleeding (endoscopic),0,Clinical notes detailing history and Admission notes showing vitals and examination findings; any investigations done; planned line of management,"Detailed ICPs, Treatment details, detailed discharge summary, All investigations reports.",No,--
MG,General Medicine,MG042A,Lower GI hemorrhage,0,Clinical notes detailing history and Admission notes showing vitals and examination findings; any investigations done; planned line of management,"Detailed ICPs, Treatment details, detailed discharge summary, All investigations reports.",No,--
MG,General Medicine,MG043A,Addison?s disease ,0,"Clincal notes, Sr. Cortisol levels, USG- abdomen","Post treatment cortisol levels, Detailed Discharge Summary",No,--
MG,General Medicine,MG044A,Renal colic,0,Clinical notes detailing history and Admission notes showing vitals and examination findings; any investigations done; planned line of management,"Detailed ICPs, Treatment details, detailed discharge summary, All investigations reports.",Yes,No
MG,General Medicine,MG045A,AKI / Renal failure,0,Clinical notes detailing history and Admission notes showing vitals and examination findings; any investigations done; planned line of management,"Detailed ICPs, Treatment details, detailed discharge summary, All investigations reports.",No,--
MG,General Medicine,MG046A,Seizures,0,Clinical notes detailing history and Admission notes showing vitals and examination findings; any investigations done; planned line of management,"Detailed ICPs, Treatment details, detailed discharge summary, All investigations reports.",No,--
MG,General Medicine,MG047A,Status epilepticus,0,Clinical notes detailing history and Admission notes showing vitals and examination findings; any investigations done; planned line of management,"Detailed ICPs, Treatment details, detailed discharge summary, All investigations reports.",No,--
MG,General Medicine,MG048A,Cerebrovascular accident,0,Clinical notes detailing history and Admission notes showing vitals and examination findings; any investigations done; planned line of management,"Detailed ICPs, Treatment details, detailed discharge summary, All investigations reports.",No,--
MG,General Medicine,MG049A,Cerebral sino-venous thrombosis,0,Clinical notes detailing history and Admission notes showing vitals and examination findings; any investigations done; planned line of management,"Detailed ICPs, Treatment details, detailed discharge summary, All investigations reports.",No,--
MG,General Medicine,MG049B,Acute stroke,0,Clinical notes detailing history and Admission notes showing vitals and examination findings; any investigations done; planned line of management,"Detailed ICPs, Treatment details, detailed discharge summary, All investigations reports.",No,--
MG,General Medicine,MG049C,Acute ischemic stroke,0,Clinical notes detailing history and Admission notes showing vitals and examination findings; any investigations done; planned line of management,"Detailed ICPs, Treatment details, detailed discharge summary, All investigations reports.",No,--
MG,General Medicine,MG049D,Acute heamorrhagic stroke,0,Clinical notes detailing history and Admission notes showing vitals and examination findings; any investigations done; planned line of management,"Detailed ICPs, Treatment details, detailed discharge summary, All investigations reports.",No,--
MG,General Medicine,MG050A,Immune mediated CNS disorders,0,Clinical notes detailing history and Admission notes showing vitals and examination findings; any investigations done; planned line of management,"Detailed ICPs, Treatment details, detailed discharge summary, All investigations reports.",No,--
MG,General Medicine,MG051A,Hydrocephalus,0,Clinical notes detailing history and Admission notes showing vitals and examination findings; any investigations done; planned line of management,"Detailed ICPs, Treatment details, detailed discharge summary, All investigations reports.",No,--
MG,General Medicine,MG052A,Myxedema coma ,0,"Clinical notes with planned line of treatment,  Throid profile, USG- Thyroid Gland","Post treatment Thyroid Profile, Detailed Discharge Summary",No,--
MG,General Medicine,MG053A,Thyrotoxic crisis ,0,"Clinical notes with planned line of treatment,  Throid profile, USG- Thyroid Gland","Radionuclide Iodine uptake study, Post treatment Thyroid Profile,  Detailed Discharge Summary",No,--
MG,General Medicine,MG054A,Gout ,0,"Clinical notes with planned line of treatment, Sr.Uric acid",Detailed Discharge Summary,No,--
MG,General Medicine,MG055A,Pneumothroax,0,Clinical notes detailing history and Admission notes showing vitals and examination findings; any investigations done; planned line of management,"Detailed ICPs, Treatment details, detailed discharge summary, All investigations reports.",No,--
MG,General Medicine,MG056A,Neuromuscular disorders,0,Clinical notes detailing history and Admission notes showing vitals and examination findings; any investigations done; planned line of management,"Detailed ICPs, Treatment details, detailed discharge summary, All investigations reports.",No,--
MG,General Medicine,MG057A,Hypoglycemia,0,"Clincal notes, Blood sugar level","Post treatment Blood sugar levels, Hba1C, Detailed Discharge Summary",No,--
MG,General Medicine,MG058A,Diabetic Foot ,0,"Clincal profile, Blood sugar level,CBC, Photograph of the affected foot","Post treatment Blood sugar levels, Hba1C, Photograph of the affected foot, Detailed Discharge Summary",Yes,No
MG,General Medicine,MG059A,Diabetic ketoacidosis,0,Clinical notes detailing history and Admission notes showing vitals and examination findings; any investigations done; planned line of management,"Detailed ICPs, Treatment details, detailed discharge summary, All investigations reports.",No,--
MG,General Medicine,MG060A,Hypercalcemia ,0,"Clinical notes with planned line of treatment, Serum Calcium","Post treatment Serum Calcium, Detailed Discharge Summary, Detailed ICPs, Treatment details, All investigations reports.",No,--
MG,General Medicine,MG060B,Hypocalcemia ,0,"Clinical notes with planned line of treatment, Serum Calcium","Post treatment Serum Calcium, Detailed Discharge Summary, Detailed ICPs, Treatment details, All investigations reports.",No,--
MG,General Medicine,MG060C,Hyponatremia,0,"Clinical notes with planned line of treatment, Serum Electrolytes","Post treatment Serum Electrolytes, Detailed Discharge Summary, Detailed ICPs, Treatment details, All investigations reports.",No,--
MG,General Medicine,MG060D,Hypernatremia ,0,"Clinical notes with planned line of treatment, Serum Electrolytes","Post treatment Serum Electrolytes, Detailed Discharge Summary, Detailed ICPs, Treatment details, All investigations reports.",No,--
MG,General Medicine,MG061A,Hyperosmolar Non-Ketotic coma,0,Clinical notes detailing history and Admission notes showing vitals and examination findings; any investigations done; planned line of management,"Detailed ICPs, Treatment details, detailed discharge summary, All investigations reports.",No,--
MG,General Medicine,MG062A,Accelerated hypertension,0,Clinical notes detailing history and Admission notes showing vitals and examination findings; any investigations done; planned line of management,"Detailed ICPs, Treatment details, detailed discharge summary, All investigations reports.",No,--
MG,General Medicine,MG063A,Hypertensive emergencies,0,Clinical notes detailing history and Admission notes showing vitals and examination findings; any investigations done; planned line of management,"Detailed ICPs, Treatment details, detailed discharge summary, All investigations reports.",No,--
MG,General Medicine,MG064A,Severe anemia,0,Clinical notes detailing history and Admission notes showing vitals and examination findings; any investigations done; planned line of management,"Detailed ICPs, Treatment details, detailed discharge summary, All investigations reports.",Yes,No
MG,General Medicine,MG065A,Sickle cell Anemia,0,Clinical notes detailing history and Admission notes showing vitals and examination findings; any investigations done; planned line of management,"Detailed ICPs, Treatment details, detailed discharge summary, All investigations reports.",No,--
MG,General Medicine,MG066A,Anaphylaxis ,0,"Clinical notes with planned line of treatment, CBC","Detailed ICPs, Treatment details, detailed discharge summary, All investigations reports.",No,--
MG,General Medicine,MG067A,Heat stroke,0,Clinical notes detailing history leading to this hospitalization and Admission notes showing vitals and examination findings; any investigations done; planned line of management,"Detailed ICPs, Treatment details, detailed discharge summary, All investigations reports.",Yes,No
MG,General Medicine,MG068A,Systematic lupus erythematosus,0,Clinical notes detailing history and Admission notes showing vitals and examination findings; any investigations done; planned line of management,"Detailed ICPs, Treatment details, detailed discharge summary, All investigations reports.",No,--
MG,General Medicine,MG069A,Guillian Barre Syndrome,0,Clinical notes and Admission notes detailed the need for High end histopathology (Biopsies) and advanced serology investigations,Report of test blocked.,No,--
MG,General Medicine,MG070A,Snake bite,0,Clinical notes detailing history and Admission notes showing vitals and neurological examination findings; any investigations done; planned line of management,"Detailed ICPs, Treatment details, detailed discharge summary, All investigations reports.",No,--
MG,General Medicine,MG071A,Acute organophosphorus poisoning,0,"Clinical notes detailing history and Admission notes showing vitals and neurological examination findings; any investigations done; planned line of management, Copy of MLC / FIR","Detailed ICPs, Treatment details, detailed discharge summary, All investigations reports.",No,--
MG,General Medicine,MG071B,Other poisonings,0,"Clinical notes detailing history and Admission notes showing vitals and neurological examination findings; any investigations done; planned line of management, Copy of MLC / FIR","Detailed ICPs, Treatment details, detailed discharge summary, All investigations reports.",No,--
MG,General Medicine,MG072A,Haemodialysis,1500,Clinical notes detailing history and Admission notes showing vitals and examination findings; any investigations done; planned line of management,"Detailed ICPs, Treatment details, detailed discharge summary, All investigations reports.",No,--
MG,General Medicine,MG072B,Peritoneal Dialysis,1500,Clinical notes detailing history and Admission notes showing vitals and examination findings; any investigations done; planned line of management,"Detailed ICPs, Treatment details, detailed discharge summary, All investigations reports.",No,--
MG,General Medicine,MG073A,Plasmapheresis,2000,Clinical notes detailing history and Admission notes showing vitals and examination findings; any investigations done; planned line of management,"Detailed ICPs, Treatment details, detailed discharge summary, All investigations reports.",Yes,No
MG,General Medicine,MG074A,Whole Blood transfusion,2000,"Clinical notes with planned line of treatment, Complete Hemogram, Blood Group","Detailed ICPs, Post treatment Complete hemogram, Detailed Discharge Summary",No,--
MG,General Medicine,MG074B,"Blood component including platelet transfusion (RDP, PC, SDP)",2000,"Clinical notes with planned line of treatment, Complete Hemogram, Blood Group","Detailed ICPs, Post treatment Complete hemogram, Detailed Discharge Summary",No,--
MG,General Medicine,MG075A,"High end radiological diagnostic 
(CT, MRI, Imaging including nuclear imaging)",5000,Clinical notes detailing history and Admission notes showing vitals and examination findings; any investigations done; planned line of management,"Detailed ICPs, Treatment details, detailed discharge summary, All investigations reports.",No,--
MG,General Medicine,MG076A,High end histopathology (Biopsies) and advanced serology investigations,5000,Clinical notes detailing history and Admission notes showing vitals and examination findings; any investigations done; planned line of management,"Detailed ICPs, Treatment details, detailed discharge summary, All investigations reports.",No,--
MG,General Medicine,MP001C,Neurocysticercosis,0,Clinical notes detailing history and Admission notes showing vitals; planned line management; 1st seizure or past history,"Detailed ICPs, Treatment details, detailed discharge summary, All investigations reports.",No,--
MG,General Medicine,MP002A,Epileptic encephalopathy,0,Clinical notes detailing history and Admission notes showing vitals; planned line management; past h/o epilpesy,"Detailed ICPs, Treatment details, detailed discharge summary, All investigations reports.",No,--
MG,General Medicine,MP003A,Infectious -  uncomplicated,0,Clinical notes detailing history and Admission notes showing vitals and examination findings (incl neurological examination); any investigations done; planned line of management,"Detailed ICPs, Treatment details, detailed discharge summary, All investigations reports.",No,--
MG,General Medicine,MP003B,Immune-mediated - uncomplicated,0,Clinical notes detailing history and Admission notes showing vitals and examination findings (incl neurological examination); any investigations done; planned line of management,"Detailed ICPs, Treatment details, detailed discharge summary, All investigations reports.",No,--
MG,General Medicine,MP004A,Acute encephalitis syndrome,0,Clinical notes detailing history and Admission notes showing vitals and examination findings; any investigations done; planned line of management,"Detailed ICPs, Treatment details, detailed discharge summary, All investigations reports.",No,--
MG,General Medicine,MP005A,Acute meningo encephalitis,0,Clinical notes detailing history and Admission notes showing vitals and examination findings; any investigations done; planned line of management,"Detailed ICPs, Treatment details, detailed discharge summary, All investigations reports.",No,--
MG,General Medicine,MP005C,Febrile encephalopathy,0,Clinical notes detailing history and Admission notes showing vitals and examination findings; any investigations done; planned line of management,"Detailed ICPs, Treatment details, detailed discharge summary, All investigations reports.",No,--
MG,General Medicine,MP005E,Metabolic encephalopathy,0,Clinical notes detailing history and Admission notes showing vitals and examination findings; any investigations done; planned line of management,"Detailed ICPs, Treatment details, detailed discharge summary, All investigations reports.",No,--
MG,General Medicine,MP005F,Hepatic encephalopathy,0,Clinical notes detailing history and Admission notes showing vitals and examination findings; any investigations done; planned line of management,"Detailed ICPs, Treatment details, detailed discharge summary, All investigations reports.",No,--
MG,General Medicine,MP006A,Chronic meningitis,0,Clinical notes detailing history and Admission notes showing vitals and examination findings (incl neurological examination); any investigations done; planned line of management,"Detailed ICPs, Treatment details, detailed discharge summary, All investigations reports.",No,--
MG,General Medicine,MP006B,Partially treated pyogenic meningitis,0,Clinical notes detailing history and Admission notes showing vitals and examination findings (incl neurological examination); any investigations done; planned line of management,"Detailed ICPs, Treatment details, detailed discharge summary, All investigations reports.",No,--
MG,General Medicine,MP006C,Neuro tuberculosis,0,Clinical notes detailing history and Admission notes showing vitals and examination findings (incl neurological examination); any investigations done; planned line of management,"Detailed ICPs, Treatment details, detailed discharge summary, All investigations reports.",No,--
MG,General Medicine,MP006D,Complicated bacterial meningitis,0,Clinical notes detailing history and Admission notes showing vitals and examination findings (incl neurological examination); any investigations done; planned line of management,"Detailed ICPs, Treatment details, detailed discharge summary, All investigations reports.",No,--
MG,General Medicine,MP006E,Acute meningitis,0,Clinical notes detailing history and Admission notes showing vitals and examination findings (incl neurological examination); any investigations done; planned line of management,"Detailed ICPs, Treatment details, detailed discharge summary, All investigations reports.",No,--
MG,General Medicine,MP007A,Optic neuritis,0,Clinical notes detailing history and Admission notes showing vitals and fundus findings & photograph; planned line management;,"Detailed ICPs, Treatment details, detailed discharge summary, All investigations reports.",No,--
MG,General Medicine,MP010A,Intracranial space occupying lesion,0,Clinical notes detailing history and Admission notes showing vitals and examination findings; any investigations done; planned line of management,"Detailed ICPs, Treatment details, detailed discharge summary, All investigations reports.",No,--
MG,General Medicine,MP011A,Intracranial ring enhancing lesion with complication (tuberculoma),0,Clinical notes detailing history and Admission notes showing vitals and examination findings (incl neurological examination); any investigations done; planned line of management,"Detailed ICPs, Treatment details, detailed discharge summary, All investigations reports.",No,--
MG,General Medicine,MP012A,Cerebral herniation,0,Clinical notes detailing history and Admission notes showing vitals and examination findings (incl neurological examination); any investigations done; planned line of management,"Detailed ICPs, Treatment details, detailed discharge summary, All investigations reports.",No,--
MG,General Medicine,MP013A,Acute neuroregression / Acute worsening in neuro metabolic and neurodegenerative conditions,0,"Clinical notes with planned line of treatment (incl birth & past history), Investigation Reports supporting diagnosis (including CT head), Planned line of treatment","Detailed ICPs (daily Treatment details), Procedure / Operative Notes (if applicable), Detailed Discharge Summary, All investigations reports.",No,--
MG,General Medicine,MP014A,Acute demyelinating myelopathy,0,Clinical notes detailing history and Admission notes showing vitals and examination findings; any investigations done; planned line of management,"Detailed ICPs, Treatment details, detailed discharge summary, All investigations reports.",No,--
MG,General Medicine,MP017A,Acute ischemic stroke,0,Clinical notes detailing history and Admission notes showing vitals and examination findings; any investigations done; planned line of management,"Detailed ICPs, Treatment details, detailed discharge summary, All investigations reports.",No,--
MG,General Medicine,MP020A,Acute urticaria,0,Clinical notes detailing history and Admission notes showing vitals; planned line management; specify the trigger,"Detailed ICPs, Treatment details, detailed discharge summary, All investigations reports.",No,--
MG,General Medicine,MP020B,Anaphylaxis acute asthma,0,Clinical notes detailing history and Admission notes showing vitals; planned line management; specify the trigger,"Detailed ICPs, Treatment details, detailed discharge summary, All investigations reports.",No,--
MG,General Medicine,MP022A,Celiac disease,0,Clinical notes detailing history and Admission notes showing vitals and examination findings; any investigations done; planned line of management,"Detailed ICPs, Treatment details, detailed discharge summary, All investigations reports.",No,--
MG,General Medicine,MP023A,Unexplained hepatosplenomegaly,0,Clinical notes detailing history and Admission notes showing vitals and examination findings; any investigations done; planned line of management,"Detailed ICPs, Treatment details, detailed discharge summary, All investigations reports.",No,--
MG,General Medicine,MP025A,Acute glomerulonephritis,0,Clinical notes detailing history and Admission notes showing vitals; planned line management; investigations done,"Detailed ICPs, Treatment details, detailed discharge summary, All investigations reports.",No,--
MG,General Medicine,MP026A,Nephrotic syndrome with peritonitis,0,"Clinical notes detailing history including past history, examination findindgs, investigations done and Admission notes showing vitals; planned line management","Detailed ICPs, Treatment details, detailed discharge summary, All investigations reports.",No,--
MG,General Medicine,MP027A,Haemolytic uremic syndrome,0,Clinical notes detailing history and Admission notes showing vitals and examination findings; any investigations done; planned line of management,"Detailed ICPs, Treatment details, detailed discharge summary, All investigations reports.",No,--
MG,General Medicine,MP038A,Rheumatoid arthritis,0,Clinical notes detailing history and Admission notes showing vitals and examination findings; any investigations done; planned line of management,"Detailed ICPs, Treatment details, detailed discharge summary, All investigations reports.",No,--
MG,General Medicine,MP039A,Rheumatic fever,0,Clinical notes detailing history and Admission notes showing vitals and examination findings; any investigations done; planned line of management,"Detailed ICPs, Treatment details, detailed discharge summary, All investigations reports.",No,--
MG,General Medicine,MP042A,Idiopathic Thrombocytopenic Purpura,0,Clinical notes detailing history and Admission notes showing vitals and examination findings; any investigations done; planned line of management,"Detailed ICPs, Treatment details, detailed discharge summary, All investigations reports.",No,--
MG,General Medicine,MP044A,Steven Johnson  syndrome,0,Clinical notes detailing history (incl drug intake history) and Admission notes showing vitals and examination findings; any investigations done; planned line of management,"Detailed ICPs, Treatment details, detailed discharge summary, All investigations reports.",No,--
MG,General Medicine,MP046A,Ketogenic diet initiation in refractory epilepsy,0,Clinical notes detailing history and Admission notes showing vitals and examination findings (incl neurological examination); any investigations done; planned line of management,"Detailed ICPs, Treatment details, detailed discharge summary, All investigations reports.",No,--
MM,Mental Disorders Packages,MM001A,Mental Retardation,0,Detailed history with chronicity; need for hospitalization. Admission under empanneled Psychiatrist is a must.,Detailed treatment notes; all investigations done; detailed discharge summary.,Yes,No
MM,Mental Disorders Packages,MM002A,"Mental disorders - Organic, including symptomatic",0,Detailed history with chronicity; need for hospitalization. Admission under empanneled Psychiatrist is a must.,Detailed treatment notes; all investigations done; detailed discharge summary.,Yes,No
MM,Mental Disorders Packages,MM003A,"Schizophrenia, schizotypal and delusional disorders",0,Detailed history with chronicity; need for hospitalization. Admission under empanneled Psychiatrist is a must.,Detailed treatment notes; all investigations done; detailed discharge summary.,Yes,No
MM,Mental Disorders Packages,MM004A,"Neurotic, stress-related and somatoform disorders",0,Detailed history with chronicity; need for hospitalization. Admission under empanneled Psychiatrist is a must.,Detailed treatment notes; all investigations done; detailed discharge summary.,Yes,No
MM,Mental Disorders Packages,MM005A,Mood (affective) disorders,0,Detailed history with chronicity; need for hospitalization. Admission under empanneled Psychiatrist is a must.,Detailed treatment notes; all investigations done; detailed discharge summary.,Yes,No
MM,Mental Disorders Packages,MM006A,Behavioural syndromes associated with physiological disturbances and physical factors,0,Detailed history with chronicity; need for hospitalization. Admission under empanneled Psychiatrist is a must.,Detailed treatment notes; all investigations done; detailed discharge summary.,Yes,No
MM,Mental Disorders Packages,MM007A,Mental and Behavioural disorders due to psychoactive substance use,0,Detailed history of psychoactive substanec with chronicity; need for hospitalization. Admission under empanneled Psychiatrist is a must.,Detailed treatment notes; all investigations done; detailed discharge summary.,Yes,No
MM,Mental Disorders Packages,MM008A,"Pre - Electro Convulsive Therapy (ECT) and Pre - Transcranial Magnetic Stimulation (TMS) Package (Cognitive Tests, Complete Haemogram, Liver Function Test, Renal Function Test, Serum Electrolytes, Electro Cardiogram (ECG), CT / MRI Brain, Electroencephalogram, Thyroid Function Test, VDRL, HIV Test, Vitamin B12 levels, Folate levels, Lipid Profile, Homocysteine levels)",10000,Detailed history with chronicity; need for specific treatment and expected results. Admission under empanneled Psychiatrist is a must.,Detailed treatment notes; all investigations done; detailed discharge summary.,Yes,No
MM,Mental Disorders Packages,MM009A,Electro Convulsive Therapy (ECT) - per session,3000,Detailed history with chronicity; need for specific treatment and expected results. Admission under empanneled Psychiatrist is a must.,Detailed treatment notes; all investigations done; detailed discharge summary.,Yes,No
MM,Mental Disorders Packages,MM010A,Transcranial Magnetic Stimulation (TMS) - per session,1000,Detailed history with chronicity; need for specific treatment and expected results. Admission under empanneled Psychiatrist is a must.,Detailed treatment notes; all investigations done; detailed discharge summary.,Yes,No
MN,Neo-natal care Packages,MN001A,"Basic neonatal care package: Babies that can be managed by side of mother in postnatal ward without requiring admission in SNCU/NICU:
? Any newborn needing feeding support
? Babies requiring closer monitoring or short-term care for conditions like: 
o Birth asphyxia (need for positive pressure ventilation; no HIE)
o Moderate jaundice requiring phototherapy
o Large for dates (>97 percentile) Babies 
o Small for gestational age (less than 3rd centile)  ",0,"Detailed clinical notes (incl trigger for hospitalization and examiantion findings), supporting investigations. Admission under neonatologist in NICU (in major locations) and under Pediatrician in smaller locations is a must.","Detailed ICPs (daily Treatment details), detailed discharge summary, All investigations reports.",No,--
MN,Neo-natal care Packages,MN002A,"Special Neonatal Care Package: Babies that required admission to SNCU or NICU:
Babies admitted for short term care for conditions like: 
? Mild Respiratory Distress/tachypnea
? Mild encephalopathy 
? Severe jaundice requiring intensive phototherapy
? Haemorrhagic disease of newborn
? Unwell baby requiring monitoring
? Some dehydration
? Hypoglycaemia                           
Mother's stay and food in the hospital for breastfeeding, family centred care and (Kangaroo Mother Care) KMC is mandatory and included in the package rate                                                                                                                                                                                                                                ",0,"Clinical notes with planned line of treatment (incl birth & past history), Investigation Reports supporting diagnosis, Planned line of treatment","Detailed ICPs (daily Treatment details), Procedure / Operative Notes (if applicable), Detailed Discharge Summary, All investigations reports.",No,--
MN,Neo-natal care Packages,MN003A,"Intensive Neonatal Care Package 
Babies with birthweight 1500-1799 g                                                                                                                                                                       
                           or 
Babies of any birthweight and at least one of the following conditions:                                                                                               
? Need for mechanical ventilation for less than 24 hours or non-invasive respiratory support (CPAP, HFFNC)                                                                                                                                                                                                                  
? Sepsis / pneumonia without complications                                                                                                                   
? Hyperbilirubinemia requiring exchange transfusion
? Seizures
? Major congenital malformations (pre-surgical stabilization, not requiring ventilation)                                                                                                                                                                                                                              
? Cholestasis significant enough requiring work up and in-hospital management 
? Congestive heart failure or shock      
Mother's stay and food in the hospital for breastfeeding, family centred care and (Kangaroo Mother Care) KMC is mandatory and included in the package rate                                                                                                                    ",0,"Detailed clinical notes (incl trigger for hospitalization and examiantion findings), supporting investigations. Admission under neonatologist in NICU (in major locations) and under Pediatrician in smaller locations is a must.","Detailed ICPs (daily Treatment details), detailed discharge summary, All investigations reports.",No,--
MN,Neo-natal care Packages,MN004A,"Advanced Neonatal Care Package:
Babies with birthweight of 1200-1499 g                                                                                                                                                    
                                  or 
Babies of any birthweight with at least one of the following conditions: 
? Any condition requiring invasive ventilation longer than 24 hours                                                                                                                                                                                                                                                                                                                                                                                                                                      
? Hypoxic Ischemic encephalopathy requiring Therapeutic Hypothermia                                                                                                                                              
? Cardiac rhythm disorders needing intervention (the cost of cardiac surgery or implant will be covered under cardiac surgery packages)                                                                                                                                                                        
? Sepsis with complications such as meningitis or bone and joint infection, DIC or shock
? Renal failure requiring dialysis                                                                                                                                                                                                                          
? Inborn errors of metabolism   
Mother's stay and food in the hospital for breastfeeding, family centred care and (Kangaroo Mother Care) KMC is mandatory and included in the package rate                                                                                                                                     ",0,"Detailed clinical notes (incl trigger for hospitalization and examiantion findings), supporting investigations. Admission under neonatologist in NICU (in major locations) and under Pediatrician in smaller locations is a must.","Detailed ICPs (daily Treatment details), detailed discharge summary, All investigations reports.",No,--
MN,Neo-natal care Packages,MN005A,"Critical Care Neonatal Package:
Babies with birthweight of <1200 g                                                                                                                                                   
                           or 
Babies of any birthweight with at least one of the following conditions:                                                                                                
? Severe Respiratory Failure requiring High Frequency Ventilation or inhaled Nitric Oxide (iNO)
? Multisystem failure requiring multiple organ support including mechanical ventilation and multiple inotropes
? Critical congenital heart disease     
Mother's stay and food in the hospital for breastfeeding, family centred care and (Kangaroo Mother Care) KMC is mandatory and included in the package rate                                                                                                                                     ",0,"Detailed clinical notes (incl trigger for hospitalization and examiantion findings), supporting investigations. Admission under neonatologist in NICU (in major locations) and under Pediatrician in smaller locations is a must.","Detailed ICPs (daily Treatment details), detailed discharge summary, All investigations reports.",No,--
MN,Neo-natal care Packages,MN006A,"Chronic Care Package: If the baby requires stay beyond the upper limit of usual stay in Package no MN004A or MN005A for conditions like severe BPD requiring respiratory support, severe NEC requiring prolonged TPN support",0,Claim number of having utilized Package no MN004A or MN005A and Notes mentioning need for stay beyond prescribed upper limit,"Detailed ICPs (daily Treatment details), detailed discharge summary, All investigations reports.",No,--
MN,Neo-natal care Packages,MN007A,"High Risk Newborn Post Discharge Care Package 
(Protocol Driven)",2400,Need of planned care and details of planned post discharge care,"Detailed ICP with daily notes, vitals, drugs given, investigation reports Card with pre and post admission general conditions and vital parameters. Details of procedures/operations required for any congenital heart conditions if any.",No,--
MN,Neo-natal care Packages,MN008A,"Laser Therapy for Retinopathy of Prematurity 
(Irrespective of no. of eyes affected) - per session",1500,Clinical notes and Fundoscope reports / stills showing extent of ROP and need for procedure.,Details of Laser therapy done.,No,--
MN,Neo-natal care Packages,MN009A,Advanced Surgery for Retinopathy of Prematurity,15000,Clinical notes and Fundoscope reports / stills showing extent of ROP and need for surgery.,"Detailed discharge summary, Detailed Procedure / Operative Notes, Intra procedure clinical photograph",No,--
MN,Neo-natal care Packages,MN010A,Ventriculoperitoneal Shunt Surgery (VP) or Omaya Reservoir or External Drainage for Hydrocephalus,5000,Clinical history and CT/ MRI; pre-op clinical photograph,"Detailed discharge summary, Detailed Procedure / Operative Notes, Intra procedure clinical photograph",No,--
MO,Medical Oncology,MO001A,"Cyclophosphamide + Epirubcin
Cyclophosphamide - 830 mg /m2 D1
Epirubicin -100mg/m2 D1 every 21 days",7200,"CBC, LFT,RFT, Biopsy report or surgical pathology report of Modified radical mastectomy or breast conservation surgery,ECG, 2D-ECHO, USG abdomen and pelvis, CXR PA view or CECT chest+abdomen and pelvis in case of metastatic disease","BAR CODE OF THE DRUGS, REPORTS OF THE TESTS (PATHOLOGY, RADIOLOGY, MICROBIOLOGY, HEMATOLOGY, BIOCHEMISTRY,ETC.) DISCHARGE SUMMARY OF INPATIENT DEPARTMENT, DISCHARGE SUMMARY OF DAY CARE DEPARTMENT, CHARTS OF CHEMOTHERAPY REGIMEN, TRANFUSION SLIPS",No,--
MO,Medical Oncology,MO001B,"Weekly Paclitaxel for Adjuvant Therapy
Paclitaxel 80mg/m2 every week",5800,"CBC, LFT,RFT, Biopsy report or surgical pathology report of Modified radical mastectomy or breast conservation surgery, USG abdomen and pelvis, CXR PA view or CECT chest+abdomen and pelvis in case of metastatic disease","BAR CODE OF THE DRUGS, REPORTS OF THE TESTS (PATHOLOGY, RADIOLOGY, MICROBIOLOGY, HEMATOLOGY, BIOCHEMISTRY,ETC.) DISCHARGE SUMMARY OF INPATIENT DEPARTMENT, DISCHARGE SUMMARY OF DAY CARE DEPARTMENT, CHARTS OF CHEMOTHERAPY REGIMEN, TRANFUSION SLIPS",No,--
MO,Medical Oncology,MO001C,"Weekly Paclitaxel in metastatic setting
Paclitaxel 80mg/m2 every week",5800,"CBC, LFT,RFT, Biopsy report or surgical pathology report of Modified radical mastectomy or breast conservation surgery, USG abdomen and pelvis, CXR PA view or CECT chest+abdomen and pelvis in case of metastatic disease","BAR CODE OF THE DRUGS, REPORTS OF THE TESTS (PATHOLOGY, RADIOLOGY, MICROBIOLOGY, HEMATOLOGY, BIOCHEMISTRY,ETC.) DISCHARGE SUMMARY OF INPATIENT DEPARTMENT, DISCHARGE SUMMARY OF DAY CARE DEPARTMENT, CHARTS OF CHEMOTHERAPY REGIMEN, TRANFUSION SLIPS",No,--
MO,Medical Oncology,MO001D,"Cyclophosphamide + Methotrexate + 5 - FU
Cyclophosphamide - 100mg/m2 orally D1-D14 Methotrexate 40mg/m2 IV D1
D8 5FU 600 mg/m2 D1, D8 every 28 days",3200,"CBC, LFT,RFT, Biopsy report or surgical pathology report of Modified radical mastectomy or breast conservation surgery, USG abdomen and pelvis, CXR PA view or CECT chest+abdomen and pelvis in case of metastatic disease","BAR CODE OF THE DRUGS, REPORTS OF THE TESTS (PATHOLOGY, RADIOLOGY, MICROBIOLOGY, HEMATOLOGY, BIOCHEMISTRY,ETC.) DISCHARGE SUMMARY OF INPATIENT DEPARTMENT, DISCHARGE SUMMARY OF DAY CARE DEPARTMENT, CHARTS OF CHEMOTHERAPY REGIMEN, TRANFUSION SLIPS",No,--
MO,Medical Oncology,MO001E,"Docetaxel + Cyclophosphamide
Docetaxel 75mg/m2 D1
Cyclophosphamide 600 mg/m2 D1 every 21 days",19800,"CBC, LFT,RFT, Biopsy report or surgical pathology report of Modified radical mastectomy or breast conservation surgery, USG abdomen and pelvis, CXR PA view or CECT chest+abdomen and pelvis in case of metastatic disease","BAR CODE OF THE DRUGS, REPORTS OF THE TESTS (PATHOLOGY, RADIOLOGY, MICROBIOLOGY, HEMATOLOGY, BIOCHEMISTRY,ETC.) DISCHARGE SUMMARY OF INPATIENT DEPARTMENT, DISCHARGE SUMMARY OF DAY CARE DEPARTMENT, CHARTS OF CHEMOTHERAPY REGIMEN, TRANFUSION SLIPS",No,--
MO,Medical Oncology,MO001F,"Trastuzumab
Trastuzumab 8 mg/Kg in Cycle 1 D1
Trastuzumab 6 mg/kg D1 from C2 every 21 days",21200,"CBC, LFT,RFT, Biopsy report or surgical pathology report of Modified radical mastectomy or breast conservation surgery,  Her-2 neu IHC - 3+ or Her 2-neu positive FISH,ECG,2D-ECHO,USG abdomen and pelvis, CXR PA view or CECT chest+abdomen and pelvis in case of metastatic disease","BAR CODE OF THE DRUGS, REPORTS OF THE TESTS (PATHOLOGY, RADIOLOGY, MICROBIOLOGY, HEMATOLOGY, BIOCHEMISTRY,ETC.) DISCHARGE SUMMARY OF INPATIENT DEPARTMENT, DISCHARGE SUMMARY OF DAY CARE DEPARTMENT, CHARTS OF CHEMOTHERAPY REGIMEN, TRANFUSION SLIPS",No,--
MO,Medical Oncology,MO001G,"Tamoxifen
Tamoxifem 20 mg orally daily",1200,"CBC, LFT,RFT, Biopsy report or surgical pathology report of Modified radical mastectomy or breast conservation surgery,  ER or PR positive , mammography,USG abdomen and pelvis, CXR PA view or CECT chest+abdomen and pelvis in case of metastatic disease","BAR CODE OF THE DRUGS, REPORTS OF THE TESTS (PATHOLOGY, RADIOLOGY, MICROBIOLOGY, HEMATOLOGY, BIOCHEMISTRY,ETC.) DISCHARGE SUMMARY OF INPATIENT DEPARTMENT, DISCHARGE SUMMARY OF DAY CARE DEPARTMENT, CHARTS OF CHEMOTHERAPY REGIMEN, TRANFUSION SLIPS",No,--
MO,Medical Oncology,MO001H,"Letrozole
Letrozole 2.5 mg orally daily",3900,"CBC, LFT,RFT, Biopsy report or surgical pathology report of Modified radical mastectomy or breast conservation surgery,  ER or PR positive , mammography,USG abdomen and pelvis, CXR PA view or CECT chest+abdomen and pelvis in case of metastatic disease","BAR CODE OF THE DRUGS, REPORTS OF THE TESTS (PATHOLOGY, RADIOLOGY, MICROBIOLOGY, HEMATOLOGY, BIOCHEMISTRY,ETC.) DISCHARGE SUMMARY OF INPATIENT DEPARTMENT, DISCHARGE SUMMARY OF DAY CARE DEPARTMENT, CHARTS OF CHEMOTHERAPY REGIMEN, TRANFUSION SLIPS",No,--
MO,Medical Oncology,MO001I,"Carboplatin + Paclitaxel
Paclitaxel 175mg/m2 D1
Carboplatin AUC 5-6 D1 every 21 days",14900,"CBC, LFT,RFT, Biopsy report or surgical pathology report of Modified radical mastectomy or breast conservation surgery, , mammography,USG abdomen and pelvis, CXR PA view or CECThest+abdomen and pelvis in case of metastatic disease","BAR CODE OF THE DRUGS, REPORTS OF THE TESTS (PATHOLOGY, RADIOLOGY, MICROBIOLOGY, HEMATOLOGY, BIOCHEMISTRY,ETC.) DISCHARGE SUMMARY OF INPATIENT DEPARTMENT, DISCHARGE SUMMARY OF DAY CARE DEPARTMENT, CHARTS OF CHEMOTHERAPY REGIMEN, TRANFUSION SLIPS",No,--
MO,Medical Oncology,MO001J,"Capecitabine
Capecitabine - 1000mg/m2 orally twice daily D1-D14 every 21 days",7400,"CBC, LFT,RFT, Biopsy report or surgical pathology report of Modified radical mastectomy or breast conservation surgery, , mammography,USG abdomen and pelvis, CXR PA view or CECT chest+abdomen and pelvis in case of metastatic disease","BAR CODE OF THE DRUGS, REPORTS OF THE TESTS (PATHOLOGY, RADIOLOGY, MICROBIOLOGY, HEMATOLOGY, BIOCHEMISTRY,ETC.) DISCHARGE SUMMARY OF INPATIENT DEPARTMENT, DISCHARGE SUMMARY OF DAY CARE DEPARTMENT, CHARTS OF CHEMOTHERAPY REGIMEN, TRANFUSION SLIPS",No,--
MO,Medical Oncology,MO001K,"Carboplatin + Gemcitabine
Gemcitabine - 1000mg/m2 D1 D8
Carboplatin AUC 2 D1 D8
Gemcitabine - 1000mg/m2 D1 D8 
Carboplatin AUC 5-6 D1 only",13900,"CBC, LFT,RFT, Biopsy report or surgical pathology report of Modified radical mastectomy or breast conservation surgery, , mammography,USG abdomen and pelvis, CXR PA view or CECT chest+abdomen and pelvis in case of metastatic disease","BAR CODE OF THE DRUGS, REPORTS OF THE TESTS (PATHOLOGY, RADIOLOGY, MICROBIOLOGY, HEMATOLOGY, BIOCHEMISTRY,ETC.) DISCHARGE SUMMARY OF INPATIENT DEPARTMENT, DISCHARGE SUMMARY OF DAY CARE DEPARTMENT, CHARTS OF CHEMOTHERAPY REGIMEN, TRANFUSION SLIPS",No,--
MO,Medical Oncology,MO001L,"Cyclophosphamide + Adriamycin
Cyclophosphamide - 600 mg /m2 D1
Adriamycin - 60mg/m2 D1 every 21 days",4500,"CBC, LFT,RFT, Biopsy report or surgical pathology report of Modified radical mastectomy or breast conservation surgery,ECG, 2D-ECHO, USG abdomen and pelvis, CXR PA view or CECT chest+abdomen and pelvis in case of metastatic disease","BAR CODE OF THE DRUGS, REPORTS OF THE TESTS (PATHOLOGY, RADIOLOGY, MICROBIOLOGY, HEMATOLOGY, BIOCHEMISTRY,ETC.) DISCHARGE SUMMARY OF INPATIENT DEPARTMENT, DISCHARGE SUMMARY OF DAY CARE DEPARTMENT, CHARTS OF CHEMOTHERAPY REGIMEN, TRANFUSION SLIPS",No,--
MO,Medical Oncology,MO001M,"Fulvestrant
Fulvestrant 500 mg D1 D15 D28 then every 28 days",11000,"CBC, LFT,RFT, Biopsy report or surgical pathology report of Modified radical mastectomy or breast conservation surgery,  ER or PR positive , mammography,USG abdomen and pelvis, CXR PA view or CECT chest abdomen and pelvis","BAR CODE OF THE DRUGS, REPORTS OF THE TESTS (PATHOLOGY, RADIOLOGY, MICROBIOLOGY, HEMATOLOGY, BIOCHEMISTRY,ETC.) DISCHARGE SUMMARY OF INPATIENT DEPARTMENT, DISCHARGE SUMMARY OF DAY CARE DEPARTMENT, CHARTS OF CHEMOTHERAPY REGIMEN, TRANFUSION SLIPS",No,--
MO,Medical Oncology,MO001N,"Paclitaxel
Paclitaxel 175 mg/m2 D1 every 21 days",11800,"CBC, LFT,RFT, Biopsy report or surgical pathology report of Modified radical mastectomy or breast conservation surgery, , mammography,USG abdomen and pelvis, CXR PA view or CECT chest abdomen and pelvis","BAR CODE OF THE DRUGS, REPORTS OF THE TESTS (PATHOLOGY, RADIOLOGY, MICROBIOLOGY, HEMATOLOGY, BIOCHEMISTRY,ETC.) DISCHARGE SUMMARY OF INPATIENT DEPARTMENT, DISCHARGE SUMMARY OF DAY CARE DEPARTMENT, CHARTS OF CHEMOTHERAPY REGIMEN, TRANFUSION SLIPS",No,--
MO,Medical Oncology,MO001O,"Exemestane
Exemestane 25 mg orally daily",10400,"CBC, LFT,RFT, Biopsy report or surgical pathology report of Modified radical mastectomy or breast conservation surgery,  ER or PR positive , mammography,USG abdomen and pelvis, CXR PA view or CECT chest abdomen and pelvis","BAR CODE OF THE DRUGS, REPORTS OF THE TESTS (PATHOLOGY, RADIOLOGY, MICROBIOLOGY, HEMATOLOGY, BIOCHEMISTRY,ETC.) DISCHARGE SUMMARY OF INPATIENT DEPARTMENT, DISCHARGE SUMMARY OF DAY CARE DEPARTMENT, CHARTS OF CHEMOTHERAPY REGIMEN, TRANFUSION SLIPS",No,--
MO,Medical Oncology,MO002A,"Zoledronic Acid
Zoledronic acid 4 mg IV Monthly",4500,"RFT, skeletal survey/bone scan/PET-CT showing bone metastasis histopathology showing myeloma, lung cancer,Breast cancer, renal cancer or other cancer ","BAR CODE OF THE DRUGS, REPORTS OF THE TESTS (PATHOLOGY, RADIOLOGY, MICROBIOLOGY, HEMATOLOGY, BIOCHEMISTRY,ETC.) DISCHARGE SUMMARY OF INPATIENT DEPARTMENT, DISCHARGE SUMMARY OF DAY CARE DEPARTMENT, CHARTS OF CHEMOTHERAPY REGIMEN, TRANFUSION SLIPS",No,--
MO,Medical Oncology,MO003A,"Cisplatin + Irinotecan
Cisplatin 60mg/m2 D1
Irinotecan 60 mg/m2 D1 D8 D15 every 28 days",10200,"CBc, LFT, RFT, RBS, CA-125, CECT Thorax, abdomen and Pelvis, HPR or cytology suggestive of ovarian adenocarcinoma","BAR CODE OF THE DRUGS, REPORTS OF THE TESTS (PATHOLOGY, RADIOLOGY, MICROBIOLOGY, HEMATOLOGY, BIOCHEMISTRY,ETC.) DISCHARGE SUMMARY OF INPATIENT DEPARTMENT, DISCHARGE SUMMARY OF DAY CARE DEPARTMENT, CHARTS OF CHEMOTHERAPY REGIMEN, TRANFUSION SLIPS",No,--
MO,Medical Oncology,MO003B,"Lipodox + Carboplatin
Lipopdox 30 mg/m2 D1
Carboplatin AUC 5-6 D1 every 28 days",17200,"CBc, LFT, RFT, RBS, CA-125, CECT Thorax, abdomen and Pelvis, HPR or cytology suggestive of ovarian adenocarcinoma","BAR CODE OF THE DRUGS, REPORTS OF THE TESTS (PATHOLOGY, RADIOLOGY, MICROBIOLOGY, HEMATOLOGY, BIOCHEMISTRY,ETC.) DISCHARGE SUMMARY OF INPATIENT DEPARTMENT, DISCHARGE SUMMARY OF DAY CARE DEPARTMENT, CHARTS OF CHEMOTHERAPY REGIMEN, TRANFUSION SLIPS",No,--
MO,Medical Oncology,MO003C,"Etoposide
Etoposide 50 mg/m2 OD D1-D14 every 21 days",3400,"CBc, LFT, RFT, RBS, CA-125, CECT Thorax, abdomen and Pelvis, HPR or cytology suggestive of ovarian adenocarcinoma","BAR CODE OF THE DRUGS, REPORTS OF THE TESTS (PATHOLOGY, RADIOLOGY, MICROBIOLOGY, HEMATOLOGY, BIOCHEMISTRY,ETC.) DISCHARGE SUMMARY OF INPATIENT DEPARTMENT, DISCHARGE SUMMARY OF DAY CARE DEPARTMENT, CHARTS OF CHEMOTHERAPY REGIMEN, TRANFUSION SLIPS",No,--
MO,Medical Oncology,MO003D,"Irinotecan
Irinotecan 60 -90 mg/m2 D1 D8 every 21 days",8400,"CBc, LFT, RFT, RBS, CA-125, CECT Thorax, abdomen and Pelvis, HPR or cytology suggestive of ovarian adenocarcinoma","BAR CODE OF THE DRUGS, REPORTS OF THE TESTS (PATHOLOGY, RADIOLOGY, MICROBIOLOGY, HEMATOLOGY, BIOCHEMISTRY,ETC.) DISCHARGE SUMMARY OF INPATIENT DEPARTMENT, DISCHARGE SUMMARY OF DAY CARE DEPARTMENT, CHARTS OF CHEMOTHERAPY REGIMEN, TRANFUSION SLIPS",No,--
MO,Medical Oncology,MO003E,"Lipodox
Lipodox 40 mg/m2 IV every 28 days",14800,"CBc, LFT, RFT, RBS, CA-125, CECT Thorax, abdomen and Pelvis, HPR or cytology suggestive of ovarian adenocarcinoma","BAR CODE OF THE DRUGS, REPORTS OF THE TESTS (PATHOLOGY, RADIOLOGY, MICROBIOLOGY, HEMATOLOGY, BIOCHEMISTRY,ETC.) DISCHARGE SUMMARY OF INPATIENT DEPARTMENT, DISCHARGE SUMMARY OF DAY CARE DEPARTMENT, CHARTS OF CHEMOTHERAPY REGIMEN, TRANFUSION SLIPS",No,--
MO,Medical Oncology,MO003F,"Carboplatin + Gemcitabine
Gemcitabine - 1000mg/m2 D1 D8 
Carboplatin AUC 2 D1 D8
Gemcitabine - 1000mg/m2 D1 D8
Carboplatin AUC 5-6 D1 only",13900,"CBc, LFT, RFT, RBS, CA-125, CECT Thorax, abdomen and Pelvis, HPR or cytology suggestive of ovarian adenocarcinoma","BAR CODE OF THE DRUGS, REPORTS OF THE TESTS (PATHOLOGY, RADIOLOGY, MICROBIOLOGY, HEMATOLOGY, BIOCHEMISTRY,ETC.) DISCHARGE SUMMARY OF INPATIENT DEPARTMENT, DISCHARGE SUMMARY OF DAY CARE DEPARTMENT, CHARTS OF CHEMOTHERAPY REGIMEN, TRANFUSION SLIPS",No,--
MO,Medical Oncology,MO003G,"Carboplatin + Paclitaxel
Paclitaxel 175mg/m2 D1
Carboplatin AUC 5-6 D1 every 21 days",14700,"CBc, LFT, RFT, RBS, CA-125, CECT Thorax, abdomen and Pelvis, HPR or cytology suggestive of ovarian adenocarcinoma","BAR CODE OF THE DRUGS, REPORTS OF THE TESTS (PATHOLOGY, RADIOLOGY, MICROBIOLOGY, HEMATOLOGY, BIOCHEMISTRY,ETC.) DISCHARGE SUMMARY OF INPATIENT DEPARTMENT, DISCHARGE SUMMARY OF DAY CARE DEPARTMENT, CHARTS OF CHEMOTHERAPY REGIMEN, TRANFUSION SLIPS",No,--
MO,Medical Oncology,MO004A,"Carboplatin (AUC 7)
Carboplatin AUC 7 every 21 days",5800,"CBC, LFT, RFT, RBS,  Beta- HCG, AFP, LDH,CECT Thorax, abdomen and Pelvis, ECG, Histopathology -testicular seminoma","BAR CODE OF THE DRUGS, REPORTS OF THE TESTS (PATHOLOGY, RADIOLOGY, MICROBIOLOGY, HEMATOLOGY, BIOCHEMISTRY,ETC.) DISCHARGE SUMMARY OF INPATIENT DEPARTMENT, DISCHARGE SUMMARY OF DAY CARE DEPARTMENT, CHARTS OF CHEMOTHERAPY REGIMEN, TRANFUSION SLIPS",No,--
MO,Medical Oncology,MO004B,"Bleomycin + Etoposide + Cisplatin
Bleomycin 30 units D1 D8 D15
Cisplatin 20 mg/m2 IV D1-D5
Etoposide 100mg/m2 D1-D5 every 21 days",11600,"CBC, LFT, RFT, RBS,  Beta-HCG, AFP, LDH,CECT Thorax, abdomen and Pelvis, ECG,PFT DLCo, Histopathology -Ovarian, testicular, mediastinal ","BAR CODE OF THE DRUGS, REPORTS OF THE TESTS (PATHOLOGY, RADIOLOGY, MICROBIOLOGY, HEMATOLOGY, BIOCHEMISTRY,ETC.) DISCHARGE SUMMARY OF INPATIENT DEPARTMENT, DISCHARGE SUMMARY OF DAY CARE DEPARTMENT, CHARTS OF CHEMOTHERAPY REGIMEN, TRANFUSION SLIPS",No,--
MO,Medical Oncology,MO004C,"Etoposide + Cisplatin
Cisplatin 20 mg/m2 IV D1-D5
Etoposide 100mg/m2 D1-D5 every 21 days",10000,"CBC, LFT, RFT, RBS,  Beta- HCG, AFP, LDH,CECT Thorax, abdomen and Pelvis, ECG, Histopathology -Ovarian, testicular, mediastinal ","BAR CODE OF THE DRUGS, REPORTS OF THE TESTS (PATHOLOGY, RADIOLOGY, MICROBIOLOGY, HEMATOLOGY, BIOCHEMISTRY,ETC.) DISCHARGE SUMMARY OF INPATIENT DEPARTMENT, DISCHARGE SUMMARY OF DAY CARE DEPARTMENT, CHARTS OF CHEMOTHERAPY REGIMEN, TRANFUSION SLIPS",No,--
MO,Medical Oncology,MO004D,"Gemcitabine + Oxaliplatin
Gemcitabine 1000mg/m2 D1 D8
Oxaiplatin 130mg/m2 D1 every 21 days",17500,"CBC, LFT, RFT, RBS,  Beta- HCG, AFP, LDH,CECT Thorax, abdomen and Pelvis, ECG, Histopathology -Ovarian, testicular, mediastinal ","BAR CODE OF THE DRUGS, REPORTS OF THE TESTS (PATHOLOGY, RADIOLOGY, MICROBIOLOGY, HEMATOLOGY, BIOCHEMISTRY,ETC.) DISCHARGE SUMMARY OF INPATIENT DEPARTMENT, DISCHARGE SUMMARY OF DAY CARE DEPARTMENT, CHARTS OF CHEMOTHERAPY REGIMEN, TRANFUSION SLIPS",No,--
MO,Medical Oncology,MO004E,"Gemcitabine + Paclitaxel
Gemcitabine 1000mg/m2 D1 D8 D15
Paclitaxel 100 mg/m2 D1 D8 D15 every 28 days",17500,"CBC, LFT, RFT, RBS,  Beta- HCG, AFP, LDH,CECT Thorax, abdomen and Pelvis, ECG, Histopathology -Ovarian, testicular, mediastinal ","BAR CODE OF THE DRUGS, REPORTS OF THE TESTS (PATHOLOGY, RADIOLOGY, MICROBIOLOGY, HEMATOLOGY, BIOCHEMISTRY,ETC.) DISCHARGE SUMMARY OF INPATIENT DEPARTMENT, DISCHARGE SUMMARY OF DAY CARE DEPARTMENT, CHARTS OF CHEMOTHERAPY REGIMEN, TRANFUSION SLIPS",No,--
MO,Medical Oncology,MO004F,"Paclitaxel + Ifosfamide + Cisplatin
Paclitaxel 240 mg/m2 D1
Ifosfamide 1500mg/m2 D2-D5
Mesna 300 mg/m2 0h 4h 8h D2-D5
Cisplatin 25mg/m2 D2-D5 every 21 days",24400,"CBC, LFT, RFT, RBS,  Beta- HCG, AFP, LDH,CECT Thorax, abdomen and Pelvis, ECG, Histopathology -Ovarian, testicular, mediastinal ","BAR CODE OF THE DRUGS, REPORTS OF THE TESTS (PATHOLOGY, RADIOLOGY, MICROBIOLOGY, HEMATOLOGY, BIOCHEMISTRY,ETC.) DISCHARGE SUMMARY OF INPATIENT DEPARTMENT, DISCHARGE SUMMARY OF DAY CARE DEPARTMENT, CHARTS OF CHEMOTHERAPY REGIMEN, TRANFUSION SLIPS",No,--
MO,Medical Oncology,MO004G,"Vinblastin + Ifosfamide + Cisplatin
Vinblastine 0.11 mg/kg IV D1-D2
Mesna 240mg/m2 0h 4h 8h D1-D5
Ifosfamide 1200mg/m2 D1-D5
Cisplatin 20 mg/m2 D1-D5 every 21 days",12600,"CBC, LFT, RFT, RBS,  Beta- HCG, AFP, LDH,CECT Thorax, abdomen and Pelvis, ECG, Histopathology -Ovarian, testicular, mediastinal ","BAR CODE OF THE DRUGS, REPORTS OF THE TESTS (PATHOLOGY, RADIOLOGY, MICROBIOLOGY, HEMATOLOGY, BIOCHEMISTRY,ETC.) DISCHARGE SUMMARY OF INPATIENT DEPARTMENT, DISCHARGE SUMMARY OF DAY CARE DEPARTMENT, CHARTS OF CHEMOTHERAPY REGIMEN, TRANFUSION SLIPS",No,--
MO,Medical Oncology,MO005A,"Etoposide + Methotrexate + Dactinomycin- Cyclophosphamide + Vincristine
Etoposide 100mg/m2 IV D1 D2
Dactinomycin 0.5 mg IV push D1 D2
Methotrexate 300 mg /m2 D1
Leucovorin 15 mg PO every 12 hrs for 4 doses
Cyclophosphamide 600mg/m2 D8
Vincrstine 1 mg/m2 D8 every 2 weeks",11400,"CBC, LFT, RFT, RBS, Beta- HCG, CECT Thorax, abdomen and Pelvis","BAR CODE OF THE DRUGS, REPORTS OF THE TESTS (PATHOLOGY, RADIOLOGY, MICROBIOLOGY, HEMATOLOGY, BIOCHEMISTRY,ETC.) DISCHARGE SUMMARY OF INPATIENT DEPARTMENT, DISCHARGE SUMMARY OF DAY CARE DEPARTMENT, CHARTS OF CHEMOTHERAPY REGIMEN, TRANFUSION SLIPS",No,--
MO,Medical Oncology,MO005B,"Etoposide + Methotrexate + Dactinomycin + Cisplatin
Etoposide 100mg/m2 IV D1 D2 D8
Dactinomycin 0.5 mg IV push D1 D2 Methotrexate 300 mg /m2 D1
Leucovorin 15 mg PO every 12 hrs for 4 doses Cisplatin 75mg/m2 D8 every 2 weeks",12200,"CBC, LFT, RFT, RBS, Beta- HCG, CECT Thorax, abdomen and Pelvis","BAR CODE OF THE DRUGS, REPORTS OF THE TESTS (PATHOLOGY, RADIOLOGY, MICROBIOLOGY, HEMATOLOGY, BIOCHEMISTRY,ETC.) DISCHARGE SUMMARY OF INPATIENT DEPARTMENT, DISCHARGE SUMMARY OF DAY CARE DEPARTMENT, CHARTS OF CHEMOTHERAPY REGIMEN, TRANFUSION SLIPS",No,--
MO,Medical Oncology,MO005C,"Methotrexate
Methotrexate 1/mg/kg IM every other day x 4 days D1 3 D5 D7
Alternating every other day with
Leucovorin 15 mg PO repeat every 14 days",1100,"CBC, LFT, RFT, RBS, Beta- HCG, CECT Thorax, abdomen and Pelvis","BAR CODE OF THE DRUGS, REPORTS OF THE TESTS (PATHOLOGY, RADIOLOGY, MICROBIOLOGY, HEMATOLOGY, BIOCHEMISTRY,ETC.) DISCHARGE SUMMARY OF INPATIENT DEPARTMENT, DISCHARGE SUMMARY OF DAY CARE DEPARTMENT, CHARTS OF CHEMOTHERAPY REGIMEN, TRANFUSION SLIPS",No,--
MO,Medical Oncology,MO006A,"Carboplatin + Paclitaxel
Paclitaxel 175mg/m2 D1
Carboplatin AUC 5-6 D1 every 21 days",14900,"CBC, LFT, RFT, RBS,CECT Thorax, abdomen and Pelvis,histopathology ","BAR CODE OF THE DRUGS, REPORTS OF THE TESTS (PATHOLOGY, RADIOLOGY, MICROBIOLOGY, HEMATOLOGY, BIOCHEMISTRY,ETC.) DISCHARGE SUMMARY OF INPATIENT DEPARTMENT, DISCHARGE SUMMARY OF DAY CARE DEPARTMENT, CHARTS OF CHEMOTHERAPY REGIMEN, TRANFUSION SLIPS",No,--
MO,Medical Oncology,MO006B,"Cisplatin
Cisplatin 40 mg/m2 every week",2200,"CBC, LFT, RFT, RBS,CECT Thorax, abdomen and Pelvis,histopathology ","BAR CODE OF THE DRUGS, REPORTS OF THE TESTS (PATHOLOGY, RADIOLOGY, MICROBIOLOGY, HEMATOLOGY, BIOCHEMISTRY,ETC.) DISCHARGE SUMMARY OF INPATIENT DEPARTMENT, DISCHARGE SUMMARY OF DAY CARE DEPARTMENT, CHARTS OF CHEMOTHERAPY REGIMEN, TRANFUSION SLIPS",No,--
MO,Medical Oncology,MO007A,"Carboplatin + Paclitaxel
Paclitaxel 175mg/m2 D1
Carboplatin AUC 5-6 D1 every 21 days",14900,"CBC, LFT, RFT, RBS,CECT Thorax, abdomen and Pelvis,histopathology ","BAR CODE OF THE DRUGS, REPORTS OF THE TESTS (PATHOLOGY, RADIOLOGY, MICROBIOLOGY, HEMATOLOGY, BIOCHEMISTRY,ETC.) DISCHARGE SUMMARY OF INPATIENT DEPARTMENT, DISCHARGE SUMMARY OF DAY CARE DEPARTMENT, CHARTS OF CHEMOTHERAPY REGIMEN, TRANFUSION SLIPS",No,--
MO,Medical Oncology,MO007B,"Cisplatin + Doxorubicin
Doxorubicin 60 mg/m2 D1
Cisplatin 50mg/m2 every 3 weeks",4200,"CBC, LFT, RFT, RBS,CECT Thorax, abdomen and Pelvis,histopathology , ECG,2D ECHO","BAR CODE OF THE DRUGS, REPORTS OF THE TESTS (PATHOLOGY, RADIOLOGY, MICROBIOLOGY, HEMATOLOGY, BIOCHEMISTRY,ETC.) DISCHARGE SUMMARY OF INPATIENT DEPARTMENT, DISCHARGE SUMMARY OF DAY CARE DEPARTMENT, CHARTS OF CHEMOTHERAPY REGIMEN, TRANFUSION SLIPS",No,--
MO,Medical Oncology,MO008A,"Cisplatin + 5 FU
5 FU 1000mg/m2 D1-D4
Cisplatin 75mg/m2 D1 every 4 weeks",7600,"CBC, LFT, RFT, RBS,  MRI pelvis,histopathology","BAR CODE OF THE DRUGS, REPORTS OF THE TESTS (PATHOLOGY, RADIOLOGY, MICROBIOLOGY, HEMATOLOGY, BIOCHEMISTRY,ETC.) DISCHARGE SUMMARY OF INPATIENT DEPARTMENT, DISCHARGE SUMMARY OF DAY CARE DEPARTMENT, CHARTS OF CHEMOTHERAPY REGIMEN, TRANFUSION SLIPS",No,--
MO,Medical Oncology,MO008B,"Cisplatin
Cisplatin 40 mg/m2 every week",2200,"CBC, LFT, RFT, RBS,  MRI pelvis,histopathology","BAR CODE OF THE DRUGS, REPORTS OF THE TESTS (PATHOLOGY, RADIOLOGY, MICROBIOLOGY, HEMATOLOGY, BIOCHEMISTRY,ETC.) DISCHARGE SUMMARY OF INPATIENT DEPARTMENT, DISCHARGE SUMMARY OF DAY CARE DEPARTMENT, CHARTS OF CHEMOTHERAPY REGIMEN, TRANFUSION SLIPS",No,--
MO,Medical Oncology,MO009A,"Vincristine + Topotecan + Cyclophosphamide + Irinotecan + Temozolamide
Vincristine 1.5mg/m2( day 1)
Topotecan 1.5mg/m2 (day 1-5)
Cyclophosphamide 250mg/m2 (days 1-5)
Given every 3 weeks
Irinotecan 10-50 mg/sqM days 1-5 and days 8-12 Temozolamide 100mg/m2 days 1-5  of each cycle every 3 weeks",22400,"CBC, Biochemistry, PET CT or CT CHEST/BONE SCAN, Bone marrow studies, Biopsy, ECG, 2D-ECHO","BAR CODE OF THE DRUGS, REPORTS OF THE TESTS (PATHOLOGY, RADIOLOGY, MICROBIOLOGY, HEMATOLOGY, BIOCHEMISTRY,ETC.) DISCHARGE SUMMARY OF INPATIENT DEPARTMENT, DISCHARGE SUMMARY OF DAY CARE DEPARTMENT, CHARTS OF CHEMOTHERAPY REGIMEN, TRANFUSION SLIPS",No,--
MO,Medical Oncology,MO009B,"Vincristine + Ifosfamide + Etoposide
Vincristine + Doxorubicin + Cyclophosphamide
Vincristine + Cyclophosphamide + Dactinomycin.
4 cycles VIE, 6 cycles VAC, 4 cycles VCD
Vincristine 1.5mg/m2 (day 1, 8 and 15)
Ifosfamide: 1800mg/m2 (days1-5)
Etposide: 100mg/sq.m (days 1-5)
Given every 3 weeks
Vincristine 1.5mg/m2 (day 1 and 8)
Adriamyicn: 60mg/m2 (day 1)
Cyclophosphamide 600mg/m2 (day 1)
Given 2-3 weekly
Vincristine 1.5mg/m2 (day 1 and 8)  Cyclophosphamide 600mg/m2 (day 1) Dactinomycin1mg/m2 (day1)
Given 3 weekly",9700,"CBC, Biochemistry, PET CT or CT CHEST/BONE SCAN, Bone marrow studies, Biopsy, ECG, 2D-ECHO","BAR CODE OF THE DRUGS, REPORTS OF THE TESTS (PATHOLOGY, RADIOLOGY, MICROBIOLOGY, HEMATOLOGY, BIOCHEMISTRY,ETC.) DISCHARGE SUMMARY OF INPATIENT DEPARTMENT, DISCHARGE SUMMARY OF DAY CARE DEPARTMENT, CHARTS OF CHEMOTHERAPY REGIMEN, TRANFUSION SLIPS",No,--
MO,Medical Oncology,MO009C,"Vincristine + Adriamycin + Cyclophosphamide
Ifosfamide + Etoposide
Ifosfamide: 1800mg/m2 (days1-5)
Etposide: 100mg/sq.m (days 1-5)
Given every 2-3 weekly
Vincristine 1.5mg/m2 (day 1 and 8)
Adriamyicn: 75mg/m2 (day 1)
Cyclophosphamide 1200mg/m2 (day 1)
Given 2-3 weekly",12500,"CBC, Biochemistry, PET CT or CT CHEST/BONE SCAN, Bone marrow studies, Biopsy, ECG, 2D-ECHO","BAR CODE OF THE DRUGS, REPORTS OF THE TESTS (PATHOLOGY, RADIOLOGY, MICROBIOLOGY, HEMATOLOGY, BIOCHEMISTRY,ETC.) DISCHARGE SUMMARY OF INPATIENT DEPARTMENT, DISCHARGE SUMMARY OF DAY CARE DEPARTMENT, CHARTS OF CHEMOTHERAPY REGIMEN, TRANFUSION SLIPS",No,--
MO,Medical Oncology,MO010A,"Doxorubicin + Cisplatin
Cisplatin 100mg/m2
Doxorubicin 75mg/m2 given every 3 weeks",21800,"CBC, LFT, RFT, RBS, DTPA GFR, NCCT chest, MRI of the involved site,2D ECHO, Pure tone audiometry,histopathology","BAR CODE OF THE DRUGS, REPORTS OF THE TESTS (PATHOLOGY, RADIOLOGY, MICROBIOLOGY, HEMATOLOGY, BIOCHEMISTRY,ETC.) DISCHARGE SUMMARY OF INPATIENT DEPARTMENT, DISCHARGE SUMMARY OF DAY CARE DEPARTMENT, CHARTS OF CHEMOTHERAPY REGIMEN, TRANFUSION SLIPS",No,--
MO,Medical Oncology,MO010B,"Methotrexate + Doxorubicin + Cisplatin for Relapsed Osteogenic Sarcoma
Cisplatin 120mg/sq.m
Doxorubicin 75mg/m2
Methotrexate 8-12 gram/m2
Each cycle for 5 weeks",27000,"CBC, Biochemistry, CT CHEST, BONE SCAN, Biopsy, ECG, 2D-ECHO, AUDIOMETRY, GFR","BAR CODE OF THE DRUGS, REPORTS OF THE TESTS (PATHOLOGY, RADIOLOGY, MICROBIOLOGY, HEMATOLOGY, BIOCHEMISTRY,ETC.) DISCHARGE SUMMARY OF INPATIENT DEPARTMENT, DISCHARGE SUMMARY OF DAY CARE DEPARTMENT, CHARTS OF CHEMOTHERAPY REGIMEN, TRANFUSION SLIPS",No,--
MO,Medical Oncology,MO010C,"OGS - 12
Ifosfamide 1800 mg/m2 D1-D5
Mesna 600mg/m2 0h 3h 6h 9h D1-D5
Adriamycin 25mg/m2 D1- D3
Cisplatin 33 mg/m2 D1-D3 every 21 days",29600,"CBC, LFT, RFT, RBS, DTPA GFR, NCCT chest, MRI of the involved site,2D ECHO, Pure tone audiometry,histopathology","BAR CODE OF THE DRUGS, REPORTS OF THE TESTS (PATHOLOGY, RADIOLOGY, MICROBIOLOGY, HEMATOLOGY, BIOCHEMISTRY,ETC.) DISCHARGE SUMMARY OF INPATIENT DEPARTMENT, DISCHARGE SUMMARY OF DAY CARE DEPARTMENT, CHARTS OF CHEMOTHERAPY REGIMEN, TRANFUSION SLIPS",No,--
MO,Medical Oncology,MO010D,"OGS - 12
Ifosfamide 1800 mg/m2 D1-D5
Mesna 600mg/m2 0h 3h 6h 9h D1-D5
Cisplatin 33 mg/m2 D1-D3 every 21 days",36200,"CBC, LFT, RFT, RBS, DTPA GFR,2D ECHO, Pure tone,histopathology","BAR CODE OF THE DRUGS, REPORTS OF THE TESTS (PATHOLOGY, RADIOLOGY, MICROBIOLOGY, HEMATOLOGY, BIOCHEMISTRY,ETC.) DISCHARGE SUMMARY OF INPATIENT DEPARTMENT, DISCHARGE SUMMARY OF DAY CARE DEPARTMENT, CHARTS OF CHEMOTHERAPY REGIMEN, TRANFUSION SLIPS",No,--
MO,Medical Oncology,MO011A,"Gemcitabine + Docetaxel
Gemcitabine 900 mg/m2 D1 D8
Docetaxel 100 mg/m2 D8 every 21 days",30900,"CBC, LFT, ECHO, MRI of the involved part, CECT Thorax, abdomen and Pelvis,histopathology","BAR CODE OF THE DRUGS, REPORTS OF THE TESTS (PATHOLOGY, RADIOLOGY, MICROBIOLOGY, HEMATOLOGY, BIOCHEMISTRY,ETC.) DISCHARGE SUMMARY OF INPATIENT DEPARTMENT, DISCHARGE SUMMARY OF DAY CARE DEPARTMENT, CHARTS OF CHEMOTHERAPY REGIMEN, TRANFUSION SLIPS",No,--
MO,Medical Oncology,MO011B,"Ifosfamide + Adriamycin
Doxorubicin 30mg/m2 D1 D2
Ifosfamide 2000 to 3000mg/m2
Mesna 400 to 600 mg/m2 0h 4h 8h D1 - D3
Every 21 days",13700,"CBC, LFT, ECHO, MRI of the involved part, CECT Thorax, abdomen and Pelvis,histopathology","BAR CODE OF THE DRUGS, REPORTS OF THE TESTS (PATHOLOGY, RADIOLOGY, MICROBIOLOGY, HEMATOLOGY, BIOCHEMISTRY,ETC.) DISCHARGE SUMMARY OF INPATIENT DEPARTMENT, DISCHARGE SUMMARY OF DAY CARE DEPARTMENT, CHARTS OF CHEMOTHERAPY REGIMEN, TRANFUSION SLIPS",No,--
MO,Medical Oncology,MO012A,"Dacarbazine + Cisplatin
Dacarbazine 250mg/m2 D1-D5
Cisplatin 75 mg/m2 Every 21 days",7100,"CBC, RFT, LFT, RBS, CECT Thorax, abdomen and Pelvis,histopathology","BAR CODE OF THE DRUGS, REPORTS OF THE TESTS (PATHOLOGY, RADIOLOGY, MICROBIOLOGY, HEMATOLOGY, BIOCHEMISTRY,ETC.) DISCHARGE SUMMARY OF INPATIENT DEPARTMENT, DISCHARGE SUMMARY OF DAY CARE DEPARTMENT, CHARTS OF CHEMOTHERAPY REGIMEN, TRANFUSION SLIPS",No,--
MO,Medical Oncology,MO012B,"Temozolamide
Temozolamide 200mg/m2 D1-D5 every 28 days",23100,"CBC, RFT, LFT, RBS, CECT Thorax, abdomen and Pelvis","BAR CODE OF THE DRUGS, REPORTS OF THE TESTS (PATHOLOGY, RADIOLOGY, MICROBIOLOGY, HEMATOLOGY, BIOCHEMISTRY,ETC.) DISCHARGE SUMMARY OF INPATIENT DEPARTMENT, DISCHARGE SUMMARY OF DAY CARE DEPARTMENT, CHARTS OF CHEMOTHERAPY REGIMEN, TRANFUSION SLIPS",No,--
MO,Medical Oncology,MO013A,"5 FU + Mitomycin C
5 FU 1000mg/m2 D1-D4 D29-D32
Mitomycin 10mg/m2 D1",10500,"CBC,LFT, RFT, RBS, CECT Thorax , abdomen , MRI Pelvis, CEA, Histopathology ","BAR CODE OF THE DRUGS, REPORTS OF THE TESTS (PATHOLOGY, RADIOLOGY, MICROBIOLOGY, HEMATOLOGY, BIOCHEMISTRY,ETC.) DISCHARGE SUMMARY OF INPATIENT DEPARTMENT, DISCHARGE SUMMARY OF DAY CARE DEPARTMENT, CHARTS OF CHEMOTHERAPY REGIMEN, TRANFUSION SLIPS",No,--
MO,Medical Oncology,MO013B,"Capecitabine + Mitomycin C
Capecitabine 825mg/m2 PO twice daily till completion of RT
Mitomycin 10mg/2 D1",13800,"CBC,LFT, RFT, RBS, CECT Thorax , abdomen , MRI Pelvis, CEA, Histopathology ","BAR CODE OF THE DRUGS, REPORTS OF THE TESTS (PATHOLOGY, RADIOLOGY, MICROBIOLOGY, HEMATOLOGY, BIOCHEMISTRY,ETC.) DISCHARGE SUMMARY OF INPATIENT DEPARTMENT, DISCHARGE SUMMARY OF DAY CARE DEPARTMENT, CHARTS OF CHEMOTHERAPY REGIMEN, TRANFUSION SLIPS",No,--
MO,Medical Oncology,MO013C,"Cisplatin + 5 FU
5 FU 1000mg/m2 D1-D4
Cisplatin 75mg/m2 D1 every 4 weeks",7600,"CBC,LFT, RFT, RBS, CECT Thorax , abdomen ,Pelvis, CEA, Histopathology ","BAR CODE OF THE DRUGS, REPORTS OF THE TESTS (PATHOLOGY, RADIOLOGY, MICROBIOLOGY, HEMATOLOGY, BIOCHEMISTRY,ETC.) DISCHARGE SUMMARY OF INPATIENT DEPARTMENT, DISCHARGE SUMMARY OF DAY CARE DEPARTMENT, CHARTS OF CHEMOTHERAPY REGIMEN, TRANFUSION SLIPS",No,--
MO,Medical Oncology,MO013D,"Carboplatin + Paclitaxel
Paclitaxel 175mg/m2 D1
Carboplatin AUC 5-6 D1 every 21 days",14900,"CBC,LFT, RFT, RBS, CECT Thorax , abdomen ,Pelvis, CEA, Histopathology ","BAR CODE OF THE DRUGS, REPORTS OF THE TESTS (PATHOLOGY, RADIOLOGY, MICROBIOLOGY, HEMATOLOGY, BIOCHEMISTRY,ETC.) DISCHARGE SUMMARY OF INPATIENT DEPARTMENT, DISCHARGE SUMMARY OF DAY CARE DEPARTMENT, CHARTS OF CHEMOTHERAPY REGIMEN, TRANFUSION SLIPS",No,--
MO,Medical Oncology,MO013E,"Cisplatin + Paclitaxel
Paclitaxel 175 mg/m2 D1
Cisplatin 75mg/m2 D1 every 21 days",13300,"CBC,LFT, RFT, RBS, CECT Thorax , abdomen ,Pelvis, CEA, Histopathology ","BAR CODE OF THE DRUGS, REPORTS OF THE TESTS (PATHOLOGY, RADIOLOGY, MICROBIOLOGY, HEMATOLOGY, BIOCHEMISTRY,ETC.) DISCHARGE SUMMARY OF INPATIENT DEPARTMENT, DISCHARGE SUMMARY OF DAY CARE DEPARTMENT, CHARTS OF CHEMOTHERAPY REGIMEN, TRANFUSION SLIPS",No,--
MO,Medical Oncology,MO014A,"5 FU + Leucovorin
5 FU 1200mg/m2 D1 D2
Leucovorin 400mg/m2 D1 every 14 days",4700,"CBC,LFT, RFT, RBS, CECT Thorax , abdomen ,Pelvis, CEA, Histopathology ,Colonoscopy","BAR CODE OF THE DRUGS, REPORTS OF THE TESTS (PATHOLOGY, RADIOLOGY, MICROBIOLOGY, HEMATOLOGY, BIOCHEMISTRY,ETC.) DISCHARGE SUMMARY OF INPATIENT DEPARTMENT, DISCHARGE SUMMARY OF DAY CARE DEPARTMENT, CHARTS OF CHEMOTHERAPY REGIMEN, TRANFUSION SLIPS",No,--
MO,Medical Oncology,MO014B,"Capecitabine + Irinotecan
Capecitabine 1000mg/m2 D1-D14
Irinotecan 200 mg/m2 D1 every 21 days",12500,"CBC,LFT, RFT, RBS, CECT Thorax , abdomen ,Pelvis, CEA, Histopathology ","BAR CODE OF THE DRUGS, REPORTS OF THE TESTS (PATHOLOGY, RADIOLOGY, MICROBIOLOGY, HEMATOLOGY, BIOCHEMISTRY,ETC.) DISCHARGE SUMMARY OF INPATIENT DEPARTMENT, DISCHARGE SUMMARY OF DAY CARE DEPARTMENT, CHARTS OF CHEMOTHERAPY REGIMEN, TRANFUSION SLIPS",No,--
MO,Medical Oncology,MO014C,"5 FU + Leucovorin + Oxaliplatin
5 FU 1200mg/m2 D1 D2
Leucovorin 400mg/m2 D1
Oxaliplatin 85 mg/m2 D1 every 14 days",11100,"CBC,LFT, RFT, RBS, CECT Thorax , abdomen ,Pelvis, CEA, Histopathology ,Colonoscopy","BAR CODE OF THE DRUGS, REPORTS OF THE TESTS (PATHOLOGY, RADIOLOGY, MICROBIOLOGY, HEMATOLOGY, BIOCHEMISTRY,ETC.) DISCHARGE SUMMARY OF INPATIENT DEPARTMENT, DISCHARGE SUMMARY OF DAY CARE DEPARTMENT, CHARTS OF CHEMOTHERAPY REGIMEN, TRANFUSION SLIPS",No,--
MO,Medical Oncology,MO014D,"5FU + Leucovorin + Irinotecan
5 FU 1200mg/m2 D1 D2
Leucovorin 400mg/m2 D1
Irinotecan 180mg/m2 85 mg/m2 D1 every 14 days",8700,"CBC,LFT, RFT, RBS, CECT Thorax , abdomen ,Pelvis, CEA, Histopathology ","BAR CODE OF THE DRUGS, REPORTS OF THE TESTS (PATHOLOGY, RADIOLOGY, MICROBIOLOGY, HEMATOLOGY, BIOCHEMISTRY,ETC.) DISCHARGE SUMMARY OF INPATIENT DEPARTMENT, DISCHARGE SUMMARY OF DAY CARE DEPARTMENT, CHARTS OF CHEMOTHERAPY REGIMEN, TRANFUSION SLIPS",No,--
MO,Medical Oncology,MO014E,"Capecitabine + Oxaliplatin
Capecitabine 1000mg/m2 D1-D14
Oxaliplatin 130 mg/m2 D1 every 21 days",16500,"CBC,LFT, RFT, RBS, CECT Thorax , abdomen ,Pelvis, CEA, Histopathology ,Colonoscopy","BAR CODE OF THE DRUGS, REPORTS OF THE TESTS (PATHOLOGY, RADIOLOGY, MICROBIOLOGY, HEMATOLOGY, BIOCHEMISTRY,ETC.) DISCHARGE SUMMARY OF INPATIENT DEPARTMENT, DISCHARGE SUMMARY OF DAY CARE DEPARTMENT, CHARTS OF CHEMOTHERAPY REGIMEN, TRANFUSION SLIPS",No,--
MO,Medical Oncology,MO014F,"Capecitabine along with RT
Capecitabine 825 mg/m2 twice daily",7200,"CBC,LFT, RFT, RBS, CECT Thorax , abdomen ,Pelvis, CEA, Histopathology ,Colonoscopy","BAR CODE OF THE DRUGS, REPORTS OF THE TESTS (PATHOLOGY, RADIOLOGY, MICROBIOLOGY, HEMATOLOGY, BIOCHEMISTRY,ETC.) DISCHARGE SUMMARY OF INPATIENT DEPARTMENT, DISCHARGE SUMMARY OF DAY CARE DEPARTMENT, CHARTS OF CHEMOTHERAPY REGIMEN, TRANFUSION SLIPS",No,--
MO,Medical Oncology,MO014G,"Capecitabine
Capecitabine 1000mg/m2 D1-D14 every 21 days",7300,"CBC,LFT, RFT, RBS, CECT Thorax , abdomen ,Pelvis, CEA, Histopathology ,Colonoscopy","BAR CODE OF THE DRUGS, REPORTS OF THE TESTS (PATHOLOGY, RADIOLOGY, MICROBIOLOGY, HEMATOLOGY, BIOCHEMISTRY,ETC.) DISCHARGE SUMMARY OF INPATIENT DEPARTMENT, DISCHARGE SUMMARY OF DAY CARE DEPARTMENT, CHARTS OF CHEMOTHERAPY REGIMEN, TRANFUSION SLIPS",No,--
MO,Medical Oncology,MO014H,"5FU + Leucovorin + Oxaliplatin + Irinotecan
5 FU 1200mg/m2 D1 D2
Leucovorin 400mg/m2 D1
Oxaliplatin 85 mg/m2 D1
Irinotecan 180mg/m2 every 14 days",15100,"CBC,LFT, RFT, RBS, CECT Thorax , abdomen ,Pelvis, CEA, Histopathology ,Colonoscopy","BAR CODE OF THE DRUGS, REPORTS OF THE TESTS (PATHOLOGY, RADIOLOGY, MICROBIOLOGY, HEMATOLOGY, BIOCHEMISTRY,ETC.) DISCHARGE SUMMARY OF INPATIENT DEPARTMENT, DISCHARGE SUMMARY OF DAY CARE DEPARTMENT, CHARTS OF CHEMOTHERAPY REGIMEN, TRANFUSION SLIPS",No,--
MO,Medical Oncology,MO015A,"Carboplatin + Paclitaxel
Paclitaxel 175mg/m2 D1
Carboplatin AUC 5-6 D1 every 21 days",14900,"CBC,LFT, RFT, RBS, CECT Thorax , abdomen ,Pelvis, Histopathology ,UGI endoscospy","BAR CODE OF THE DRUGS, REPORTS OF THE TESTS (PATHOLOGY, RADIOLOGY, MICROBIOLOGY, HEMATOLOGY, BIOCHEMISTRY,ETC.) DISCHARGE SUMMARY OF INPATIENT DEPARTMENT, DISCHARGE SUMMARY OF DAY CARE DEPARTMENT, CHARTS OF CHEMOTHERAPY REGIMEN, TRANFUSION SLIPS",No,--
MO,Medical Oncology,MO015B,"Cisplatin + 5 FU
5 FU 1000mg/m2 D1-D4
Cisplatin 75mg/m2 D1 every 4 weeks",9600,"CBC,LFT, RFT, RBS, CECT Thorax , abdomen ,Pelvis, Histopathology ,UGI endoscospy","BAR CODE OF THE DRUGS, REPORTS OF THE TESTS (PATHOLOGY, RADIOLOGY, MICROBIOLOGY, HEMATOLOGY, BIOCHEMISTRY,ETC.) DISCHARGE SUMMARY OF INPATIENT DEPARTMENT, DISCHARGE SUMMARY OF DAY CARE DEPARTMENT, CHARTS OF CHEMOTHERAPY REGIMEN, TRANFUSION SLIPS",No,--
MO,Medical Oncology,MO015C,"Cisplatin + 5 FU
Cisplatin 75mg/m2 D1 D29
5FU 100mg/m2 D1-D4 D29 D32 every 35 days",9600,"CBC,LFT, RFT, RBS, CECT Thorax , abdomen ,Pelvis, Histopathology ,UGI endoscospy","BAR CODE OF THE DRUGS, REPORTS OF THE TESTS (PATHOLOGY, RADIOLOGY, MICROBIOLOGY, HEMATOLOGY, BIOCHEMISTRY,ETC.) DISCHARGE SUMMARY OF INPATIENT DEPARTMENT, DISCHARGE SUMMARY OF DAY CARE DEPARTMENT, CHARTS OF CHEMOTHERAPY REGIMEN, TRANFUSION SLIPS",No,--
MO,Medical Oncology,MO015D,"Paclitaxel + Carboplatin
Paclitaxel 50mg/m2 D1
Carboplatin AUC 2 D1 every week",25100,"CBC,LFT, RFT, RBS, CECT Thorax , abdomen ,Pelvis, Histopathology ,UGI endoscospy","BAR CODE OF THE DRUGS, REPORTS OF THE TESTS (PATHOLOGY, RADIOLOGY, MICROBIOLOGY, HEMATOLOGY, BIOCHEMISTRY,ETC.) DISCHARGE SUMMARY OF INPATIENT DEPARTMENT, DISCHARGE SUMMARY OF DAY CARE DEPARTMENT, CHARTS OF CHEMOTHERAPY REGIMEN, TRANFUSION SLIPS",No,--
MO,Medical Oncology,MO015E,"Paclitaxel + Carboplatin
Paclitaxel 50mg/m2 D1
Carboplatin AUC 2 D1 every week",25100,"CBC,LFT, RFT, RBS, CECT Thorax , abdomen ,Pelvis, Histopathology ,UGI endoscospy","BAR CODE OF THE DRUGS, REPORTS OF THE TESTS (PATHOLOGY, RADIOLOGY, MICROBIOLOGY, HEMATOLOGY, BIOCHEMISTRY,ETC.) DISCHARGE SUMMARY OF INPATIENT DEPARTMENT, DISCHARGE SUMMARY OF DAY CARE DEPARTMENT, CHARTS OF CHEMOTHERAPY REGIMEN, TRANFUSION SLIPS",No,--
MO,Medical Oncology,MO016A,"Cisplatin + Docetaxel
Docetaxel 40mg/m2 D1
Cisplatin 40 mg/m2 D1
Leucovorin 400mg/m2 D1
5FU 1000mg/m2 D1 D2 every 14 days",12100,"CBC,LFT, RFT, RBS, CECT Thorax , abdomen ,Pelvis, Histopathology ,UGI endoscospy","BAR CODE OF THE DRUGS, REPORTS OF THE TESTS (PATHOLOGY, RADIOLOGY, MICROBIOLOGY, HEMATOLOGY, BIOCHEMISTRY,ETC.) DISCHARGE SUMMARY OF INPATIENT DEPARTMENT, DISCHARGE SUMMARY OF DAY CARE DEPARTMENT, CHARTS OF CHEMOTHERAPY REGIMEN, TRANFUSION SLIPS",No,--
MO,Medical Oncology,MO016B,"Irinotecan
Irinotecan 60- 90 mg/m2 D1 D8 every 21 days",8300,"CBC,LFT, RFT, RBS, CECT Thorax , abdomen ,Pelvis, Histopathology ,UGI endoscospy","BAR CODE OF THE DRUGS, REPORTS OF THE TESTS (PATHOLOGY, RADIOLOGY, MICROBIOLOGY, HEMATOLOGY, BIOCHEMISTRY,ETC.) DISCHARGE SUMMARY OF INPATIENT DEPARTMENT, DISCHARGE SUMMARY OF DAY CARE DEPARTMENT, CHARTS OF CHEMOTHERAPY REGIMEN, TRANFUSION SLIPS",No,--
MO,Medical Oncology,MO016C,"5 FU
5 FU 250 mg/m2 D1-D5 over 24 hrs every week",8000,"CBC,LFT, RFT, RBS, CECT Thorax , abdomen ,Pelvis, Histopathology ,UGI endoscospy","BAR CODE OF THE DRUGS, REPORTS OF THE TESTS (PATHOLOGY, RADIOLOGY, MICROBIOLOGY, HEMATOLOGY, BIOCHEMISTRY,ETC.) DISCHARGE SUMMARY OF INPATIENT DEPARTMENT, DISCHARGE SUMMARY OF DAY CARE DEPARTMENT, CHARTS OF CHEMOTHERAPY REGIMEN, TRANFUSION SLIPS",No,--
MO,Medical Oncology,MO016D,"Capecitabine
Capecitabine 825 mg/m2 twice daily",7200,"CBC,LFT, RFT, RBS, CECT Thorax , abdomen ,Pelvis, Histopathology ,UGI endoscospy","BAR CODE OF THE DRUGS, REPORTS OF THE TESTS (PATHOLOGY, RADIOLOGY, MICROBIOLOGY, HEMATOLOGY, BIOCHEMISTRY,ETC.) DISCHARGE SUMMARY OF INPATIENT DEPARTMENT, DISCHARGE SUMMARY OF DAY CARE DEPARTMENT, CHARTS OF CHEMOTHERAPY REGIMEN, TRANFUSION SLIPS",No,--
MO,Medical Oncology,MO016E,"Capecitabine + Oxaliplatin
Capecitabine 1000mg/m2 D1-D14
Oxaliplatin 130 mg/m2 D1 every 21 days",16500,"CBC,LFT, RFT, RBS, CECT Thorax , abdomen ,Pelvis, Histopathology ,UGI endoscospy","BAR CODE OF THE DRUGS, REPORTS OF THE TESTS (PATHOLOGY, RADIOLOGY, MICROBIOLOGY, HEMATOLOGY, BIOCHEMISTRY,ETC.) DISCHARGE SUMMARY OF INPATIENT DEPARTMENT, DISCHARGE SUMMARY OF DAY CARE DEPARTMENT, CHARTS OF CHEMOTHERAPY REGIMEN, TRANFUSION SLIPS",No,--
MO,Medical Oncology,MO016F,"Docetaxel + Cisplatin + 5 FU
Docetaxel 40mg/m2 D1
Cisplatin 40 mg/m2 D1
Leucovorin 400mg/m2 D1
5FU 1000mg/m2 D1 D2 every 14 days",16400,"CBC,LFT, RFT, RBS, CECT Thorax , abdomen ,Pelvis, Histopathology ,UGI endoscospy","BAR CODE OF THE DRUGS, REPORTS OF THE TESTS (PATHOLOGY, RADIOLOGY, MICROBIOLOGY, HEMATOLOGY, BIOCHEMISTRY,ETC.) DISCHARGE SUMMARY OF INPATIENT DEPARTMENT, DISCHARGE SUMMARY OF DAY CARE DEPARTMENT, CHARTS OF CHEMOTHERAPY REGIMEN, TRANFUSION SLIPS",No,--
MO,Medical Oncology,MO016G,"Docetaxel + Cisplatin + Xeloda
Docetaxel 40mg/m2 D1
Cisplatin 40 mg/m2 D1
Capecitabine 825mg/m2 twice daily every 14 days",19700,"CBC,LFT, RFT, RBS, CECT Thorax , abdomen ,Pelvis, Histopathology ,UGI endoscospy","BAR CODE OF THE DRUGS, REPORTS OF THE TESTS (PATHOLOGY, RADIOLOGY, MICROBIOLOGY, HEMATOLOGY, BIOCHEMISTRY,ETC.) DISCHARGE SUMMARY OF INPATIENT DEPARTMENT, DISCHARGE SUMMARY OF DAY CARE DEPARTMENT, CHARTS OF CHEMOTHERAPY REGIMEN, TRANFUSION SLIPS",No,--
MO,Medical Oncology,MO016H,"Docetaxel + Oxaliplatin + 5 FU
Docetaxel 50mg/m2 D1
Oxaliplatin 85 mg/m2 D1
Leucovorin 400mg/m2 D1
5FU 1200mg/m2 D1 D2 every 14 days",20400,"CBC,LFT, RFT, RBS, CECT Thorax , abdomen ,Pelvis, Histopathology ,UGI endoscospy","BAR CODE OF THE DRUGS, REPORTS OF THE TESTS (PATHOLOGY, RADIOLOGY, MICROBIOLOGY, HEMATOLOGY, BIOCHEMISTRY,ETC.) DISCHARGE SUMMARY OF INPATIENT DEPARTMENT, DISCHARGE SUMMARY OF DAY CARE DEPARTMENT, CHARTS OF CHEMOTHERAPY REGIMEN, TRANFUSION SLIPS",No,--
MO,Medical Oncology,MO016I,"Docetaxel + Oxaliplatin + Xeloda
Docetaxel 50mg/m2 D1
Oxaliplatin 85 mg/m2 D1
Capecitabine 825 mg/m2 Twice daily every 14 days",24900,"CBC,LFT, RFT, RBS, CECT Thorax , abdomen ,Pelvis, Histopathology ,UGI endoscospy","BAR CODE OF THE DRUGS, REPORTS OF THE TESTS (PATHOLOGY, RADIOLOGY, MICROBIOLOGY, HEMATOLOGY, BIOCHEMISTRY,ETC.) DISCHARGE SUMMARY OF INPATIENT DEPARTMENT, DISCHARGE SUMMARY OF DAY CARE DEPARTMENT, CHARTS OF CHEMOTHERAPY REGIMEN, TRANFUSION SLIPS",No,--
MO,Medical Oncology,MO016J,"5FU + Leucovorin + Irinotecan
5 FU 1200mg/m2 D1 D2
Leucovorin 400mg/m2 D1
Irinotecan 180mg/m2 85 mg/m2 D1 every 14 days",8700,"CBC,LFT, RFT, RBS, CECT Thorax , abdomen ,Pelvis, Histopathology ,UGI endoscospy","BAR CODE OF THE DRUGS, REPORTS OF THE TESTS (PATHOLOGY, RADIOLOGY, MICROBIOLOGY, HEMATOLOGY, BIOCHEMISTRY,ETC.) DISCHARGE SUMMARY OF INPATIENT DEPARTMENT, DISCHARGE SUMMARY OF DAY CARE DEPARTMENT, CHARTS OF CHEMOTHERAPY REGIMEN, TRANFUSION SLIPS",No,--
MO,Medical Oncology,MO016K,"5FU + Leucovorin + Oxaliplatin
5 FU 1200mg/m2 D1 D2
Leucovorin 400mg/m2 D1
Oxaliplatin 85 mg/m2 D1 every 14 days",11100,"CBC,LFT, RFT, RBS, CECT Thorax , abdomen ,Pelvis, Histopathology ,UGI endoscospy","BAR CODE OF THE DRUGS, REPORTS OF THE TESTS (PATHOLOGY, RADIOLOGY, MICROBIOLOGY, HEMATOLOGY, BIOCHEMISTRY,ETC.) DISCHARGE SUMMARY OF INPATIENT DEPARTMENT, DISCHARGE SUMMARY OF DAY CARE DEPARTMENT, CHARTS OF CHEMOTHERAPY REGIMEN, TRANFUSION SLIPS",No,--
MO,Medical Oncology,MO016L,"Paclitaxel
Paclitaxel 80mg/m2 every week",5800,"CBC,LFT, RFT, RBS, CECT Thorax , abdomen ,Pelvis, Histopathology ,UGI endoscospy","BAR CODE OF THE DRUGS, REPORTS OF THE TESTS (PATHOLOGY, RADIOLOGY, MICROBIOLOGY, HEMATOLOGY, BIOCHEMISTRY,ETC.) DISCHARGE SUMMARY OF INPATIENT DEPARTMENT, DISCHARGE SUMMARY OF DAY CARE DEPARTMENT, CHARTS OF CHEMOTHERAPY REGIMEN, TRANFUSION SLIPS",No,--
MO,Medical Oncology,MO017A,"Doxorubicin
Doxorubicin 30-75 mg/m2 one course",10000,"CBC,LFT, RFT, RBS, Triphasic CECT Thorax , abdomen ,Pelvis, Histopathology , AFP,MRI","BAR CODE OF THE DRUGS, REPORTS OF THE TESTS (PATHOLOGY, RADIOLOGY, MICROBIOLOGY, HEMATOLOGY, BIOCHEMISTRY,ETC.) DISCHARGE SUMMARY OF INPATIENT DEPARTMENT, DISCHARGE SUMMARY OF DAY CARE DEPARTMENT, CHARTS OF CHEMOTHERAPY REGIMEN, TRANFUSION SLIPS",No,--
MO,Medical Oncology,MO017B,"Sorafenib
Sorafenib 400mg PO twice daily",7400,"CBC,LFT, RFT, RBS, Triphasic CECT Thorax , abdomen ,Pelvis, Histopathology , AFP, Lipid Profile, Urine R/M, 2D ECHO","BAR CODE OF THE DRUGS, REPORTS OF THE TESTS (PATHOLOGY, RADIOLOGY, MICROBIOLOGY, HEMATOLOGY, BIOCHEMISTRY,ETC.) DISCHARGE SUMMARY OF INPATIENT DEPARTMENT, DISCHARGE SUMMARY OF DAY CARE DEPARTMENT, CHARTS OF CHEMOTHERAPY REGIMEN, TRANFUSION SLIPS",No,--
MO,Medical Oncology,MO018A,"Gemcitabine + Nanopaclitaxel
Gemcitabine 1000mg/m2 D1 D8 D16
Albumin bound Paclitaxel 125mg/m2 D1 D8 D15 every 28 days",23500,"CBC,LFT, RFT, RBS, CECT Thorax , abdomen ,Pelvis, Histopathology/FNAC, CA19.9, ","BAR CODE OF THE DRUGS, REPORTS OF THE TESTS (PATHOLOGY, RADIOLOGY, MICROBIOLOGY, HEMATOLOGY, BIOCHEMISTRY,ETC.) DISCHARGE SUMMARY OF INPATIENT DEPARTMENT, DISCHARGE SUMMARY OF DAY CARE DEPARTMENT, CHARTS OF CHEMOTHERAPY REGIMEN, TRANFUSION SLIPS",No,--
MO,Medical Oncology,MO018B,"Gemcitabine
Gemcitabine 1000mg /m2 D1 D8 every 21 days",9000,"CBC,LFT, RFT, RBS, CECT Thorax , abdomen ,Pelvis, Histopathology/FNAC, CA19.9, ","BAR CODE OF THE DRUGS, REPORTS OF THE TESTS (PATHOLOGY, RADIOLOGY, MICROBIOLOGY, HEMATOLOGY, BIOCHEMISTRY,ETC.) DISCHARGE SUMMARY OF INPATIENT DEPARTMENT, DISCHARGE SUMMARY OF DAY CARE DEPARTMENT, CHARTS OF CHEMOTHERAPY REGIMEN, TRANFUSION SLIPS",No,--
MO,Medical Oncology,MO018C,"Gemcitabine
Gemcitabine 300mg/m2 weekly",9000,"CBC,LFT, RFT, RBS, CECT Thorax , abdomen ,Pelvis, Histopathology/FNAC, CA19.9, ","BAR CODE OF THE DRUGS, REPORTS OF THE TESTS (PATHOLOGY, RADIOLOGY, MICROBIOLOGY, HEMATOLOGY, BIOCHEMISTRY,ETC.) DISCHARGE SUMMARY OF INPATIENT DEPARTMENT, DISCHARGE SUMMARY OF DAY CARE DEPARTMENT, CHARTS OF CHEMOTHERAPY REGIMEN, TRANFUSION SLIPS",No,--
MO,Medical Oncology,MO018D,"5FU + Leucovorin + Oxaliplatin + Irinotecan
5 FU 1200mg/m2 D1 D2
Leucovorin 400mg/m2 D1
Oxaliplatin 85 mg/m2 D1
Irinotecan 180mg/m2 every 14 days",15500,"CBC,LFT, RFT, RBS, CECT Thorax , abdomen ,Pelvis, Histopathology/FNAC, CA19.9, ","BAR CODE OF THE DRUGS, REPORTS OF THE TESTS (PATHOLOGY, RADIOLOGY, MICROBIOLOGY, HEMATOLOGY, BIOCHEMISTRY,ETC.) DISCHARGE SUMMARY OF INPATIENT DEPARTMENT, DISCHARGE SUMMARY OF DAY CARE DEPARTMENT, CHARTS OF CHEMOTHERAPY REGIMEN, TRANFUSION SLIPS",No,--
MO,Medical Oncology,MO018E,"Capecitabine
Capecitabine 825 mg/m2 twice daily",7400,"CBC,LFT, RFT, RBS, CECT Thorax , abdomen ,Pelvis, Histopathology/FNAC, CA19.9, ","BAR CODE OF THE DRUGS, REPORTS OF THE TESTS (PATHOLOGY, RADIOLOGY, MICROBIOLOGY, HEMATOLOGY, BIOCHEMISTRY,ETC.) DISCHARGE SUMMARY OF INPATIENT DEPARTMENT, DISCHARGE SUMMARY OF DAY CARE DEPARTMENT, CHARTS OF CHEMOTHERAPY REGIMEN, TRANFUSION SLIPS",No,--
MO,Medical Oncology,MO018F,"Capecitabine + Gemcitabine
Gemcitabine 1000mg/m2 D1 D8 D15
Capecitabine 830mg/m2 twice daily D1-D21 every 28 days",31500,"CBC,LFT, RFT, RBS, CECT Thorax , abdomen ,Pelvis, Histopathology/FNAC, CA19.9, ","BAR CODE OF THE DRUGS, REPORTS OF THE TESTS (PATHOLOGY, RADIOLOGY, MICROBIOLOGY, HEMATOLOGY, BIOCHEMISTRY,ETC.) DISCHARGE SUMMARY OF INPATIENT DEPARTMENT, DISCHARGE SUMMARY OF DAY CARE DEPARTMENT, CHARTS OF CHEMOTHERAPY REGIMEN, TRANFUSION SLIPS",No,--
MO,Medical Oncology,MO019A,"Capecitabine
Capecitabine 1000 - 1250 mg/m2 twice daily D1 -D14 every 21 days",7300,"CBC,LFT, RFT, RBS, CECT Thorax , abdomen ,Pelvis, Histopathology/FNAC, CA19.9, ","BAR CODE OF THE DRUGS, REPORTS OF THE TESTS (PATHOLOGY, RADIOLOGY, MICROBIOLOGY, HEMATOLOGY, BIOCHEMISTRY,ETC.) DISCHARGE SUMMARY OF INPATIENT DEPARTMENT, DISCHARGE SUMMARY OF DAY CARE DEPARTMENT, CHARTS OF CHEMOTHERAPY REGIMEN, TRANFUSION SLIPS",No,--
MO,Medical Oncology,MO019B,"Cisplatin + Gemcitabine
Gemcitabine 1000 mg/m2 D1 D8
Cisplatin 25 mg/m2 D1 D8 every 21 days",10900,"CBC,LFT, RFT, RBS, CECT Thorax , abdomen ,Pelvis, Histopathology/FNAC, CA19.9, ","BAR CODE OF THE DRUGS, REPORTS OF THE TESTS (PATHOLOGY, RADIOLOGY, MICROBIOLOGY, HEMATOLOGY, BIOCHEMISTRY,ETC.) DISCHARGE SUMMARY OF INPATIENT DEPARTMENT, DISCHARGE SUMMARY OF DAY CARE DEPARTMENT, CHARTS OF CHEMOTHERAPY REGIMEN, TRANFUSION SLIPS",No,--
MO,Medical Oncology,MO019C,"5FU + Leucovorin + Irinotecan
5 FU 1200mg/m2 D1 D2
Leucovorin 400mg/m2 D1
Irinotecan 180mg/m2 85 mg/m2 D1 every 14 days",8900,"CBC,LFT, RFT, RBS, CECT Thorax , abdomen ,Pelvis, Histopathology/FNAC, CA19.9, ","BAR CODE OF THE DRUGS, REPORTS OF THE TESTS (PATHOLOGY, RADIOLOGY, MICROBIOLOGY, HEMATOLOGY, BIOCHEMISTRY,ETC.) DISCHARGE SUMMARY OF INPATIENT DEPARTMENT, DISCHARGE SUMMARY OF DAY CARE DEPARTMENT, CHARTS OF CHEMOTHERAPY REGIMEN, TRANFUSION SLIPS",No,--
MO,Medical Oncology,MO019D,"Gemcitabine
Gemcitabine 300 mg/m2 D1 every week",9000,"CBC,LFT, RFT, RBS, CECT Thorax , abdomen ,Pelvis, Histopathology/FNAC, CA19.9, ","BAR CODE OF THE DRUGS, REPORTS OF THE TESTS (PATHOLOGY, RADIOLOGY, MICROBIOLOGY, HEMATOLOGY, BIOCHEMISTRY,ETC.) DISCHARGE SUMMARY OF INPATIENT DEPARTMENT, DISCHARGE SUMMARY OF DAY CARE DEPARTMENT, CHARTS OF CHEMOTHERAPY REGIMEN, TRANFUSION SLIPS",No,--
MO,Medical Oncology,MO019E,"Gemcitabine
Gemcitabine 1000mg /m2 D1 D8 every 21 days",8900,"CBC,LFT, RFT, RBS, CECT Thorax , abdomen ,Pelvis, Histopathology/FNAC, CA19.9, ","BAR CODE OF THE DRUGS, REPORTS OF THE TESTS (PATHOLOGY, RADIOLOGY, MICROBIOLOGY, HEMATOLOGY, BIOCHEMISTRY,ETC.) DISCHARGE SUMMARY OF INPATIENT DEPARTMENT, DISCHARGE SUMMARY OF DAY CARE DEPARTMENT, CHARTS OF CHEMOTHERAPY REGIMEN, TRANFUSION SLIPS",No,--
MO,Medical Oncology,MO019F,"Oxaliplatin + Gemcitabine
Gemcitabine 1000 mg/m2 D1
Oxaliplatin 100 mg/m2 D1 every 14 days",17100,"CBC,LFT, RFT, RBS, CECT Thorax , abdomen ,Pelvis, Histopathology/FNAC, CA19.9, ","BAR CODE OF THE DRUGS, REPORTS OF THE TESTS (PATHOLOGY, RADIOLOGY, MICROBIOLOGY, HEMATOLOGY, BIOCHEMISTRY,ETC.) DISCHARGE SUMMARY OF INPATIENT DEPARTMENT, DISCHARGE SUMMARY OF DAY CARE DEPARTMENT, CHARTS OF CHEMOTHERAPY REGIMEN, TRANFUSION SLIPS",No,--
MO,Medical Oncology,MO019G,"Capecitabine + Irinotecan
Capecitabine 1000mg/m2 D1-D14
Irinotecan 200 mg/m2 D1 every 21 days",12600,"CBC,LFT, RFT, RBS, CECT Thorax , abdomen ,Pelvis, Histopathology/FNAC, CA19.9, ","BAR CODE OF THE DRUGS, REPORTS OF THE TESTS (PATHOLOGY, RADIOLOGY, MICROBIOLOGY, HEMATOLOGY, BIOCHEMISTRY,ETC.) DISCHARGE SUMMARY OF INPATIENT DEPARTMENT, DISCHARGE SUMMARY OF DAY CARE DEPARTMENT, CHARTS OF CHEMOTHERAPY REGIMEN, TRANFUSION SLIPS",No,--
MO,Medical Oncology,MO019H,"5FU + Leucovorin + Oxaliplatin
5 FU 1200mg/m2 D1 D2
Leucovorin 400mg/m2 D1
Oxaliplatin 85 mg/m2 D1 every 14 days",11300,"CBC,LFT, RFT, RBS, CECT Thorax , abdomen ,Pelvis, Histopathology/FNAC, CA19.9, ","BAR CODE OF THE DRUGS, REPORTS OF THE TESTS (PATHOLOGY, RADIOLOGY, MICROBIOLOGY, HEMATOLOGY, BIOCHEMISTRY,ETC.) DISCHARGE SUMMARY OF INPATIENT DEPARTMENT, DISCHARGE SUMMARY OF DAY CARE DEPARTMENT, CHARTS OF CHEMOTHERAPY REGIMEN, TRANFUSION SLIPS",No,--
MO,Medical Oncology,MO020A,"Imatinib
Imatinib 400 mg once daily",19400,"CBC,LFT, RFT, RBS, CECT Thorax , abdomen ,Pelvis, Histopathology/FNAC, Ckit-mutation (not mandatory) ","BAR CODE OF THE DRUGS, REPORTS OF THE TESTS (PATHOLOGY, RADIOLOGY, MICROBIOLOGY, HEMATOLOGY, BIOCHEMISTRY,ETC.) DISCHARGE SUMMARY OF INPATIENT DEPARTMENT, DISCHARGE SUMMARY OF DAY CARE DEPARTMENT, CHARTS OF CHEMOTHERAPY REGIMEN, TRANFUSION SLIPS",No,--
MO,Medical Oncology,MO020B,"Sunitinib
Sunitinb 37.5 mg once daily",24400,"CBC,LFT, RFT, RBS, CECT Thorax , abdomen ,Pelvis, Histopathology/FNAC, Ckit-mutation (not mandatory) ","BAR CODE OF THE DRUGS, REPORTS OF THE TESTS (PATHOLOGY, RADIOLOGY, MICROBIOLOGY, HEMATOLOGY, BIOCHEMISTRY,ETC.) DISCHARGE SUMMARY OF INPATIENT DEPARTMENT, DISCHARGE SUMMARY OF DAY CARE DEPARTMENT, CHARTS OF CHEMOTHERAPY REGIMEN, TRANFUSION SLIPS",No,--
MO,Medical Oncology,MO021A,"Temozolamide
Temozolomide 150 - 200 mg/m2 D1-D5 every 28 days",13000,"CBC,LFT, RFT, RBS, MRI brain,  Histopathology","BAR CODE OF THE DRUGS, REPORTS OF THE TESTS (PATHOLOGY, RADIOLOGY, MICROBIOLOGY, HEMATOLOGY, BIOCHEMISTRY,ETC.) DISCHARGE SUMMARY OF INPATIENT DEPARTMENT, DISCHARGE SUMMARY OF DAY CARE DEPARTMENT, CHARTS OF CHEMOTHERAPY REGIMEN, TRANFUSION SLIPS",No,--
MO,Medical Oncology,MO021B,"Temozolamide
Temozolomide 75mg/m2 once daily",67600,"CBC,LFT, RFT, RBS, MRI brain,  Histopathology","BAR CODE OF THE DRUGS, REPORTS OF THE TESTS (PATHOLOGY, RADIOLOGY, MICROBIOLOGY, HEMATOLOGY, BIOCHEMISTRY,ETC.) DISCHARGE SUMMARY OF INPATIENT DEPARTMENT, DISCHARGE SUMMARY OF DAY CARE DEPARTMENT, CHARTS OF CHEMOTHERAPY REGIMEN, TRANFUSION SLIPS",No,--
MO,Medical Oncology,MO022A,"Gemcitabine + Cisplatin
Gemcitabine 1000 mg/m2 D1 D8
Cisplatin 75 mg/m2 D1 every 21 days",11100,"CBC, LFT, RFT, RBS, CECT Thorax, abdomen and Pelvis, histopathology","BAR CODE OF THE DRUGS, REPORTS OF THE TESTS (PATHOLOGY, RADIOLOGY, MICROBIOLOGY, HEMATOLOGY, BIOCHEMISTRY,ETC.) DISCHARGE SUMMARY OF INPATIENT DEPARTMENT, DISCHARGE SUMMARY OF DAY CARE DEPARTMENT, CHARTS OF CHEMOTHERAPY REGIMEN, TRANFUSION SLIPS",No,--
MO,Medical Oncology,MO022B,"Pemetrexed + Cisplatin
Pemetrexed 500mg/m2 D1
Cisplatin 75 mg/m2 D1 every 21 days",9200,"CBC, LFT, RFT, RBS, CECT Thorax, abdomen and Pelvis, histopathology","BAR CODE OF THE DRUGS, REPORTS OF THE TESTS (PATHOLOGY, RADIOLOGY, MICROBIOLOGY, HEMATOLOGY, BIOCHEMISTRY,ETC.) DISCHARGE SUMMARY OF INPATIENT DEPARTMENT, DISCHARGE SUMMARY OF DAY CARE DEPARTMENT, CHARTS OF CHEMOTHERAPY REGIMEN, TRANFUSION SLIPS",No,--
MO,Medical Oncology,MO022C,"Pemetrexed + Carboplatin
Pemetrexed 500mg/m2 D1
Carboplatin AUC 5-6 D1 every 21 days",10000,"CBC, LFT, RFT, RBS, CECT Thorax, abdomen and Pelvis, histopathology","BAR CODE OF THE DRUGS, REPORTS OF THE TESTS (PATHOLOGY, RADIOLOGY, MICROBIOLOGY, HEMATOLOGY, BIOCHEMISTRY,ETC.) DISCHARGE SUMMARY OF INPATIENT DEPARTMENT, DISCHARGE SUMMARY OF DAY CARE DEPARTMENT, CHARTS OF CHEMOTHERAPY REGIMEN, TRANFUSION SLIPS",No,--
MO,Medical Oncology,MO023A,"Cisplatin + Etoposide
Etoposide 100mg/m2 D1 - D3
Cisplatin 75-100 mg/m2 D1 every 21 days",5300,"CBC, LFT, RFT, RBS, CECT Thorax, abdomen and Pelvis, histopathology , ECHO","BAR CODE OF THE DRUGS, REPORTS OF THE TESTS (PATHOLOGY, RADIOLOGY, MICROBIOLOGY, HEMATOLOGY, BIOCHEMISTRY,ETC.) DISCHARGE SUMMARY OF INPATIENT DEPARTMENT, DISCHARGE SUMMARY OF DAY CARE DEPARTMENT, CHARTS OF CHEMOTHERAPY REGIMEN, TRANFUSION SLIPS",No,--
MO,Medical Oncology,MO023B,"Cisplatin + Adriamycin + Cyclophosphamide
Cisplatin 50 mg/m2 D1
Doxorubicin 50 mg/m2 D1
Cyclophosphamide 500 mg/m2 D1 every 21 days",5000,"CBC, LFT, RFT, RBS, CECT Thorax, abdomen and Pelvis, histopathology , ECHO","BAR CODE OF THE DRUGS, REPORTS OF THE TESTS (PATHOLOGY, RADIOLOGY, MICROBIOLOGY, HEMATOLOGY, BIOCHEMISTRY,ETC.) DISCHARGE SUMMARY OF INPATIENT DEPARTMENT, DISCHARGE SUMMARY OF DAY CARE DEPARTMENT, CHARTS OF CHEMOTHERAPY REGIMEN, TRANFUSION SLIPS",No,--
MO,Medical Oncology,MO024A,"Cisplatin + Docetaxel
Docetaxel 75 mg/m2 D1
Cisplatin 75 mg/m2 D1 every 21 days",12400,"CBC, LFT,RFT,RBS,CECT/MR Face and neck, histopathology -squamous carcinoma, Nasopharyngeal carcinoma Pure tone audiometry","BAR CODE OF THE DRUGS, REPORTS OF THE TESTS (PATHOLOGY, RADIOLOGY, MICROBIOLOGY, HEMATOLOGY, BIOCHEMISTRY,ETC.) DISCHARGE SUMMARY OF INPATIENT DEPARTMENT, DISCHARGE SUMMARY OF DAY CARE DEPARTMENT, CHARTS OF CHEMOTHERAPY REGIMEN, TRANFUSION SLIPS",No,--
MO,Medical Oncology,MO024B,"Cisplatin
Cisplatin 100mg/m2 every 21 days",9800,"CBC, LFT,RFT,RBS,CECT/MR Face and neck, histopathology -squamous carcinoma, nasopharyngeal carcinoma,Pure tone audiometry","BAR CODE OF THE DRUGS, REPORTS OF THE TESTS (PATHOLOGY, RADIOLOGY, MICROBIOLOGY, HEMATOLOGY, BIOCHEMISTRY,ETC.) DISCHARGE SUMMARY OF INPATIENT DEPARTMENT, DISCHARGE SUMMARY OF DAY CARE DEPARTMENT, CHARTS OF CHEMOTHERAPY REGIMEN, TRANFUSION SLIPS",No,--
MO,Medical Oncology,MO024C,"Carboplatin + Gemcitabine
Gemcitabine 1000 mg/m2 D1 D8
Carboplatin AUC 5-6 D1 every 21 days",14300,"CBC, LFT,RFT,RBS, histopathology-squamous carcinoma,nasopharyngeal carcinoma, salivary gland","BAR CODE OF THE DRUGS, REPORTS OF THE TESTS (PATHOLOGY, RADIOLOGY, MICROBIOLOGY, HEMATOLOGY, BIOCHEMISTRY,ETC.) DISCHARGE SUMMARY OF INPATIENT DEPARTMENT, DISCHARGE SUMMARY OF DAY CARE DEPARTMENT, CHARTS OF CHEMOTHERAPY REGIMEN, TRANFUSION SLIPS",No,--
MO,Medical Oncology,MO024D,"Docetaxel + Cisplatin + 5 FU
Docetaxel 75 mg/m2 D1
Cisplatin 75 mg/m2 D1
5 FU 750 mg/m2 D1- D5 every 21 days",16500,"CBC, LFT,RFT,RBS, histopathology-squamous carcinoma,nasopharyngeal carcinoma, salivary gland","BAR CODE OF THE DRUGS, REPORTS OF THE TESTS (PATHOLOGY, RADIOLOGY, MICROBIOLOGY, HEMATOLOGY, BIOCHEMISTRY,ETC.) DISCHARGE SUMMARY OF INPATIENT DEPARTMENT, DISCHARGE SUMMARY OF DAY CARE DEPARTMENT, CHARTS OF CHEMOTHERAPY REGIMEN, TRANFUSION SLIPS",No,--
MO,Medical Oncology,MO024E,"Docetaxel
Docetaxel 20mg/m2 every week",15000,"CBC, LFT,RFT,RBS, histopathology-squamous carcinoma,nasopharyngeal carcinoma, salivary gland","BAR CODE OF THE DRUGS, REPORTS OF THE TESTS (PATHOLOGY, RADIOLOGY, MICROBIOLOGY, HEMATOLOGY, BIOCHEMISTRY,ETC.) DISCHARGE SUMMARY OF INPATIENT DEPARTMENT, DISCHARGE SUMMARY OF DAY CARE DEPARTMENT, CHARTS OF CHEMOTHERAPY REGIMEN, TRANFUSION SLIPS",No,--
MO,Medical Oncology,MO024F,"Docetaxel
Docetaxel 75 mg/m2 D1 every 21 days",14400,"CBC, LFT,RFT,RBS,CECT/MR Face and neck, histopathology -squamous carcinoma","BAR CODE OF THE DRUGS, REPORTS OF THE TESTS (PATHOLOGY, RADIOLOGY, MICROBIOLOGY, HEMATOLOGY, BIOCHEMISTRY,ETC.) DISCHARGE SUMMARY OF INPATIENT DEPARTMENT, DISCHARGE SUMMARY OF DAY CARE DEPARTMENT, CHARTS OF CHEMOTHERAPY REGIMEN, TRANFUSION SLIPS",No,--
MO,Medical Oncology,MO024G,"Etoposide + Carboplatin
Etoposide 100mg/m2 D1 - D3
Carboplatin AUC 5-6 D1 every 21 days",7100,"CBC, LFT,RFT,RBS,histopathology -esthesioneuroblastoma, Neuroendocrine, ","BAR CODE OF THE DRUGS, REPORTS OF THE TESTS (PATHOLOGY, RADIOLOGY, MICROBIOLOGY, HEMATOLOGY, BIOCHEMISTRY,ETC.) DISCHARGE SUMMARY OF INPATIENT DEPARTMENT, DISCHARGE SUMMARY OF DAY CARE DEPARTMENT, CHARTS OF CHEMOTHERAPY REGIMEN, TRANFUSION SLIPS",No,--
MO,Medical Oncology,MO024H,"Etoposide + Cisplatin
Etoposide 100mg/m2 D1 - D3
Cisplatin 75-100 mg/m2 D1 every 21 days",9200,"CBC, LFT,RFT,RBS,histopathology -esthesioneuroblastoma, Neuroendocrine, ","BAR CODE OF THE DRUGS, REPORTS OF THE TESTS (PATHOLOGY, RADIOLOGY, MICROBIOLOGY, HEMATOLOGY, BIOCHEMISTRY,ETC.) DISCHARGE SUMMARY OF INPATIENT DEPARTMENT, DISCHARGE SUMMARY OF DAY CARE DEPARTMENT, CHARTS OF CHEMOTHERAPY REGIMEN, TRANFUSION SLIPS",No,--
MO,Medical Oncology,MO024I,"Gemcitabine
Gemcitabine 1000 mg/m2 D1 D8 every 21 days",9200,"CBC, LFT,RFT,RBS, histopathology-squamous carcinoma,nasopharyngeal carcinoma, salivary gland","BAR CODE OF THE DRUGS, REPORTS OF THE TESTS (PATHOLOGY, RADIOLOGY, MICROBIOLOGY, HEMATOLOGY, BIOCHEMISTRY,ETC.) DISCHARGE SUMMARY OF INPATIENT DEPARTMENT, DISCHARGE SUMMARY OF DAY CARE DEPARTMENT, CHARTS OF CHEMOTHERAPY REGIMEN, TRANFUSION SLIPS",No,--
MO,Medical Oncology,MO024J,"Gemcitabine + Cisplatin
Gemcitabine 1000 mg/m2 D1 D8
Cisplatin 75 mg/m2 D1 every 21 days",11100,"CBC, LFT,RFT,RBS, histopathology-squamous carcinoma,nasopharyngeal carcinoma, salivary gland","BAR CODE OF THE DRUGS, REPORTS OF THE TESTS (PATHOLOGY, RADIOLOGY, MICROBIOLOGY, HEMATOLOGY, BIOCHEMISTRY,ETC.) DISCHARGE SUMMARY OF INPATIENT DEPARTMENT, DISCHARGE SUMMARY OF DAY CARE DEPARTMENT, CHARTS OF CHEMOTHERAPY REGIMEN, TRANFUSION SLIPS",No,--
MO,Medical Oncology,MO024K,"Paclitaxel + Carboplatin
Paclitaxel 80mg/m2 D1
Carboplatin AUC 2 D1 every week",7700,"CBC, LFT,RFT,RBS, histopathology-squamous carcinoma,nasopharyngeal carcinoma, salivary gland","BAR CODE OF THE DRUGS, REPORTS OF THE TESTS (PATHOLOGY, RADIOLOGY, MICROBIOLOGY, HEMATOLOGY, BIOCHEMISTRY,ETC.) DISCHARGE SUMMARY OF INPATIENT DEPARTMENT, DISCHARGE SUMMARY OF DAY CARE DEPARTMENT, CHARTS OF CHEMOTHERAPY REGIMEN, TRANFUSION SLIPS",No,--
MO,Medical Oncology,MO024L,"Paclitaxel + Carboplatin
Paclitaxel 175mg/m2 every 21 days",15100,"CBC, LFT,RFT,RBS, histopathology-squamous carcinoma,nasopharyngeal carcinoma, salivary gland","BAR CODE OF THE DRUGS, REPORTS OF THE TESTS (PATHOLOGY, RADIOLOGY, MICROBIOLOGY, HEMATOLOGY, BIOCHEMISTRY,ETC.) DISCHARGE SUMMARY OF INPATIENT DEPARTMENT, DISCHARGE SUMMARY OF DAY CARE DEPARTMENT, CHARTS OF CHEMOTHERAPY REGIMEN, TRANFUSION SLIPS",No,--
MO,Medical Oncology,MO024M,"Paclitaxel
Paclitaxel 80mg/m2 every week",5700,"CBC, LFT,RFT,RBS, histopathology-squamous carcinoma, salivary gland","BAR CODE OF THE DRUGS, REPORTS OF THE TESTS (PATHOLOGY, RADIOLOGY, MICROBIOLOGY, HEMATOLOGY, BIOCHEMISTRY,ETC.) DISCHARGE SUMMARY OF INPATIENT DEPARTMENT, DISCHARGE SUMMARY OF DAY CARE DEPARTMENT, CHARTS OF CHEMOTHERAPY REGIMEN, TRANFUSION SLIPS",No,--
MO,Medical Oncology,MO024N,"Paclitaxel
Paclitaxel 175mg/m2 every 21 days",12200,"CBC, LFT,RFT,RBS, histopathology-squamous carcinoma,nasopharyngeal carcinoma, salivary gland","BAR CODE OF THE DRUGS, REPORTS OF THE TESTS (PATHOLOGY, RADIOLOGY, MICROBIOLOGY, HEMATOLOGY, BIOCHEMISTRY,ETC.) DISCHARGE SUMMARY OF INPATIENT DEPARTMENT, DISCHARGE SUMMARY OF DAY CARE DEPARTMENT, CHARTS OF CHEMOTHERAPY REGIMEN, TRANFUSION SLIPS",No,--
MO,Medical Oncology,MO024O,"Carboplatin
Carboplatin AUC 2 every week",2400,"CBC, LFT,RFT,RBS,CECT/MR Face and neck, histopathology -squamous carcinoma, nasopharyngeal carcinoma","BAR CODE OF THE DRUGS, REPORTS OF THE TESTS (PATHOLOGY, RADIOLOGY, MICROBIOLOGY, HEMATOLOGY, BIOCHEMISTRY,ETC.) DISCHARGE SUMMARY OF INPATIENT DEPARTMENT, DISCHARGE SUMMARY OF DAY CARE DEPARTMENT, CHARTS OF CHEMOTHERAPY REGIMEN, TRANFUSION SLIPS",No,--
MO,Medical Oncology,MO024P,"Cisplatin
Cisplatin 40mg/m2 every week",2200,"CBC, LFT,RFT,RBS,CECT/MR Face and neck, histopathology -squamous carcinoma,","BAR CODE OF THE DRUGS, REPORTS OF THE TESTS (PATHOLOGY, RADIOLOGY, MICROBIOLOGY, HEMATOLOGY, BIOCHEMISTRY,ETC.) DISCHARGE SUMMARY OF INPATIENT DEPARTMENT, DISCHARGE SUMMARY OF DAY CARE DEPARTMENT, CHARTS OF CHEMOTHERAPY REGIMEN, TRANFUSION SLIPS",No,--
MO,Medical Oncology,MO025A,"Sunitinib
50 mg once daily 4 weeks on 2 weeks off",26400,"CBC, RFT, RBS, CECT Thorax, abdomen and Pelvis,lipid profile, 2 D ECHO, TFT, 24 hour urine protein","BAR CODE OF THE DRUGS, REPORTS OF THE TESTS (PATHOLOGY, RADIOLOGY, MICROBIOLOGY, HEMATOLOGY, BIOCHEMISTRY,ETC.) DISCHARGE SUMMARY OF INPATIENT DEPARTMENT, DISCHARGE SUMMARY OF DAY CARE DEPARTMENT, CHARTS OF CHEMOTHERAPY REGIMEN, TRANFUSION SLIPS",No,--
MO,Medical Oncology,MO026A,"Cisplatin + Methotrexate + Vinblastin
Methotrexate 30mg/m2 D1 D8
Vinblastine 4 mg/m2 D1 D8
Doxorubicin 30 mg/m2 D2
Cuisplatin 100 mg/m2 D2
Leucovorin 15 mg PO D2 D9 every 21 days",6000,"CBC, RFT, LFT, CECT Thorax, abdomen and Pelvis, histopathology","BAR CODE OF THE DRUGS, REPORTS OF THE TESTS (PATHOLOGY, RADIOLOGY, MICROBIOLOGY, HEMATOLOGY, BIOCHEMISTRY,ETC.) DISCHARGE SUMMARY OF INPATIENT DEPARTMENT, DISCHARGE SUMMARY OF DAY CARE DEPARTMENT, CHARTS OF CHEMOTHERAPY REGIMEN, TRANFUSION SLIPS",No,--
MO,Medical Oncology,MO026B,"Carboplatin + Gemcitabine
Gemcitabine 1000 mg/m2 D1 D8
Carboplatin AUC 5-6 D1 every 21 days",14300,"CBC, RFT, LFT, CECT Thorax, abdomen and Pelvis, MRI,histopathology","BAR CODE OF THE DRUGS, REPORTS OF THE TESTS (PATHOLOGY, RADIOLOGY, MICROBIOLOGY, HEMATOLOGY, BIOCHEMISTRY,ETC.) DISCHARGE SUMMARY OF INPATIENT DEPARTMENT, DISCHARGE SUMMARY OF DAY CARE DEPARTMENT, CHARTS OF CHEMOTHERAPY REGIMEN, TRANFUSION SLIPS",No,--
MO,Medical Oncology,MO026C,"Cisplatin + Gemcitabine
Gemcitabine 1000 mg/m2 D1 D8
Cisplatin 75 mg/m2 D1 every 21 days",11100,"CBC, RFT, LFT, CECT Thorax, abdomen and Pelvis, MRI, ECG, 2D-ECHO,Histopathology","BAR CODE OF THE DRUGS, REPORTS OF THE TESTS (PATHOLOGY, RADIOLOGY, MICROBIOLOGY, HEMATOLOGY, BIOCHEMISTRY,ETC.) DISCHARGE SUMMARY OF INPATIENT DEPARTMENT, DISCHARGE SUMMARY OF DAY CARE DEPARTMENT, CHARTS OF CHEMOTHERAPY REGIMEN, TRANFUSION SLIPS",No,--
MO,Medical Oncology,MO026D,"Cisplatin + 5 FU
5 FU 1000mg/m2 D1-D4
Cisplatin 75mg/m2 D1 every 4 weeks",7800,"CBC, RFT, LFT, CECT Thorax, abdomen and Pelvis, histopathology","BAR CODE OF THE DRUGS, REPORTS OF THE TESTS (PATHOLOGY, RADIOLOGY, MICROBIOLOGY, HEMATOLOGY, BIOCHEMISTRY,ETC.) DISCHARGE SUMMARY OF INPATIENT DEPARTMENT, DISCHARGE SUMMARY OF DAY CARE DEPARTMENT, CHARTS OF CHEMOTHERAPY REGIMEN, TRANFUSION SLIPS",No,--
MO,Medical Oncology,MO026E,"Cisplatin + Paclitaxel
Paclitaxel 175 mg /m2 D1
Cisplatin 75 mg /m2 D1 every 21 days",13500,"CBC, RFT, LFT, CECT Thorax, abdomen and Pelvis, histopathology","BAR CODE OF THE DRUGS, REPORTS OF THE TESTS (PATHOLOGY, RADIOLOGY, MICROBIOLOGY, HEMATOLOGY, BIOCHEMISTRY,ETC.) DISCHARGE SUMMARY OF INPATIENT DEPARTMENT, DISCHARGE SUMMARY OF DAY CARE DEPARTMENT, CHARTS OF CHEMOTHERAPY REGIMEN, TRANFUSION SLIPS",No,--
MO,Medical Oncology,MO026F,"Docetaxel
Docetaxel 75 mg/m2 D1 every 21 days",14400,"CBC, RFT, LFT, CECT Thorax, abdomen and Pelvis, histopathology","BAR CODE OF THE DRUGS, REPORTS OF THE TESTS (PATHOLOGY, RADIOLOGY, MICROBIOLOGY, HEMATOLOGY, BIOCHEMISTRY,ETC.) DISCHARGE SUMMARY OF INPATIENT DEPARTMENT, DISCHARGE SUMMARY OF DAY CARE DEPARTMENT, CHARTS OF CHEMOTHERAPY REGIMEN, TRANFUSION SLIPS",No,--
MO,Medical Oncology,MO026G,"Gemcitabine + Paclitaxel
Gemcitabine 2500 mg/m2 D1
Paclitaxel 150 mg/m2 D1 every 14 days",17500,"CBC, RFT, LFT, CECT Thorax, abdomen and Pelvis, histopathology","BAR CODE OF THE DRUGS, REPORTS OF THE TESTS (PATHOLOGY, RADIOLOGY, MICROBIOLOGY, HEMATOLOGY, BIOCHEMISTRY,ETC.) DISCHARGE SUMMARY OF INPATIENT DEPARTMENT, DISCHARGE SUMMARY OF DAY CARE DEPARTMENT, CHARTS OF CHEMOTHERAPY REGIMEN, TRANFUSION SLIPS",No,--
MO,Medical Oncology,MO026H,"Gemcitabine
Gemcitabine 1000mg /m2 D1 D8 every 21 days",9200,"CBC, RFT, LFT, CECT Thorax, abdomen and Pelvis, histopathology","BAR CODE OF THE DRUGS, REPORTS OF THE TESTS (PATHOLOGY, RADIOLOGY, MICROBIOLOGY, HEMATOLOGY, BIOCHEMISTRY,ETC.) DISCHARGE SUMMARY OF INPATIENT DEPARTMENT, DISCHARGE SUMMARY OF DAY CARE DEPARTMENT, CHARTS OF CHEMOTHERAPY REGIMEN, TRANFUSION SLIPS",No,--
MO,Medical Oncology,MO026I,"Methotrexate + Vinblastin + Doxorubicin + Cisplatin
Methotrexate 30mg/m2 D1
Vinblastine 3 mg/m2 D2
Doxorubicin 30 mg/m2 D2
Cuisplatin 70 mg/m2 D2 every 14 days",6600,"CBC, RFT, LFT, CECT Thorax, abdomen and Pelvis, MRI, histopathology,ECG, ECHO","BAR CODE OF THE DRUGS, REPORTS OF THE TESTS (PATHOLOGY, RADIOLOGY, MICROBIOLOGY, HEMATOLOGY, BIOCHEMISTRY,ETC.) DISCHARGE SUMMARY OF INPATIENT DEPARTMENT, DISCHARGE SUMMARY OF DAY CARE DEPARTMENT, CHARTS OF CHEMOTHERAPY REGIMEN, TRANFUSION SLIPS",No,--
MO,Medical Oncology,MO026J,"Paclitaxel + Carboplatin
Paclitaxel 175mg/m2 D1
Carboplatin AUC 5-6 D1 every 21 days",15100,"CBC, RFT, LFT, CECT Thorax, abdomen and Pelvis, histopathology","BAR CODE OF THE DRUGS, REPORTS OF THE TESTS (PATHOLOGY, RADIOLOGY, MICROBIOLOGY, HEMATOLOGY, BIOCHEMISTRY,ETC.) DISCHARGE SUMMARY OF INPATIENT DEPARTMENT, DISCHARGE SUMMARY OF DAY CARE DEPARTMENT, CHARTS OF CHEMOTHERAPY REGIMEN, TRANFUSION SLIPS",No,--
MO,Medical Oncology,MO026K,"Paclitaxel
Paclitaxel 80 mg/m2 D1 every week",5700,"CBC, RFT, LFT, CECT Thorax, abdomen and Pelvis, histopathology","BAR CODE OF THE DRUGS, REPORTS OF THE TESTS (PATHOLOGY, RADIOLOGY, MICROBIOLOGY, HEMATOLOGY, BIOCHEMISTRY,ETC.) DISCHARGE SUMMARY OF INPATIENT DEPARTMENT, DISCHARGE SUMMARY OF DAY CARE DEPARTMENT, CHARTS OF CHEMOTHERAPY REGIMEN, TRANFUSION SLIPS",No,--
MO,Medical Oncology,MO027A,"Cisplatin + Paclitaxel
Paclitaxel 175 mg/m2 D1
Cisplatin 75 mg/m2 D1 every 21 days",13500,"CBC, RFT, LFT, CECT Thorax, abdomen and Pelvis, histopathology","BAR CODE OF THE DRUGS, REPORTS OF THE TESTS (PATHOLOGY, RADIOLOGY, MICROBIOLOGY, HEMATOLOGY, BIOCHEMISTRY,ETC.) DISCHARGE SUMMARY OF INPATIENT DEPARTMENT, DISCHARGE SUMMARY OF DAY CARE DEPARTMENT, CHARTS OF CHEMOTHERAPY REGIMEN, TRANFUSION SLIPS",No,--
MO,Medical Oncology,MO027B,"5 FU + Cisplatin
5 FU 1000mg/m2 D1-D4
Cisplatin 75mg/m2 D1 every 4 weeks",7800,"CBC, RFT, LFT, CECT Thorax, abdomen and Pelvis, histopathology","BAR CODE OF THE DRUGS, REPORTS OF THE TESTS (PATHOLOGY, RADIOLOGY, MICROBIOLOGY, HEMATOLOGY, BIOCHEMISTRY,ETC.) DISCHARGE SUMMARY OF INPATIENT DEPARTMENT, DISCHARGE SUMMARY OF DAY CARE DEPARTMENT, CHARTS OF CHEMOTHERAPY REGIMEN, TRANFUSION SLIPS",No,--
MO,Medical Oncology,MO027C,"Capecitabine
Capecitabine 1000-1250 mg/m2 PO twice daily D1 -D14 every 21 days",7400,"CBC, RFT, LFT, CECT Thorax, abdomen and Pelvis, histopathology","BAR CODE OF THE DRUGS, REPORTS OF THE TESTS (PATHOLOGY, RADIOLOGY, MICROBIOLOGY, HEMATOLOGY, BIOCHEMISTRY,ETC.) DISCHARGE SUMMARY OF INPATIENT DEPARTMENT, DISCHARGE SUMMARY OF DAY CARE DEPARTMENT, CHARTS OF CHEMOTHERAPY REGIMEN, TRANFUSION SLIPS",No,--
MO,Medical Oncology,MO027D,"Paclitaxel + Carboplatin
Paclitaxel 175mg/m2 D1
Carboplatin AUC 5-6 D1 every 21 days",15100,"CBC, RFT, LFT, CECT Thorax, abdomen and Pelvis, histopathology","BAR CODE OF THE DRUGS, REPORTS OF THE TESTS (PATHOLOGY, RADIOLOGY, MICROBIOLOGY, HEMATOLOGY, BIOCHEMISTRY,ETC.) DISCHARGE SUMMARY OF INPATIENT DEPARTMENT, DISCHARGE SUMMARY OF DAY CARE DEPARTMENT, CHARTS OF CHEMOTHERAPY REGIMEN, TRANFUSION SLIPS",No,--
MO,Medical Oncology,MO027E,"Paclitaxel
Paclitaxel 80 mg/m2 D1 every week",5700,"CBC, RFT, LFT, CECT Thorax, abdomen and Pelvis, histopathology","BAR CODE OF THE DRUGS, REPORTS OF THE TESTS (PATHOLOGY, RADIOLOGY, MICROBIOLOGY, HEMATOLOGY, BIOCHEMISTRY,ETC.) DISCHARGE SUMMARY OF INPATIENT DEPARTMENT, DISCHARGE SUMMARY OF DAY CARE DEPARTMENT, CHARTS OF CHEMOTHERAPY REGIMEN, TRANFUSION SLIPS",No,--
MO,Medical Oncology,MO027F,"Paclitaxel
Paclitaxel 175 mg/m2 D1 every 21 days",12200,"CBC, RFT, LFT, CECT Thorax, abdomen and Pelvis, histopathology","BAR CODE OF THE DRUGS, REPORTS OF THE TESTS (PATHOLOGY, RADIOLOGY, MICROBIOLOGY, HEMATOLOGY, BIOCHEMISTRY,ETC.) DISCHARGE SUMMARY OF INPATIENT DEPARTMENT, DISCHARGE SUMMARY OF DAY CARE DEPARTMENT, CHARTS OF CHEMOTHERAPY REGIMEN, TRANFUSION SLIPS",No,--
MO,Medical Oncology,MO027G,"Paclitaxel + Carboplatin
Paclitaxel 80 mg/m2 D1
Carboplatin AUC 2 D1 every week",7900,"CBC, RFT, LFT, CECT Thorax, abdomen and Pelvis, histopathology","BAR CODE OF THE DRUGS, REPORTS OF THE TESTS (PATHOLOGY, RADIOLOGY, MICROBIOLOGY, HEMATOLOGY, BIOCHEMISTRY,ETC.) DISCHARGE SUMMARY OF INPATIENT DEPARTMENT, DISCHARGE SUMMARY OF DAY CARE DEPARTMENT, CHARTS OF CHEMOTHERAPY REGIMEN, TRANFUSION SLIPS",No,--
MO,Medical Oncology,MO028A,"Docetaxel
Docetaxel 60 mg/m2 D1 every 14 days",11700,"CBC, RFT, LFT, PSA, ECG, CECTThorax, abdomen and Pelvis,bone scan,histopathology","BAR CODE OF THE DRUGS, REPORTS OF THE TESTS (PATHOLOGY, RADIOLOGY, MICROBIOLOGY, HEMATOLOGY, BIOCHEMISTRY,ETC.) DISCHARGE SUMMARY OF INPATIENT DEPARTMENT, DISCHARGE SUMMARY OF DAY CARE DEPARTMENT, CHARTS OF CHEMOTHERAPY REGIMEN, TRANFUSION SLIPS",No,--
MO,Medical Oncology,MO028B,"Docetaxel
Docetaxel 75 mg/m2 D1 every 21 days",14100,"CBC, RFT, LFT, PSA, ECG, CECTThorax, abdomen and Pelvis,bone scan,histopathology","BAR CODE OF THE DRUGS, REPORTS OF THE TESTS (PATHOLOGY, RADIOLOGY, MICROBIOLOGY, HEMATOLOGY, BIOCHEMISTRY,ETC.) DISCHARGE SUMMARY OF INPATIENT DEPARTMENT, DISCHARGE SUMMARY OF DAY CARE DEPARTMENT, CHARTS OF CHEMOTHERAPY REGIMEN, TRANFUSION SLIPS",No,--
MO,Medical Oncology,MO028C,"Etoposide + Carboplatin
Etoposide 100mg/m2 D1 - D3
Carboplatin AUC 5-6 D1 every 21 days",7100,"CBC, RFT, LFT, PSA, ECG, CECTThorax, abdomen and Pelvis,bone scan,histopathology","BAR CODE OF THE DRUGS, REPORTS OF THE TESTS (PATHOLOGY, RADIOLOGY, MICROBIOLOGY, HEMATOLOGY, BIOCHEMISTRY,ETC.) DISCHARGE SUMMARY OF INPATIENT DEPARTMENT, DISCHARGE SUMMARY OF DAY CARE DEPARTMENT, CHARTS OF CHEMOTHERAPY REGIMEN, TRANFUSION SLIPS",No,--
MO,Medical Oncology,MO028D,"LHRH Agonist
Leuprolide 22.5 ug every 3 months",15300,"CBC, RFT, LFT, PSA, ECG, CECTThorax, abdomen and Pelvis,bone scan,histopathology","BAR CODE OF THE DRUGS, REPORTS OF THE TESTS (PATHOLOGY, RADIOLOGY, MICROBIOLOGY, HEMATOLOGY, BIOCHEMISTRY,ETC.) DISCHARGE SUMMARY OF INPATIENT DEPARTMENT, DISCHARGE SUMMARY OF DAY CARE DEPARTMENT, CHARTS OF CHEMOTHERAPY REGIMEN, TRANFUSION SLIPS",No,--
MO,Medical Oncology,MO028E,"Mitoxantrone + Prednisolone
Mitoxantrone 12mg/m2 every 3 weeks
Prednsiolone 10 mg daily",4200,"CBC, RFT, LFT, PSA, ECG, CECTThorax, abdomen and Pelvis,bone scan,histopathology","BAR CODE OF THE DRUGS, REPORTS OF THE TESTS (PATHOLOGY, RADIOLOGY, MICROBIOLOGY, HEMATOLOGY, BIOCHEMISTRY,ETC.) DISCHARGE SUMMARY OF INPATIENT DEPARTMENT, DISCHARGE SUMMARY OF DAY CARE DEPARTMENT, CHARTS OF CHEMOTHERAPY REGIMEN, TRANFUSION SLIPS",No,--
MO,Medical Oncology,MO028F,"Paclitaxel + Carboplatin
Paclitaxel 80mg/m2 D1
Carboplatin AUC 2 D1 every week",7700,"CBC, RFT, LFT, PSA, ECG, CECTThorax, abdomen and Pelvis,bone scan,histopathology","BAR CODE OF THE DRUGS, REPORTS OF THE TESTS (PATHOLOGY, RADIOLOGY, MICROBIOLOGY, HEMATOLOGY, BIOCHEMISTRY,ETC.) DISCHARGE SUMMARY OF INPATIENT DEPARTMENT, DISCHARGE SUMMARY OF DAY CARE DEPARTMENT, CHARTS OF CHEMOTHERAPY REGIMEN, TRANFUSION SLIPS",No,--
MO,Medical Oncology,MO028G,"Paclitaxel + Carboplatin
Paclitaxel 175mg/m2 D1
Carboplatin AUC 5-6 D1 every 21 days",15100,"CBC, RFT, LFT, PSA, ECG, CECTThorax, abdomen and Pelvis,bone scan,histopathology","BAR CODE OF THE DRUGS, REPORTS OF THE TESTS (PATHOLOGY, RADIOLOGY, MICROBIOLOGY, HEMATOLOGY, BIOCHEMISTRY,ETC.) DISCHARGE SUMMARY OF INPATIENT DEPARTMENT, DISCHARGE SUMMARY OF DAY CARE DEPARTMENT, CHARTS OF CHEMOTHERAPY REGIMEN, TRANFUSION SLIPS",No,--
MO,Medical Oncology,MO028H,"Docetaxel
Docetaxel 20mg/m2 D1 every week",14700,"CBC, RFT, LFT, PSA, ECG, CECTThorax, abdomen and Pelvis,bone scan,histopathology","BAR CODE OF THE DRUGS, REPORTS OF THE TESTS (PATHOLOGY, RADIOLOGY, MICROBIOLOGY, HEMATOLOGY, BIOCHEMISTRY,ETC.) DISCHARGE SUMMARY OF INPATIENT DEPARTMENT, DISCHARGE SUMMARY OF DAY CARE DEPARTMENT, CHARTS OF CHEMOTHERAPY REGIMEN, TRANFUSION SLIPS",No,--
MO,Medical Oncology,MO029A,"Rituximab + Cyclophosphamide + Etoposide + Prednsiolone
Rituximab 375mg/m2
Cyclophosphamide 750 mg/m2
Vincristine 1.4 mg/m2, on Day1
Etoposide 65mg/m2 Day 1 to 3
Prednisolone 100 mg Day 1-5
Total 6 cycles, repeat 21 days",26200,"CBC,Biochemistry,PET CT or CECT Chest abdomen and pelvis, Bone marrow studies, Biopsy or fluid flow/PB cytometry,ECG,2D-ECHO","BAR CODE OF THE DRUGS, REPORTS OF THE TESTS (PATHOLOGY, RADIOLOGY, MICROBIOLOGY, HEMATOLOGY, BIOCHEMISTRY,ETC.) DISCHARGE SUMMARY OF INPATIENT DEPARTMENT, DISCHARGE SUMMARY OF DAY CARE DEPARTMENT, CHARTS OF CHEMOTHERAPY REGIMEN, TRANFUSION SLIPS",No,--
MO,Medical Oncology,MO029B,"Rituximab + Cyclophosphamide + Doxorubicin + Prednsiolone
Rituximab 375mg/m2
Cyclophosphamide 750 mg/m2
Doxorubicin 50mg/m2
Vincristine 1.4 mg/m2 on Day1
Prednisolone 100 mg Day 1-5
Total 6 cycles, repeat 21 days",27000,"CBC,Biochemistry,PET CT or CECT Chest abdomen and pelvis, Bone marrow studies, Biopsy or fluid flow cytometry,ECG,2D-ECHO","BAR CODE OF THE DRUGS, REPORTS OF THE TESTS (PATHOLOGY, RADIOLOGY, MICROBIOLOGY, HEMATOLOGY, BIOCHEMISTRY,ETC.) DISCHARGE SUMMARY OF INPATIENT DEPARTMENT, DISCHARGE SUMMARY OF DAY CARE DEPARTMENT, CHARTS OF CHEMOTHERAPY REGIMEN, TRANFUSION SLIPS",No,--
MO,Medical Oncology,MO030A,"Rituxmab + Dexamethasone + High Dose Cytarabine + Cisplatin
Rituximab 375mg/m2 Day 1
Cytarabine 2g/m2 BD on day 2
Dexamethasone 40 mg Day 1 - 4
Cisplatin 75mg/m2 or 
Carboplatin AUC-5 on day 1
Cycle to be repeated every 21days",34900,"CBC,Biochemistry,PET CT or CECT Chest abdomen and pelvis, Bone marrow studies, Biopsy or fluid flow cytometry. ","BAR CODE OF THE DRUGS, REPORTS OF THE TESTS (PATHOLOGY, RADIOLOGY, MICROBIOLOGY, HEMATOLOGY, BIOCHEMISTRY,ETC.) DISCHARGE SUMMARY OF INPATIENT DEPARTMENT, DISCHARGE SUMMARY OF DAY CARE DEPARTMENT, CHARTS OF CHEMOTHERAPY REGIMEN, TRANFUSION SLIPS",No,--
MO,Medical Oncology,MO031A,"GDP - R
Rituximab 375mg/m2 Day 1
Gemcitabine 1000mg/m2 on day 1 and 8
Dexamethasone 40 mg Day 1 - 4
Cisplatin 75mg/m2 on day 1
Cycle to be repeated every 21days
Total- 6 cycles",35300,"CBC,Biochemistry,PET CT or CECT Chest abdomen and pelvis, Bone marrow studies, Biopsy or fluid flow cytometry,","BAR CODE OF THE DRUGS, REPORTS OF THE TESTS (PATHOLOGY, RADIOLOGY, MICROBIOLOGY, HEMATOLOGY, BIOCHEMISTRY,ETC.) DISCHARGE SUMMARY OF INPATIENT DEPARTMENT, DISCHARGE SUMMARY OF DAY CARE DEPARTMENT, CHARTS OF CHEMOTHERAPY REGIMEN, TRANFUSION SLIPS",No,--
MO,Medical Oncology,MO031B,"ICE - R
Rituximab 375mg/m2
Ifosfamide 1.66g/m2 on day 1 - 3
Mesna 1.66g/m2 day 1 - 3
Carboplatin AUC 5 on day 1
Etoposide 100mg/m2 on day 1 - 3
Cycle every 21days for 6 cycles",31900,"CBC,Biochemistry,PET CT or CECT Chest abdomen and pelvis, Bone marrow studies, Biopsy or fluid flow cytometry","BAR CODE OF THE DRUGS, REPORTS OF THE TESTS (PATHOLOGY, RADIOLOGY, MICROBIOLOGY, HEMATOLOGY, BIOCHEMISTRY,ETC.) DISCHARGE SUMMARY OF INPATIENT DEPARTMENT, DISCHARGE SUMMARY OF DAY CARE DEPARTMENT, CHARTS OF CHEMOTHERAPY REGIMEN, TRANFUSION SLIPS",No,--
MO,Medical Oncology,MO032A,"Etoposide + Prednsiolone + Vincristine + Cyclophosphamide + Doxorubicin
Rituximab 375mg/m2 Day 1
Etoposide 50mg/m2
VCR 0.4mg/m2
Doxorubicin 10mg/m2 Day1 - 4
Cyclophosphamide 750mg/m2 on day 5 Prednisolone 100 mg day 1-5
Every 21 days
Dose adjustment each cycle depending on nadir counts
Total- 6 cycles",31700,"CBC,Biochemistry,PET CT or CECT Chest abdomen and pelvis, Bone marrow studies, Biopsy or fluid flow cytometry,ECG,2D-ECHO","BAR CODE OF THE DRUGS, REPORTS OF THE TESTS (PATHOLOGY, RADIOLOGY, MICROBIOLOGY, HEMATOLOGY, BIOCHEMISTRY,ETC.) DISCHARGE SUMMARY OF INPATIENT DEPARTMENT, DISCHARGE SUMMARY OF DAY CARE DEPARTMENT, CHARTS OF CHEMOTHERAPY REGIMEN, TRANFUSION SLIPS",No,--
MO,Medical Oncology,MO033A,Codox - M - IVAC / GMALL / BFM / Hyper CVAD,34500,"CBC,Biochemistry,PET CT or CECT Chest abdomen and pelvis, Bone marrow studies, Biopsy or fluid flow cytometry,ECG,2D-ECHO","BAR CODE OF THE DRUGS, REPORTS OF THE TESTS (PATHOLOGY, RADIOLOGY, MICROBIOLOGY, HEMATOLOGY, BIOCHEMISTRY,ETC.) DISCHARGE SUMMARY OF INPATIENT DEPARTMENT, DISCHARGE SUMMARY OF DAY CARE DEPARTMENT, CHARTS OF CHEMOTHERAPY REGIMEN, TRANFUSION SLIPS",No,--
MO,Medical Oncology,MO034A,"Bendamustine + Rituximab
Bendamustine 90mg/m2 on day 1, 2
Rituximab 375mg/m2 on day 1
Repeat every 28 days, Total 6 cycles",30700,"CBC,Biochemistry,PET CT or CECT Chest abdomen and pelvis, Bone marrow studies, Biopsy or fluid flow cytometry. ","BAR CODE OF THE DRUGS, REPORTS OF THE TESTS (PATHOLOGY, RADIOLOGY, MICROBIOLOGY, HEMATOLOGY, BIOCHEMISTRY,ETC.) DISCHARGE SUMMARY OF INPATIENT DEPARTMENT, DISCHARGE SUMMARY OF DAY CARE DEPARTMENT, CHARTS OF CHEMOTHERAPY REGIMEN, TRANFUSION SLIPS",No,--
MO,Medical Oncology,MO034B,"Lenalidomide + Rituximab
Rituximab 375mg/m2 Day 1
Lenlidomide 25 mg D1-28, for 8 cycles",27500,"CBC,Biochemistry,PET CT or CECT Chest abdomen and pelvis, Bone marrow studies, Biopsy or fluid flow cytometry. ","BAR CODE OF THE DRUGS, REPORTS OF THE TESTS (PATHOLOGY, RADIOLOGY, MICROBIOLOGY, HEMATOLOGY, BIOCHEMISTRY,ETC.) DISCHARGE SUMMARY OF INPATIENT DEPARTMENT, DISCHARGE SUMMARY OF DAY CARE DEPARTMENT, CHARTS OF CHEMOTHERAPY REGIMEN, TRANFUSION SLIPS",No,--
MO,Medical Oncology,MO035A,"Rituximab
Rituximab 375mg/m2 per week for 6 weeks",24800,"CBC,Biochemistry,CECT Chest abdomen and pelvis, Bone marrow studies, Biopsy or fluid flow cytometry. ","BAR CODE OF THE DRUGS, REPORTS OF THE TESTS (PATHOLOGY, RADIOLOGY, MICROBIOLOGY, HEMATOLOGY, BIOCHEMISTRY,ETC.) DISCHARGE SUMMARY OF INPATIENT DEPARTMENT, DISCHARGE SUMMARY OF DAY CARE DEPARTMENT, CHARTS OF CHEMOTHERAPY REGIMEN, TRANFUSION SLIPS",No,--
MO,Medical Oncology,MO035B,"Rituximab + Cyclophosphamide + Vincristine + Prednisolone
Rituximab 375 mg/m2
Cyclophosphamide 750mg/m2
Vincristine 1.4mg/m2 Day 1
Prednisolone 100 mg Day 1 - 5
Repeat every 21days. Total 6 cycles",25800,"CBC,Biochemistry,USG abdmen and Pelvis CECT Chest abdomen and pelvis, Bone marrow studies, Biopsy or fluid flow cytometry. ","BAR CODE OF THE DRUGS, REPORTS OF THE TESTS (PATHOLOGY, RADIOLOGY, MICROBIOLOGY, HEMATOLOGY, BIOCHEMISTRY,ETC.) DISCHARGE SUMMARY OF INPATIENT DEPARTMENT, DISCHARGE SUMMARY OF DAY CARE DEPARTMENT, CHARTS OF CHEMOTHERAPY REGIMEN, TRANFUSION SLIPS",No,--
MO,Medical Oncology,MO036A,"Fludarabine + Cyclophosphamide
Fludarabine 25mg/m2 D1-3
Cyclophosphamide 250 mg/m2 D1-3 every 28 days for 6 cycles",18100,"CBC,Biochemistry,Chest X ay and USG abdomen/pelvis or CECT Chest abdomen and pelvis, Bone marrow studies, Biopsy or fluid flow cytometry. ","BAR CODE OF THE DRUGS, REPORTS OF THE TESTS (PATHOLOGY, RADIOLOGY, MICROBIOLOGY, HEMATOLOGY, BIOCHEMISTRY,ETC.) DISCHARGE SUMMARY OF INPATIENT DEPARTMENT, DISCHARGE SUMMARY OF DAY CARE DEPARTMENT, CHARTS OF CHEMOTHERAPY REGIMEN, TRANFUSION SLIPS",No,--
MO,Medical Oncology,MO036B,"Rituxmab + Chlorambucil
Rituximab 375mg/m2 Day 1
Chlorambucil 10 mg/m2 D1-7
Repeat every 28 days for 12 cycles",24900,"CBC,Biochemistry,Chest X ay and USG abdomen/pelvis or CECT Chest abdomen and pelvis, Bone marrow studies, Biopsy or fluid flow cytometry. ","BAR CODE OF THE DRUGS, REPORTS OF THE TESTS (PATHOLOGY, RADIOLOGY, MICROBIOLOGY, HEMATOLOGY, BIOCHEMISTRY,ETC.) DISCHARGE SUMMARY OF INPATIENT DEPARTMENT, DISCHARGE SUMMARY OF DAY CARE DEPARTMENT, CHARTS OF CHEMOTHERAPY REGIMEN, TRANFUSION SLIPS",No,--
MO,Medical Oncology,MO036C,"Rituximab + Fludarabine + Cyclophosphamide
Rituximab 375mg/m2 on day 1
Fludarabine 25mg/m2 D1 - 3
Cyclophosphamide 250 mg/m2 D1 - 3
Every 28 days for 6 cycles",40700,"CBC,Biochemistry,Chest X ay and USG abdomen/pelvis or CECT Chest abdomen and pelvis, Bone marrow studies, Biopsy or fluid flow cytometry. ","BAR CODE OF THE DRUGS, REPORTS OF THE TESTS (PATHOLOGY, RADIOLOGY, MICROBIOLOGY, HEMATOLOGY, BIOCHEMISTRY,ETC.) DISCHARGE SUMMARY OF INPATIENT DEPARTMENT, DISCHARGE SUMMARY OF DAY CARE DEPARTMENT, CHARTS OF CHEMOTHERAPY REGIMEN, TRANFUSION SLIPS",No,--
MO,Medical Oncology,MO036D,"Lenalidomide
lenalidomide-10-25 mg/day day 1 to 21 every 28 days",4800,"CBC,Biochemistry,Chest X ay and USG abdomen/pelvis or CECT Chest abdomen and pelvis, Bone marrow studies, Biopsy or fluid flow cytometry. ","BAR CODE OF THE DRUGS, REPORTS OF THE TESTS (PATHOLOGY, RADIOLOGY, MICROBIOLOGY, HEMATOLOGY, BIOCHEMISTRY,ETC.) DISCHARGE SUMMARY OF INPATIENT DEPARTMENT, DISCHARGE SUMMARY OF DAY CARE DEPARTMENT, CHARTS OF CHEMOTHERAPY REGIMEN, TRANFUSION SLIPS",No,--
MO,Medical Oncology,MO037A,"CHOEP
Cyclophosphamide 750mg/m2 D1
Vincristine 1.4mg/m2 D1
Adriamycin 50 mg/m2 D1
Etoposide 100mg/m2 D1-3
Prednisolone 100 mg D1-5
Every 21days. Total 6 cycles",5000,"CBC,Biochemistry,LDH,PET CECT or CECT chest abdomen and pelvis, Bone marrow studies, Biopsy ","BAR CODE OF THE DRUGS, REPORTS OF THE TESTS (PATHOLOGY, RADIOLOGY, MICROBIOLOGY, HEMATOLOGY, BIOCHEMISTRY,ETC.) DISCHARGE SUMMARY OF INPATIENT DEPARTMENT, DISCHARGE SUMMARY OF DAY CARE DEPARTMENT, CHARTS OF CHEMOTHERAPY REGIMEN, TRANFUSION SLIPS",No,--
MO,Medical Oncology,MO037B,"CHOP
Cyclophosphamide 750mg/m2 D1
Vincristine 1.4mg/m2 D1
Adriamycin 50 mg/m2 D1
Prednisolone 100 mg D1-5
Every 21days. Total 6 cycles",4000,"CBC,Biochemistry,LDH,PET CECT or CECT chest abdomen and pelvis, Bone marrow studies, Biopsy ","BAR CODE OF THE DRUGS, REPORTS OF THE TESTS (PATHOLOGY, RADIOLOGY, MICROBIOLOGY, HEMATOLOGY, BIOCHEMISTRY,ETC.) DISCHARGE SUMMARY OF INPATIENT DEPARTMENT, DISCHARGE SUMMARY OF DAY CARE DEPARTMENT, CHARTS OF CHEMOTHERAPY REGIMEN, TRANFUSION SLIPS",No,--
MO,Medical Oncology,MO037C,"SMILE
Methotrexate 2gm/m2 D1
Ifosfamide 1500mg/m2 D2-4
Etoposide 100mg/m2 D2-4
L-asparginase 6000U/m2 D8,10,12,14,16,18,20
Dexamethasone 40mg D1-4 every 28 days",19300,"CBC,Biochemistry,LDH,PET CECT or CECT chest abdomen and pelvis, Bone marrow studies, Biopsy ","BAR CODE OF THE DRUGS, REPORTS OF THE TESTS (PATHOLOGY, RADIOLOGY, MICROBIOLOGY, HEMATOLOGY, BIOCHEMISTRY,ETC.) DISCHARGE SUMMARY OF INPATIENT DEPARTMENT, DISCHARGE SUMMARY OF DAY CARE DEPARTMENT, CHARTS OF CHEMOTHERAPY REGIMEN, TRANFUSION SLIPS",No,--
MO,Medical Oncology,MO038A,"GELOX
Gemcitabine 1000mg/m2 D1 and D8
Oxaliplatin 130mg/m2 D1
L- asparginase 6000 U/m2 D1-7
Repeat every 21 days ",18900,"CBC,Biochemistry,LDH,PET CECT or CECT chest abdomen and pelvis, Bone marrow studies, Biopsy ","BAR CODE OF THE DRUGS, REPORTS OF THE TESTS (PATHOLOGY, RADIOLOGY, MICROBIOLOGY, HEMATOLOGY, BIOCHEMISTRY,ETC.) DISCHARGE SUMMARY OF INPATIENT DEPARTMENT, DISCHARGE SUMMARY OF DAY CARE DEPARTMENT, CHARTS OF CHEMOTHERAPY REGIMEN, TRANFUSION SLIPS",No,--
MO,Medical Oncology,MO038B,"LVP
L-asparginase 6000U/m2 D1-5
Vincristine 1.4mg/m2 D1
Prednisolone 100mg D1-5
Repeat every 21 days",7600,"CBC,Biochemistry,LDH,PET CECT or CECT chest abdomen and pelvis, Bone marrow studies, Biopsy ","BAR CODE OF THE DRUGS, REPORTS OF THE TESTS (PATHOLOGY, RADIOLOGY, MICROBIOLOGY, HEMATOLOGY, BIOCHEMISTRY,ETC.) DISCHARGE SUMMARY OF INPATIENT DEPARTMENT, DISCHARGE SUMMARY OF DAY CARE DEPARTMENT, CHARTS OF CHEMOTHERAPY REGIMEN, TRANFUSION SLIPS",No,--
MO,Medical Oncology,MO039A,"COPP
Cyclophosphamide 650mg/m2 D1, 8
Vincristine 1.4mg/m2 D1, 8
Procarbazine 100 mg/m2 D1-14
Prednisolone 40mg/m2 D1-14
Every 28days. Total 6 - 8 cycles",3600,"CBC,Biochemistry,PET CT or CECT Chest abdomen and pelvis, Bone marrow studies, node Biopsy.","BAR CODE OF THE DRUGS, REPORTS OF THE TESTS (PATHOLOGY, RADIOLOGY, MICROBIOLOGY, HEMATOLOGY, BIOCHEMISTRY,ETC.) DISCHARGE SUMMARY OF INPATIENT DEPARTMENT, DISCHARGE SUMMARY OF DAY CARE DEPARTMENT, CHARTS OF CHEMOTHERAPY REGIMEN, TRANFUSION SLIPS",No,--
MO,Medical Oncology,MO039B,"ABVD
Adriamycin 25mg/m2
Bleomycin 10unit/m2
Vinblastine 6mg/m2
Dacarbazine 375 mg/m2 Day 1,15
Every 28 days for 6 cycles",10200,"CBC,Biochemistry,PET CT or CECT Chest abdomen and pelvis, Bone marrow studies, node Biopsy.","BAR CODE OF THE DRUGS, REPORTS OF THE TESTS (PATHOLOGY, RADIOLOGY, MICROBIOLOGY, HEMATOLOGY, BIOCHEMISTRY,ETC.) DISCHARGE SUMMARY OF INPATIENT DEPARTMENT, DISCHARGE SUMMARY OF DAY CARE DEPARTMENT, CHARTS OF CHEMOTHERAPY REGIMEN, TRANFUSION SLIPS",No,--
MO,Medical Oncology,MO039C,"AEVD
Adriamycin 25mg/m2
Vinblastine 6mg/m2
Dacarbazine 375 mg/m2 Day 1,15
Etoposide 65mg/m2 Day 1-3, 15-17
Every 28 days for 6 cycles",10200,"CBC,Biochemistry,PET CT or CECT Chest abdomen and pelvis, Bone marrow studies, node Biopsy.","BAR CODE OF THE DRUGS, REPORTS OF THE TESTS (PATHOLOGY, RADIOLOGY, MICROBIOLOGY, HEMATOLOGY, BIOCHEMISTRY,ETC.) DISCHARGE SUMMARY OF INPATIENT DEPARTMENT, DISCHARGE SUMMARY OF DAY CARE DEPARTMENT, CHARTS OF CHEMOTHERAPY REGIMEN, TRANFUSION SLIPS",No,--
MO,Medical Oncology,MO040A,"ICE
Ifosfamide 1.5 mg/m2 D1-3
Carboplatin AUC5 D2
Etoposide 100mg/m2 D1-3
Every 3 weeks",9700,"CBC,Biochemistry,LDH,PET CECT or CECT chest abdomen and pelvis, Bone marrow studies, Biopsy ","BAR CODE OF THE DRUGS, REPORTS OF THE TESTS (PATHOLOGY, RADIOLOGY, MICROBIOLOGY, HEMATOLOGY, BIOCHEMISTRY,ETC.) DISCHARGE SUMMARY OF INPATIENT DEPARTMENT, DISCHARGE SUMMARY OF DAY CARE DEPARTMENT, CHARTS OF CHEMOTHERAPY REGIMEN, TRANFUSION SLIPS",No,--
MO,Medical Oncology,MO040B,"MINE
Ifosfamide 4 gm/m2 over 3days (D1-3)
Mitoxantrone 8mg/m2
Etoposide 65mg/m2 D1-3
Every 3 weeks",9700,"CBC,Biochemistry,LDH,PET CECT or CECT chest abdomen and pelvis, Bone marrow studies, Biopsy ","BAR CODE OF THE DRUGS, REPORTS OF THE TESTS (PATHOLOGY, RADIOLOGY, MICROBIOLOGY, HEMATOLOGY, BIOCHEMISTRY,ETC.) DISCHARGE SUMMARY OF INPATIENT DEPARTMENT, DISCHARGE SUMMARY OF DAY CARE DEPARTMENT, CHARTS OF CHEMOTHERAPY REGIMEN, TRANFUSION SLIPS",No,--
MO,Medical Oncology,MO040C,"PTCL - GDP
Gemcitabine 1000mg/m2 D1 and D8
Dexamethasone 40mg D1-4
Cisplatin 75mg/m2 D1 or
Cacrboplatin AUC-5
Every 3 weeks",12500,"CBC,Biochemistry,PET CT or CECT Chest abdomen and pelvis, Bone marrow studies, node Biopsy.","BAR CODE OF THE DRUGS, REPORTS OF THE TESTS (PATHOLOGY, RADIOLOGY, MICROBIOLOGY, HEMATOLOGY, BIOCHEMISTRY,ETC.) DISCHARGE SUMMARY OF INPATIENT DEPARTMENT, DISCHARGE SUMMARY OF DAY CARE DEPARTMENT, CHARTS OF CHEMOTHERAPY REGIMEN, TRANFUSION SLIPS",No,--
MO,Medical Oncology,MO041A,"DHAP
Dexamethasone 40mg D1-4
Cisplatin 100mg/m2 or 
Carboplatin AUC-5D1
Cytarabine 2 gm/m2 BD D2
Repeat every 21 days",11500,"CBC,Biochemistry,PET CT or CECT Chest abdomen and pelvis, Bone marrow studies, node Biopsy.","BAR CODE OF THE DRUGS, REPORTS OF THE TESTS (PATHOLOGY, RADIOLOGY, MICROBIOLOGY, HEMATOLOGY, BIOCHEMISTRY,ETC.) DISCHARGE SUMMARY OF INPATIENT DEPARTMENT, DISCHARGE SUMMARY OF DAY CARE DEPARTMENT, CHARTS OF CHEMOTHERAPY REGIMEN, TRANFUSION SLIPS",No,--
MO,Medical Oncology,MO042A,"Lenalidomide + Dexamethasone
Lenalidomide 25 mg daily Day1-21
Dexamethasone 40mg Day 1, 8, 15, 22
Every 28days",6000,"CBC, Biochemistry, Serum protein electrophoresis, Immunofixation, Serum free light chain assay, Bone marrow studies, Skeletal survey, Urine BJP","BAR CODE OF THE DRUGS, REPORTS OF THE TESTS (PATHOLOGY, RADIOLOGY, MICROBIOLOGY, HEMATOLOGY, BIOCHEMISTRY,ETC.) DISCHARGE SUMMARY OF INPATIENT DEPARTMENT, DISCHARGE SUMMARY OF DAY CARE DEPARTMENT, CHARTS OF CHEMOTHERAPY REGIMEN, TRANFUSION SLIPS",No,--
MO,Medical Oncology,MO042B,"Pomalidomide + Dexamethasone
Pomalidomide 4 mg daily Day 1-21
Dexamethasone 40mg Day 1, 8, 15, 22
Every 28 days ",6800,"CBC, Biochemistry, Serum protein electrophoresis, Immunofixation, Serum free light chain assay, Bone marrow studies, Skeletal survey, Urine BJP","BAR CODE OF THE DRUGS, REPORTS OF THE TESTS (PATHOLOGY, RADIOLOGY, MICROBIOLOGY, HEMATOLOGY, BIOCHEMISTRY,ETC.) DISCHARGE SUMMARY OF INPATIENT DEPARTMENT, DISCHARGE SUMMARY OF DAY CARE DEPARTMENT, CHARTS OF CHEMOTHERAPY REGIMEN, TRANFUSION SLIPS",No,--
MO,Medical Oncology,MO043A,"Cyclophosphamide + Thalidomide + Dexamethasone
Cyclophosphamide 100mg D1-D14
Thalidomide 100-200 mg daily Day 1-28
Dexamethasone 40mg Day 1, 8, 15, 22
Every 28 days ",4000,"CBC, Biochemistry, Serum protein electrophoresis, Immunofixation, Serum free light chain assay, Bone marrow studies, Skeletal survey, Urine BJP","BAR CODE OF THE DRUGS, REPORTS OF THE TESTS (PATHOLOGY, RADIOLOGY, MICROBIOLOGY, HEMATOLOGY, BIOCHEMISTRY,ETC.) DISCHARGE SUMMARY OF INPATIENT DEPARTMENT, DISCHARGE SUMMARY OF DAY CARE DEPARTMENT, CHARTS OF CHEMOTHERAPY REGIMEN, TRANFUSION SLIPS",No,--
MO,Medical Oncology,MO043B,"Melphalan + Thalidomide + Prednisolone
Melphalan 9mg/m2 D1-D4
Thalidomide 100mg D1-28
Prednisolone 100mg Day1-4
Every 28days ",4100,"CBC, Biochemistry, Serum protein electrophoresis, Immunofixation, Serum free light chain assay, Bone marrow studies, Skeletal survey, Urine BJP","BAR CODE OF THE DRUGS, REPORTS OF THE TESTS (PATHOLOGY, RADIOLOGY, MICROBIOLOGY, HEMATOLOGY, BIOCHEMISTRY,ETC.) DISCHARGE SUMMARY OF INPATIENT DEPARTMENT, DISCHARGE SUMMARY OF DAY CARE DEPARTMENT, CHARTS OF CHEMOTHERAPY REGIMEN, TRANFUSION SLIPS",No,--
MO,Medical Oncology,MO043C,"Bortezomib + Cyclophosphamide + Dexamethasone
Cyclophosphamide - 300 mg/m2 day 1, 8, 15, 22
Dexamethasone 40mg Day 1, 8, 15, 22
Bortezomib 1.3 mg/m2 Day1, 8, 15, 22
Every 28 days ",14600,"CBC, Biochemistry, Serum protein electrophoresis, Bone marrow studies, skeletal survey, Urine BJP.","BAR CODE OF THE DRUGS, REPORTS OF THE TESTS (PATHOLOGY, RADIOLOGY, MICROBIOLOGY, HEMATOLOGY, BIOCHEMISTRY,ETC.) DISCHARGE SUMMARY OF INPATIENT DEPARTMENT, DISCHARGE SUMMARY OF DAY CARE DEPARTMENT, CHARTS OF CHEMOTHERAPY REGIMEN, TRANFUSION SLIPS",No,--
MO,Medical Oncology,MO043D,"Bortezomib + Dexamethasone
Bortezomib 1.3 mg/m2 Day1, 8, 15, 22
Dexamethasone 40mg Day1, 8, 15, 22
Every 28 day",13300,"CBC, Biochemistry, Serum protein electrophoresis, Immunofixation, Serum free light chain assay, Bone marrow studies, Skeletal survey, Urine BJP","BAR CODE OF THE DRUGS, REPORTS OF THE TESTS (PATHOLOGY, RADIOLOGY, MICROBIOLOGY, HEMATOLOGY, BIOCHEMISTRY,ETC.) DISCHARGE SUMMARY OF INPATIENT DEPARTMENT, DISCHARGE SUMMARY OF DAY CARE DEPARTMENT, CHARTS OF CHEMOTHERAPY REGIMEN, TRANFUSION SLIPS",No,--
MO,Medical Oncology,MO043E,"Bortezomib + Melphalan + Prednsiolone
Melphalan 9mg/m2 D1-D4
Prednisolone 100mg Day 1-4
Bortezomib 1.3 mg/m2 Day 1, 8, 15, 22
Every 28 days",12600,"CBC, Biochemistry, Serum protein electrophoresis, Immunofixation, Serum free light chain assay, Bone marrow studies, Skeletal survey, Urine BJP","BAR CODE OF THE DRUGS, REPORTS OF THE TESTS (PATHOLOGY, RADIOLOGY, MICROBIOLOGY, HEMATOLOGY, BIOCHEMISTRY,ETC.) DISCHARGE SUMMARY OF INPATIENT DEPARTMENT, DISCHARGE SUMMARY OF DAY CARE DEPARTMENT, CHARTS OF CHEMOTHERAPY REGIMEN, TRANFUSION SLIPS",No,--
MO,Medical Oncology,MO043F,"Bortezomib + Lenalidomide + Dexamethasone
Lenalidomide 25 mg daily Day 1 - 21
Dexamethasone 40mg Day 1, 8, 15, 22
Bortezomib 1.3 mg/m2 Day 1, 8, 15, 22
Every 28 days",17800,"CBC, Biochemistry, Serum protein electrophoresis, Immunofixation, Serum free light chain assay, Bone marrow studies, Skeletal survey, Urine BJP","BAR CODE OF THE DRUGS, REPORTS OF THE TESTS (PATHOLOGY, RADIOLOGY, MICROBIOLOGY, HEMATOLOGY, BIOCHEMISTRY,ETC.) DISCHARGE SUMMARY OF INPATIENT DEPARTMENT, DISCHARGE SUMMARY OF DAY CARE DEPARTMENT, CHARTS OF CHEMOTHERAPY REGIMEN, TRANFUSION SLIPS",No,--
MO,Medical Oncology,MO043G,"Bortezomib + Thalidomide + Dexamethasone
Thalidomide 100 mg daily Day 1 - 28 Dexamethasone 40 mg Day 1, 8, 15, 22
Bortezomib 1.3 mg/m2 Day 1, 8, 15, 22
Every 28 days ",15000,"CBC, Biochemistry, Serum protein electrophoresis, Immunofixation, Serum free light chain assay, Bone marrow studies, Skeletal survey, Urine BJP","BAR CODE OF THE DRUGS, REPORTS OF THE TESTS (PATHOLOGY, RADIOLOGY, MICROBIOLOGY, HEMATOLOGY, BIOCHEMISTRY,ETC.) DISCHARGE SUMMARY OF INPATIENT DEPARTMENT, DISCHARGE SUMMARY OF DAY CARE DEPARTMENT, CHARTS OF CHEMOTHERAPY REGIMEN, TRANFUSION SLIPS",No,--
MO,Medical Oncology,MO044A,"Imatinib
Imatinib 400 mg, 600 mg, 800 mg
(per month X 5 years)",19400,"CBC,RFT,LFT,MDC,BONE MARROW, BIOPSY,CYTOGENETICS, RQ PCR BCR ABL","BAR CODE OF THE DRUGS, REPORTS OF THE TESTS (PATHOLOGY, RADIOLOGY, MICROBIOLOGY, HEMATOLOGY, BIOCHEMISTRY,ETC.) DISCHARGE SUMMARY OF INPATIENT DEPARTMENT, DISCHARGE SUMMARY OF DAY CARE DEPARTMENT, CHARTS OF CHEMOTHERAPY REGIMEN, TRANFUSION SLIPS",No,--
MO,Medical Oncology,MO045A,"Hydroxurea
Hydroxurea daily
(Dose will be based on blood counts)",2200,"CBC,RFT,LFT,MDC,BONE MARROW ,CYTOGENETICS","BAR CODE OF THE DRUGS, REPORTS OF THE TESTS (PATHOLOGY, RADIOLOGY, MICROBIOLOGY, HEMATOLOGY, BIOCHEMISTRY,ETC.) DISCHARGE SUMMARY OF INPATIENT DEPARTMENT, DISCHARGE SUMMARY OF DAY CARE DEPARTMENT, CHARTS OF CHEMOTHERAPY REGIMEN, TRANFUSION SLIPS",No,--
MO,Medical Oncology,MO046A,"Cytarabine 2 gm / M2 BD for 3 days
Every 21 days for 3 cycles ",60000,"CBC, LFT,RFT, RBS, Bone marrow aspiration, flow cytometry or Peripheral blood flow cytometry, cytogenetics, Molecular","BAR CODE OF THE DRUGS, REPORTS OF THE TESTS (PATHOLOGY, RADIOLOGY, MICROBIOLOGY, HEMATOLOGY, BIOCHEMISTRY,ETC.) DISCHARGE SUMMARY OF INPATIENT DEPARTMENT, DISCHARGE SUMMARY OF DAY CARE DEPARTMENT, CHARTS OF CHEMOTHERAPY REGIMEN, TRANFUSION SLIPS",No,--
MO,Medical Oncology,MO046B,"Cytarabine 100 mg / M2 7 days
Daunomycin 60 mg / M2 3 days",96000,"CBC, LFT,RFT, RBS, Bone marrow aspiration, flow cytometry or Peripheral blood flow cytometry, cytogenetics, Molecular","BAR CODE OF THE DRUGS, REPORTS OF THE TESTS (PATHOLOGY, RADIOLOGY, MICROBIOLOGY, HEMATOLOGY, BIOCHEMISTRY,ETC.) DISCHARGE SUMMARY OF INPATIENT DEPARTMENT, DISCHARGE SUMMARY OF DAY CARE DEPARTMENT, CHARTS OF CHEMOTHERAPY REGIMEN, TRANFUSION SLIPS",No,--
MO,Medical Oncology,MO047A,"BFM-90
BFM-95
BFM-2000
HyperCVAD
UKALL
GMALL ",160000,CBC BIOCHEM,"BAR CODE OF THE DRUGS, REPORTS OF THE TESTS (PATHOLOGY, RADIOLOGY, MICROBIOLOGY, HEMATOLOGY, BIOCHEMISTRY,ETC.) DISCHARGE SUMMARY OF INPATIENT DEPARTMENT, DISCHARGE SUMMARY OF DAY CARE DEPARTMENT, CHARTS OF CHEMOTHERAPY REGIMEN, TRANFUSION SLIPS",No,--
MO,Medical Oncology,MO047B,"BFM-90
BFM-95
BFM-2000
HyperCVAD
UKALL
GMALL",80000,"CBC,MDC,HIV,HBSAG,HCV,2D ECHO,NCCT CHEST,BONE MARROW  or Peripheral bloodFLOW  CYTOMETRY,CYTOGENETICS,Molecular,BIOPSY, PET-CT or CECT chest abdomen and Pelvis(if LBL)","BAR CODE OF THE DRUGS, REPORTS OF THE TESTS (PATHOLOGY, RADIOLOGY, MICROBIOLOGY, HEMATOLOGY, BIOCHEMISTRY,ETC.) DISCHARGE SUMMARY OF INPATIENT DEPARTMENT, DISCHARGE SUMMARY OF DAY CARE DEPARTMENT, CHARTS OF CHEMOTHERAPY REGIMEN, TRANFUSION SLIPS",No,--
MO,Medical Oncology,MO047C,"6 Mercaptopurine 50 mg / M2 daily
Methotrexate 25 mg / M2 Weekly for 2 years",4000,"CBC,MDC,HIV,HBSAG,HCV,BIOCHEM,CSF CYTOMORPHOLOGY,FLOW CYTOMETRY,BONE MARROW FLOW  CYTOMETRY,CYTOGENETICS,NGS,BIOPSY","BAR CODE OF THE DRUGS, REPORTS OF THE TESTS (PATHOLOGY, RADIOLOGY, MICROBIOLOGY, HEMATOLOGY, BIOCHEMISTRY,ETC.) DISCHARGE SUMMARY OF INPATIENT DEPARTMENT, DISCHARGE SUMMARY OF DAY CARE DEPARTMENT, CHARTS OF CHEMOTHERAPY REGIMEN, TRANFUSION SLIPS",No,--
MO,Medical Oncology,MO048A,"BFM-90
BFM-95
BFM-2000
HyperCVAD
UKALL
GMALL ",160000,CBC BIOCHEM,"BAR CODE OF THE DRUGS, REPORTS OF THE TESTS (PATHOLOGY, RADIOLOGY, MICROBIOLOGY, HEMATOLOGY, BIOCHEMISTRY,ETC.) DISCHARGE SUMMARY OF INPATIENT DEPARTMENT, DISCHARGE SUMMARY OF DAY CARE DEPARTMENT, CHARTS OF CHEMOTHERAPY REGIMEN, TRANFUSION SLIPS",No,--
MO,Medical Oncology,MO048B,"BFM-90
BFM-95
BFM-2000
HyperCVAD
UKALL
GMALL",80000,"CBC,MDC,HIV,HBSAG,HCV,2D ECHO,NCCT CHEST,BONE MARROW  or Peripheral bloodFLOW  CYTOMETRY,CYTOGENETICS,Molecular,BIOPSY, PET-CT or CECT chest abdomen and Pelvis(if LBL)","BAR CODE OF THE DRUGS, REPORTS OF THE TESTS (PATHOLOGY, RADIOLOGY, MICROBIOLOGY, HEMATOLOGY, BIOCHEMISTRY,ETC.) DISCHARGE SUMMARY OF INPATIENT DEPARTMENT, DISCHARGE SUMMARY OF DAY CARE DEPARTMENT, CHARTS OF CHEMOTHERAPY REGIMEN, TRANFUSION SLIPS",No,--
MO,Medical Oncology,MO048C,"6 Mercaptopurine 50 mg/M2 daily and 
Methotrexate 25 mg/M2 Weekly for 2 Years",4000,"CBC,MDC,HIV,HBSAG,HCV,BIOCHEM,CSF CYTOMORPHOLOGY,FLOW CYTOMETRY,BONE MARROW FLOW  CYTOMETRY,CYTOGENETICS,NGS,BIOPSY","BAR CODE OF THE DRUGS, REPORTS OF THE TESTS (PATHOLOGY, RADIOLOGY, MICROBIOLOGY, HEMATOLOGY, BIOCHEMISTRY,ETC.) DISCHARGE SUMMARY OF INPATIENT DEPARTMENT, DISCHARGE SUMMARY OF DAY CARE DEPARTMENT, CHARTS OF CHEMOTHERAPY REGIMEN, TRANFUSION SLIPS",No,--
MO,Medical Oncology,MO049A,"Arsenic trioxide
ATRA
Daunomycin or Idarubcin
Cytarabine - multiagent - vary in each protocol",32000,CBC BIOCHEM  ECG BONEMARROW  RQPCR PML RARA,"BAR CODE OF THE DRUGS, REPORTS OF THE TESTS (PATHOLOGY, RADIOLOGY, MICROBIOLOGY, HEMATOLOGY, BIOCHEMISTRY,ETC.) DISCHARGE SUMMARY OF INPATIENT DEPARTMENT, DISCHARGE SUMMARY OF DAY CARE DEPARTMENT, CHARTS OF CHEMOTHERAPY REGIMEN, TRANFUSION SLIPS",No,--
MO,Medical Oncology,MO049B,"Arsenic trioxide
ATRA
Daunomycin or Idarubcin
Cytarabine - multiagent - vary on protocol",96000,"CBC,MDC,HIV,HBSAG,HCV,BIOCHEM,PT,APTT,FIBRINOGEN,2D ECHO,NCCT CHEST,BONE MARROW FLOW  CYTOMETRY,CYTOGENETICS,RQPCR PML RARA,BIOPSY","BAR CODE OF THE DRUGS, REPORTS OF THE TESTS (PATHOLOGY, RADIOLOGY, MICROBIOLOGY, HEMATOLOGY, BIOCHEMISTRY,ETC.) DISCHARGE SUMMARY OF INPATIENT DEPARTMENT, DISCHARGE SUMMARY OF DAY CARE DEPARTMENT, CHARTS OF CHEMOTHERAPY REGIMEN, TRANFUSION SLIPS",No,--
MO,Medical Oncology,MO049C,"6 MP 50 mg / day daily
Methotrexate 15 mg Weekly
ATRA 45 mg / M2 for 14 days 
Every three months for 18 Months",8000,"CBC,MDC,HIV,HBSAG,HCV,BIOCHEM,PT,APTT,FIBRINOGEN,2D ECHO,NCCT CHEST,BONE MARROW FLOW  CYTOMETRY,CYTOGENETICS,RQPCR PML RARA,BIOPSY","BAR CODE OF THE DRUGS, REPORTS OF THE TESTS (PATHOLOGY, RADIOLOGY, MICROBIOLOGY, HEMATOLOGY, BIOCHEMISTRY,ETC.) DISCHARGE SUMMARY OF INPATIENT DEPARTMENT, DISCHARGE SUMMARY OF DAY CARE DEPARTMENT, CHARTS OF CHEMOTHERAPY REGIMEN, TRANFUSION SLIPS",No,--
MO,Medical Oncology,MO050A,"ATO 0.15 mg / kg Five days a week for 16 Weeks
ATRA 45 mg / M2 Two Weeks a Month for 7 Months",12000,CBC LFT,"BAR CODE OF THE DRUGS, REPORTS OF THE TESTS (PATHOLOGY, RADIOLOGY, MICROBIOLOGY, HEMATOLOGY, BIOCHEMISTRY,ETC.) DISCHARGE SUMMARY OF INPATIENT DEPARTMENT, DISCHARGE SUMMARY OF DAY CARE DEPARTMENT, CHARTS OF CHEMOTHERAPY REGIMEN, TRANFUSION SLIPS",No,--
MO,Medical Oncology,MO050B,"ATO 0.15 mg / kg
ATRA 45 mg / M2 ",80000,CBC BIOCHEM,"BAR CODE OF THE DRUGS, REPORTS OF THE TESTS (PATHOLOGY, RADIOLOGY, MICROBIOLOGY, HEMATOLOGY, BIOCHEMISTRY,ETC.) DISCHARGE SUMMARY OF INPATIENT DEPARTMENT, DISCHARGE SUMMARY OF DAY CARE DEPARTMENT, CHARTS OF CHEMOTHERAPY REGIMEN, TRANFUSION SLIPS",No,--
MO,Medical Oncology,MO051A,"Cefoperazone + Sulbactum
Piperalicillin + Tazobactum
Cefoperazone
Piperacillin
Amikacin
Gentamicin
Cefipime
Levofloxacin
Amoxycillin and clavulanate
Teicoplanin
Vancomycin",28000,"CBC, BIOCHEM, ECG, BONE MARROW,  RQ PCR, PML RARA","BAR CODE OF THE DRUGS, REPORTS OF THE TESTS (PATHOLOGY, RADIOLOGY, MICROBIOLOGY, HEMATOLOGY, BIOCHEMISTRY,ETC.) DISCHARGE SUMMARY OF INPATIENT DEPARTMENT, DISCHARGE SUMMARY OF DAY CARE DEPARTMENT, CHARTS OF CHEMOTHERAPY REGIMEN, TRANFUSION SLIPS",No,--
MO,Medical Oncology,MO051B,"Meropenem
Imipenem
Colistin
Tigecyclin
Linezolid
Voriconazole
Caspfungin
Amphotericin - B",60000,"CBC, LFT, RQ PCR, PML RARA","BAR CODE OF THE DRUGS, REPORTS OF THE TESTS (PATHOLOGY, RADIOLOGY, MICROBIOLOGY, HEMATOLOGY, BIOCHEMISTRY,ETC.) DISCHARGE SUMMARY OF INPATIENT DEPARTMENT, DISCHARGE SUMMARY OF DAY CARE DEPARTMENT, CHARTS OF CHEMOTHERAPY REGIMEN, TRANFUSION SLIPS",No,--
MO,Medical Oncology,MO052A,"Rasburicase
Febuxostat
Allopurinol
Sevelamer",24000,"CBC, LFT, Serum Electrolytes, Blood Phosphate levels, Uric Acid, BUN","BAR CODE OF THE DRUGS, REPORTS OF THE TESTS (PATHOLOGY, RADIOLOGY, MICROBIOLOGY, HEMATOLOGY, BIOCHEMISTRY,ETC.) DISCHARGE SUMMARY OF INPATIENT DEPARTMENT, DISCHARGE SUMMARY OF DAY CARE DEPARTMENT, CHARTS OF CHEMOTHERAPY REGIMEN, TRANFUSION SLIPS",No,--
MO,Medical Oncology,MO053A,"5 microgram / kg / day
(max 300 microgram per day) for 7 days or
PEG - GCSF 6mg one single dose per chemotherapy cycle",12800,"CBC, Bone marrow, RFT, LFT","BAR CODE OF THE DRUGS, REPORTS OF THE TESTS (PATHOLOGY, RADIOLOGY, MICROBIOLOGY, HEMATOLOGY, BIOCHEMISTRY,ETC.) DISCHARGE SUMMARY OF INPATIENT DEPARTMENT, DISCHARGE SUMMARY OF DAY CARE DEPARTMENT, CHARTS OF CHEMOTHERAPY REGIMEN, TRANFUSION SLIPS",No,--
MO,Medical Oncology,MO054A,"Langerhans Cell Histiocytosis
(Histiocytosis Protocol - Induction)",22400,"CBC,RFT,LFT,MDC,BONE MARROW, BIOPSY, SKELETAL SURVEY OR PET CECT","BAR CODE OF THE DRUGS, REPORTS OF THE TESTS (PATHOLOGY, RADIOLOGY, MICROBIOLOGY, HEMATOLOGY, BIOCHEMISTRY,ETC.) DISCHARGE SUMMARY OF INPATIENT DEPARTMENT, DISCHARGE SUMMARY OF DAY CARE DEPARTMENT, CHARTS OF CHEMOTHERAPY REGIMEN, TRANFUSION SLIPS",No,--
MO,Medical Oncology,MO054B,"Langerhans Cell Histiocytosis
(Histiocytosis Protocol - Maintenance)",17000,"CBC,RFT,LFT,MDC,BONE MARROW, SKELETAL SURVEY OR PET CECT","BAR CODE OF THE DRUGS, REPORTS OF THE TESTS (PATHOLOGY, RADIOLOGY, MICROBIOLOGY, HEMATOLOGY, BIOCHEMISTRY,ETC.) DISCHARGE SUMMARY OF INPATIENT DEPARTMENT, DISCHARGE SUMMARY OF DAY CARE DEPARTMENT, CHARTS OF CHEMOTHERAPY REGIMEN, TRANFUSION SLIPS",No,--
MO,Medical Oncology,MO055A,"Vincristine + Carboplatin
Vincristine 1.5mg/m2 (day 1, 8 and 15 for first 4 cycles and then only day 1 from cycle 5 to 17)
Carboplatin 550mg/m2 every 3 weeks (all cycles)",5600,"CBC, Biochemistry, MRI, Biopsy","BAR CODE OF THE DRUGS, REPORTS OF THE TESTS (PATHOLOGY, RADIOLOGY, MICROBIOLOGY, HEMATOLOGY, BIOCHEMISTRY,ETC.) DISCHARGE SUMMARY OF INPATIENT DEPARTMENT, DISCHARGE SUMMARY OF DAY CARE DEPARTMENT, CHARTS OF CHEMOTHERAPY REGIMEN, TRANFUSION SLIPS",No,--
MO,Medical Oncology,MO055B,"Vinblastin
Vinblastine 6 mg/m2 every week",1900,"CBC, Biochemistry, MRI, Biopsy","BAR CODE OF THE DRUGS, REPORTS OF THE TESTS (PATHOLOGY, RADIOLOGY, MICROBIOLOGY, HEMATOLOGY, BIOCHEMISTRY,ETC.) DISCHARGE SUMMARY OF INPATIENT DEPARTMENT, DISCHARGE SUMMARY OF DAY CARE DEPARTMENT, CHARTS OF CHEMOTHERAPY REGIMEN, TRANFUSION SLIPS",No,--
MO,Medical Oncology,MO056A,PACKER,4900,"CBC, Biochemistry, MRI (BRAIN AND SPINE), Biopsy, CSF CYTOLOGY, ","BAR CODE OF THE DRUGS, REPORTS OF THE TESTS (PATHOLOGY, RADIOLOGY, MICROBIOLOGY, HEMATOLOGY, BIOCHEMISTRY,ETC.) DISCHARGE SUMMARY OF INPATIENT DEPARTMENT, DISCHARGE SUMMARY OF DAY CARE DEPARTMENT, CHARTS OF CHEMOTHERAPY REGIMEN, TRANFUSION SLIPS",No,--
MO,Medical Oncology,MO056B,"Cisplatin + Cyclophosphamide + Vincristine
Cyclophosphamide 1000mg/m2 (2 days every cycles)
Vincristine 1.5mg/m2 (days 1 and 8)
Cisplatin 100mg/m2 (1 day per cycle)
Cycles given every 3 weekly",8300,"CBC, Biochemistry, MRI (BRAIN AND SPINE), Biopsy, CSF CYTOLOGY, ","BAR CODE OF THE DRUGS, REPORTS OF THE TESTS (PATHOLOGY, RADIOLOGY, MICROBIOLOGY, HEMATOLOGY, BIOCHEMISTRY,ETC.) DISCHARGE SUMMARY OF INPATIENT DEPARTMENT, DISCHARGE SUMMARY OF DAY CARE DEPARTMENT, CHARTS OF CHEMOTHERAPY REGIMEN, TRANFUSION SLIPS",No,--
MO,Medical Oncology,MO057A,"Cabroplatin + Etoposide + Cyclophosphamide + Doxorubicin
Carboplatin 600mg/m2
Etoposide 100mg/m2 (days 1-5)
Cyclophosphamide
Doxorubicin",7900,"CBC, Biochemistry, CECT/MRI, BONE MARROW STUDIES, MIBG OR BONE OR PET CT SCAN, BIOPSY, FISH ","BAR CODE OF THE DRUGS, REPORTS OF THE TESTS (PATHOLOGY, RADIOLOGY, MICROBIOLOGY, HEMATOLOGY, BIOCHEMISTRY,ETC.) DISCHARGE SUMMARY OF INPATIENT DEPARTMENT, DISCHARGE SUMMARY OF DAY CARE DEPARTMENT, CHARTS OF CHEMOTHERAPY REGIMEN, TRANFUSION SLIPS",No,--
MO,Medical Oncology,MO057B,Carboplatin + Cisplatin + Cyclophosphamide + Vincristine + Etoposide,6800,"CBC, Biochemistry, CECT/MRI, BONE MARROW STUDIES, MIBG OR BONE OR PET CT SCAN, BIOPSY, FISH ","BAR CODE OF THE DRUGS, REPORTS OF THE TESTS (PATHOLOGY, RADIOLOGY, MICROBIOLOGY, HEMATOLOGY, BIOCHEMISTRY,ETC.) DISCHARGE SUMMARY OF INPATIENT DEPARTMENT, DISCHARGE SUMMARY OF DAY CARE DEPARTMENT, CHARTS OF CHEMOTHERAPY REGIMEN, TRANFUSION SLIPS",No,--
MO,Medical Oncology,MO057C,"13-cis retinoic acid 160mg/m2 per day for 2 weeks
Each cycle given 4 weekly",2000,"CBC, Biochemistry","BAR CODE OF THE DRUGS, REPORTS OF THE TESTS (PATHOLOGY, RADIOLOGY, MICROBIOLOGY, HEMATOLOGY, BIOCHEMISTRY,ETC.) DISCHARGE SUMMARY OF INPATIENT DEPARTMENT, DISCHARGE SUMMARY OF DAY CARE DEPARTMENT, CHARTS OF CHEMOTHERAPY REGIMEN, TRANFUSION SLIPS",No,--
MO,Medical Oncology,MO058A,"Vincristine + Carboplatin + Etoposide
Carboplatin 600mg/m2 day 1
Etoposide 150mg/m2 days 1-3 Vincristine1.5mg/m2 day 1",7100,"CBC, Biochemistry, MRI/CT (BRAIN AND ORBITS), ULTRASONOGRAPHY, BONE MARROW AND CSF STUDIES","BAR CODE OF THE DRUGS, REPORTS OF THE TESTS (PATHOLOGY, RADIOLOGY, MICROBIOLOGY, HEMATOLOGY, BIOCHEMISTRY,ETC.) DISCHARGE SUMMARY OF INPATIENT DEPARTMENT, DISCHARGE SUMMARY OF DAY CARE DEPARTMENT, CHARTS OF CHEMOTHERAPY REGIMEN, TRANFUSION SLIPS",No,--
MO,Medical Oncology,MO059A,"Vincristine + Cyclophosphamide + Dactinomycin
Vincristine 1.5mg/m2 (day 1, 8 and 15)
Cyclophosphamie 1200 - 2200 mg/m2 (day 1)
Dactinomycin 1.5mg / m2 (day 1)
3 weekly cycle",4800,"CBC, Biochemistry, MRI OR CECT, BONE MARROW STUDIES, BONE SCAN OR PET CT, Biopsy","BAR CODE OF THE DRUGS, REPORTS OF THE TESTS (PATHOLOGY, RADIOLOGY, MICROBIOLOGY, HEMATOLOGY, BIOCHEMISTRY,ETC.) DISCHARGE SUMMARY OF INPATIENT DEPARTMENT, DISCHARGE SUMMARY OF DAY CARE DEPARTMENT, CHARTS OF CHEMOTHERAPY REGIMEN, TRANFUSION SLIPS",No,--
MO,Medical Oncology,MO059B,"Vincristine + Ifosfamide + Etoposide
Vincristine 1.5mg/m2 (days 1, 8 and 15)
Ifosfamide 1.8gm/m2 (days 1-5)
Etoposide 100mg/m2 (days 1-5)
Each cycle every 3 weeks",16200,"CBC, Biochemistry, MRI OR CECT, BONE MARROW STUDIES, BONE SCAN OR PET CT, Biopsy","BAR CODE OF THE DRUGS, REPORTS OF THE TESTS (PATHOLOGY, RADIOLOGY, MICROBIOLOGY, HEMATOLOGY, BIOCHEMISTRY,ETC.) DISCHARGE SUMMARY OF INPATIENT DEPARTMENT, DISCHARGE SUMMARY OF DAY CARE DEPARTMENT, CHARTS OF CHEMOTHERAPY REGIMEN, TRANFUSION SLIPS",No,--
MO,Medical Oncology,MO060A,"Vincristine + Topotecan + Cyclophosphamide and
Vincristine + Adriamycin + Cyclophosphamide
Vincristine 1.5mg/m2 (day 1)
Topotecan 1.5mg/m2 (day 1-5)
Cyclophosphamide 250mg/m2 (days 1-5)
3 - weekly
Vincristine 1.5mg/m2
Adriamyicn 60mg/m2
Cyclophosphamide 600mg/m2 (all Day 1)
Every 3 weeks. Cycles given in couplets",12200,"CBC, Biochemistry, MRI OR CECT, BONE MARROW STUDIES, BONE SCAN OR PET CT, Biopsy, 2D ECHO","BAR CODE OF THE DRUGS, REPORTS OF THE TESTS (PATHOLOGY, RADIOLOGY, MICROBIOLOGY, HEMATOLOGY, BIOCHEMISTRY,ETC.) DISCHARGE SUMMARY OF INPATIENT DEPARTMENT, DISCHARGE SUMMARY OF DAY CARE DEPARTMENT, CHARTS OF CHEMOTHERAPY REGIMEN, TRANFUSION SLIPS",No,--
MO,Medical Oncology,MO061A,"Vincristine + Actinomycin D
Vincristine 1.5 mg/m2 weekly for 12 weeks and then 3 weekly
Actinomycin D 45 microgram / kg 3 weekly for 24 weeks",3000,"CBC, Biochemistry, CT CHEST ABDOMEN, ULTRASONOGRAPHY, BIOPSY","BAR CODE OF THE DRUGS, REPORTS OF THE TESTS (PATHOLOGY, RADIOLOGY, MICROBIOLOGY, HEMATOLOGY, BIOCHEMISTRY,ETC.) DISCHARGE SUMMARY OF INPATIENT DEPARTMENT, DISCHARGE SUMMARY OF DAY CARE DEPARTMENT, CHARTS OF CHEMOTHERAPY REGIMEN, TRANFUSION SLIPS",No,--
MO,Medical Oncology,MO061B,"Vincristine + Actinomycin D + Doxorubicin
Vincristine 1.5 mg/m2 weekly for 12 weeks and then 3 weekly
Actinomycin D 45 microgram/kg 3 weekly
Doxorubicin 60mg/m2 for 24 weeks",4200,"CBC, Biochemistry, CT CHEST ABDOMEN, ULTRASONOGRAPHY, BIOPSY, 2D ECHO","BAR CODE OF THE DRUGS, REPORTS OF THE TESTS (PATHOLOGY, RADIOLOGY, MICROBIOLOGY, HEMATOLOGY, BIOCHEMISTRY,ETC.) DISCHARGE SUMMARY OF INPATIENT DEPARTMENT, DISCHARGE SUMMARY OF DAY CARE DEPARTMENT, CHARTS OF CHEMOTHERAPY REGIMEN, TRANFUSION SLIPS",No,--
MO,Medical Oncology,MO061C,"Cyclophosphamide + Doxorubicin + Etoposide + Vincristine + Dactinomycin
Vincristine 1.5 mg/m2
Dactinomycin 45 microgram/kg
Adriamyicn 60mg/m2
Cyclophosphamide
Etoposide
Weekly chemotherapy - varying hybrid regimen",12300,"CBC, Biochemistry, CT CHEST ABDOMEN, ULTRASONOGRAPHY, BIOPSY, 2D ECHO","BAR CODE OF THE DRUGS, REPORTS OF THE TESTS (PATHOLOGY, RADIOLOGY, MICROBIOLOGY, HEMATOLOGY, BIOCHEMISTRY,ETC.) DISCHARGE SUMMARY OF INPATIENT DEPARTMENT, DISCHARGE SUMMARY OF DAY CARE DEPARTMENT, CHARTS OF CHEMOTHERAPY REGIMEN, TRANFUSION SLIPS",No,--
MO,Medical Oncology,MO062A,"Consolidation 
(Phase II, CNS Therapy Reinduction)",208600,CBC BIOCHEM,"BAR CODE OF THE DRUGS, REPORTS OF THE TESTS (PATHOLOGY, RADIOLOGY, MICROBIOLOGY, HEMATOLOGY, BIOCHEMISTRY,ETC.) DISCHARGE SUMMARY OF INPATIENT DEPARTMENT, DISCHARGE SUMMARY OF DAY CARE DEPARTMENT, CHARTS OF CHEMOTHERAPY REGIMEN",No,--
MO,Medical Oncology,MO062B,"ICICLE
BFM
KLALL
MCP:841",72000,"CBC,MDC,HIV,HBSAG,HCV,2D ECHO,NCCT CHEST,BONE MARROW  or Peripheral bloodFLOW  CYTOMETRY,CYTOGENETICS,Molecular,BIOPSY, PET-CT or CECT chest abdomen and Pelvis(if LBL)","BAR CODE OF THE DRUGS, REPORTS OF THE TESTS (PATHOLOGY, RADIOLOGY, MICROBIOLOGY, HEMATOLOGY, BIOCHEMISTRY,ETC.) DISCHARGE SUMMARY OF INPATIENT DEPARTMENT, DISCHARGE SUMMARY OF DAY CARE DEPARTMENT, CHARTS OF CHEMOTHERAPY REGIMEN",No,--
MO,Medical Oncology,MO062C,"6 - Mercaptopurine 75mg/m2 daily
Methotrexate 20mg/m2 weekly
Vincristine 1.5mg/m2 monthly
Intrathecal methotrexate 12 mg 3 monthly ",2500,"CBC,MDC,HIV,HBSAG,HCV,BIOCHEM,CSF CYTOMORPHOLOGY,FLOW CYTOMETRY,BONE MARROW FLOW  CYTOMETRY,CYTOGENETICS,NGS,BIOPSY","BAR CODE OF THE DRUGS, REPORTS OF THE TESTS (PATHOLOGY, RADIOLOGY, MICROBIOLOGY, HEMATOLOGY, BIOCHEMISTRY,ETC.) DISCHARGE SUMMARY OF INPATIENT DEPARTMENT, DISCHARGE SUMMARY OF DAY CARE DEPARTMENT, CHARTS OF CHEMOTHERAPY REGIMEN",No,--
MO,Medical Oncology,MO063A,"Consolidation 
(Phase II, CNS Therapy Reinduction)",208600,CBC BIOCHEM,"BAR CODE OF THE DRUGS, REPORTS OF THE TESTS (PATHOLOGY, RADIOLOGY, MICROBIOLOGY, HEMATOLOGY, BIOCHEMISTRY,ETC.) DISCHARGE SUMMARY OF INPATIENT DEPARTMENT, DISCHARGE SUMMARY OF DAY CARE DEPARTMENT, CHARTS OF CHEMOTHERAPY REGIMEN",No,--
MO,Medical Oncology,MO063B,"ICICLE
BFM
KLALL
MCP:841",72000,"CBC,MDC,HIV,HBSAG,HCV,2D ECHO,NCCT CHEST,BONE MARROW  or Peripheral bloodFLOW  CYTOMETRY,CYTOGENETICS,Molecular,BIOPSY, PET-CT or CECT chest abdomen and Pelvis(if LBL)","BAR CODE OF THE DRUGS, REPORTS OF THE TESTS (PATHOLOGY, RADIOLOGY, MICROBIOLOGY, HEMATOLOGY, BIOCHEMISTRY,ETC.) DISCHARGE SUMMARY OF INPATIENT DEPARTMENT, DISCHARGE SUMMARY OF DAY CARE DEPARTMENT, CHARTS OF CHEMOTHERAPY REGIMEN",No,--
MO,Medical Oncology,MO063C,"6 - Mercaptopurine 75mg/m2 daily
Methotrexate 20mg/m2 weekly
Vincristine 1.5mg/m2 monthly
Intrathecal methotrexate 12 mg 3 monthly ",2500,"CBC,MDC,HIV,HBSAG,HCV,BIOCHEM,CSF CYTOMORPHOLOGY,FLOW CYTOMETRY,BONE MARROW FLOW  CYTOMETRY,CYTOGENETICS,NGS,BIOPSY","BAR CODE OF THE DRUGS, REPORTS OF THE TESTS (PATHOLOGY, RADIOLOGY, MICROBIOLOGY, HEMATOLOGY, BIOCHEMISTRY,ETC.) DISCHARGE SUMMARY OF INPATIENT DEPARTMENT, DISCHARGE SUMMARY OF DAY CARE DEPARTMENT, CHARTS OF CHEMOTHERAPY REGIMEN",No,--
MO,Medical Oncology,MO064A,"Cytrabine 3 gram/m2 twice a day
Days 1, 3 and 5",57600,"CBC, LFT,RFT, RBS, Bone marrow aspiration, flow cytometry or Peripheral blood flow cytometry, cytogenetics, Molecular","BAR CODE OF THE DRUGS, REPORTS OF THE TESTS (PATHOLOGY, RADIOLOGY, MICROBIOLOGY, HEMATOLOGY, BIOCHEMISTRY,ETC.) DISCHARGE SUMMARY OF INPATIENT DEPARTMENT, DISCHARGE SUMMARY OF DAY CARE DEPARTMENT, CHARTS OF CHEMOTHERAPY REGIMEN",No,--
MO,Medical Oncology,MO064B,"Cytrabine 200mg/m2/day days 1-10 and 
Daunorubicin 50mg/m2 days 1, 3 and 5
Etposide 100mg/m2 days 1-5",94400,"CBC, LFT,RFT, RBS, Bone marrow aspiration, flow cytometry or Peripheral blood flow cytometry, cytogenetics, Molecular","BAR CODE OF THE DRUGS, REPORTS OF THE TESTS (PATHOLOGY, RADIOLOGY, MICROBIOLOGY, HEMATOLOGY, BIOCHEMISTRY,ETC.) DISCHARGE SUMMARY OF INPATIENT DEPARTMENT, DISCHARGE SUMMARY OF DAY CARE DEPARTMENT, CHARTS OF CHEMOTHERAPY REGIMEN",No,--
MO,Medical Oncology,MO064C,"Cytrabine 100-200mg/m2/day days 1-7 and Daunorubicin 50mg/m2 days 1, 3 and 5",92800,"CBC, LFT,RFT, RBS, Bone marrow aspiration, flow cytometry or Peripheral blood flow cytometry, cytogenetics, Molecular","BAR CODE OF THE DRUGS, REPORTS OF THE TESTS (PATHOLOGY, RADIOLOGY, MICROBIOLOGY, HEMATOLOGY, BIOCHEMISTRY,ETC.) DISCHARGE SUMMARY OF INPATIENT DEPARTMENT, DISCHARGE SUMMARY OF DAY CARE DEPARTMENT, CHARTS OF CHEMOTHERAPY REGIMEN",No,--
MO,Medical Oncology,MO065A,Consolidation,36800,CBC BIOCHEM  ECG BONEMARROW  RQPCR PML RARA,"BAR CODE OF THE DRUGS, REPORTS OF THE TESTS (PATHOLOGY, RADIOLOGY, MICROBIOLOGY, HEMATOLOGY, BIOCHEMISTRY,ETC.) DISCHARGE SUMMARY OF INPATIENT DEPARTMENT, DISCHARGE SUMMARY OF DAY CARE DEPARTMENT, CHARTS OF CHEMOTHERAPY REGIMEN, TRANFUSION SLIPS",No,--
MO,Medical Oncology,MO065B,Induction,97600,CBC BIOCHEM,"BAR CODE OF THE DRUGS, REPORTS OF THE TESTS (PATHOLOGY, RADIOLOGY, MICROBIOLOGY, HEMATOLOGY, BIOCHEMISTRY,ETC.) DISCHARGE SUMMARY OF INPATIENT DEPARTMENT, DISCHARGE SUMMARY OF DAY CARE DEPARTMENT, CHARTS OF CHEMOTHERAPY REGIMEN",No,--
MO,Medical Oncology,MO065C,Maintenance,39300,"CBC,MDC,HIV,HBSAG,HCV,BIOCHEM,PT,APTT,FIBRINOGEN,2D ECHO,NCCT CHEST,BONE MARROW FLOW  CYTOMETRY,CYTOGENETICS,RQPCR PML RARA,BIOPSY","BAR CODE OF THE DRUGS, REPORTS OF THE TESTS (PATHOLOGY, RADIOLOGY, MICROBIOLOGY, HEMATOLOGY, BIOCHEMISTRY,ETC.) DISCHARGE SUMMARY OF INPATIENT DEPARTMENT, DISCHARGE SUMMARY OF DAY CARE DEPARTMENT, CHARTS OF CHEMOTHERAPY REGIMEN, TRANFUSION SLIPS",No,--
MO,Medical Oncology,MO066A,COPDAC,7800,"CBC,Biochemistry,PET CT or CECT Chest abdomen and pelvis, Bone marrow studies, node Biopsy.","BAR CODE OF THE DRUGS, REPORTS OF THE TESTS (PATHOLOGY, RADIOLOGY, MICROBIOLOGY, HEMATOLOGY, BIOCHEMISTRY,ETC.) DISCHARGE SUMMARY OF INPATIENT DEPARTMENT, DISCHARGE SUMMARY OF DAY CARE DEPARTMENT, CHARTS OF CHEMOTHERAPY REGIMEN",No,--
MO,Medical Oncology,MO066B,OPEA,13000,"CBC,Biochemistry,PET CT or CECT Chest abdomen and pelvis, Bone marrow studies, node Biopsy.","BAR CODE OF THE DRUGS, REPORTS OF THE TESTS (PATHOLOGY, RADIOLOGY, MICROBIOLOGY, HEMATOLOGY, BIOCHEMISTRY,ETC.) DISCHARGE SUMMARY OF INPATIENT DEPARTMENT, DISCHARGE SUMMARY OF DAY CARE DEPARTMENT, CHARTS OF CHEMOTHERAPY REGIMEN",No,--
MO,Medical Oncology,MO067A,ICE,21500,"CBC,Biochemistry,PET CT or CECT Chest abdomen and pelvis, Bone marrow studies, node Biopsy.","BAR CODE OF THE DRUGS, REPORTS OF THE TESTS (PATHOLOGY, RADIOLOGY, MICROBIOLOGY, HEMATOLOGY, BIOCHEMISTRY,ETC.) DISCHARGE SUMMARY OF INPATIENT DEPARTMENT, DISCHARGE SUMMARY OF DAY CARE DEPARTMENT, CHARTS OF CHEMOTHERAPY REGIMEN",No,--
MO,Medical Oncology,MO067B,DECA,17800,"CBC,Biochemistry,PET CT or CECT Chest abdomen and pelvis, Bone marrow studies, node Biopsy.","BAR CODE OF THE DRUGS, REPORTS OF THE TESTS (PATHOLOGY, RADIOLOGY, MICROBIOLOGY, HEMATOLOGY, BIOCHEMISTRY,ETC.) DISCHARGE SUMMARY OF INPATIENT DEPARTMENT, DISCHARGE SUMMARY OF DAY CARE DEPARTMENT, CHARTS OF CHEMOTHERAPY REGIMEN",No,--
MO,Medical Oncology,MO067C,IGVD,34000,"CBC,Biochemistry,PET CT or CECT Chest abdomen and pelvis, Bone marrow studies, node Biopsy.","BAR CODE OF THE DRUGS, REPORTS OF THE TESTS (PATHOLOGY, RADIOLOGY, MICROBIOLOGY, HEMATOLOGY, BIOCHEMISTRY,ETC.) DISCHARGE SUMMARY OF INPATIENT DEPARTMENT, DISCHARGE SUMMARY OF DAY CARE DEPARTMENT, CHARTS OF CHEMOTHERAPY REGIMEN",No,--
MO,Medical Oncology,MO068A,LMB 89 - 96 - Consolidation,33500,"CBC,Biochemistry,PET CT or CECT Chest abdomen and pelvis, Bone marrow studies, Biopsy or fluid flow cytometry,ECG,2D-ECHO","BAR CODE OF THE DRUGS, REPORTS OF THE TESTS (PATHOLOGY, RADIOLOGY, MICROBIOLOGY, HEMATOLOGY, BIOCHEMISTRY,ETC.) DISCHARGE SUMMARY OF INPATIENT DEPARTMENT, DISCHARGE SUMMARY OF DAY CARE DEPARTMENT, CHARTS OF CHEMOTHERAPY REGIMEN",No,--
MO,Medical Oncology,MO068B,LMB 89 - 96 - Induction - COPADAM,33100,"CBC,Biochemistry,PET CT or CECT Chest abdomen and pelvis, Bone marrow studies, Biopsy or fluid flow cytometry,ECG,2D-ECHO","BAR CODE OF THE DRUGS, REPORTS OF THE TESTS (PATHOLOGY, RADIOLOGY, MICROBIOLOGY, HEMATOLOGY, BIOCHEMISTRY,ETC.) DISCHARGE SUMMARY OF INPATIENT DEPARTMENT, DISCHARGE SUMMARY OF DAY CARE DEPARTMENT, CHARTS OF CHEMOTHERAPY REGIMEN",No,--
MO,Medical Oncology,MO068C,LMB 89 - 96 - Maintenance,15400,"CBC,Biochemistry,PET CT or CECT Chest abdomen and pelvis, Bone marrow studies, Biopsy or fluid flow cytometry,ECG,2D-ECHO","BAR CODE OF THE DRUGS, REPORTS OF THE TESTS (PATHOLOGY, RADIOLOGY, MICROBIOLOGY, HEMATOLOGY, BIOCHEMISTRY,ETC.) DISCHARGE SUMMARY OF INPATIENT DEPARTMENT, DISCHARGE SUMMARY OF DAY CARE DEPARTMENT, CHARTS OF CHEMOTHERAPY REGIMEN",No,--
MO,Medical Oncology,MO068D,MCP - 842,13200,"CBC,Biochemistry,PET CT or CECT Chest abdomen and pelvis, Bone marrow studies, Biopsy or fluid flow cytometry,ECG,2D-ECHO","BAR CODE OF THE DRUGS, REPORTS OF THE TESTS (PATHOLOGY, RADIOLOGY, MICROBIOLOGY, HEMATOLOGY, BIOCHEMISTRY,ETC.) DISCHARGE SUMMARY OF INPATIENT DEPARTMENT, DISCHARGE SUMMARY OF DAY CARE DEPARTMENT, CHARTS OF CHEMOTHERAPY REGIMEN",No,--
MO,Medical Oncology,MO069A,Pediatric - Germ Cell Tumor / JEB,10000,"CBC, Biochemistry, TUMOR MARKERS, CECT CHEST AND ABDOMEN, Biopsy, AUDIOMETRY, GFR","BAR CODE OF THE DRUGS, REPORTS OF THE TESTS (PATHOLOGY, RADIOLOGY, MICROBIOLOGY, HEMATOLOGY, BIOCHEMISTRY,ETC.) DISCHARGE SUMMARY OF INPATIENT DEPARTMENT, DISCHARGE SUMMARY OF DAY CARE DEPARTMENT, CHARTS OF CHEMOTHERAPY REGIMEN, TRANFUSION SLIPS",No,--
MO,Medical Oncology,MO070A,Carboplatin + Cisplatin + Doxorubicin,4900,"CBC, Biochemistry, CECT CHEST AND ABDOMEN, Biopsy, ECG, 2D-ECHO, AUDIOMETRY, GFR","BAR CODE OF THE DRUGS, REPORTS OF THE TESTS (PATHOLOGY, RADIOLOGY, MICROBIOLOGY, HEMATOLOGY, BIOCHEMISTRY,ETC.) DISCHARGE SUMMARY OF INPATIENT DEPARTMENT, DISCHARGE SUMMARY OF DAY CARE DEPARTMENT, CHARTS OF CHEMOTHERAPY REGIMEN, TRANFUSION SLIPS",No,--
MO,Medical Oncology,MO070B,Cisplatin,5600,"CBC, Biochemistry, S.AFP, CECT CHEST AND ABDOMEN, Biopsy, AUDIOMETRY, GFR","BAR CODE OF THE DRUGS, REPORTS OF THE TESTS (PATHOLOGY, RADIOLOGY, MICROBIOLOGY, HEMATOLOGY, BIOCHEMISTRY,ETC.) DISCHARGE SUMMARY OF INPATIENT DEPARTMENT, DISCHARGE SUMMARY OF DAY CARE DEPARTMENT, CHARTS OF CHEMOTHERAPY REGIMEN, TRANFUSION SLIPS",No,--
MO,Medical Oncology,MO071A,"Docetaxel
Docetaxel 75 mg/m2 D1 every 21 days",16200,"CBC, LFT, RFT, RBS, CECT Thorax, abdomen and Pelvis","BAR CODE OF THE DRUGS, REPORTS OF THE TESTS (PATHOLOGY, RADIOLOGY, MICROBIOLOGY, HEMATOLOGY, BIOCHEMISTRY,ETC.) DISCHARGE SUMMARY OF INPATIENT DEPARTMENT, DISCHARGE SUMMARY OF DAY CARE DEPARTMENT, CHARTS OF CHEMOTHERAPY REGIMEN, TRANFUSION SLIPS",No,--
MO,Medical Oncology,MO071B,"Erlotinib
Erlotinib 150 mg once daily",13000,"CBC, LFT, RFT, RBS, CECT Thorax, abdomen and Pelvis, EGFR mutation positive","BAR CODE OF THE DRUGS, REPORTS OF THE TESTS (PATHOLOGY, RADIOLOGY, MICROBIOLOGY, HEMATOLOGY, BIOCHEMISTRY,ETC.) DISCHARGE SUMMARY OF INPATIENT DEPARTMENT, DISCHARGE SUMMARY OF DAY CARE DEPARTMENT, CHARTS OF CHEMOTHERAPY REGIMEN, TRANFUSION SLIPS",No,--
MO,Medical Oncology,MO071C,"Gefitnib
Gefitinib 250 mg once daily",11000,"CBC, LFT, RFT, RBS, CECT Thorax, abdomen and Pelvis, EGFR mutation positive","BAR CODE OF THE DRUGS, REPORTS OF THE TESTS (PATHOLOGY, RADIOLOGY, MICROBIOLOGY, HEMATOLOGY, BIOCHEMISTRY,ETC.) DISCHARGE SUMMARY OF INPATIENT DEPARTMENT, DISCHARGE SUMMARY OF DAY CARE DEPARTMENT, CHARTS OF CHEMOTHERAPY REGIMEN, TRANFUSION SLIPS",No,--
MO,Medical Oncology,MO071D,"Paclitaxel + Carboplatin
Paclitaxel 175mg/m2 D1
Carboplatin AUC 5-6 D1 every 21 days",15100,"CBC, LFT, RFT, RBS, CECT Thorax, abdomen and Pelvis, histopathology (non small cell carcinoma)","BAR CODE OF THE DRUGS, REPORTS OF THE TESTS (PATHOLOGY, RADIOLOGY, MICROBIOLOGY, HEMATOLOGY, BIOCHEMISTRY,ETC.) DISCHARGE SUMMARY OF INPATIENT DEPARTMENT, DISCHARGE SUMMARY OF DAY CARE DEPARTMENT, CHARTS OF CHEMOTHERAPY REGIMEN, TRANFUSION SLIPS",No,--
MO,Medical Oncology,MO071E,"Pemetrexed + Carboplatin
Pemetrexed 500mg/m2 D1
Carboplatin AUC 5-6 D1 every 21 days",10000,"CBC, LFT, RFT, RBS, CECT Thorax, abdomen and Pelvis, histopathology (non small cell - adenocarcinoma or adenosquamous carcinoma)","BAR CODE OF THE DRUGS, REPORTS OF THE TESTS (PATHOLOGY, RADIOLOGY, MICROBIOLOGY, HEMATOLOGY, BIOCHEMISTRY,ETC.) DISCHARGE SUMMARY OF INPATIENT DEPARTMENT, DISCHARGE SUMMARY OF DAY CARE DEPARTMENT, CHARTS OF CHEMOTHERAPY REGIMEN, TRANFUSION SLIPS",No,--
MO,Medical Oncology,MO071F,"Topotecan
Topotecan 1.5 mg/m2 D1-D5 every 21 days",24600,"CBC, LFT, RFT, RBS, CECT Thorax, abdomen and Pelvis,  histopathology - Small Cell Lung Carcinoma","BAR CODE OF THE DRUGS, REPORTS OF THE TESTS (PATHOLOGY, RADIOLOGY, MICROBIOLOGY, HEMATOLOGY, BIOCHEMISTRY,ETC.) DISCHARGE SUMMARY OF INPATIENT DEPARTMENT, DISCHARGE SUMMARY OF DAY CARE DEPARTMENT, CHARTS OF CHEMOTHERAPY REGIMEN, TRANFUSION SLIPS",No,--
MO,Medical Oncology,MO071G,"Docetaxel
Docetaxel 20 mg/m2 D1 every week",14600,"CBC, LFT, RFT, RBS, CECT Thorax, abdomen and Pelvis, histopathology- Non Small cell Lung cancer","BAR CODE OF THE DRUGS, REPORTS OF THE TESTS (PATHOLOGY, RADIOLOGY, MICROBIOLOGY, HEMATOLOGY, BIOCHEMISTRY,ETC.) DISCHARGE SUMMARY OF INPATIENT DEPARTMENT, DISCHARGE SUMMARY OF DAY CARE DEPARTMENT, CHARTS OF CHEMOTHERAPY REGIMEN, TRANFUSION SLIPS",No,--
MO,Medical Oncology,MO071H,"Etoposide + Carboplatin
Etoposide 100mg/m2 D1 - D3
Carboplatin AUC 5-6 D1 every 21 days",7100,"CBC, LFT, RFT, RBS, CECT Thorax, abdomen and Pelvis,  histopathology - Small Cell Lung Carcinoma","BAR CODE OF THE DRUGS, REPORTS OF THE TESTS (PATHOLOGY, RADIOLOGY, MICROBIOLOGY, HEMATOLOGY, BIOCHEMISTRY,ETC.) DISCHARGE SUMMARY OF INPATIENT DEPARTMENT, DISCHARGE SUMMARY OF DAY CARE DEPARTMENT, CHARTS OF CHEMOTHERAPY REGIMEN, TRANFUSION SLIPS",No,--
MO,Medical Oncology,MO071I,"Etoposide + Cisplatin
Etoposide 100mg/m2 D1 - D3
Cisplatin 75-100 mg/m2 D1 every 21 days",5500,"CBC, LFT, RFT, RBS, CECT Thorax, abdomen and Pelvis,  histopathology - Small Cell Lung Carcinoma","BAR CODE OF THE DRUGS, REPORTS OF THE TESTS (PATHOLOGY, RADIOLOGY, MICROBIOLOGY, HEMATOLOGY, BIOCHEMISTRY,ETC.) DISCHARGE SUMMARY OF INPATIENT DEPARTMENT, DISCHARGE SUMMARY OF DAY CARE DEPARTMENT, CHARTS OF CHEMOTHERAPY REGIMEN, TRANFUSION SLIPS",No,--
MO,Medical Oncology,MO071J,"Gemcitabine
Gemcitabine 1000mg /m2 D1 D8 every 21 days",8900,"CBC, LFT, RFT, RBS, CECT Thorax, abdomen and Pelvis, histopathology (non small cell carcinoma)","BAR CODE OF THE DRUGS, REPORTS OF THE TESTS (PATHOLOGY, RADIOLOGY, MICROBIOLOGY, HEMATOLOGY, BIOCHEMISTRY,ETC.) DISCHARGE SUMMARY OF INPATIENT DEPARTMENT, DISCHARGE SUMMARY OF DAY CARE DEPARTMENT, CHARTS OF CHEMOTHERAPY REGIMEN, TRANFUSION SLIPS",No,--
MO,Medical Oncology,MO071K,"Gemcitabine + Carboplatin
Gemcitabine 1000 mg/m2 D1 D8
Carboplatin AUC 5-6 D1 every 21 days",14300,"CBC, LFT, RFT, RBS, CECT Thorax, abdomen and Pelvis, histopathology- Non Small cell Lung cancer","BAR CODE OF THE DRUGS, REPORTS OF THE TESTS (PATHOLOGY, RADIOLOGY, MICROBIOLOGY, HEMATOLOGY, BIOCHEMISTRY,ETC.) DISCHARGE SUMMARY OF INPATIENT DEPARTMENT, DISCHARGE SUMMARY OF DAY CARE DEPARTMENT, CHARTS OF CHEMOTHERAPY REGIMEN, TRANFUSION SLIPS",No,--
MO,Medical Oncology,MO071L,"Gemcitabine + Cisplatin
Gemcitabine 1000 mg/m2 D1 D8
Cisplatin 75 mg/m2 D1 D8 every 21 days",11100,"CBC, LFT, RFT, RBS, CECT Thorax, abdomen and Pelvis, histopathology- Non Small cell Lung cancer","BAR CODE OF THE DRUGS, REPORTS OF THE TESTS (PATHOLOGY, RADIOLOGY, MICROBIOLOGY, HEMATOLOGY, BIOCHEMISTRY,ETC.) DISCHARGE SUMMARY OF INPATIENT DEPARTMENT, DISCHARGE SUMMARY OF DAY CARE DEPARTMENT, CHARTS OF CHEMOTHERAPY REGIMEN, TRANFUSION SLIPS",No,--
MO,Medical Oncology,MO071M,"Paclitaxel
Paclitaxel 80mg/m2 every week",5800,"CBC, LFT, RFT, RBS, CECT Thorax, abdomen and Pelvis, histopathology- Non Small cell Lung cancer","BAR CODE OF THE DRUGS, REPORTS OF THE TESTS (PATHOLOGY, RADIOLOGY, MICROBIOLOGY, HEMATOLOGY, BIOCHEMISTRY,ETC.) DISCHARGE SUMMARY OF INPATIENT DEPARTMENT, DISCHARGE SUMMARY OF DAY CARE DEPARTMENT, CHARTS OF CHEMOTHERAPY REGIMEN, TRANFUSION SLIPS",No,--
MO,Medical Oncology,MO071N,"Paclitaxel
Paclitaxel 175mg/m2 every 21 days",12000,"CBC, LFT, RFT, RBS, CECT Thorax, abdomen and Pelvis, histopathology- Non Small cell Lung cancer","BAR CODE OF THE DRUGS, REPORTS OF THE TESTS (PATHOLOGY, RADIOLOGY, MICROBIOLOGY, HEMATOLOGY, BIOCHEMISTRY,ETC.) DISCHARGE SUMMARY OF INPATIENT DEPARTMENT, DISCHARGE SUMMARY OF DAY CARE DEPARTMENT, CHARTS OF CHEMOTHERAPY REGIMEN, TRANFUSION SLIPS",No,--
MO,Medical Oncology,MO071O,"Paclitaxel + Carboplatin
Paclitaxel 50mg/m2 D1
Carboplatin AUC 2 D1 every week",7900,"CBC, LFT, RFT, RBS, CECT Thorax, abdomen and Pelvis, histopathology (non small cell carcinoma)","BAR CODE OF THE DRUGS, REPORTS OF THE TESTS (PATHOLOGY, RADIOLOGY, MICROBIOLOGY, HEMATOLOGY, BIOCHEMISTRY,ETC.) DISCHARGE SUMMARY OF INPATIENT DEPARTMENT, DISCHARGE SUMMARY OF DAY CARE DEPARTMENT, CHARTS OF CHEMOTHERAPY REGIMEN, TRANFUSION SLIPS",No,--
MO,Medical Oncology,MO071P,"Paclitaxel + Cisplatin
Paclitaxel 175 mg/m2 D1
Cisplatin 75mg/m2 D1 every 21 days",13500,"CBC, LFT, RFT, RBS, CECT Thorax, abdomen and Pelvis, histopathology- Non Small cell Lung cancer","BAR CODE OF THE DRUGS, REPORTS OF THE TESTS (PATHOLOGY, RADIOLOGY, MICROBIOLOGY, HEMATOLOGY, BIOCHEMISTRY,ETC.) DISCHARGE SUMMARY OF INPATIENT DEPARTMENT, DISCHARGE SUMMARY OF DAY CARE DEPARTMENT, CHARTS OF CHEMOTHERAPY REGIMEN, TRANFUSION SLIPS",No,--
MO,Medical Oncology,MO071Q,"Pemetrexed + Cisplatin
Pemetrexed 500mg/m2 D1
Cisplatin 75 mg/m2 D1 every 21 days",9200,"CBC, LFT, RFT, RBS, CECT Thorax, abdomen and Pelvis,  histopathology - adenocarcinoma and adenosquamous carcinoma","BAR CODE OF THE DRUGS, REPORTS OF THE TESTS (PATHOLOGY, RADIOLOGY, MICROBIOLOGY, HEMATOLOGY, BIOCHEMISTRY,ETC.) DISCHARGE SUMMARY OF INPATIENT DEPARTMENT, DISCHARGE SUMMARY OF DAY CARE DEPARTMENT, CHARTS OF CHEMOTHERAPY REGIMEN, TRANFUSION SLIPS",No,--
MO,Medical Oncology,MO071R,"Pemetrexed
Pemetrexed 500mg/m2 D1 every 21 days",7600,"CBC, LFT, RFT, RBS, CECT Thorax, abdomen and Pelvis, histopathology (non small cell - adenocarcinoma or adenosquamous carcinoma)","BAR CODE OF THE DRUGS, REPORTS OF THE TESTS (PATHOLOGY, RADIOLOGY, MICROBIOLOGY, HEMATOLOGY, BIOCHEMISTRY,ETC.) DISCHARGE SUMMARY OF INPATIENT DEPARTMENT, DISCHARGE SUMMARY OF DAY CARE DEPARTMENT, CHARTS OF CHEMOTHERAPY REGIMEN, TRANFUSION SLIPS",No,--
MO,Medical Oncology,MO071S,"Vinorelbine + Carboplatin
Vinorelbine 25mg/m2 D1 D8
CarboplatinAUC 5-6 D1 every 21 days",22800,"CBC, LFT, RFT, RBS, CECT Thorax, abdomen and Pelvis, histopathology- Non Small cell Lung cancer","BAR CODE OF THE DRUGS, REPORTS OF THE TESTS (PATHOLOGY, RADIOLOGY, MICROBIOLOGY, HEMATOLOGY, BIOCHEMISTRY,ETC.) DISCHARGE SUMMARY OF INPATIENT DEPARTMENT, DISCHARGE SUMMARY OF DAY CARE DEPARTMENT, CHARTS OF CHEMOTHERAPY REGIMEN, TRANFUSION SLIPS",No,--
MO,Medical Oncology,MO071T,"Vinorelbine + Cisplatin
Vinorelbine 25mg/m2 D1 D8
Cisplatin 75mg/m2 D1 every 21 days",20600,"CBC, LFT, RFT, RBS, CECT Thorax, abdomen and Pelvis, histopathology- Non Small cell Lung cancer","BAR CODE OF THE DRUGS, REPORTS OF THE TESTS (PATHOLOGY, RADIOLOGY, MICROBIOLOGY, HEMATOLOGY, BIOCHEMISTRY,ETC.) DISCHARGE SUMMARY OF INPATIENT DEPARTMENT, DISCHARGE SUMMARY OF DAY CARE DEPARTMENT, CHARTS OF CHEMOTHERAPY REGIMEN, TRANFUSION SLIPS",No,--
MO,Medical Oncology,SU060A,Induction cycles,15000,Clinical notes and Histopathology/ biopsy confirming the diagnosis of bladder cancer,"Detailed discharge summary, Detailed Procedure / Operative Notes, original bills of medicines administered",No,--
MO,Medical Oncology,SU060B,Maintenance,30000,Clinical notes and Histopathology/ biopsy confirming the diagnosis of bladder cancer,"Detailed discharge summary, Detailed Procedure / Operative Notes, original bills of medicines administered",No,--
MP,Paediatric Medical management,MP001A,Febrile seizures,0,Clinical notes detailing history and Admission notes showing vitals; planned line management; 1st seizure or past history,"Detailed ICPs, Treatment details, detailed discharge summary, All investigations reports.",No,--
MP,Paediatric Medical management,MP001B,Flury of seizures,0,Clinical notes detailing history and Admission notes showing vitals; planned line management; 1st seizure or past history,"Detailed ICPs, Treatment details, detailed discharge summary, All investigations reports.",No,--
MP,Paediatric Medical management,MP001D,Epilepsy,0,Clinical notes detailing history and Admission notes showing vitals; planned line management; 1st seizure or past history,"Detailed ICPs, Treatment details, detailed discharge summary, All investigations reports.",No,--
MP,Paediatric Medical management,MP005B,Aseptic meningitis,0,Clinical notes detailing history and Admission notes showing vitals and examination findings; any investigations done; planned line of management,"Detailed ICPs, Treatment details, detailed discharge summary, All investigations reports.",No,--
MP,Paediatric Medical management,MP005D,Hypertensive encehalopathy,0,Clinical notes detailing history and Admission notes showing vitals and examination findings; any investigations done; planned line of management,"Detailed ICPs, Treatment details, detailed discharge summary, All investigations reports.",No,--
MP,Paediatric Medical management,MP005G,Brain abscess,0,Clinical notes detailing history and Admission notes showing vitals and examination findings; any investigations done; planned line of management,"Detailed ICPs, Treatment details, detailed discharge summary, All investigations reports.",No,--
MP,Paediatric Medical management,MP008A,"After Decompressive craniotomy /
After Shunt procedure /
After other emergency neuro surgical procedures /
For ICP monitoring",0,Clinical notes detailing history and Admission notes showing vitals and examination findings (incl neurological examination); any investigations done; planned line of management,"Detailed ICPs, Treatment details, detailed discharge summary, All investigations reports.",No,--
MP,Paediatric Medical management,MP009A,Intracranial hemorrhage,0,Clinical notes detailing history and Admission notes showing vitals and examination findings (incl neurological examination); any investigations done; planned line of management,"Detailed ICPs, Treatment details, detailed discharge summary, All investigations reports.",No,--
MP,Paediatric Medical management,MP015A,Juvenile myasthenia,0,Clinical notes detailing history and Admission notes showing vitals and examination findings; any investigations done; planned line of management,"Detailed ICPs, Treatment details, detailed discharge summary, All investigations reports.",No,--
MP,Paediatric Medical management,MP016A,Acute ataxia,0,Clinical notes detailing history and Admission notes showing vitals and examination findings (incl neurological examination); any investigations done; planned line of management,"Detailed ICPs, Treatment details, detailed discharge summary, All investigations reports.",No,--
MP,Paediatric Medical management,MP018A,Wheezing,0,Clinical notes detailing history and Admission notes showing vitals; planned line management,"Detailed ICPs, Treatment details, detailed discharge summary, All investigations reports.",No,--
MP,Paediatric Medical management,MP019A,Chronic cough,0,Clinical notes detailing history and earlier Treatment done and Admission notes showing vitals; planned line management,"Detailed ICPs, Treatment details, detailed discharge summary, All investigations reports.",Yes,No
MP,Paediatric Medical management,MP021A,Acute abdomen,0,Clinical notes detailing history and Admission notes showing vitals and examination findings; any investigations done; planned line of management,"Detailed ICPs, Treatment details, detailed discharge summary, All investigations reports.",No,--
MP,Paediatric Medical management,MP024A,Infantile cholestasis,0,Clinical notes detailing history and Admission notes showing vitals and examination findings; any investigations done; planned line of management,"Detailed ICPs, Treatment details, detailed discharge summary, All investigations reports.",No,--
MP,Paediatric Medical management,MP028A,CRRT,8000,Clinical notes detailing history and Admission notes showing vitals and examination findings; any investigations done; planned line of management,"Detailed ICPs, Treatment details, detailed discharge summary, All investigations reports.",No,--
MP,Paediatric Medical management,MP029A,Global developmental delay,0,Clinical notes detailing birth and subsequent history and Admission notes showing vitals; planned line management,"Detailed ICPs, Treatment details, detailed discharge summary, All investigations reports.",No,--
MP,Paediatric Medical management,MP029B,Intellectual disability of unknown etiology,0,Clinical notes detailing birth and subsequent history and Admission notes showing vitals; planned line management,"Detailed ICPs, Treatment details, detailed discharge summary, All investigations reports.",No,--
MP,Paediatric Medical management,MP030A,Rickets - requiring admission for Work Up,0,"Clinical notes detailing history, investigations done and Admission notes showing vitals; planned line management","Detailed ICPs, Treatment details, detailed discharge summary, All investigations reports.",Yes,No
MP,Paediatric Medical management,MP031A,Acute severe malnutrition,0,Clinical notes detailing history and Admission notes showing vitals and examination findings; any investigations done; planned line of management,"Detailed ICPs, Treatment details, detailed discharge summary, All investigations reports.",Yes,No
MP,Paediatric Medical management,MP032A,Developmental and behavioral disorders,0,"Clinical notes detailing history and examination findings. Admission notes showing neurological examination; any investigations done, planned line management","Detailed ICPs, Treatment details, detailed discharge summary, All investigations reports.",Yes,No
MP,Paediatric Medical management,MP033A,Short stature,0,"Clinical notes detailing histor, parent's height and Admission notes showing vitals; planned line management","Detailed ICPs, Treatment details, detailed discharge summary, All investigations reports.",Yes,No
MP,Paediatric Medical management,MP034A,Dysmorphic children,0,"Clinical notes detailing history, investigations done and Admission notes showing vitals; planned line management","Detailed ICPs, Treatment details, detailed discharge summary, All investigations reports.",No,--
MP,Paediatric Medical management,MP035A,Floppy infant,0,Clinical notes detailing history and Admission notes showing vitals and examination findings (incl neurological examination); any investigations done; planned line of management,"Detailed ICPs, Treatment details, detailed discharge summary, All investigations reports.",No,--
MP,Paediatric Medical management,MP036A,Inborn errors of metabolism,0,Clinical notes detailing history and Admission notes showing vitals and examination findings; any investigations done; planned line of management,"Detailed ICPs, Treatment details, detailed discharge summary, All investigations reports.",No,--
MP,Paediatric Medical management,MP037A,Wilson?s disease,0,Clinical notes detailing history and Admission notes showing vitals and examination findings; any investigations done; planned line of management,"Detailed ICPs, Treatment details, detailed discharge summary, All investigations reports.",No,--
MP,Paediatric Medical management,MP040A,Cyanotic spells,0,"Clinical notes with planned line of treatment (incl birth & past history), Investigation Reports supporting diagnosis (including ABG), Planned line of treatment","Detailed ICPs (daily Treatment details), Detailed Discharge Summary, All investigations reports.",No,--
MP,Paediatric Medical management,MP040B,Cyanotic spells with CHD,0,"Clinical notes with planned line of treatment (incl birth & past history), Investigation Reports supporting diagnosis (including ECHO, ABG), Planned line of treatment","Detailed ICPs (daily Treatment details), Detailed Discharge Summary, All investigations reports (including 2D echo).",No,--
MP,Paediatric Medical management,MP040C,Cyanotic spells with Chest infection,0,"Clinical notes with planned line of treatment  (incl birth & past history)  Investigation Reports supporting diagnosis (including CBC, X-ray chest), Planned line of treatment","Detailed ICPs (daily Treatment details), Post treatment CBC and X-ray chest, Detailed Discharge summary",No,--
MP,Paediatric Medical management,MP040D,Cyanotic spells with Sepsis,0,"Clinical notes with planned line of treatment (incl birth & past history), Investigation Reports supporting diagnosis (including CBC, ABG, Radiological investigations), Planned line of treatment","Detailed ICPs (daily Treatment details), Post treatment CBC, and Radiological investigations, Detailed Discharge summary",No,--
MP,Paediatric Medical management,MP041A,Immune haemolytic anemia,0,Clinical notes detailing history and Admission notes showing vitals and examination findings; any investigations done; planned line of management,"Detailed ICPs, Treatment details, detailed discharge summary, All investigations reports.",No,--
MP,Paediatric Medical management,MP043A,Kawasaki Disease,0,Clinical notes detailing history and Admission notes showing vitals and examination findings; any investigations done; planned line of management,"Detailed ICPs, Treatment details, detailed discharge summary, All investigations reports.",No,--
MP,Paediatric Medical management,MP045A,Trauma  ,0,Clinical notes detailing history / examination findings describing trauma; MLC/ FIR; and Admission notes showing vitals; planned line management,"Detailed ICPs, Treatment details, detailed discharge summary, All investigations reports.",No,--
MR,Radiation Oncology,MR001A,Radical,11000,"HPE report, Clinical notes with planned line of treatment (documents confirming the  Procedure indicated and details of RT treatment plan).",Detailed Discahrge Summary (with RT treatment and doses given),No,--
MR,Radiation Oncology,MR001B,Adjuvant,11000,"HPE report, Clinical notes with planned line of treatment (documents confirming the  Procedure indicated and details of RT treatment plan).",Detailed Discahrge Summary (with RT treatment and doses given),No,--
MR,Radiation Oncology,MR001C,Neoadjuvant,11000,"HPE report, Clinical notes with planned line of treatment (documents confirming the  Procedure indicated and details of RT treatment plan).",Detailed Discahrge Summary (with RT treatment and doses given),No,--
MR,Radiation Oncology,MR001D,Additional fractions - 1,0,"HPE report, Clinical notes with planned line of treatment (documents confirming the  Procedure indicated and details of RT treatment plan).",Detailed Discahrge Summary (with RT treatment and doses given),No,--
MR,Radiation Oncology,MR002A,Palliative,10000,"HPE report, Clinical notes with planned line of treatment (documents confirming the  Procedure indicated and details of RT treatment plan).",Detailed Discahrge Summary (with RT treatment and doses given),No,--
MR,Radiation Oncology,MR003A,Radical,20000,"HPE report, Clinical notes with planned line of treatment (documents confirming the  Procedure indicated and details of RT treatment plan).",Detailed Discahrge Summary (with RT treatment and doses given),No,--
MR,Radiation Oncology,MR003B,Adjuvant,20000,"HPE report, Clinical notes with planned line of treatment (documents confirming the  Procedure indicated and details of RT treatment plan).",Detailed Discahrge Summary (with RT treatment and doses given),No,--
MR,Radiation Oncology,MR003C,Neoadjuvant,20000,"HPE report, Clinical notes with planned line of treatment (documents confirming the  Procedure indicated and details of RT treatment plan).",Detailed Discahrge Summary (with RT treatment and doses given),No,--
MR,Radiation Oncology,MR003D,Additional fractions - 2,0,"HPE report, Clinical notes with planned line of treatment (documents confirming the  Procedure indicated and details of RT treatment plan).",Detailed Discahrge Summary (with RT treatment and doses given),No,--
MR,Radiation Oncology,MR004A,Radical,21000,"HPE report, Clinical notes with planned line of treatment (documents confirming the  Procedure indicated and details of RT treatment plan).",Detailed Discahrge Summary (with RT treatment and doses given),No,--
MR,Radiation Oncology,MR004B,Adjuvant,21000,"HPE report, Clinical notes with planned line of treatment (documents confirming the  Procedure indicated and details of RT treatment plan).",Detailed Discahrge Summary (with RT treatment and doses given),No,--
MR,Radiation Oncology,MR004C,Neoadjuvant,21000,"HPE report, Clinical notes with planned line of treatment (documents confirming the  Procedure indicated and details of RT treatment plan).",Detailed Discahrge Summary (with RT treatment and doses given),No,--
MR,Radiation Oncology,MR004D,Additional fractions - 3,0,"HPE report, Clinical notes with planned line of treatment (documents confirming the  Procedure indicated and details of RT treatment plan).",Detailed Discahrge Summary (with RT treatment and doses given),No,--
MR,Radiation Oncology,MR005A,Radical,40000,"HPE report, Clinical notes with planned line of treatment (documents confirming the  Procedure indicated and details of RT treatment plan).",Detailed Discahrge Summary (with RT treatment and doses given),No,--
MR,Radiation Oncology,MR005B,Adjuvant,40000,"HPE report, Clinical notes with planned line of treatment (documents confirming the  Procedure indicated and details of RT treatment plan).",Detailed Discahrge Summary (with RT treatment and doses given),No,--
MR,Radiation Oncology,MR005C,Neoadjuvant,40000,"HPE report, Clinical notes with planned line of treatment (documents confirming the  Procedure indicated and details of RT treatment plan).",Detailed Discahrge Summary (with RT treatment and doses given),No,--
MR,Radiation Oncology,MR005D,Additional fractions - 4,0,"HPE report, Clinical notes with planned line of treatment (documents confirming the  Procedure indicated and details of RT treatment plan).",Detailed Discahrge Summary (with RT treatment and doses given),No,--
MR,Radiation Oncology,MR006A,Radical,70000,"HPE report, Clinical notes with planned line of treatment (documents confirming the  Procedure indicated and details of RT treatment plan).",Detailed Discahrge Summary (with RT treatment and doses given),No,--
MR,Radiation Oncology,MR006B,Adjuvant,70000,"HPE report, Clinical notes with planned line of treatment (documents confirming the  Procedure indicated and details of RT treatment plan).",Detailed Discahrge Summary (with RT treatment and doses given),No,--
MR,Radiation Oncology,MR006C,Neoadjuvant,70000,"HPE report, Clinical notes with planned line of treatment (documents confirming the  Procedure indicated and details of RT treatment plan).",Detailed Discahrge Summary (with RT treatment and doses given),No,--
MR,Radiation Oncology,MR006D,Additional fractions - 5,0,"HPE report, Clinical notes with planned line of treatment (documents confirming the  Procedure indicated and details of RT treatment plan).",Detailed Discahrge Summary (with RT treatment and doses given),No,--
MR,Radiation Oncology,MR007A,Radical,42000,"HPE report, Clinical notes with planned line of treatment (documents confirming the  Procedure indicated and details of RT treatment plan).",Detailed Discahrge Summary (with RT treatment and doses given),No,--
MR,Radiation Oncology,MR007B,Adjuvant,42000,"HPE report, Clinical notes with planned line of treatment (documents confirming the  Procedure indicated and details of RT treatment plan).",Detailed Discahrge Summary (with RT treatment and doses given),No,--
MR,Radiation Oncology,MR007C,Neoadjuvant,42000,"HPE report, Clinical notes with planned line of treatment (documents confirming the  Procedure indicated and details of RT treatment plan).",Detailed Discahrge Summary (with RT treatment and doses given),No,--
MR,Radiation Oncology,MR007D,Additional fractions - 6,0,"HPE report, Clinical notes with planned line of treatment (documents confirming the  Procedure indicated and details of RT treatment plan).",Detailed Discahrge Summary (with RT treatment and doses given),No,--
MR,Radiation Oncology,MR008A,Radical,90000,"HPE report, Clinical notes with planned line of treatment (documents confirming the  Procedure indicated and details of RT treatment plan).",Detailed Discahrge Summary (with RT treatment and doses given),No,--
MR,Radiation Oncology,MR008B,Adjuvant,90000,"HPE report, Clinical notes with planned line of treatment (documents confirming the  Procedure indicated and details of RT treatment plan).",Detailed Discahrge Summary (with RT treatment and doses given),No,--
MR,Radiation Oncology,MR008C,Neoadjuvant,90000,"HPE report, Clinical notes with planned line of treatment (documents confirming the  Procedure indicated and details of RT treatment plan).",Detailed Discahrge Summary (with RT treatment and doses given),No,--
MR,Radiation Oncology,MR008D,Additional fractions - 7,0,"HPE report, Clinical notes with planned line of treatment (documents confirming the  Procedure indicated and details of RT treatment plan).",Detailed Discahrge Summary (with RT treatment and doses given),No,--
MR,Radiation Oncology,MR009A,Radical,55000,"HPE report, Clinical notes with planned line of treatment (documents confirming the  Procedure indicated and details of RT treatment plan).",Detailed Discahrge Summary (with RT treatment and doses given),No,--
MR,Radiation Oncology,MR009B,Adjuvant,55000,"HPE report, Clinical notes with planned line of treatment (documents confirming the  Procedure indicated and details of RT treatment plan).",Detailed Discahrge Summary (with RT treatment and doses given),No,--
MR,Radiation Oncology,MR009C,Neoadjuvant,55000,"HPE report, Clinical notes with planned line of treatment (documents confirming the  Procedure indicated and details of RT treatment plan).",Detailed Discahrge Summary (with RT treatment and doses given),No,--
MR,Radiation Oncology,MR009D,Additional fractions - 8,0,"HPE report, Clinical notes with planned line of treatment (documents confirming the  Procedure indicated and details of RT treatment plan).",Detailed Discahrge Summary (with RT treatment and doses given),No,--
MR,Radiation Oncology,MR010A,"SRT / SBRT with IGRT 
(Stereotacatic radiotherapy)",82000,"HPE report, Clinical notes with planned line of treatment (documents confirming the  Procedure indicated and details of RT treatment plan).",Detailed Discahrge Summary (with RT treatment and doses given),No,--
MR,Radiation Oncology,MR010B,Additional fractions - 9,0,"HPE report, Clinical notes with planned line of treatment (documents confirming the  Procedure indicated and details of RT treatment plan).",Detailed Discahrge Summary (with RT treatment and doses given),No,--
MR,Radiation Oncology,MR011A,SRS with IGRT (Stereotacatic radiotherapy),70000,Biopsy/ HPE report of malignancy; justification of SRS?,Detailed Discahrge Summary (with RT treatment and doses given),No,--
MR,Radiation Oncology,MR012A,Respiratory Gating along with Linear Accelerator planning ,65000,"Clinical notes and Documentary evidence confirming the need of Respiratory-gated radiotherapy (tumours that move with respiration during radiotherapy (lung, breast and upper abdominal tumpurs)",Detailed Discahrge Summary (with RT treatment and doses given),No,--
MR,Radiation Oncology,MR012B,Additional fractions - 10,0,"HPE report, Clinical notes with planned line of treatment (documents confirming the  Procedure indicated and details of RT treatment plan).",Detailed Discahrge Summary (with RT treatment and doses given),No,--
MR,Radiation Oncology,MR013A,Intracavitory,3500,"HPE report, Clinical notes with planned line of treatment (documents confirming the  Procedure indicated and details of RT treatment plan).",Detailed Discahrge Summary (with RT treatment and doses given),No,--
MR,Radiation Oncology,MR013B,Intraluminal,3500,"HPE report, Clinical notes with planned line of treatment (documents confirming the  Procedure indicated and details of RT treatment plan).",Detailed Discahrge Summary (with RT treatment and doses given),No,--
MR,Radiation Oncology,MR013C,Endobiliary,3500,"HPE report, Clinical notes with planned line of treatment (documents confirming the  Procedure indicated and details of RT treatment plan).",Detailed Discahrge Summary (with RT treatment and doses given),No,--
MR,Radiation Oncology,MR013D,Endobronchial,3500,"HPE report, Clinical notes with planned line of treatment (documents confirming the  Procedure indicated and details of RT treatment plan).",Detailed Discahrge Summary (with RT treatment and doses given),No,--
MR,Radiation Oncology,MR013E,CVS,3500,"HPE report, Clinical notes with planned line of treatment (documents confirming the  Procedure indicated and details of RT treatment plan).",Detailed Discahrge Summary (with RT treatment and doses given),No,--
MR,Radiation Oncology,MR014A,Interstitial,42000,"HPE report, Clinical notes with planned line of treatment (documents confirming the  Procedure indicated and details of RT treatment plan).",Detailed Discahrge Summary (with RT treatment and doses given),No,--
MR,Radiation Oncology,MR014B,Surface Mould,42000,"HPE report, Clinical notes with planned line of treatment (documents confirming the  Procedure indicated and details of RT treatment plan).",Detailed Discahrge Summary (with RT treatment and doses given),No,--
MR,Radiation Oncology,MR014C,Additional fractions - 11,0,"HPE report, Clinical notes with planned line of treatment (documents confirming the  Procedure indicated and details of RT treatment plan).",Detailed Discahrge Summary (with RT treatment and doses given),No,--
SB,Orthopaedics,SB002A,Skeletal Tractions with pin,2000,"Clinical notes and X-ray showing the need of procedure, clinical photograph of affected part","Post Procedure clinical photgraph with pins, detailed Procedure / Operative Notes. Detailed discharge summary",Yes,No
SB,Orthopaedics,SB002B,Skin Traction,700,"Clinical notes and X-ray showing the need of procedure, clinical photograph of affected part","Post Procedure clinical photgraph, detailed Procedure / Operative Notes. Detailed discharge summary",Yes,No
SB,Orthopaedics,SB003A,Upper Limbs,3000,"Clinical notes and X-ray showing the need of procedure, clinical photograph of affected part","Post Procedure clinical photgraph with POP cast, detailed Procedure / Operative Notes. Detailed discharge summary",No,--
SB,Orthopaedics,SB003B,Lower Limbs,3000,"Clinical notes and X-ray showing the need of procedure, clinical photograph of affected part","Post Procedure clinical photgraph with POP cast, detailed Procedure / Operative Notes. Detailed discharge summary",No,--
SB,Orthopaedics,SB004A,Spikas,3500,"Clinical notes and X-ray showing the need of procedure, clinical photograph of affected part","Post Procedure clinical photgraph with POP spika, detailed Procedure / Operative Notes. Detailed discharge summary",Yes,No
SB,Orthopaedics,SB004B,Jackets,3500,"Clinical notes and X-ray showing the need of procedure, clinical photograph of affected part","Post Procedure clinical photgraph with POP Jacket, detailed Procedure / Operative Notes. Detailed discharge summary",Yes,No
SB,Orthopaedics,SB005A,Long bone,14000,"Clinical notes and X-ray confirming the diagnosis, clinical photograph of affected part","Post Procedure clinical photgraph, detailed Procedure / Operative Notes. Detailed discharge summary Invoice and barcode of implant",Yes,No
SB,Orthopaedics,SB005B,Small bone,9500,"Clinical notes and X-ray confirming the diagnosis, clinical photograph of affected part","Post Procedure clinical photgraph, detailed Procedure / Operative Notes. Detailed discharge summary Invoice and barcode of implant",Yes,No
SB,Orthopaedics,SB005C,Pelvis,14000,"Clinical notes and X-ray confirming the diagnosis, clinical photograph of affected part","Post Procedure clinical photgraph, detailed Procedure / Operative Notes. Detailed discharge summary Invoice and barcode of implant",Yes,No
SB,Orthopaedics,SB005D,Both bones - forearms,15000,"Clinical notes and X-ray confirming the diagnosis, clinical photograph of affected part","Post Procedure clinical photgraph, detailed Procedure / Operative Notes. Detailed discharge summary Invoice and barcode of implant",Yes,No
SB,Orthopaedics,SB006A,Percutaneous - Fixation of Fracture,3000,"Clinical notes with planned line of treatment including planned line of treatment, X-ray films with reports","Procedure / Operation notes, Post procedure X-ray films with reports, Stickers of implants used, Detailed Discharge Summary",Yes,No
SB,Orthopaedics,SB007A,Femur,11000,"Clinical notes with planned line of treatment including planned line of treatment, X-ray films with reports","Procedure / Operation notes, Post procedure X-ray films with reports, Stickers of implants used, Detailed Discharge Summary",No,--
SB,Orthopaedics,SB007B,Humerus,11000,"Clinical notes with planned line of treatment including planned line of treatment, X-ray films with reports","Procedure / Operation notes, Post procedure X-ray films with reports, Stickers of implants used, Detailed Discharge Summary",No,--
SB,Orthopaedics,SB007C,Forearm,11000,"Clinical notes with planned line of treatment including planned line of treatment, X-ray films with reports","Procedure / Operation notes, Post procedure X-ray films with reports, Stickers of implants used, Detailed Discharge Summary",No,--
SB,Orthopaedics,SB008A,Internal Fixation of Small Bones ,8500,"Clinical notes and X-ray confirming the diagnosis, clinical photograph of affected part","Post Procedure clinical photgraph, Post procedure X-rayshowing implant; detailed Procedure / Operative Notes. Detailed discharge summary Invoice and barcode of implant.",No,--
SB,Orthopaedics,SB009A,Fracture - Long Bones - Metaphyseal - ORIF,12700,"Clinical notes with planned line of treatment including planned line of treatment, X-ray films with reports","Procedure / Operation notes, Post procedure X-ray films with reports, Stickers of implants used, Detailed Discharge Summary",Yes,No
SB,Orthopaedics,SB010A,Open Reduction Internal Fixation,14900,"Clinical notes and radiological investigations confirming the diagnosis (X-ray), clinical photograph of affected part","Post procedure imaging study (X Ray), Post Procedure clinical photograph, detailed Procedure / Operative Notes. invoice and barcode of implant",Yes,No
SB,Orthopaedics,SB010B,Closed Reduction & Fixation,18000,"Clinical notes and radiological investigations confirming the diagnosis (X-ray), clinical photograph of affected part","Post procedure imaging study (X Ray), Post Procedure clinical photograph, detailed Procedure / Operative Notes. invoice and barcode of implant",Yes,No
SB,Orthopaedics,SB011A,Plating,11800,"Clinical notes and X-ray confirming the diagnosis, clinical photograph of affected part","Post Procedure clinical photgraph, Post procedure X-ray; detailed Procedure / Operative Notes. Detailed discharge summary, Invoice and barcode of implant",Yes,No
SB,Orthopaedics,SB012A,Fixation,10000,"Clinical notes and X-ray confirming the diagnosis, clinical photograph of affected part","Post procedure imaging study (X Ray), Post Procedure clinical photgraph, detailed Procedure / Operative Notes. Detailed discharge summary, Invoice and barcode of implant",Yes,No
SB,Orthopaedics,SB012B,Excision,9200,"Clinical notes and X-ray confirming the diagnosis, clinical photograph of affected part","Post procedure imaging study (X Ray), Post Procedure clinical photgraph, detailed Procedure / Operative Notes. Detailed discharge summary",Yes,No
SB,Orthopaedics,SB013A,Fracture - Single Bone - Forearm - ORIF - Plating / Nailing,8900,"Clinical notes and X-ray confirming the diagnosis, clinical photograph of affected part","Post Procedure clinical photgraph, Post procedure X-rayshowing implant; detailed Procedure / Operative Notes. Detailed discharge summary Invoice and barcode of implant.",Yes,No
SB,Orthopaedics,SB014A,Fracture - Both Bones - Forearm - ORIF - Plating / Nailing,12700,"Clinical notes and X-ray confirming the diagnosis, clinical photograph of affected part","Post Procedure clinical photgraph, Post procedure X-rayshowing implant; detailed Procedure / Operative Notes. Detailed discharge summary Invoice and barcode of implant.",Yes,No
SB,Orthopaedics,SB015A,Lateral Condyle,8500,"Clinical notes and X-ray confirming the diagnosis, clinical photograph of affected part","Post Procedure clinical photgraph, Post procedure X-rayshowing implant; detailed Procedure / Operative Notes. Detailed discharge summary Invoice and barcode of implant.",Yes,No
SB,Orthopaedics,SB015B,Medial Condyle,8500,"Clinical notes and X-ray confirming the diagnosis, clinical photograph of affected part","Post Procedure clinical photgraph, Post procedure X-rayshowing implant; detailed Procedure / Operative Notes. Detailed discharge summary Invoice and barcode of implant.",Yes,No
SB,Orthopaedics,SB016A,Fracture intercondylar Humerus + olecranon osteotomy,15100,"Clinical notes and X-ray showing the need of procedure, clinical photograph of affected part","Post Procedure X-ray showing osteotomy as well as frature maneged; detailed Procedure / Operative Notes. Detailed discharge summary, Invoice and barcode of implant",Yes,No
SB,Orthopaedics,SB017A,Open Reduction Internal Fixation,17000,"Clinical notes with planned line of treatment including planned line of treatment, X-ray films with reports","Procedure / Operation notes, Post procedure X-ray films with reports, Stickers of implants used, Detailed Discharge Summary",Yes,No
SB,Orthopaedics,SB018A,Single Approach,28000,"Clinical notes with planned line of treatment including planned line of treatment, X-ray films with reports ","Procedure / Operation notes, Post procedure X-ray films with reports, Detailed Discharge Summary, Invoice and barcode of implant",No,--
SB,Orthopaedics,SB018B,Combined Approach,33500,"Clinical notes with planned line of treatment including planned line of treatment, X-ray films with reports ","Procedure / Operation notes, Post procedure X-ray films with reports, Detailed Discharge Summary, Invoice and barcode of implant",No,--
SB,Orthopaedics,SB019A,Closed Reduction and Percutaneous Screw Fixation ,10000,"Clinical notes and X-ray confirming the diagnosis, clinical photograph of affected part","Post procedure imaging study (X Ray), Post Procedure clinical photgraph, detailed Procedure / Operative Notes. Invoice and barcode of implant",Yes,No
SB,Orthopaedics,SB019B,Intertrochanteric Fracture with Dynamic Hip Screw,15800,"Clinical notes and X-ray confirming the diagnosis, clinical photograph of affected part","Post procedure imaging study (X Ray), Post Procedure clinical photgraph, detailed Procedure / Operative Notes. Invoice and barcode of implant",Yes,No
SB,Orthopaedics,SB019C,Intertrochanteric Fracture with Proximal Femoral Nail,16100,"Clinical notes and X-ray confirming the diagnosis, clinical photograph of affected part","Post procedure imaging study (X Ray), Post Procedure clinical photgraph, detailed Procedure / Operative Notes. Invoice and barcode of implant",Yes,No
SB,Orthopaedics,SB020A,Open Reduction Internal Fixation,14000,"Clinical notes and X-ray of ankle joint, clinical photograph of affected part","Detailed discharge summary Post Procedure clinical photgraph, detailed Procedure / Operative Notes, Invoice and barcode of implant",Yes,No
SB,Orthopaedics,SB021A,Cervical spine fixation including odontoid ,20000,"Clinical notes with planned line of treatment including planned line of treatment, X-ray films with reports ","Procedure / Operation notes, Post procedure X-ray films with reports, Detailed Discharge Summary, Invoice and barcode of implant",No,--
SB,Orthopaedics,SB022A,Anterior,40000,"Clinical notes with planned line of treatment including planned line of treatment, X-ray films with reports ","Procedure / Operation notes, Post procedure X-ray films with reports, Detailed Discharge Summary, Invoice and barcode of implant",No,--
SB,Orthopaedics,SB022B,Posterior,30000,"Clinical notes with planned line of treatment including planned line of treatment, X-ray films with reports ","Procedure / Operation notes, Post procedure X-ray films with reports, Detailed Discharge Summary, Invoice and barcode of implant",No,--
SB,Orthopaedics,SB023A,Bone grafting for Non union                              ,10000,"Clinical notes detailing earlier surgery that resulted in non-union and radiological investigations confirming the diagnosis (X-ray of affected joint), clinical photograph","Post procedure imaging study (X Ray), Post Procedure clinical photgraphof donor and recipient sites, detailed Procedure / Operative Notes. Detailed discharge summary",Yes,No
SB,Orthopaedics,SB024A,Arthorotomy of any joint,14000,"Clinical notes and X-ray confirming the diagnosis, clinical photograph of affected part","Post op clinical photgraph, detailed Procedure / Operative Notes. Detailed Discharge summary",Yes,No
SB,Orthopaedics,SB025A,Elbow,15000,"Clinical notes and X-ray confirming the diagnosis, clinical photograph of affected part","Post Procedure clinical photgraph, detailed Procedure / Operative Notes., Post procedure imaging study (X Ray)",No,--
SB,Orthopaedics,SB025B,Knee,15000,"Clinical notes and X-ray confirming the diagnosis, clinical photograph of affected part","Post Procedure clinical photgraph, detailed Procedure / Operative Notes., Post procedure imaging study (X Ray)",No,--
SB,Orthopaedics,SB025C,Ankle,15000,"Clinical notes and X-ray confirming the diagnosis, clinical photograph of affected part","Post Procedure clinical photgraph, detailed Procedure / Operative Notes., Post procedure imaging study (X Ray)",No,--
SB,Orthopaedics,SB026A,Ankle / Triple with implant,15000,"Clinical notes detailing indication and X-ray of ankle and foot, clinical photograph of affected part","Post procedure X-ray, Post Procedure clinical photgraph, detailed Procedure / Operative Notes, Detailed Discharge summary, Invoice and barcode of implant",No,--
SB,Orthopaedics,SB026B,Shoulder,15000,"Clinical notes detailing indication and X-ray of ankle and foot, clinical photograph of affected part","Post procedure X-ray, Post Procedure clinical photgraph, detailed Procedure / Operative Notes, Invoice and barcode of implant",No,--
SB,Orthopaedics,SB026C,Wrist,15000,"Clinical notes detailing indication and X-ray of ankle and foot, clinical photograph of affected part","Post procedure X-ray, Post Procedure clinical photgraph, detailed Procedure / Operative Notes, Invoice and barcode of implant",No,--
SB,Orthopaedics,SB026D,Knee,15000,"Clinical notes detailing indication and X-ray of ankle and foot, clinical photograph of affected part","Post procedure X-ray, Post Procedure clinical photgraph, detailed Procedure / Operative Notes, Invoice and barcode of implant",No,--
SB,Orthopaedics,SB026E,Hand,27000,"Clinical notes detailing indication and X-ray of ankle and foot, clinical photograph of affected part","Post procedure X-ray, Post Procedure clinical photgraph, detailed Procedure / Operative Notes.",No,--
SB,Orthopaedics,SB026F,Foot,27000,"Clinical notes detailing indication and X-ray of ankle and foot, clinical photograph of affected part","Post procedure X-ray, Post Procedure clinical photgraph, detailed Procedure / Operative Notes, Detailed Discharge summary.",No,--
SB,Orthopaedics,SB026G,Ankle / Triple without implant,15000,"Clinical notes detailing indication and X-ray of ankle and foot, clinical photograph of affected part","Post procedure X-ray, Post Procedure clinical photgraph, detailed Procedure / Operative Notes, Detailed Discharge summary.",No,--
SB,Orthopaedics,SB027A,Hind quarter,25000,"Clinical notes justifying surgery with X Ray of affected limb, clinical photograph of affected part showing the gangrene/ injury/ severe anatomical deformity","Post Procedure clinical photgraph, detailed Procedure / Operative Notes. Detailed Discharge summary",No,--
SB,Orthopaedics,SB027B,Fore quarter,25000,"Clinical notes justifying surgery with X Ray of affected limb, clinical photograph of affected part showing the gangrene/ injury/ severe anatomical deformity","Post Procedure clinical photgraph, detailed Procedure / Operative Notes. Detailed Discharge summary",No,--
SB,Orthopaedics,SB028A,Hip,7400,"Clinical notes and X-ray confirming the diagnosis, clinical photograph of affected part","Post procedure imaging study (X Ray), Post Procedure clinical photgraph, detailed Procedure / Operative Notes. Detailed discharge summary,",Yes,No
SB,Orthopaedics,SB028B,Shoulder,5500,"Clinical notes and X-ray confirming the diagnosis, clinical photograph of affected part","Post procedure imaging study (X Ray), Post Procedure clinical photgraph, detailed Procedure / Operative Notes. Detailed discharge summary,",Yes,No
SB,Orthopaedics,SB028C,Elbow,5500,"Clinical notes and X-ray confirming the diagnosis, clinical photograph of affected part","Post procedure imaging study (X Ray), Post Procedure clinical photgraph, detailed Procedure / Operative Notes. Detailed discharge summary,",Yes,No
SB,Orthopaedics,SB028D,Knee,5500,"Clinical notes and X-ray confirming the diagnosis, clinical photograph of affected part","Post procedure imaging study (X Ray), Post Procedure clinical photgraph, detailed Procedure / Operative Notes. Detailed discharge summary,",Yes,No
SB,Orthopaedics,SB029A,Open Reduction of Small Joint,8500,"Clinical and radiological investigations confirming the diagnosis (X-ray of affected joint), clinical photograph of child","Post procedure imaging study (X Ray), Post Procedure clinical photgraph, detailed Procedure / Operative Notes. Detailed discharge summary, Invoice and barcode of implant",No,--
SB,Orthopaedics,SB030A,Tension Band Wiring,13000,"Clinical notes with planned line of treatment including planned line of treatment, X-ray films with reports ","Procedure / Operation notes, Post procedure X-ray films with reports, Detailed Discharge Summary, Invoice and barcode of implant",Yes,No
SB,Orthopaedics,SB031A,Unipolar,15000,"Clinical notes and X-ray/ CT justifying the surgery,","Post Procedure clinical photgraph, detailed discharge summary, detailed Procedure / Operative Notes. Post op X-ray showing the implant & invoice / bar code of implant.",No,--
SB,Orthopaedics,SB031B,Bipolar (Non - Modular),15000,"Clinical notes and X-ray/ CT justifying the surgery,","Post Procedure clinical photgraph, detailed discharge summary, detailed Procedure / Operative Notes. Post op X-ray showing the implant & invoice / bar code of implant.",No,--
SB,Orthopaedics,SB031C,Bipolar (Modular),15000,"Clinical notes and X-ray/ CT justifying the surgery,","Post Procedure clinical photgraph, detailed discharge summary, detailed Procedure / Operative Notes. Post op X-ray showing the implant & invoice / bar code of implant.",No,--
SB,Orthopaedics,SB032A,Rockwood Type - I,20500,"Clinical notes detailing Rockwood type of fracture, X-ray/ MRI and justification of surgery done","Post-op X-ray of operated limb, Post Procedure clinical photgraph, detailed Procedure / Operative Notes, Detailed Discharge summary, Invoice and barcode of implant",No,--
SB,Orthopaedics,SB032B,Rockwood Type - II,20500,"Clinical notes detailing Rockwood type of fracture, X-ray/ MRI and justification of surgery done","Post-op X-ray of operated limb, Post Procedure clinical photgraph, detailed Procedure / Operative Notes, Detailed Discharge summary, Invoice and barcode of implant",No,--
SB,Orthopaedics,SB032C,Rockwood Type - III,20500,"Clinical notes detailing Rockwood type of fracture, X-ray/ MRI and justification of surgery done","Post-op X-ray of operated limb, Post Procedure clinical photgraph, detailed Procedure / Operative Notes, Detailed Discharge summary, Invoice and barcode of implant",No,--
SB,Orthopaedics,SB032D,Rockwood Type - IV,20500,"Clinical notes detailing Rockwood type of fracture, X-ray/ MRI and justification of surgery done","Post-op X-ray of operated limb, Post Procedure clinical photgraph, detailed Procedure / Operative Notes, Detailed Discharge summary, Invoice and barcode of implant",No,--
SB,Orthopaedics,SB032E,Rockwood Type - V,20500,"Clinical notes detailing Rockwood type of fracture, X-ray/ MRI and justification of surgery done","Post-op X-ray of operated limb, Post Procedure clinical photgraph, detailed Procedure / Operative Notes, Detailed Discharge summary, Invoice and barcode of implant",No,--
SB,Orthopaedics,SB032F,Rockwood Type - VI,20500,"Clinical notes detailing Rockwood type of fracture, X-ray/ MRI and justification of surgery done","Post-op X-ray of operated limb, Post Procedure clinical photgraph, detailed Procedure / Operative Notes, Detailed Discharge summary, Invoice and barcode of implant",No,--
SB,Orthopaedics,SB033A,Excision Arthoplasty of Femur head,17500,"Clinical notes detailing indication and X-ray, clinical photograph of affected part","Post Procedure clinical photgraph, detailed Procedure / Operative Notes. Detailed discharge summary",No,--
SB,Orthopaedics,SB034A,Open Reduction of CDH,20000,"Clinical and radiological investigations confirming the diagnosis (X-ray of both hips), clinical photograph","Post procedure imaging study (X Ray), Post Procedure clinical photgraph, detailed Procedure / Operative Notes. Detailed discharge summary",No,--
SB,Orthopaedics,SB035A,Patellectomy,11000,"Clinical notes and X-ray of the patella justifying the procedure, clinical photograph of affected part","Post procedure imaging study (X Ray), Post Procedure clinical photgraph, detailed Procedure / Operative Notes. Detailed discharge summary",Yes,No
SB,Orthopaedics,SB036A,Arthroscopic Meniscus Repair / Meniscectomy,12000,Clinical notes and MRI justifying procedure,"Intra operative still image, post procedure clinical photgraph, detailed Procedure / Operative Notes, Detailed Discharge summary.",No,--
SB,Orthopaedics,SB037A,Elbow replacement,14100,Clinical notes and X-ray/ CT justifying the surgery,"Post Procedure clinical photgraph, detailed discharge summary, detailed Procedure / Operative Notes. Post op X-ray showing the implant & invoice / bar code of implant.",No,--
SB,Orthopaedics,SB038A,Cemented,35000,Clinical notes and X-ray/ CT justifying the surgery,"Post Procedure X-ray showing implant, detailed Procedure / Operative Notes. Bar code of implant & cement used, Detailed discharge summary",No,--
SB,Orthopaedics,SB038B,Cementless,37000,Clinical notes and X-ray/ CT justifying the surgery,"Post Procedure X-ray showing implant, detailed Procedure / Operative Notes. Bar code of implant used, Detailed discharge summary",No,--
SB,Orthopaedics,SB038C,Hybrid,32000,Clinical notes and X-ray/ CT justifying the surgery,"Post Procedure X-ray showing implant, detailed Procedure / Operative Notes. Bar code of implant / cement used, Detailed discharge summary",No,--
SB,Orthopaedics,SB038D,Revision - Total Hip Replacement                                                         ,40000,Clinical notes and X-ray/ CT justifying the surgery,"Post Procedure X-ray showing implant, detailed Procedure / Operative Notes. Bar code of implant / cement used, Detailed discharge summary",No,--
SB,Orthopaedics,SB039A,Primary - Total Knee Replacement,25000,Clinical notes and X-ray/ CT justifying the surgery,"Post Procedure clinical photgraph, detailed discharge summary, detailed Procedure / Operative Notes. Post op X-ray showing the implant & invoice / bar code of implant.",Yes,No
SB,Orthopaedics,SB039B,Revision - Total Knee Replacement                                                         ,30000,Clinical notes and X-ray/ CT justifying the surgery,"Post Procedure clinical photgraph, detailed discharge summary, detailed Procedure / Operative Notes. Post op X-ray showing the implant & invoice / bar code of implant.",Yes,No
SB,Orthopaedics,SB040A,"Bone Tumour  Excision (malignant) including GCT + Joint replacement 
(depending upon type of joint and implant)",57000,"Clinical notes justifying need of this surgery and X-ray/ MRI of affected part, Biopsy, clinical photograph of affected part","Post procedure imaging study (X Ray), Post Procedure with implant; invoice and barcode of implant. detailed Procedure / Operative Notes. Histopathology of excised tissue, Detailed Discharge summary",No,--
SB,Orthopaedics,SB041A,Bone Tumour Excision + reconstruction ,30000,"Clinical notes justifying need of this surgery and X-ray/ MRI of affected part, Biopsy, clinical photograph of affected part","Post procedure imaging study (X Ray), Post procedure clinical photgraph, detailed Procedure / Operative Notes. Detailed discharge summary, invoice and barcode of implant",No,--
SB,Orthopaedics,SB042A,Bone Tumour (benign) curettage / Excision and bone grafting,20000,"Clinical notes justifying need of this surgery and X-ray/ MRI of affected part, Biopsy, clinical photograph of affected part","Post procedure imaging study (X Ray), Post Procedure clinical photgraph of both donor and recipient sites, detailed Procedure / Operative Notes. Histopathology of curreted tissue, Detailed Discharge summary",No,--
SB,Orthopaedics,SB043A,Above Elbow,15000,"X Ray of affected limb, clinical notes and clinical photograph of affected part justifying the indication; MLC/ FIR if traumatic","Post Procedure clinical photgraph, detailed Procedure / Operative Notes. Detailed discharge summary",No,--
SB,Orthopaedics,SB043B,Below Elbow,15000,"X Ray of affected limb, clinical notes and clinical photograph of affected part justifying the indication; MLC/ FIR if traumatic","Post Procedure clinical photgraph, detailed Procedure / Operative Notes. Detailed discharge summary",No,--
SB,Orthopaedics,SB043C,Above Knee,15000,"X Ray of affected limb, clinical notes and clinical photograph of affected part justifying the indication; MLC/ FIR if traumatic","Post Procedure clinical photgraph, detailed Procedure / Operative Notes. Detailed discharge summary",No,--
SB,Orthopaedics,SB043D,Below Knee,15000,"X Ray of affected limb, clinical notes and clinical photograph of affected part justifying the indication; MLC/ FIR if traumatic","Post Procedure clinical photgraph, detailed Procedure / Operative Notes. Detailed discharge summary",No,--
SB,Orthopaedics,SB043E,Foot,15000,"X Ray of affected limb, clinical notes and clinical photograph of affected part justifying the indication; MLC/ FIR if traumatic","Post Procedure clinical photgraph, detailed Procedure / Operative Notes. Detailed discharge summary",No,--
SB,Orthopaedics,SB043F,Hand,15000,"X Ray of affected limb, clinical notes and clinical photograph of affected part justifying the indication; MLC/ FIR if traumatic","Post Procedure clinical photgraph, detailed Procedure / Operative Notes. Detailed discharge summary",No,--
SB,Orthopaedics,SB043G,Wrist,15000,"X Ray of affected limb, clinical notes and clinical photograph of affected part justifying the indication; MLC/ FIR if traumatic","Post Procedure clinical photgraph, detailed Procedure / Operative Notes. Detailed discharge summary",No,--
SB,Orthopaedics,SB044A,Above Elbow,23200,"X Ray of affected limb, clinical notes and clinical photograph of affected part justifying the indication; MLC/ FIR if traumatic","Post Procedure clinical photgraph, detailed Procedure / Operative Notes. Detailed discharge summary",No,--
SB,Orthopaedics,SB044B,Below Elbow,23200,"X Ray of affected limb, clinical notes and clinical photograph of affected part justifying the indication; MLC/ FIR if traumatic","Post Procedure clinical photgraph, detailed Procedure / Operative Notes. Detailed discharge summary",No,--
SB,Orthopaedics,SB044C,Above Knee,23200,"X Ray of affected limb, clinical notes and clinical photograph of affected part justifying the indication; MLC/ FIR if traumatic","Post Procedure clinical photgraph, detailed Procedure / Operative Notes. Detailed discharge summary",No,--
SB,Orthopaedics,SB044D,Below Knee,23200,"X Ray of affected limb, clinical notes and clinical photograph of affected part justifying the indication; MLC/ FIR if traumatic","Post Procedure clinical photgraph, detailed Procedure / Operative Notes. Detailed discharge summary",No,--
SB,Orthopaedics,SB044E,Foot,23200,"X Ray of affected limb, clinical notes and clinical photograph of affected part justifying the indication; MLC/ FIR if traumatic","Post Procedure clinical photgraph, detailed Procedure / Operative Notes. Detailed discharge summary",No,--
SB,Orthopaedics,SB044F,Hand,23200,"X Ray of affected limb, clinical notes and clinical photograph of affected part justifying the indication; MLC/ FIR if traumatic","Post Procedure clinical photgraph, detailed Procedure / Operative Notes. Detailed discharge summary",No,--
SB,Orthopaedics,SB044G,Wrist,23200,"X Ray of affected limb, clinical notes and clinical photograph of affected part justifying the indication; MLC/ FIR if traumatic","Post Procedure clinical photgraph, detailed Procedure / Operative Notes. Detailed discharge summary",No,--
SB,Orthopaedics,SB045A,Finger(s),10400,"X Ray of affected limb, clinical notes and clinical photograph of affected part justifying the indication; MLC/ FIR if traumatic","Post Procedure clinical photgraph, detailed Procedure / Operative Notes. Detailed discharge summary",No,--
SB,Orthopaedics,SB045B,Toe(s),10400,"X Ray of affected limb, clinical notes and clinical photograph of affected part justifying the indication; MLC/ FIR if traumatic","Post Procedure clinical photgraph, detailed Procedure / Operative Notes. Detailed discharge summary",No,--
SB,Orthopaedics,SB046A,Tendon Grafting,15000,"Clinical notes detailing jusification of surgery, clinical photograph of affected part",Post Procedure clinical photgraph of donor and receipent sites; detailed Procedure / Operative Notes. Detailed discharge summary,No,--
SB,Orthopaedics,SB046B,Tendon Repair,15000,"Clinical notes detailing jusification of surgery, clinical photograph of affected part",Post Procedure clinical photgraph; detailed Procedure / Operative Notes. Detailed discharge summary,No,--
SB,Orthopaedics,SB047A,Tendon Release / Tenotomy,5000,"Clinical notes and justifying need of surgery, clinical photograph of affected part","Post Procedure clinical photgraph, detailed Procedure / Operative Notes. Detailed discharge summary",Yes,No
SB,Orthopaedics,SB048A,Tenolysis,5000,"Clinical notes and justifying need of surgery, clinical photograph of affected part","Post Procedure clinical photgraph, detailed Procedure / Operative Notes including agent used for lysis of tendon. Detailed discharge summary",No,--
SB,Orthopaedics,SB049A,Anterior,25700,"Clinical notes and MRI scan of affected knee, Clinical photograph of affected part","Post Procedure clinical photgraph, detailed Procedure / Operative Notes. Post proedure X-ray showing implant; ensure brace is provided in package cost, Detailed Discharge summary",No,--
SB,Orthopaedics,SB049B,Posterior,25700,"Clinical notes and MRI scan of affected knee, Clinical photograph of affected part","Post Procedure clinical photgraph, detailed Procedure / Operative Notes. Post proedure X-ray showing implant; ensure brace is provided in package cost, Detailed Discharge summary",No,--
SB,Orthopaedics,SB050A,Fasciotomy,10500,"Clinical documents justifying surgery with USG Evidence, clinical photograph of affected part","Detailed discharge summary, Post Procedure clinical photgraph, detailed Procedure / Operative Notes.",No,--
SB,Orthopaedics,SB051A,Duputryen?s Contracture release + rehabilitation,8500,Clinical notes and clinical photograph of affected part confirming the diagnosis,"Detailed discharge summary Post Procedure clinical photgraph, detailed Procedure / Operative Notes.",No,--
SB,Orthopaedics,SB052A,Anti-biotic + dressing - minimum of 5 sessions,10900,"Clinical notes +/- X-ray confirming the diagnosis, clinical photograph of affected part","Post Procedure clinical photgraph, detailed Procedure / Operative Notes. Detailed discharge summary Evidence of 5 sessions dressing",No,--
SB,Orthopaedics,SB052B,Anti-biotic + dressing - minimum of 2 sessions,3000,"Clinical notes +/- X-ray confirming the diagnosis, clinical photograph of affected part","Post Procedure clinical photgraph, detailed Procedure / Operative Notes. Detailed discharge summary Evidence of 2 sessions dressing",No,--
SB,Orthopaedics,SB053A,Sequestectomy / Curettage,10000,"Clinical notes with planned line of treatment including planned line of treatment, X-ray films with reports ","Procedure / Operation notes, Post procedure X-ray films with reports, Detailed Discharge Summary",Yes,No
SB,Orthopaedics,SB054A,Spine deformity correction,40000,"Clinical notes with planned line of treatment including planned line of treatment, X-ray films with reports ","Procedure / Operation notes, Post procedure X-ray films with reports, Detailed Discharge Summary, Invoice and barcode of implant",No,--
SB,Orthopaedics,SB055A,Long Bone,18000,"Clinical notes and X-ray of the affected bone justifying the procedure, clinical photograph of affected part","Post procedure imaging study (X Ray), Post procedure clinical photgraph, detailed Procedure / Operative Notes. Detailed discharge summary, invoice and barcode of implant",No,--
SB,Orthopaedics,SB055B,Small Bone,10000,"Clinical notes and X-ray of the affected bone justifying the procedure, clinical photograph of affected part","Post procedure imaging study (X Ray), Post Procedure clinical photgraph, detailed Procedure / Operative Notes. Detailed discharge summary",No,--
SB,Orthopaedics,SB056A,Pelvic Osteotomy and fixation,20000,"Clinical notes and X-ray of the patella justifying the procedure, clinical photograph of affected part","Post procedure imaging study (X Ray) showing the implant, Post Procedure clinical photgraph, detailed Procedure / Operative Notes. Invoice and barcode of implant used. Detailed discharge summary",No,--
SB,Orthopaedics,SB057A,High Tibial Osteotomy,16000,"Clinical notes and X-ray confirming the diagnosis, clinical photograph of affected part","Post procedure imaging study (X Ray), Post procedure clinical photgraph, detailed Procedure / Operative Notes. Detailed discharge summary, invoice and barcode of implant",No,--
SB,Orthopaedics,SB058A,Ilizarov Fixation,15000,"Clinical and radiological investigations confirming the indication, clinical photograph of affected part",Post Procedure clinical photgraph / Post procedure X-ray showing implant; detailed Procedure / Operative Notes. Detailed discharge summary Invoice and barcode of implant.,No,--
SB,Orthopaedics,SB059A,Limb Lengthening / Bone Transport by Ilizarov,23700,"Clinical and radiological investigations confirming the diagnosis, clinical photograph of affected part showing short limb as compared to other limb","Post procedure clinical photograph; Intra procedure still pictures; Detailed discharge summary Detailed Procedure / Operative Notes, Invoice and barcode of implant",No,--
SB,Orthopaedics,SB060A,Growth Modulation and fixation,5000,"Clinical notes with planned line of treatment including planned line of treatment, X-ray films with reports ","Procedure / Operation notes, Post procedure X-ray films with reports, Detailed Discharge Summary, Invoice and barcode of implant",No,--
SB,Orthopaedics,SB061A,Vertical Talus,15000,"Clinical notes with planned line of treatment including planned line of treatment, X-ray films with reports ","Procedure / Operation notes, Post procedure X-ray films with reports, Detailed Discharge Summary",No,--
SB,Orthopaedics,SB061B,Other foot deformities,15000,"Clinical notes with planned line of treatment including planned line of treatment, X-ray films with reports ","Procedure / Operation notes, Post procedure X-ray films with reports, Detailed Discharge Summary",No,--
SB,Orthopaedics,SB062A,Correction of club foot per cast,3000,"Clinical notes and X-ray confirming the diagnosis, clinical photograph of affected part","Post Procedure clinical photgraph with cast, detailed Procedure / Operative Notes, Detailed Discharge summary.",Yes,No
SB,Orthopaedics,SB063A,Corrective Surgery in Club Foot / JESS Fixator,12000,"Clinical notes with planned line of treatment including planned line of treatment, X-ray films with reports ","Procedure / Operation notes, Post procedure X-ray films with reports, Detailed Discharge Summary, Invoice and barcode of implant",No,--
SB,Orthopaedics,SB064A,Osteochondroma ,10000,"Clinical notes justifying surgery with evidence from X-ray / MRI scan of affected part, clinical photograph of affected part","Post Procedure clinical photgraph, detailed Procedure / Operative Notes.Detailed Discharge summary Histopath of removed tissue",No,--
SB,Orthopaedics,SB064B,Exostosis,10000,"Clinical notes justifying surgery with evidence from X-ray / MRI scan of affected part, clinical photograph of affected part","Post Procedure clinical photgraph, detailed Procedure / Operative Notes.Detailed Discharge summary Histopath of removed tissue",No,--
SB,Orthopaedics,SB065A,Excision of Bursa,3000,"Clinical notes detailing findings confirming the diagnosis, clinical photograph of affected part","Detailed discharge summary, Post Procedure clinical photgraph, detailed Procedure / Operative Notes.",Yes,No
SB,Orthopaedics,SB066A,Nerve Transposition,13000,Clinical notes justifying surgery with evidence of MRI / EMG/ NCV,"Intra Procedure still images, detailed Procedure / Operative Notes. Detailed Discharge summary",No,--
SB,Orthopaedics,SB066B,Nerve Release,13000,Clinical notes justifying surgery with evidence of MRI / EMG/ NCV,"Intra Procedure still images, detailed Procedure / Operative Notes. Detailed Discharge summary",No,--
SB,Orthopaedics,SB066C,Nerve Neurolysis,13000,Clinical notes justifying surgery with evidence of MRI / EMG/ NCV,"Intra Procedure still images, detailed Procedure / Operative Notes. Detailed Discharge summary",No,--
SB,Orthopaedics,SB067A,Nerve Repair Surgery,13800,Clinical notes justifying surgery with evidence of MRI / EMG/ NCV,"Intra procedure still images, Post Procedure clinical photgraph, detailed Procedure / Operative Notes. Detailed discharge summary",No,--
SB,Orthopaedics,SB068A,Nerve root block,3000,"Clinical notes with planned line of treatment including planned line of treatment, X-ray films with reports ","Procedure / Operation notes, Post procedure X-ray films with reports, Detailed Discharge Summary",No,--
SB,Orthopaedics,SB069A,Exploration and Ulnar nerve Repair,9800,Clinical +/- and radiological investigations confirming the need of surgery; +/- NCV report,"Detailed discharge summary, Post Procedure clinical photgraph, detailed Procedure / Operative Notes.",No,--
SB,Orthopaedics,SB070A,K - Wire,5000,"Clinical notes with planned line of treatment including planned line of treatment, X-ray films with reports ","Procedure / Operation notes, Post procedure X-ray films with reports, Detailed Discharge Summary",No,--
SB,Orthopaedics,SB070B,Screw,5000,"Clinical notes with planned line of treatment including planned line of treatment, X-ray films with reports ","Procedure / Operation notes, Post procedure X-ray films with reports, Detailed Discharge Summary",No,--
SB,Orthopaedics,SB071A,Nail,15000,"Clinical notes with planned line of treatment including planned line of treatment, X-ray films with reports ","Procedure / Operation notes, Post procedure X-ray films with reports, Detailed Discharge Summary",No,--
SB,Orthopaedics,SB071B,Plate,15000,"Clinical notes with planned line of treatment including planned line of treatment, X-ray films with reports ","Procedure / Operation notes, Post procedure X-ray films with reports, Detailed Discharge Summary",No,--
SB,Orthopaedics,SBU100,Unspecified Surgical Package,0,NA,NA,No,--
SB,Orthopaedics,SC070A,Bone tumors / soft tissue sarcomas: surgery,30000,"HPE, Clinical notes with planned line of treatment","Procedure / Operative Notes, Post Procedure Photographs of surgical site, HPE report, Detailed Discharge Summary",No,--
SB,Orthopaedics,SG092A,Tendon Transfer,15000,"Clinical notes and Clinical photograph of affected part, Evidence of confirmed diagnosis of Leprosy","Intra procedure clinical photograph, Post procedure clinical photograph, Detailed Operative notes, Detailed discharge summary",No,--
SB,Orthopaedics,SN032A,Thoracic Corpectomy with fusion,60000,Clinical notes and MRI,"Post procedure Imaging with film (X ray) showing the implants, Post procedure Clinical photgraph showing scar, Detailed discharge summary , Detailed Procedure / Operative Notes",No,--
SB,Orthopaedics,SN032B,Lumbar Corpectomy with fusion,60000,Clinical notes and MRI,"Post procedure Imaging with film (X ray) showing the implants, Post procedure Clinical photgraph showing scar, Detailed discharge summary , Detailed Procedure / Operative Notes",No,--
SB,Orthopaedics,SN034A,Laminectomy with Fusion,40000,Clinical notes and MRI establishing need of surgery,"Post procedure X-ray showing fixation & fusion, Post procedure Clinical photgraph showing scar, Detailed discharge summary Detailed Procedure / Operative Notes.",No,--
SB,Orthopaedics,SN034B,Laminectomy with Fusion and fixation,40000,Clinical notes and MRI establishing need of surgery,"Post procedure X-ray showing fixation & fusion, Post procedure Clinical photgraph showing scar, Detailed discharge summary Detailed Procedure / Operative Notes.",No,--
SB,Orthopaedics,SN038A,Spine - Decompression & Fusion,40000,Clinical notes and MRI supporting surgery,Post op X-ray with film showing fusion; Detailed discharge summary; Detailed Procedure / Operative Notes;,No,--
SB,Orthopaedics,SN038B,Spine - Decompression & Fusion with fixation,40000,Clinical notes and MRI supporting surgery,Post op X-ray with film showing fusion; Detailed discharge summary; Detailed Procedure / Operative Notes;,No,--
SB,Orthopaedics,SN046A,Carpal Tunnel Release,10000,"Clinical history, MRI, NCV","Post procedure Clinical photgraph showing scar, Detailed discharge summary , Detailed Procedure / Operative Notes & MRI Report",No,--
SB,Orthopaedics,ST001A,Severe,0,Clinical notes with planned line of treatment,Discharge summary,No,--
SB,Orthopaedics,ST001B,Depressed Fracture,0,"Clinical notes with planned line of treatment including planned line of treatment, X-ray films with reports ",Discharge summary,No,--
SB,Orthopaedics,ST002A,Head injury with repair of Facio-Maxillary Injury & fixations (including implants),31000,Clinical notes detailing the injury and need of surgery. MLC/ FIR with X-ray/ CT; pre-op clinical photograph,"Post- op Clinical Photograph showing implant for fixation and repairs; detailed discharge summary, Detailed operatives notes",No,--
SB,Orthopaedics,ST003A,Subdural hematoma along with fixation of fracture of single long bone,60000,Clinical notes detailing the injury and need of surgery. MLC/ FIR with X-ray/ CT/ MRI (of both head & affected long bone),"Post- op Clinical Photograph & X-rays showing craniotomy evidence and implant for fixation; detailed discharge summary, Detailed operatives notes",No,--
SB,Orthopaedics,ST003B,Extradural hematoma along with fixation of fracture of single long bone,60000,Clinical notes detailing the injury and need of surgery. MLC/ FIR with X-ray/ CT/ MRI (of both head & affected long bone),"Post- op Clinical Photograph & X-rays showing craniotomy evidence and implant for fixation; detailed discharge summary, Detailed operatives notes",No,--
SB,Orthopaedics,ST003C,Subdural hematoma along with fixation of fracture of 2 or more long bone.,75000,Clinical notes detailing the injury and need of surgery. MLC/ FIR with X-ray/ CT/ MRI (of both head & affected long bone),"Post- op Clinical Photograph & X-rays showing craniotomy evidence and implant for fixation; detailed discharge summary, Detailed operatives notes",No,--
SB,Orthopaedics,ST003D,Extradural hematoma along with fixation of fracture of 2 or more long bone.,75000,Clinical notes detailing the injury and need of surgery. MLC/ FIR with X-ray/ CT/ MRI (of both head & affected long bone),"Post- op Clinical Photograph & X-rays showing craniotomy evidence and implant for fixation; detailed discharge summary, Detailed operatives notes",No,--
SB,Orthopaedics,ST004A,Management of Chest injury with fixation of Single Long bone,30000,Clinical notes detailing the injury and need of surgery. MLC/ FIR with X-ray/ CT/ MRI (of both chest & affected long bone),"Intra- op Clinical Photograph & X-rays showing chest injury repair and implant for fixation; detailed discharge summary, Detailed operatives notes",No,--
SB,Orthopaedics,ST004B,Management of Chest injury with fixation of 2 or more Long bones,45000,Clinical notes detailing the injury and need of surgery. MLC/ FIR with X-ray/ CT/ MRI (of both chest & affected long bone),"Intra- op Clinical Photograph & X-rays showing chest injury repair and implant for fixation; detailed discharge summary, Detailed operatives notes",No,--
SB,Orthopaedics,ST005A,Surgical intervention for Visceral injury and fixation of fracture of single long bone,30000,Clinical notes detailing the injury and need of surgery. MLC/ FIR with X-ray/ CT/ MRI (of both affected viscera & affected long bone),"Intra- op Clinical Photograph & X-rays showing visceral injury repair and implant for fixation; detailed discharge summary, Detailed operatives notes",No,--
SB,Orthopaedics,ST005B,Surgical intervention for Visceral injury and fixation of fracture of 2 or more long bones,45000,Clinical notes detailing the injury and need of surgery. MLC/ FIR with X-ray/ CT/ MRI (of both affected viscera & affected long bone),"Intra- op Clinical Photograph & X-rays showing visceral injury repair and implant for fixation; detailed discharge summary, Detailed operatives notes",No,--
SB,Orthopaedics,ST006A,Internal fixation of Pelviacetabular fracture,40000,Clinical notes detailing the injury and need of surgery. MLC/ FIR with X-ray/ CT;,"Post- op Clinical Photograph showing implant for fixation; detailed discharge summary, Detailed operatives notes",No,--
SB,Orthopaedics,ST007A,Internal fixation with Flap cover Surgery for wound in compound fracture,40000,"Clinical notes and PRE OP CLINICAL PICTURE
+/- X-RAY/CT","Post- op Clinical Photograph showing implant for fixation and flap cover; detailed discharge summary, Detailed operatives notes",No,--
SB,Orthopaedics,ST008A,Emergency tendons repair Peripheral Nerve repair/ reconstructive surgery,30000,Clinical notes with planned line of treatment detailing the injury and need of surgery. MLC/ FIR with X-ray/ CT/ MRI (of both chest & affected long bone),"Intra- op Clinical Photograph showing tendon/ nerve injury repair and reconstruction; detailed discharge summary, Detailed operatives notes",No,--
SB,Orthopaedics,ST009A,Nerve Plexus injury repair,50000,Clinical notes detailing the injury and need of surgery. MLC/ FIR +/- Nerve conduction velocity (NCV) +/- MRI + /- EMG(Electromyography),"Intra operative still photograph, detailed discharge summary, Detailed operatives notes",No,--
SB,Orthopaedics,ST009B,Nerve Plexus injury reconstruction,50000,Clinical notes detailing the injury and need of surgery. MLC/ FIR +/- Nerve conduction velocity (NCV) +/- MRI + /- EMG(Electromyography),"Intra operative still photograph, detailed discharge summary, Detailed operatives notes",No,--
SB,Orthopaedics,ST009C,Tendon injury repair,50000,Clinical notes detailing the injury and need of surgery. MLC/ FIR +/- Nerve conduction velocity (NCV) +/- MRI + /- EMG(Electromyography),"Intra operative still photograph, detailed discharge summary, Detailed operatives notes",No,--
SB,Orthopaedics,ST009D,Tendon injury reconstruction,50000,Clinical notes detailing the injury and need of surgery. MLC/ FIR +/- Nerve conduction velocity (NCV) +/- MRI + /- EMG(Electromyography),"Intra operative still photograph, detailed discharge summary, Detailed operatives notes",No,--
SB,Orthopaedics,ST009E,Tendon Transfer,50000,Clinical notes detailing the injury and need of surgery. MLC/ FIR +/- Nerve conduction velocity (NCV) +/- MRI + /- EMG(Electromyography),"Intra operative still photograph, detailed discharge summary, Detailed operatives notes",No,--
SB,Orthopaedics,ST010A,Plexus injury along with Vascular injury repair,60000,Clinical notes detailing the injury and need of surgery. MLC/ FIR +/- Nerve conduction velocity (NCV) + /- MRI + /- MRA + /- EMG (Electromyography),"Intra operative still photograph, detailed discharge summary, Detailed operatives notes",No,--
SB,Orthopaedics,ST010B,Plexus injury along with Vascular injury graft,60000,Clinical notes detailing the injury and need of surgery. MLC/ FIR +/- Nerve conduction velocity (NCV) + /- MRI + /- MRA + /- EMG (Electromyography),"Intra operative still photograph, detailed discharge summary, Detailed operatives notes",No,--
SC,Surgical Oncology,SC001A,Hemiglossectomy,24000,"Clinical notes with planned line of treatment and FNAC/ BIOPSY, CECT","Procedure / Operative Notes, Post Procedure Photographs of surgical site, HPE report, Detailed Discharge Summary",No,--
SC,Surgical Oncology,SC001B,Total Glossectomy,30000,"Clinical notes with planned line of treatment and FNAC/ BIOPSY, CECT","Procedure / Operative Notes, Post Procedure Photographs of surgical site, HPE report, Detailed Discharge Summary",No,--
SC,Surgical Oncology,SC002A,Soft palate,20000,"Clinical notes, Biopsy and clinical photograph +/- CT/ MRI","detailed Procedure / Operative Notes, Clinical photgraph showing scar, detailed discharge summary, HPE",No,--
SC,Surgical Oncology,SC002B,Hard palate,20000,"Clinical notes, Biopsy and clinical photograph +/- CT/ MRI","detailed Procedure / Operative Notes, Clinical photgraph showing scar, detailed discharge summary, HPE",No,--
SC,Surgical Oncology,SC003A,Partial,27000,"Clinical notes and Biopsy, CECT","detailed Procedure / Operative Notes, Clinical Photograph showing scar, HPE report, Detailed discharge summary",No,--
SC,Surgical Oncology,SC003B,Radical,33000,"Clinical notes and Biopsy, CECT","detailed Procedure / Operative Notes, Clinical Photograph showing scar, HPE report, Detailed Discharge summary",No,--
SC,Surgical Oncology,SC003C,Total,30000,"Clinical notes and Biopsy, CECT","detailed Procedure / Operative Notes, Clinical Photograph showing scar, HPE report, Detailed Discharge summary",No,--
SC,Surgical Oncology,SC004A,Composite resection (Oral Cavity),40000,"Clinical notes, Biopsy, CT reports and clinical photograph","detailed Procedure / Operative Notes, Clinical Photograph showing scar, HPE report, detailed discharge summary",No,--
SC,Surgical Oncology,SC005A,Oesophageal stenting,45000,"Clinical notes and CECT, OGD Scopy","Barcode of Stent; Detailed Procedure / Operative Notes, Detailed Discharge summary.",No,--
SC,Surgical Oncology,SC005B,Tracheal stenting ,45000,"Clinical notes and CECT, OGD Scopy","Barcode of Stent; Detailed Procedure / Operative Notes,Detailed Discharge summary",No,--
SC,Surgical Oncology,SC006A,Open,60000,"Clinical notes with planned line of treatment and FNAC/ BIOPSY, CECT","Procedure / Operative Notes, Post Procedure Photographs of surgical site, HPE report, Detailed Discharge Summary",No,--
SC,Surgical Oncology,SC006B,MIS,60000,"Clinical notes with planned line of treatment and FNAC/ BIOPSY, CECT","Procedure / Operative Notes, Post Procedure Photographs of surgical site, HPE report, Detailed Discharge Summary",No,--
SC,Surgical Oncology,SC007A,Gastric pull-up / Jejunal Graft,36000,"Clinical notes with planned line of treatment and FNAC/ BIOPSY, CECT","Procedure / Operative Notes, Post Procedure Photographs of surgical site, HPE report, Detailed Discharge Summary",No,--
SC,Surgical Oncology,SC008A,Open,33000,"Clinical notes with planned line of treatment and FNAC/ BIOPSY, CECT","Procedure / Operative Notes, Post Procedure Photographs of surgical site, HPE report, Detailed Discharge Summary",No,--
SC,Surgical Oncology,SC008B,Lap.,33000,"Clinical notes with planned line of treatment and FNAC/ BIOPSY, CECT","Procedure / Operative Notes, Post Procedure Photographs of surgical site, HPE report, Detailed Discharge Summary",No,--
SC,Surgical Oncology,SC009A,Open,40200,"Clinical notes with planned line of treatment and FNAC/ BIOPSY, CECT","Procedure / Operative Notes, HPE report, Detailed Discharge Summary",No,--
SC,Surgical Oncology,SC009B,Lap.,40200,"Clinical notes with planned line of treatment and FNAC/ BIOPSY, CECT","Procedure / Operative Notes, HPE report, Detailed Discharge Summary",No,--
SC,Surgical Oncology,SC010A,Abdominal wall tumour resection,25000,Clinical notes and CT abdomen reports; biopsy,"detailed Procedure / Operative Notes, Clinical Photograph showing scar, HPE report; detailed discharge summary",No,--
SC,Surgical Oncology,SC010B,Abdominal wall tumour resection with reconstruction,39000,Clinical notes and CT abdomen reports; biopsy,"detailed Procedure / Operative Notes, Clinical Photograph showing scar, HPE report; detailed discharge summary",No,--
SC,Surgical Oncology,SC011A,Exploratory laparotomy f / b diversion stoma,30000,"Clinical notes with planned line of treatment, CECT","Procedure / Operative Notes, Post Procedure Photographs of surgical site, HPE report, Detailed Discharge Summary",No,--
SC,Surgical Oncology,SC011B,Exploratory laparotomy f / b diversion bypass,30000,"Clinical notes with planned line of treatment, CECT","Procedure / Operative Notes, Post Procedure Photographs of surgical site, HPE report, Detailed Discharge Summary",No,--
SC,Surgical Oncology,SC012A,Open,39600,"Clinical notes with planned line of treatment, HPE","Procedure / Operative Notes, HPE report, Detailed Discharge Summary",No,--
SC,Surgical Oncology,SC012B,Lap.,39600,"Clinical notes with planned line of treatment, HPE","Procedure / Operative Notes, HPE report, Detailed Discharge Summary",No,--
SC,Surgical Oncology,SC013A,Omentectomy,21000,"Clinical notes with planned line of treatment, HPE","Procedure / Operative Notes, Post Procedure Photographs of surgical site, HPE report, Detailed Discharge Summary",No,--
SC,Surgical Oncology,SC014A,Procedures Requiring Bypass Techniques,35000,"Clinical notes with planned line of treatment, HPE","Procedure / Operative Notes, Post Procedure Photographs of surgical site, HPE report, Detailed Discharge Summary",No,--
SC,Surgical Oncology,SC015A,Segmentectomy - hepatobiliary system,50000,"Clinical notes and Biopsy, CECT/ MRI","detailed Procedure / Operative Notes, Clinical Photograph showing scar, HPE report; detailed discharge summary",No,--
SC,Surgical Oncology,SC016A,Radical,39600,Clinical notes and CECT/MRI reports; biopsy,"detailed Procedure / Operative Notes, Clinical Photograph showing scar, HPE report; detailed discharge summary",No,--
SC,Surgical Oncology,SC016B,Revision,39600,Clinical notes and CECT/MRI reports; biopsy,"detailed Procedure / Operative Notes, Clinical Photograph showing scar, HPE report; detailed discharge summary",No,--
SC,Surgical Oncology,SC017A,Enucleation of pancreatic neoplasm,39600,Clinical notes and CECT/ MRI & biopsy and IHC report,"detailed Procedure / Operative Notes, Clinical Photograph showing scar, HPE report, detailed discharge summary",No,--
SC,Surgical Oncology,SC018A,Hepatoblastoma Excision,52200,"Clinical notes with planned line of treatment, HPE, CT","Procedure / Operative Notes, Post Procedure Photographs of surgical site, HPE report, Detailed Discharge Summary",No,--
SC,Surgical Oncology,SC019A,Hemipelvectomy - Internal,54000,"Clinical notes with planned line of treatment, HPE, CT","Procedure / Operative Notes, Post Procedure Photographs of surgical site, HPE report, Detailed Discharge Summary",No,--
SC,Surgical Oncology,SC020A,Anterior - Open,58800,"Clinical notes with planned line of treatment, HPE, CT","Procedure / Operative Notes, HPE report, Detailed Discharge Summary",No,--
SC,Surgical Oncology,SC020B,Anterior - Lap.,58800,"Clinical notes with planned line of treatment, HPE, CT","Procedure / Operative Notes, HPE report, Detailed Discharge Summary",No,--
SC,Surgical Oncology,SC020C,Total - Open,58800,"Clinical notes with planned line of treatment, HPE, CT","Procedure / Operative Notes, HPE report, Detailed Discharge Summary",No,--
SC,Surgical Oncology,SC020D,Total - Lap.,58800,"Clinical notes with planned line of treatment, HPE, CT","Procedure / Operative Notes, HPE report, Detailed Discharge Summary",No,--
SC,Surgical Oncology,SC021A,Wilms tumors: surgery,33000,"Clinical notes with planned line of treatment, Biopsy/HPE, CT abdomen","Procedure / Operative Notes, Post Procedure Photographs of surgical site, HPE report, Detailed Discharge Summary",No,--
SC,Surgical Oncology,SC022A,Ureteric end to end anastomosis ,24000,"CT KUB, Clinical notes with planned line of treatment","Procedure / Operative Notes, Post Procedure Photographs of surgical site, HPE report, Detailed Discharge Summary",No,--
SC,Surgical Oncology,SC023A,Distal ureterectomy with reimplantation,30000,"CT KUB, Clinical notes with planned line of treatment","Procedure / Operative Notes, Post Procedure Photographs of surgical site, HPE report, Detailed Discharge Summary",No,--
SC,Surgical Oncology,SC024A,With continent diversion - Open,98000,"HPE, Clinical notes with planned line of treatment, CT","Procedure / Operative Notes, Post Procedure Photographs of surgical site, HPE report, Detailed Discharge Summary",No,--
SC,Surgical Oncology,SC024B,With Ileal Conduit - Open,88000,"HPE, Clinical notes with planned line of treatment, CT","Procedure / Operative Notes, Post Procedure Photographs of surgical site, HPE report, Detailed Discharge Summary",No,--
SC,Surgical Oncology,SC024C,With Ileal Conduit - Lap.,88000,"HPE, Clinical notes with planned line of treatment, CT","Procedure / Operative Notes, Post Procedure Photographs of surgical site, HPE report, Detailed Discharge Summary",No,--
SC,Surgical Oncology,SC024D,With neobladder - Open,98000,"HPE, Clinical notes with planned line of treatment, CT","Procedure / Operative Notes, Post Procedure Photographs of surgical site, HPE report, Detailed Discharge Summary",No,--
SC,Surgical Oncology,SC024E,With neobladder - Lap,98000,"HPE, Clinical notes with planned line of treatment, CT","Procedure / Operative Notes, Post Procedure Photographs of surgical site, HPE report, Detailed Discharge Summary",No,--
SC,Surgical Oncology,SC024F,With ureterosigmoidostomy - Open,75000,"HPE, Clinical notes with planned line of treatment, CT","Procedure / Operative Notes, Post Procedure Photographs of surgical site, HPE report, Detailed Discharge Summary",No,--
SC,Surgical Oncology,SC024G,With ureterosigmoidostomy - Lap,75000,"HPE, Clinical notes with planned line of treatment, CT","Procedure / Operative Notes, Post Procedure Photographs of surgical site, HPE report, Detailed Discharge Summary",No,--
SC,Surgical Oncology,SC024H,With ureterostomy -Open,70000,"HPE, Clinical notes with planned line of treatment, CT","Procedure / Operative Notes, Post Procedure Photographs of surgical site, HPE report, Detailed Discharge Summary",No,--
SC,Surgical Oncology,SC024I,With ureterostomy -Lap.,70000,"HPE, Clinical notes with planned line of treatment, CT","Procedure / Operative Notes, Post Procedure Photographs of surgical site, HPE report, Detailed Discharge Summary",No,--
SC,Surgical Oncology,SC025A,Channel TURP,22800,"Clinical notes with planned line of treatment, PSA, USG- prostate","Procedure / Operative Notes,  HPE report, Detailed Discharge Summary",No,--
SC,Surgical Oncology,SC026A,Radical Urethrectomy ,30000,"CT KUB, Clinical notes with planned line of treatment","Procedure / Operative Notes, Post Procedure Photographs of surgical site, HPE report, Detailed Discharge Summary",No,--
SC,Surgical Oncology,SC027A,"Penile preserving surgery 
(WLE, Glansectomy, Laser)",25000,"HPE, Clinical notes with planned line of treatment","Procedure / Operative Notes,  HPE report, Detailed Discharge Summary",No,--
SC,Surgical Oncology,SC028A,Excision of undescended testicular mass ,24000,"CT, Clinical notes with planned line of treatment","Procedure / Operative Notes,  HPE report, Detailed Discharge Summary",No,--
SC,Surgical Oncology,SC029A,Germ Cell Tumour Excision,30000,"Beta HCG, AFP, USG, CT, Clinical notes with planned line of treatment","Procedure / Operative Notes,  HPE report, Detailed Discharge Summary",No,--
SC,Surgical Oncology,SC030A,Open,21000,"Clinical notes with planned line of treatment, HPE","Procedure / Operative Notes, Post Procedure Photographs of surgical site, HPE report, Detailed Discharge Summary",No,--
SC,Surgical Oncology,SC030B,Lap.,21000,"Clinical notes with planned line of treatment, HPE","Procedure / Operative Notes, Post Procedure Photographs of surgical site, HPE report, Detailed Discharge Summary",No,--
SC,Surgical Oncology,SC031A,Open,42000,"Clinical notes with planned line of treatment, USG","Procedure / Operative Notes, Post Procedure Photographs of surgical site, HPE report, Detailed Discharge Summary",No,--
SC,Surgical Oncology,SC031B,MIS,42000,"Clinical notes with planned line of treatment, USG","Procedure / Operative Notes, Post Procedure Photographs of surgical site, HPE report, Detailed Discharge Summary",No,--
SC,Surgical Oncology,SC032A,Class I radical hysterectomy + bilateral salpingoophorectomy + BPLND - Lap.,27000,"Clinical notes with planned line of treatment and Biopsy, CECT/ MRI","Procedure / Operative Notes, Post Procedure Photographs of surgical site, HPE report, Detailed Discharge Summary",No,--
SC,Surgical Oncology,SC032B,Class I radical hysterectomy + bilateral salpingoophorectomy + BPLND - Open,27000,"Clinical notes with planned line of treatment and Biopsy, CECT/ MRI","Procedure / Operative Notes, Post Procedure Photographs of surgical site, HPE report, Detailed Discharge Summary",No,--
SC,Surgical Oncology,SC032C,Class I radical Hysterectomy +/- bilateral salpingoophorectomy - Lap.,27000,"Clinical notes with planned line of treatment and Biopsy, CECT/ MRI","Procedure / Operative Notes, Post Procedure Photographs of surgical site, HPE report, Detailed Discharge Summary",No,--
SC,Surgical Oncology,SC032D,Class I radical Hysterectomy +/- bilateral salpingoophorectomy - Open,27000,"Clinical notes with planned line of treatment and Biopsy, CECT/ MRI","Procedure / Operative Notes, Post Procedure Photographs of surgical site, HPE report, Detailed Discharge Summary",No,--
SC,Surgical Oncology,SC032E,Class II radical hysterctomy + BPLND,27000,"Clinical notes with planned line of treatment and Biopsy, CECT/ MRI","Procedure / Operative Notes, Post Procedure Photographs of surgical site, HPE report, Detailed Discharge Summary",No,--
SC,Surgical Oncology,SC032F,Class III radical hysterctomy + BPLND,27000,"Clinical notes with planned line of treatment and Biopsy, CECT/ MRI","Procedure / Operative Notes, Post Procedure Photographs of surgical site, HPE report, Detailed Discharge Summary",No,--
SC,Surgical Oncology,SC032G,Hysterectomy + bilateral salpingoophorectomy + omentectomy + peritonectomy and organ resections,34000,"Clinical notes with planned line of treatment and Biopsy, CECT/ MRI","Procedure / Operative Notes, Post Procedure Photographs of surgical site, HPE report, Detailed Discharge Summary",No,--
SC,Surgical Oncology,SC033A,Radical vaginectomy,30000,"Clinical notes and CECT, biopsy","HPE report, detailed Procedure / Operative Notes. Detailed discharge summary",No,--
SC,Surgical Oncology,SC034A,Vulvectomy + reconstruction procedures,36000,"Clinical notes with planned line of treatment, Biopsy/HPE","Procedure / Operative Notes,  HPE report, Detailed Discharge Summary",No,--
SC,Surgical Oncology,SC035A,Radical Trachelectomy,40000,"Clinical notes and CECT, biopsy","HPE report, detailed Procedure / Operative Notes. Detailed discharge summary , Post procedure Clinical photgraph showing scar",No,--
SC,Surgical Oncology,SC036A,Anterior + Posterior approach,60000,"Clinical notes with planned line of treatment, HPE","Procedure / Operative Notes, Post Procedure Photographs of surgical site, HPE report, Detailed Discharge Summary",No,--
SC,Surgical Oncology,SC036B,Posterior approach,54000,"Clinical notes with planned line of treatment, HPE","Procedure / Operative Notes, Post Procedure Photographs of surgical site, HPE report, Detailed Discharge Summary",No,--
SC,Surgical Oncology,SC037A,Resection of nasopharyngeal tumour,40000,"Clinical notes and Biopsy of primary, CECT/MRI","detailed Procedure / Operative Notes, Clinical Photograph showing scar, HPE report, detailed discharge summary",No,--
SC,Surgical Oncology,SC038A,Total Pharyngectomy,36000,"Clinical notes with planned line of treatment, HPE, CT / MRI","Procedure / Operative Notes, Post Procedure Photographs of surgical site, HPE report, Detailed Discharge Summary",No,--
SC,Surgical Oncology,SC039A,Parapharyngeal Tumour Excision,31200,"Clinical notes with planned line of treatment, HPE, CT / MRI","Procedure / Operative Notes, Post Procedure Photographs of surgical site, HPE report, Detailed Discharge Summary",No,--
SC,Surgical Oncology,SC040A,Partial laryngectomy (voice preserving),39000,"Clinical notes and Biopsy, CECT film and report","detailed Procedure / Operative Notes, Clinical Photograph showing scar, HPE report, Detailed Discharge summary",No,--
SC,Surgical Oncology,SC040B,Total Laryngectomy,36000,"Clinical notes and Biopsy, CECT film and report","detailed Procedure / Operative Notes, Clinical Photograph showing scar, HPE report",No,--
SC,Surgical Oncology,SC041A,Tracheal resection,36000,Clinical notes and CECT/ Biopsy confirming diagnosis,"detailed Procedure / Operative Notes, Clinical Photograph showing scar, HPE report, Detailed discharge summary",No,--
SC,Surgical Oncology,SC042A,Tracheal / Carinal resection,58800,"Clinical notes with planned line of treatment, HPE, CT / MRI","Procedure / Operative Notes, Post Procedure Photographs of surgical site, HPE report, Detailed Discharge Summary",No,--
SC,Surgical Oncology,SC043A,Tracheal Stenosis (End to end Anastamosis) (Throat),36000,"Clinical notes with planned line of treatment, HPE, CT / MRI","Procedure / Operative Notes, Post Procedure Photographs of surgical site, HPE report, Detailed Discharge Summary",No,--
SC,Surgical Oncology,SC044A,Central airway tumour debulking,22800,"Clinical notes with planned line of treatment, HPE, CT / MRI","Procedure / Operative Notes, Post Procedure Photographs of surgical site, HPE report, Detailed Discharge Summary",No,--
SC,Surgical Oncology,SC045A,Diagnostic thoracoscopy,15000,"Cinical notes, radiological evidence for indication","Procedure / Operative Notes, Post Procedure Photographs of surgical site, HPE report, Detailed Discharge Summary",No,--
SC,Surgical Oncology,SC046A,Sleeve resection of lung cancer,70000,"Clinical notes and FNAC/ BIOPSY, CECT","detailed Procedure / Operative Notes, Clinical Photograph showing scar, HPE report, detailed discharge summary",No,--
SC,Surgical Oncology,SC047A,Diagnostic,22200,"Cinical notes, radiological evidence for indication","Procedure / Operative Notes, Post Procedure Photographs of surgical site, HPE report, Detailed Discharge Summary",No,--
SC,Surgical Oncology,SC047B,Staging,22200,"Cinical notes, radiological evidence for indication","Procedure / Operative Notes, Post Procedure Photographs of surgical site, HPE report, Detailed Discharge Summary",No,--
SC,Surgical Oncology,SC048A,Chest Wall Tumour Excision,36000,"Clinical notes with planned line of treatment and HPE, CT","Procedure / Operative Notes, Post Procedure Photographs of surgical site, HPE report, Detailed Discharge Summary",No,--
SC,Surgical Oncology,SC048B,Removal of chest wall tumour with reconstruction,51000,"Clinical notes with planned line of treatment and HPE, CT","Procedure / Operative Notes, Post Procedure Photographs of surgical site, HPE report, Detailed Discharge Summary",No,--
SC,Surgical Oncology,SC049A,Pleurectomy Decortication,39000,"Clinical notes with planned line of treatment and HPE, CT","Procedure / Operative Notes, Post Procedure Photographs of surgical site, HPE report, Detailed Discharge Summary",No,--
SC,Surgical Oncology,SC050A,Chamberlain procedure,22200,Clinical notes with planned line of treatment and CT Thorax,"Procedure / Operative Notes, Post Procedure Photographs of surgical site, HPE report, Detailed Discharge Summary",No,--
SC,Surgical Oncology,SC051A,Extrapleural pneumonectomy,66000,"Clinical notes with planned line of treatment, HPE, CT","Procedure / Operative Notes, Post Procedure Photographs of surgical site, HPE report, Detailed Discharge Summary",No,--
SC,Surgical Oncology,SC052A,Pneumonectomy,54000,"Clinical notes with planned line of treatment and CT Thorax, biopsy","Procedure / Operative Notes, Post Procedure Photographs of surgical site, HPE report, Detailed Discharge Summary",No,--
SC,Surgical Oncology,SC053A,Open,30000,"Clinical notes and FNAC/ BIOPSY, CECT","detailed Procedure / Operative Notes, Clinical Photograph showing scar, HPE report, detailed discharge summary",No,--
SC,Surgical Oncology,SC053B,VATS,30000,"Clinical notes and FNAC/ BIOPSY, CECT","detailed Procedure / Operative Notes, Clinical Photograph showing scar, HPE report, detailed discharge summary",No,--
SC,Surgical Oncology,SC054A,Thoracostomy,19800,"Clinical notes with planned line of treatment, clinical photograph","Procedure / Operative Notes, Post Procedure Photographs of surgical site, HPE report, Detailed Discharge Summary",No,--
SC,Surgical Oncology,SC055A,Open,36000,"Clinical notes with planned line of treatment, CT","Procedure / Operative Notes, Post Procedure Photographs of surgical site, HPE report, Detailed Discharge Summary",No,--
SC,Surgical Oncology,SC055B,Video - assisted,36000,"Clinical notes with planned line of treatment, CT","Procedure / Operative Notes, Post Procedure Photographs of surgical site, HPE report, Detailed Discharge Summary",No,--
SC,Surgical Oncology,SC056A,Mediastinal mass excision with lung resection,60000,"Clinical notes with planned line of treatment and CT Thorax, biopsy","Procedure / Operative Notes, Post Procedure Photographs of surgical site, HPE report, Detailed Discharge Summary",No,--
SC,Surgical Oncology,SC057A,Open ,42000,"Clinical notes with planned line of treatment and CT Thorax, biopsy","Procedure / Operative Notes, Post Procedure Photographs of surgical site, HPE report, Detailed Discharge Summary",No,--
SC,Surgical Oncology,SC057B,Thoracoscopic,42000,"Clinical notes with planned line of treatment and CT Thorax, biopsy","Procedure / Operative Notes, Post Procedure Photographs of surgical site, HPE report, Detailed Discharge Summary",No,--
SC,Surgical Oncology,SC058A,Open,36000,"Clinical notes with planned line of treatment and CT Thorax, biopsy","Procedure / Operative Notes, Post Procedure Photographs of surgical site, HPE report, Detailed Discharge Summary",No,--
SC,Surgical Oncology,SC058B,Thoracoscopic,36000,"Clinical notes with planned line of treatment and CT Thorax, biopsy","Procedure / Operative Notes, Post Procedure Photographs of surgical site, HPE report, Detailed Discharge Summary",No,--
SC,Surgical Oncology,SC059A,"Breast conserving surgery 
(lumpectomy + axillary surgery)",22800,"Clinical notes and Mammography, FNAC/ BIOPSY; CT/ MRI","detailed Procedure / Operative Notes, HPE report; detailed discharge summary",No,--
SC,Surgical Oncology,SC059B,Breast conserving surgery with Oncoplasty,24600,"Clinical notes and Mammography, FNAC/ BIOPSY; CT/ MRI","detailed Procedure / Operative Notes, HPE report; detailed discharge summary",No,--
SC,Surgical Oncology,SC060A,Axillary Sampling / Sentinel Node Biopsy,16200,"FNAC, Clinical notes with planned line of treatment","Procedure / Operative Notes, Post Procedure Photographs of surgical site, HPE report, Detailed Discharge Summary",No,--
SC,Surgical Oncology,SC061A,Axillary dissection,19800,"Clinical notes and FNAC/ BIOPSY, CECT/ Chest X-ray","detailed Procedure / Operative Notes, Clinical Photograph showing scar, HPE report; detailed discharge summary",No,--
SC,Surgical Oncology,SC062A,Scalp tumour excision with skull bone excision,30000,"HPE, Clinical notes with planned line of treatment, ","Procedure / Operative Notes, Post Procedure Photographs of surgical site, HPE report, Detailed Discharge Summary",No,--
SC,Surgical Oncology,SC063A,Neuroblastoma Excision,60000,"HPE, Clinical notes with planned line of treatment","Procedure / Operative Notes, Post Procedure Photographs of surgical site, HPE report, Detailed Discharge Summary",No,--
SC,Surgical Oncology,SC064A,Growth - Squamous,21600,"HPE, Clinical notes with planned line of treatment","Procedure / Operative Notes, Post Procedure Photographs of surgical site, HPE report, Detailed Discharge Summary",No,--
SC,Surgical Oncology,SC064B,Growth - Basal,21600,"HPE, Clinical notes with planned line of treatment","Procedure / Operative Notes, Post Procedure Photographs of surgical site, HPE report, Detailed Discharge Summary",No,--
SC,Surgical Oncology,SC064C,Injury,21600,"Clinical notes with planned line of treatment, Clinical photograph","Procedure / Operative Notes, Post Procedure Photographs of surgical site, HPE report, Detailed Discharge Summary",No,--
SC,Surgical Oncology,SC065A,Neck dissection - comprehensive,16000,"Clinical notes, USG/ CT neck and Biopsy/FNAC","detailed Procedure / Operative Notes, Clinical Photograph showing scar, HPE report, detailed discharge summary",No,--
SC,Surgical Oncology,SC066A,Benign Soft Tissue Tumour - Excision,12000,"HPE, Clinical notes with planned line of treatment","Procedure / Operative Notes, Post Procedure Photographs of surgical site, HPE report, Detailed Discharge Summary",No,--
SC,Surgical Oncology,SC067A,Malignant Soft Tissue Tumour - Excision,24000,"HPE, Clinical notes with planned line of treatment","Procedure / Operative Notes, Post Procedure Photographs of surgical site, HPE report, Detailed Discharge Summary",No,--
SC,Surgical Oncology,SC068A,Myocutaneous flap,30600,Clinical notes and Biopsy of primary,"detailed Procedure / Operative Notes, Clinical photgraph showing scar, detailed discharge summary",No,--
SC,Surgical Oncology,SC068B,Fasciocutaneous flap,30600,Clinical notes and Biopsy of primary,"detailed Procedure / Operative Notes, Clinical photgraph showing scar, detailed discharge summary",No,--
SC,Surgical Oncology,SC069A,Rotationplasty,45000,Clinical notes with planned line of treatment,"Procedure / Operative Notes, Post Procedure Photographs of surgical site, Detailed Discharge Summary",No,--
SC,Surgical Oncology,SC071A,Complete,39000,"Clinical notes with planned line of treatment, radiological evidence for indication","Procedure / Operative Notes, Post Procedure Photographs of surgical site, Detailed Discharge Summary",No,--
SC,Surgical Oncology,SC071B,Partial,24000,"Clinical notes with planned line of treatment, radiological evidence for indication","Procedure / Operative Notes, Post Procedure Photographs of surgical site, Detailed Discharge Summary",No,--
SC,Surgical Oncology,SC072A,Vertebral Tumour Excision and Reconstruction,54000,"Clinical notes with planned line of treatment, radiological evidence for indication","Procedure / Operative Notes, Post Procedure Photographs of surgical site, HPE report, Detailed Discharge Summary",No,--
SC,Surgical Oncology,SC073A,Microvascular reconstruction (free flaps),45000,Clinical notes and Biopsy of primary with details of earlier surgery done and establishing need of microvascular reconstruction,"detailed discharge summary, detailed Procedure / Operative Notes, Clinical Photograph showing scar",No,--
SC,Surgical Oncology,SC074A,Vascular reconstruction ,57600,Clincal notes,Detailed Discharge Summary,No,--
SC,Surgical Oncology,SC075A,Curopsy / Sclerotherapy,19200,Clincal notes,Detailed Discharge Summary,No,--
SC,Surgical Oncology,SC076A,Chemo Port Insertion,18000,Clinical notes with planned line of treatment,"Procedure / Operative Notes, discharge summary, Invoice of Chemo port used",No,--
SC,Surgical Oncology,SCU100,Unspecified Surgical Package,0,NA,NA,No,--
SC,Surgical Oncology,SE037A,Exenteration,15000,"Indication for Exenteration and supporting investigation, (Biopsy / CT / MRI establishing indication for Exenteration) Clinical Photograph, Recommendation/opinion of 2 ophthalmologists for the procedure","Still image of the  the procedure with pt. ID and date,operative notes. Histopathological exam report. Detailed discharge summary, confirmation/ declaration that the specimen has been sent for histopathology and report will be sent for filing later",No,--
SC,Surgical Oncology,SG001A,Oesophagectomy,28300,Clinical notes and USG/CT/MRI/ Biopsy report confirming the diagnosis for which the surgery is done,"Histopath, Intra procedure clinical photograph, detailed discharge summary, Detailed Operative notes",No,--
SC,Surgical Oncology,SG003C,Partial Gastrectomy for Carcinoma,27800,"Clinical notes and mandatory Biopsy + Endoscopy/ CT Scan confirming the diagnosis, Clinical photograph","Intra procedure clinical photograph, Histopathology report, post procedure clinical photograph, Detailed Operative notes, Detailed discharge summary",No,--
SC,Surgical Oncology,SG003D,Subtotal Gastrectomy for Carcinoma,27800,"Clinical notes and mandatory Biopsy + Endoscopy/ CT Scan confirming the diagnosis, Clinical photograph","Intra procedure clinical photograph, Histopathology report, post procedure clinical photograph, Detailed Operative notes, Detailed discharge summary",No,--
SC,Surgical Oncology,SG003E,Total Gastrectomy - Lap.,51600,Clinical notes and Endoscopy report +/- Video /Biopsy/ CT Scan confirming the diagnosis for which this surgery is done,"Intra procedure clinical photograph, Histopathology report, post procedure clinical photograph, Detailed Operative notes, Detailed discharge summary",No,--
SC,Surgical Oncology,SG003F,Total Gastrectomy - Open,51600,Clinical notes and Endoscopy report +/- Video /Biopsy/ CT Scan confirming the diagnosis for which this surgery is done,"Intra procedure clinical photograph, Histopathology report, post procedure clinical photograph, Detailed Operative notes, Detailed discharge summary",No,--
SC,Surgical Oncology,SG010A,Gastrojejunostomy,18500,Clinical notes and Endoscopy report OR Biopsy OR CT Scan confirming the diagnosis for which this surgery is done,"intra operative photograph Detailed Operative notes, detailed discharge summary",No,--
SC,Surgical Oncology,SG012A,Feeding Jejunostomy,10000,Clinical notes and Endoscopy report +/- Video /Biopsy/ CT Scan confirming the diagnosis for which this surgery is done,"Intra procedure clinical photograph detailed discharge summary, Detailed Operative notes",No,--
SC,Surgical Oncology,SG020A,Open,23000,Clinical notes and CT Scan/ Colonoscopy confirming the diagnosis and need of surgery; Biopsy of the lsoion,"Histopathology, Intra procedure clinical photograph, detailed discharge summary, Detailed Operative notes",No,--
SC,Surgical Oncology,SG020B,Lap.,23000,Clinical notes and CT Scan/ Colonoscopy confirming the diagnosis and need of surgery; Biopsy of the lsoion,"Histopathology, Intra procedure clinical photograph, detailed discharge summary, Detailed Operative notes",No,--
SC,Surgical Oncology,SG021A,Right - Open,25000,"Clinical notes and CT Scan/Colonoscopy confirming the diagnosis for which the surgery is done, Biopsy","Histopathology report and Intra procedure Clinical photograp of removed colon, Detailed discharge summary, Detailed Operative notes",No,--
SC,Surgical Oncology,SG021B,Right - Lap.,25000,"Clinical notes and CT Scan/Colonoscopy confirming the diagnosis for which the surgery is done, Biopsy","Histopathology report and Intra procedure Clinical photograp of removed colon, Detailed discharge summary, Detailed Operative notes",No,--
SC,Surgical Oncology,SG021C,Left - Open,25000,"Clinical notes and CT Scan/Colonoscopy confirming the diagnosis for which the surgery is done, Biopsy","Histopathology report and Intra procedure Clinical photograp of removed colon, Detailed discharge summary, Detailed Operative notes",No,--
SC,Surgical Oncology,SG021D,Left - Lap.,25000,"Clinical notes and CT Scan/Colonoscopy confirming the diagnosis for which the surgery is done, Biopsy","Histopathology report and Intra procedure Clinical photograp of removed colon, Detailed discharge summary, Detailed Operative notes",No,--
SC,Surgical Oncology,SG023A,Colostomy,14000,Clinical notes and CT/ MRI/ Colonoscopy evidence of need of surgery.,"Post procedure clinical photograph, Detailed Operative notes & detailed surgery notes.",No,--
SC,Surgical Oncology,SG024A,Closure of stoma,14500,Clinical notes detailing why colostomy was done? Clinical photograph,"Post procedure clinical photograph, Detailed Operative notes, Detailed discharge summary",No,--
SC,Surgical Oncology,SG028A,Rectal Polyp Excision,9600,"Clinical notes and Colonoscopy +/- Biopsy justifying surgery,","Histopath, Intra procedure clinical photograph, Detailed Operative notes, detailed discharge summary",No,--
SC,Surgical Oncology,SG029A,Open,28500,"Clinical notes, Biopsy, Colonoscopy","Histopathology report, post procedure clinical photograph, Detailed Operative notes & detailed discharge summary",No,--
SC,Surgical Oncology,SG029B,Lap.,28500,"Clinical notes, Biopsy, Colonoscopy","Histopathology report, post procedure clinical photograph, Detailed Operative notes & detailed discharge summary",No,--
SC,Surgical Oncology,SG037A,Open,20000,Clinical notes and USG/CT/MRI / Biopsy report confirming the justification of surgery.,"Histopath, Intra procedure clinical photograph, detailed discharge summary, Detailed Operative notes",No,--
SC,Surgical Oncology,SG037B,Lap.,20000,Clinical notes and USG/CT/MRI / Biopsy report confirming the justification of surgery.,"Histopath, Intra procedure clinical photograph, detailed discharge summary, Detailed Operative notes",No,--
SC,Surgical Oncology,SG043A,Bypass - Inoperable Pancreas,23500,"Clinical and radiological evidence of inoperability (biopsy, ERCP, MRCP)","Histopathology report, Intra operative clinical photograph, Detailed Operative notes and discharge summary.",No,--
SC,Surgical Oncology,SG044A,"Distal Pancreatectomy with 
Pancreatico Jejunostomy ",25000,"Clinical notes and Sr Amylase, CT/ USG, ERCP justifying the surgery,","Histopath, Intra procedure clinical photograph, detailed discharge summary, Detailed Operative notes",No,--
SC,Surgical Oncology,SG045A,PancreaticoDuodenectomy (Whipple's),30000,"Clinical notes and CT/ USG, ERCP confirming the diagnosis,","Histopath, Intra procedure clinical photograph, detailed discharge summary and Detailed Operative notes",No,--
SC,Surgical Oncology,SG049A,Retroperitoneal Tumor ? Excision,23000,Clinical notes and X Ray/USG/CT Abdomen confirming the diagnosis,"Histopath, Intra procedure clinical photograph, detailed discharge summary, Detailed Operative notes",No,--
SC,Surgical Oncology,SG059A,Orchidectomy,11200,"Clinical notes and describing Swelling in scrotum, USG of scrotum, FNAC, tumour markers (if cancer of prostate/testis,etc is the indication); justification of orchidectmy","Histopath, Intra operative clinical photograph, Detailed Operative notes, Detailed discharge summary",No,--
SC,Surgical Oncology,SG061A,Estlander Operation (lip),9300,"Clinical notes detailing the original pathology thet has led to this surgery with suporting investigation reports. FIR/MLC in case of traumatic aetiology, Clinical Photograph","Post procedure clinical photograph, Detailed Operative notes, Detailed discharge summary",No,--
SC,Surgical Oncology,SG062A,Wedge Excision,19000,"Clinical notes and Biopsy report, Clinical Photograph","Histopath, Post procedure clinical photograph, Detailed Operative notes, Detailed discharge summary",No,--
SC,Surgical Oncology,SG062B,Wedge Excision and Vermilionectomy,23800,"Clinical notes and Biopsy report, Clinical Photograph","Histopath, Post procedure clinical photograph, Detailed Operative notes, Detailed discharge summary",No,--
SC,Surgical Oncology,SG062C,Cheek advancement,26800,"Clinical notes and Biopsy report, Clinical Photograph","Histopath, Post procedure clinical photograph, Detailed Operative notes, Detailed discharge summary",No,--
SC,Surgical Oncology,SG063A,"Complete Excision of Growth from Tongue only 
(inclusive of Histopathology)",9400,"Clinical notes confirming the diagnosis, Clinical Photograph; FNAC if done","Histopath, Post procedure clinical photograph, Detailed Operative notes; detailed discharge summary",No,--
SC,Surgical Oncology,SG064A,Excision of Growth from Tongue with neck node dissection,23500,"Clinical notes and USG/CT/MRI report confirming the diagnosis, Clinical Photograph","Histopath, Post procedure clinical photograph, Detailed Operative notes; detailed discharge summary",No,--
SC,Surgical Oncology,SG066A,Submandibular Mass Excision,15000,"Clinical notes and USG/CT Scan confirming the diagnosis for which the surgery is done +/- Biopsy/FNAC, Clinical Photograph","Histopath, Post procedure clinical photograph, Detailed Operative notes, detailed discharge summary",No,--
SC,Surgical Oncology,SG067A,Radical Neck Dissection,15000,"Clinical notes and CT Scan/MRI Neck confirming the diagnosis, Biopsy, Clinical Photograph","Histopath, Intra procedure clinical photograph OR Post procedure clinical photograph, detailed discharge summary, Detailed Operative notes",No,--
SC,Surgical Oncology,SG069A,Carotid Body tumour - Excision,20000,Clinical notes and USG Neck/ Colour doppler confirming the diagnosis,"Intra procedure clinical photograph, Detailed Operative notes, Histopathology, Detailed discharge summary",No,--
SC,Surgical Oncology,SG070A,Hemi thyroidectomy,17000,"Clinical notes and Thyroid Function Test, FNAC/USG confirming the diagnosis and justifying the surgery.","Histopath report, Post procedure clinical photograph, Detailed Operative notes, Detailed discharge summary",No,--
SC,Surgical Oncology,SG070B,Total thyroidectomy,20000,"Clinical notes and Thyroid Function Test, FNAC/USG confirming the diagnosis and justifying the surgery.","Histopath report, Post procedure clinical photograph, Detailed Operative notes, Detailed discharge summary",No,--
SC,Surgical Oncology,SG070C,Total Thyroidectomy with Block Dissection,28000,Clinical notes and FNAC/ Biopsy/ Thyroid Function Test/USG confirming the diagnosis and need for surgery,"Histopath report, Post procedure clinical photograph, Scar Photo, Detailed discharge summary, Detailed Operative notes",No,--
SC,Surgical Oncology,SG071A,Excision of Parathyroid Adenoma,20400,Clinical notes and USG/CT Scan/Nuclear Imaging confirming the diagnosis.,"Histopathology, Intra procedure clinical photograph, Detailed discharge summary,, Detailed Operative notes",No,--
SC,Surgical Oncology,SG071B,Excision of Parathyroid Carcinoma,20400,Clinical notes and USG/CT Scan/Nuclear Imaging confirming the diagnosis.,"Histopathology, Intra procedure clinical photograph, Detailed discharge summary,, Detailed Operative notes",No,--
SC,Surgical Oncology,SG074A,Breast Lump Excision (Benign),6000,"Clinical notes, Sono mammogram OR Mamography showing breast lump +/- FNAC report","Histopathology report, intra operative clinical photograph, Detailed Operative notes & detailed discharge summary.",No,--
SC,Surgical Oncology,SG075A,Simple Mastectomy,20000,"Clinical notes and Mammography, Biopsy confirming the diagnosis, Clinical Photograph","Histopath, Post procedure clinical photograph, Detailed Operative notes; detailed discharge summary",No,--
SC,Surgical Oncology,SG075B,Radical / Modified Radical Mastectomy,25000,Clinical notes and Mammography and Biopsy justifying surgery,"Histopath, detailed discharge summary, Detailed Operative notes",No,--
SC,Surgical Oncology,SG081A,Thoracoscopic,27500,"Clinical notes and CT Thorax confirming the diagnosis, Biopsy +/- Cytology","Intra procedure clinical photograph, Detailed Operative notes, histopath, Detailed discharge summary, Scar Photo",No,--
SC,Surgical Oncology,SG081B,Open,27500,"Clinical notes and CT Thorax confirming the diagnosis, Biopsy +/- Cytology","Intra procedure clinical photograph, Detailed Operative notes, histopath, Detailed discharge summary, Scar Photo",No,--
SC,Surgical Oncology,SG087A,Flap Reconstructive Surgery,20000,Clinical notes detailing the original pathology thet has led to this surgery with suporting investigation reports. Clinical Photograph,"Post procedure clinical photograph, Detailed Operative notes, Detailed discharge summary",No,--
SC,Surgical Oncology,SL001A,Pinna surgery for tumour,8600,"History, Pre-op Clinical photograph and Biopsy","Histopath report, Post procedure clinical photograph of affected part, detailed Procedure / Operative Notes, detailed discharge summary",No,--
SC,Surgical Oncology,SL004A,Simple,28000,"Clinical notes confirming the indication for the procedure with imaging (X-ray/ CT) Evidence, Audiometry","Scar photo, Post procedure clinical photograph, Detailed Procedure / Operative Notes, Detailed discharge summary, Histopath",No,--
SC,Surgical Oncology,SL004B,Radical,28000,"Clinical notes confirming the indication for the procedure with imaging (X-ray/ CT) Evidence, Audiometry","Scar photo, Post procedure clinical photograph, Detailed Procedure / Operative Notes, Detailed discharge summary, Histopath",No,--
SC,Surgical Oncology,SL005A,Unilateral,5000,Clinical notes and Audiogram justifying surgery.,"Photograph of patient while undergoing the procedure, detailed Procedure / Operative Notes, detailed discharge summary",No,--
SC,Surgical Oncology,SL005B,Bilateral,5000,Clinical notes and Audiogram justifying surgery.,"Photograph of patient while undergoing the procedure, detailed Procedure / Operative Notes, detailed discharge summary",No,--
SC,Surgical Oncology,SL020A,Excision of tumour of oral cavity / paranasal sinus / laryngopharynx without reconstruction,10000,"CT Scan, Biopsy, Clinical notes with planned line of treatment, Pre operative Clinical Photograph of affected part","Procedure / Operative Notes,Post Procedure  Photograph of affected part, Histopathology report",No,--
SC,Surgical Oncology,SL020B,Excision of tumour of oral cavity / paranasal sinus / laryngopharynx with pedicled flap reconstruction,36500,"CT Scan, Biopsy, Clinical Photograph of affected part","Procedure / Operative Notes,Post Procedure  Photograph of affected part, Histopathology report",No,--
SC,Surgical Oncology,SL020C,Excision of tumour of oral cavity / paranasal sinus / laryngopharynx with free flap reconstruction,25000,"CT Scan, Biopsy, Clinical Photograph of affected part","Procedure / Operative Notes,Post Procedure  Photograph of affected part, Histopathology report",No,--
SC,Surgical Oncology,SL021A,Total Parotidectomy,28200,"CT Scan and FNAC, Clinical Photograph of affected part","Histopathology report, post procedure clinical photograph of affected part, detailed Procedure / Operative Notes and detailed discharge summary.",No,--
SC,Surgical Oncology,SL021B,Superficial Parotidectomy,23800,"CT Scan, FNAC, Clinical Photograph of affected part","Histopathology report, post procedure clinical photograph of affected part, detailed Procedure / Operative Notes and detailed discharge summary.",No,--
SC,Surgical Oncology,SL025A,Open laryngeal framework surgery / Thyroplasty,5000,"Clinical notes to establish indication and justification of surgery; Evidence through CT/ MRI/ Biopsy, Clinical Photograph","Histopathology report in case of tumours, post procedure clinical photograph of affected part, detailed Procedure / Operative Notes; Detailed discharge summary",No,--
SC,Surgical Oncology,SL027A,Selective Benign neck tumour excision,18800,"Indication for surgery with supporting investigation reports (X-ray/ CT/MRI), FNAC / Biospy in case of tumours, Clinical Photograph","Histopathology report, Post procedure Imaging, post procedure clinical photograph of affected part, detailed Procedure / Operative Notes; detailed discharge summary",No,--
SC,Surgical Oncology,SL027B,Comprehensive Benign neck tumour excision,18800,"Indication for surgery with supporting investigation reports (X-ray/ CT/MRI), FNAC / Biospy in case of tumours, Clinical Photograph","Histopathology report, Post procedure Imaging, post procedure clinical photograph of affected part, detailed Procedure / Operative Notes; detailed discharge summary",No,--
SC,Surgical Oncology,SL027C,Selective Pharyngeal diverticulum excision,18800,"Indication for surgery with supporting investigation reports (X-ray/ CT/MRI), FNAC / Biospy in case of tumours, Clinical Photograph","Histopathology report, Post procedure Imaging, post procedure clinical photograph of affected part, detailed Procedure / Operative Notes; detailed discharge summary",No,--
SC,Surgical Oncology,SL027D,Comprehensive Pharyngeal diverticulum excision,18800,"Indication for surgery with supporting investigation reports (X-ray/ CT/MRI), FNAC / Biospy in case of tumours, Clinical Photograph","Histopathology report, Post procedure Imaging, post procedure clinical photograph of affected part, detailed Procedure / Operative Notes; detailed discharge summary",No,--
SC,Surgical Oncology,SL029A,Endoscopic CSF Rhinorrhea Repair,26000,Clinical notes with planned line of treatment detailing aetiology; MLC/ FIR if traumatic. CT to confirm need of surgery,"Procedure / Operative Notes,Post Procedure  Photograph of affected part",No,--
SC,Surgical Oncology,SL029B,Optic nerve decompression,25500,Clinical notes with planned line of treatment detailing aetiology; MLC/ FIR if traumatic. CT to confirm need of surgery,"Procedure / Operative Notes,Post Procedure  Photograph of affected part",No,--
SC,Surgical Oncology,SL029C,Orbital decompression,25500,Clinical notes with planned line of treatment detailing aetiology; MLC/ FIR if traumatic. CT to confirm need of surgery,"Procedure / Operative Notes,Post Procedure  Photograph of affected part",No,--
SC,Surgical Oncology,SL029D,Craniofacial resection,25500,Clinical notes with planned line of treatment detailing aetiology; MLC/ FIR if traumatic. CT to confirm need of surgery,"Procedure / Operative Notes,Post Procedure  Photograph of affected part, Histopathology report",No,--
SC,Surgical Oncology,SL029E,Maxillary swing,25500,Clinical notes with planned line of treatment detailing aetiology; MLC/ FIR if traumatic. CT to confirm need of surgery,"Procedure / Operative Notes,Post Procedure  Photograph of affected part",No,--
SC,Surgical Oncology,SL030A,Endoscopic Hypophysectomy,39800,Clinical notes with planned line of treatment and Coronal CT/MRI establishing diagnosis and establishing need of surgery,"Procedure / Operative Notes,Post Procedure  Photograph of affected part, Histopathology report",No,--
SC,Surgical Oncology,SL030B,Clival tumour excision,39800,Clinical notes with planned line of treatment and Coronal CT/MRI establishing diagnosis and establishing need of surgery,"Procedure / Operative Notes,Post Procedure  Photograph of affected part, Histopathology report",No,--
SC,Surgical Oncology,SL031A,Subtotal petrosectomy,24700,Clinical notes with planned line of treatment and CT/MRI/ biopsy to establish the indication and justify the surgery.,"Procedure / Operative Notes,Post Procedure  Photograph of affected part, Histopathology report",No,--
SC,Surgical Oncology,SL031B,Post-traumatic facial nerve decompression,24700,Clinical notes with planned line of treatment and CT/MRI/ biopsy to establish the indication and justify the surgery.,"Procedure / Operative Notes,Post Procedure  Photograph of affected part, Histopathology report",No,--
SC,Surgical Oncology,SL031C,CSF Otorrhoea repair,24700,Clinical notes with planned line of treatment and CT/MRI/ biopsy to establish the indication and justify the surgery.,"Procedure / Operative Notes,Post Procedure  Photograph of affected part, Histopathology report",No,--
SC,Surgical Oncology,SL032A,Fisch approach,39900,Clinical notes with planned line of treatment and Audiogram report justfying surgery +/- CT- TEMPORAL BONE of affected side /X-RAY BOTH MASTOIDS,"Procedure / Operative Notes,Post Procedure  Photograph of affected part, Histopathology report",No,--
SC,Surgical Oncology,SL032B,Translabyrinthine approach,39900,Clinical notes with planned line of treatment and Audiogram report justfying surgery +/- CT- TEMPORAL BONE of affected side /X-RAY BOTH MASTOIDS,"Procedure / Operative Notes,Post Procedure  Photograph of affected part, Histopathology report",No,--
SC,Surgical Oncology,SL032C,Transcochlear approach,39900,Clinical notes with planned line of treatment and Audiogram report justfying surgery +/- CT- TEMPORAL BONE of affected side /X-RAY BOTH MASTOIDS,"Procedure / Operative Notes,Post Procedure  Photograph of affected part, Histopathology report",No,--
SC,Surgical Oncology,SL032D,Temporal Bone resection,39900,Clinical notes with planned line of treatment and Audiogram report justfying surgery +/- CT- TEMPORAL BONE of affected side /X-RAY BOTH MASTOIDS,"Procedure / Operative Notes,Post Procedure  Photograph of affected part, Histopathology report",No,--
SC,Surgical Oncology,SO002A,Laparotomy and proceed for Ovarian Cancers. Omentomy with Bilateral Salpingo-oophorectomy,38000,Clinical notes and USG Abdomen + Pelvis/ CT abdomen+ Pelvis establishing indication,"Histopathology, Detailed Operative notes, per op pic of specimen removed, Detailed Discharge Summary.",No,--
SC,Surgical Oncology,SO010A,Abdominal Hysterectomy,20000,Clinical notes with planned line of treatment (including System Examination) and Relavant Investigations (USG Abdomen + Pelvis/ CT abdomen+ Pelvis) confirming the indication,"Histopathology, Detailed Discharge Summary with Procedure / Operative Notes",No,--
SC,Surgical Oncology,SO010B,Abdominal Hysterectomy + Salpingo-oophorectomy,20000,"Admission Notes comprising of history and examination  with indications for the procedure,Clinical notes with planned line of treatment (clearly indicating medical management tried and failed or not indicated. If failed documents proving duration of treatment and failure. The medical management should have been tried for atleast 4-6 months covering 1 course of hormone cycle) and USG Abdomen + Pelvis/ CT/ MRI  abdomen+ Pelvis confirming the indication, Pap smear, EB/EAC","Detailed Procedure / Operative Notes together with indication of surgery, Intraop. stills with date & patient ID, pic off gross specimen removed , HPE,Progress notes,detailed discharge summary.",No,--
SC,Surgical Oncology,SO035A,Vulvectomy simple,15000,"Admission Notes comprising of history and examination  with indications for the procedure,Relavant Investigations (establishing diagnosis) with Evidence (biopsy). Clinical pic if patient permits","Detailed Procedure / Operative Notes, Intra procedure clinical photograph/ stills, histopathology; progress notes,Detailed discharge summary",No,--
SC,Surgical Oncology,SO036A,Radical Vulvectomy with Inguinal and Pelvic lymph node disection,38500,"Admission Notes comprising of history and examination  with indications for the procedure, Relavant Investigations (establishing diagnosis),vulval biopsy, CT/MRI for staging","Detailed Procedure / Operative Notes together with indication of surgery, Intraop. stills with date & patient ID, pic off gross specimen removed , HPE, Progress notes,detailed discharge summary.",No,--
SC,Surgical Oncology,SO039A,Diagnostic / Staging laparoscopy,9700,"Admission Notes comprising of history and examination, Relavant Investigations
(establishing diagnosis)","Detailed Procedure / Operative Notes together with indication of surgery, Intraop. stills with date & patient ID, pic off gross specimen removed , HPE, Progress notes,detailed discharge summary.",No,--
SC,Surgical Oncology,SU003A,For Benign pathology - Open,27500,"Clinical notes and USG/CT confirming the need for surgery +/- FNAC/Biopsy,","Histopathology, Intra operative photograph. Detailed discharge summary, detailed Procedure / Operative Notes",No,--
SC,Surgical Oncology,SU003B,For Benign pathology - Lap.,27500,"Clinical notes and USG/CT confirming the need for surgery +/- FNAC/Biopsy,","Histopathology, Intra operative photograph. Detailed discharge summary, detailed Procedure / Operative Notes",No,--
SC,Surgical Oncology,SU003C,Radical (Renal tumor) - Open ,27500,"Clinical notes and CT/MRI confirming the need for surgery  +/- FNAC/Biopsy,","Histopathology, Intra operative photograph/ Post procedure X-ray. Detailed discharge summary, detailed Procedure / Operative Notes",No,--
SC,Surgical Oncology,SU003D,Radical (Renal tumor) - Lap.,27500,"Clinical notes and CT/MRI confirming the need for surgery  +/- FNAC/Biopsy,","Histopathology, Intra operative photograph/ Post procedure X-ray. Detailed discharge summary, detailed Procedure / Operative Notes",No,--
SC,Surgical Oncology,SU004A,Open,42000,"Clinical notes and CT/MRI confirming the need for surgery,","Histopathology, Intra operative photograph. Detailed discharge summary, detailed Procedure / Operative Notes",No,--
SC,Surgical Oncology,SU004B,Lap.,42000,Clinical notes and CT/MRI confirming the need for surgery,"Histopathology, Intra operative photograph. Detailed discharge summary, detailed Procedure / Operative Notes",No,--
SC,Surgical Oncology,SU010A,Open,27500,"Clinical notes and CT/ CT-IVP/MRI confirming the need for surgery,","Histopathology, Intra operative photograph. Detailed discharge summary, detailed Procedure / Operative Notes",No,--
SC,Surgical Oncology,SU010B,Lap.,27500,"Clinical notes and /CT/ CT-IVP/MRI confirming the need for surgery,","Histopathology, Intra operative photograph. Detailed discharge summary, detailed Procedure / Operative Notes",No,--
SC,Surgical Oncology,SU011A,Open,27500,"Clinical notes and CT/ CT-IVP/MRI/MRI Urogram confirming the need for surgery,","Histopathology, Intra operative photograph. Detailed discharge summary, detailed Procedure / Operative Notes",No,--
SC,Surgical Oncology,SU011B,Lap.,27500,"Clinical notes and CT/ CT-IVP/MRI/MRI Urogram confirming the need for surgery,","Histopathology, Intra operative photograph. Detailed discharge summary, detailed Procedure / Operative Notes",No,--
SC,Surgical Oncology,SU043A,Open,23000,Clinical notes and CT/MRI confirming the indication and need of this surgery with supporting Evidence of the same (FNAC/Biopsy),"Histopathology,Detailed discharge summary; detailed Procedure / Operative Notes",No,--
SC,Surgical Oncology,SU043B,Lap.,23000,Clinical notes and CT/MRI confirming the indication and need of this surgery with supporting Evidence of the same (FNAC/Biopsy),"Histopathology,Detailed discharge summary; detailed Procedure / Operative Notes",No,--
SC,Surgical Oncology,SU055A,"TURBT 
(Transurethral Resection of the Bladder Tumor)",27500,Clinical notes and USG/CT/ MRI confirming the diagnosis bladder tumour,"Histopathology, Detailed discharge summary, detailed Procedure / Operative Notes",No,--
SC,Surgical Oncology,SU056A,TURBT - Restage,18000,Clinical notes and USG/CT/ MRI confirming the diagnosis bladder tumour,"Intra procedure still photograph Histopathology, Detailed discharge summary , detailed Procedure / Operative Notes",No,--
SC,Surgical Oncology,SU062A,Stress incontinence surgery - Open,23000,"Clinical notes and Cystoscopy/ USG/ Uro Dynamic study to 
confirm the dignosis.",Detailed Procedure / Operative Notes; detailed discharge summary,No,--
SC,Surgical Oncology,SU082A,Partial Penectomy,15000,Clinical notes and Biopsy findings,"Histopathology, Detailed discharge summary, detailed Procedure / Operative Notes",No,--
SC,Surgical Oncology,SU082B,Total Penectomy + Perineal Urethrostomy,25000,Clinical notes and Biopsy findings,"Histopathology, Detailed discharge summary, detailed Procedure / Operative Notes detailing urethrostomy",No,--
SC,Surgical Oncology,SU086A,High inguinal,13800,Clinical notes and USG/CT / Biopsy confirming testicular cancer,"Histopathology, Detailed discharge summary, detailed Procedure / Operative Notes",No,--
SC,Surgical Oncology,SU086B,Simple,10000,Clinical notes and USG/CT / Biopsy confirming testicular cancer,"Histopathology, Detailed discharge summary, detailed Procedure / Operative Notes",No,--
SC,Surgical Oncology,SU087A,Bilateral Orchidectomy for hormone ablation,10000,Clinical notes and USG/CT / Biopsy confirming bilateral testicular cancer,"Histopathology, Detailed discharge summary, detailed Procedure / Operative Notes",No,--
SC,Surgical Oncology,SU090A,Open,36500,Clinical notes and USG/CT / Biopsy confirming bilateral testicular cancer,"Histopathology, Detailed discharge summary, detailed Procedure / Operative Notes",No,--
SC,Surgical Oncology,SU090B,Lap.,36500,Clinical notes and USG/CT / Biopsy confirming bilateral testicular cancer,"Histopathology, Detailed discharge summary, detailed Procedure / Operative Notes",No,--
SC,Surgical Oncology,SU091A,Ilio-Inguinal lymphadenectomy,18500,Clinical notes and USG/CT/MRI / Biopsy confirming the diagnosis for which the surgery is done.,"Histopathology, Detailed discharge summary, detailed Procedure / Operative Notes",No,--
SC,Surgical Oncology,SV026A,Surgical Correction of Bronchopleural Fistula,65000,Clinical notes and CT Chest,Detailed operative notes and discharge summary,No,--
SC,Surgical Oncology,SV030A,Surgery for Cardiac Tumour,95000,Clinical notes and ECHO report,"Detailed Operation notes, Discharge summary, HPE report of tumor.",No,--
SE,Opthalmology,SE001A,Ptosis Surgery,8000,Clinical Photograph of affected eye (Photographic record of the patient should be maintained for comparison. Photographs should have be taken in primary position as well as in lateral gazes),"Still image of the  the procedure with pt. ID and date, Detailed discharge summary, detailed operative notes.",No,--
SE,Opthalmology,SE002A,Entropion correction,6600,Clinical notes and Clinical Photograph,"Detailed discharge summary, Still image of the  the procedure with pt. ID and date,operative notes.",Yes,No
SE,Opthalmology,SE003A,Ectropion correction ,6500,Clinical notes and Clinical Photograph,"Detailed discharge summary, Still image of the  the procedure with pt. ID and date,operative notes.",Yes,No
SE,Opthalmology,SE004A,Lid Tear Repair,5000,"Clinical notes; FIR/MLC in case of accident, Clinical Photograph","Still image of the  the procedure with pt. ID and date,operative notes. Detailed discharge summary",Yes,Yes
SE,Opthalmology,SE005A,Lid Abscess Drainage,3000,"Patient details, diagnosis, doctors notes, photo","Discharge notes, microbiology report,Still image of the patient undergoing the procedure with date stamp",Yes,No
SE,Opthalmology,SE006A,Lid Tumor excision + Lid Reconstruction,10000,"Clinical notes and Clinical Photograph of affected part, stated plan for lab investigation of host tissue (HP/ Microbiology/other)","Still image of the  the procedure with pt. ID and date, HP report, Procedure / Operative Notes. Detailed discharge summary",Yes,No
SE,Opthalmology,SE007A,Chalazion Removal,2000,"Patient details, diagnosis, doctors notes, photo","Discharge notes, pathology report, Still image of the patient undergoing the procedure with date stamp",Yes,No
SE,Opthalmology,SE008A,Minor - upto 2 muscles,4000,"Clinical notes detailing which muscles affected; indication justifying the need for GA (if required), Clinical Photograph","Still image of the  the procedure with pt. ID and date,Procedure / Operative Notes. Detailed discharge summary",Yes,No
SE,Opthalmology,SE008B,Major - 3 or more muscles (complex surgery involving four muscles or oblique muscles) ,14000,"Clinical notes detailing which muscles affected; indication justifying the need for GA (if required), Clinical Photograph","Still image of the  the procedure with pt. ID and date,Procedure / Operative Notes. Detailed discharge summary",Yes,No
SE,Opthalmology,SE009A,Conjunctival tumour excision including Amniotic Membrane Graft,7000,"Clinical notes , Clinical Photograph of affected part","Still image of the  the procedure with pt. ID and date, HP report, detailed discharge summary, detailed Procedure / Operative Notes.",Yes,No
SE,Opthalmology,SE010A,Canaliculo Dacryocystorhinostomy with Silicon Tube / Stent,8000,"Dye disappearance test , Tear meniscus height measurement, Probing and irrigation","Still image of the  the procedure with pt. ID and date, operative notes",No,--
SE,Opthalmology,SE010B,Canaliculo Dacryocystorhinostomy without Silicon Tube / Stent,8000,"Dye disappearance test , Tear meniscus height measurement, Probing and irrigation","Still image of the  the procedure with pt. ID and date, operative notes",No,--
SE,Opthalmology,SE010C,Dacryocystorhinostomy with Silicon Tube / Stent,8000,Clinical notes and establishing lacrimal cancer with Evidence of biopsy. Pre-op clinical photograph.,"Still image of the  the procedure with pt. ID and date,operative notes. Detailed discharge summary Invoice of implants",No,--
SE,Opthalmology,SE010D,Dacryocystorhinostomy without Silicon Tube / Stent,8000,Clinical notes and establishing lacrimal cancer with Evidence of biopsy. Pre-op clinical photograph.,"Still image of the  the procedure with pt. ID and date,operative notes. Detailed discharge summary Invoice of implants",No,--
SE,Opthalmology,SE011A,Corneal Ulcer Management,4000,clinical presentation photo,Still image of the patient undergoing the procedure with date stamp,No,--
SE,Opthalmology,SE012A,Corneal Grafting,8500,"Clinical notes detailing Indication for corneal grafting and supporting investigation, Clinical Photograph; details of donor cornea, stated plan for lab investigation of host tissue (HPE/ Microbiology/other)","Still image of the  the procedure with pt. ID and date,operative notes. Detailed discharge summary",No,--
SE,Opthalmology,SE012B,Corneal Graft - Follow Up,2000,clinical notes,Still image of the patient undergoing the procedure with date stamp,No,--
SE,Opthalmology,SE013A,Corneal Collagen Crosslinking,9000,PENTACAM PROGRESSION MAPS 3 to 6 months apart ,Still image of the patient undergoing the procedure with date stamp,No,--
SE,Opthalmology,SE014A,Pterygium + Conjunctival Autograft,5000,"Clinical notes and Retinoscopy, Corneal topography (not mandatory), keratometry, Clinical Photograph","Still image of the  the procedure with pt. ID and date, detailed discharge summary, detailed operative notes.",Yes,No
SE,Opthalmology,SE015A,Corneo / Scleral / Corneo scleral tear repair,11500,"Clinical notes and FIR/MLC (since injury), USG B scan, Clinical Photograph","Still image of the  the procedure with pt. ID and date, Detailed discharge summary, barcode of Intraocular Lens used,operative notes.",No,--
SE,Opthalmology,SE016A,Corneal / Scleral Patch Graft,3000,preoperative clinical photo,"operative notes, Still image of the patient undergoing the procedure with date stamp",No,--
SE,Opthalmology,SE017A,Scleral buckling surgery,15000,Clinical notes ,"operative notes. Detailed discharge summary,Still image of the  the procedure with pt. ID and date",No,--
SE,Opthalmology,SE018A,Scleral Buckle Removal,5500,"Clinical notes with,  Indication for removal, stated plan for lab investigation of host tissue (Microbiology)","Still image of the  the procedure with pt. ID and date, operative notes. Detailed discharge summary, microbiological report ",No,--
SE,Opthalmology,SE019A,Limbal Dermoid Removal,1000,Clinical notes and Indication for Limbal Dermoid Removal like increase in dermoid size/ increasing astigmatism/visual deterioration/central opacification of the cornea) Clinical Photograph,"Still image of the  the procedure with pt. ID and date, Detailed discharge summary, detailed operative notes.",Yes,No
SE,Opthalmology,SE020A,Phaco emulsification with foldable hydrophobic acrylic IOL,4500,"Clinical notes detailing visual impairment (Best corrected visual acquity- BCVA) of cataract and , Ocular Biometry (A scan and ketometry) and Clinical photo of affected part","Detailed discharge summary, operative notes. Barcode of IOL used. Still image of the  the procedure with pt. ID and date",Yes,No
SE,Opthalmology,SE020B,SICS with non-foldable IOL,4000,"Clinical notes detailing visual impairment (Best corrected visual acquity- BCVA) of cataract and , Ocular Biometry (A scan and ketometry)  and Clinical photo of affected part","Detailed discharge summary, operative notes. Barcode of IOL used. Still image of the  the procedure with pt. ID and date",Yes,No
SE,Opthalmology,SE021A,Paediatric lensectomy,9200,"Clinical notes detailing Indication for Lensectomy /pediatric lens aspiration/ membranectomy and supporting investigation, Clinical Photograph","Still image of the  the procedure with pt. ID and date, Detailed discharge summary, detailed operative notes with visual outcomes. Barcode of IOL used",No,--
SE,Opthalmology,SE021B,Pediatric lens aspiration with posterior capsulotomy & anterior vitrectomy,9200,"Clinical notes detailing Indication for Lensectomy /pediatric lens aspiration/ membranectomy and supporting investigation, Clinical Photograph","Still image of the  the procedure with pt. ID and date, Detailed discharge summary, detailed operative notes with visual outcomes. Barcode of IOL used",No,--
SE,Opthalmology,SE021C,Paediatric Membranectomy & anterior vitrectomy,9200,"Clinical notes detailing Indication for Lensectomy /pediatric lens aspiration/ membranectomy and supporting investigation, Clinical Photograph","Still image of the  the procedure with pt. ID and date, Detailed discharge summary, detailed operative notes with visual outcomes. Barcode of IOL used",No,--
SE,Opthalmology,SE022A,Capsulotomy (YAG),1500,Clinical notes detailing when was cataract surgery was done and  notes mentioning indication for this procedure with vision and fundus. Clinical photo of patient before procedure," procedure notes, Detailed discharge summary, Still image of the  the procedure with pt. ID and date",No,--
SE,Opthalmology,SE023A,SFIOL (inclusive of Vitrectomy),15000,"Clinical notes with planned line of treatment, Pre operative Clinical Photograph of affected part","Still image of the patient undergoing the procedure with date stamp operative notes. Detailed discharge summary, Barcode of SFIOL.",No,--
SE,Opthalmology,SE024A,Secondary IOL / IOL Exchange / Explant,2000,"Clinical notes, pre operative documentation of indication for intervention and Clinical Photograph of affected part","Still image of the patient undergoing the procedure with date stamp, operative notes. Detailed discharge summary; Barcode of IOL",No,--
SE,Opthalmology,SE025A,IRIS Prolapse ? Repair,4000,"Clinical notes, pre operative documentation of indication for intervention and Clinical Photograph of affected part","Still image of the patient undergoing the procedure with date stamp, operative notes. Detailed discharge summary",Yes,Yes
SE,Opthalmology,SE026A,Iridectomy,2000,"Clinical notes  showing Indication for Iridectomy(Laser), Tonometry, Gonioscopy,and clinical photo","Still image of the  the procedure with pt. ID and date, procedure notes. Detailed discharge summary",Yes,No
SE,Opthalmology,SE027A,Cyclocryotherapy / Cyclophotocoagulation,3700,Clinical notes establishing long standing history of Glaucoma with recent documentation of vision and reports of field of vision.,Detailed Procedure / Operative Notes and discharge summary.,No,--
SE,Opthalmology,SE027B,"Glaucoma Surgery (Trabeculectomy only) with or without Mitomycin C, including postoperative medications for 12 weeks 
(and wherever surgical or laser procedures required for bleb augmentation and anterior chamber maintenance)",11000,"Clinical notes and IOP measurement, documentary evidence supporting chronicity","Still image of the  the procedure with pt. ID and date ,operative notes. Detailed discharge summary; ensure that post op medicine for 12 weeks is given",Yes,No
SE,Opthalmology,SE027C,Glaucoma Shunt Surgery,13000,"Clinical notes and IOP measurement, documentary evidence supporting chronicity/ Failed Trabeculectomy","Still image of the patient undergoing the procedure with date stamp, operative notes. Detailed discharge summary ",No,--
SE,Opthalmology,SE027D,Pediatric Glaucoma Surgery,15000,"Clinical notes and IOP measurement, documentary evidence of paediatric glaucoma with confirmation of diagnosis under GA/Examination under anaesthesia (EUA)","Still image of the patient undergoing the procedure with date stamp, operative notes. Detailed discharge summary ",No,--
SE,Opthalmology,SE028A,EUA for Confirmation of Pediatric Glaucoma,3000,Clinical notes and/or  documentary evidence ,"Still image of the patient undergoing the procedure with date stamp, operative notes. Detailed discharge summary with IOP,Fundus,Corneal diameter",No,--
SE,Opthalmology,SE029A,For retinal tear repair Per Eye Per Sitting,1500, clinical notes and or supportive documents,"discharge summary, clinical notes, Still image of the  the procedure with pt. ID and date",No,--
SE,Opthalmology,SE029B,"Pan Retinal Photocoagulation (PRP) - Retinal Laser including 3 sittings / package of retino laser photocoagulation 
(3 sittings per eye for both eyes)",8500, clinical notes and or supportive documents,"Still image of the  the procedure with pt. ID and date; discharge summary, clinical notes",No,--
SE,Opthalmology,SE030A,ROP Laser - Per Eye,5000,Clinical notes,"Discharge summary, Still image of the patient undergoing the procedure with date stamp",No,--
SE,Opthalmology,SE031A,Retinal Cryopexy,3800,Clinical notes with Indication for procedure ,"Detailed Procedure notes and discharge summary,Still image of the  the procedure with pt. ID and date",No,--
SE,Opthalmology,SE032A,Vitreoretinal Surgery (with Silicon Oil Insertion),17900,"Clinical notes and or Clinical documents, B Scan (optional)","Detailed discharge summary, operative notes, IOL sticker, Still image of the  the procedure with pt. ID and date",No,--
SE,Opthalmology,SE033A,SOR (Silicon Oil Removal),9300,"Clinical notes and or Clinical documents, B Scan","Detailed discharge summary,  operative notes., sticker of IOL,Still image of the  the procedure with pt. ID and date",No,--
SE,Opthalmology,SE034A,Endophthalmitis (excluding Vitrectomy),8000,"Clinical notes with planned line of treatment, Pre operative Clinical Photograph of affected part","Still image of the patient undergoing the procedure with date stamp, operative notes. Detailed discharge summary",No,--
SE,Opthalmology,SE035A,Without implant,8400,"Clinical notes establishing Indication and justifying enucleation and supporting investigation, Clinical Photograph; Recommendation/opinion of 2 ophthalmologists for the procedure","Intra procedure clinical photograph, detailed discharge summary, ,operative notes, confirmation that specimen was sent for histopathology.",Yes,No
SE,Opthalmology,SE035B,With implant,8400,"Clinical notes establishing Indication and justifying enucleation and supporting investigation, Clinical Photograph, Recommendation/opinion of 2 ophthalmologists for the procedure","Still image of the  the procedure with pt. ID and date, detailed discharge summary, ,operative notes. Invoice of implant, confirmation/ declaration that the specimen has been sent for histopathology and report will be sent for filing later",Yes,No
SE,Opthalmology,SE036A,Evisceration,3800,"Indication for Evisceration and supporting investigation report, Clinical Photograph, Recommendation/opinion of 2 ophthalmologists for the procedure, stated plan for lab investigation of host tissue (HP/ Microbiology/other)","Detailed discharge summary, Still image of the  the procedure with pt. ID and date,operative notes, Confirmation/declaration that specimen sent for lab investigationmicrobio/path and report will be submitted",No,--
SE,Opthalmology,SE038A,Socket Reconstruction including Amniotic Membrane Graft,11200,"Clinical notes and showing Indication for socket reconstruction, Clinical Photograph of affected part","Still image of the  the procedure with pt. ID and date,operative notes. Detailed discharge summary",No,--
SE,Opthalmology,SE039A,Orbitotomy,14000,"Clinical notes detailing indication and CT Scan, Clinical Photograph, stated plan for lab investigation of host tissue (HP/ Microbiology/other)","Still image of the  the procedure with pt. ID and date, HP Report of actual surgery, operative notes, Lab (Histopath) report",No,--
SE,Opthalmology,SE040A,GA / EUA separate add on package,3000,Clinical Notes justifying the need for GA in the associated surgery,"Clinical Notes for the associated surgery / disease along with Pre OP, Operative and Anesthesia, Post OP notes",Yes,No
SE,Opthalmology,SEU100,Unspecified Surgical Package,0,NA,NA,No,--
SG,General Surgery,SG002A,Operations for Replacement of Oesophagus by Colon,30500,"Clinical notes and X-ray, CT/MRI/ UGIE findings confirming the diagnosis for which the surgery is done, Biospy,","Picture of removed esopahgus (Intra procedure clinical photograph), Scar photo (should be two scars or one huge thoracolumbar scar coverin both colon removal & esopagus replacement) Detailed discharge summary, Detailed Operative notes",No,--
SG,General Surgery,SG003A,Bleeding Ulcer - Partial Gastrectomy without Vagotomy,25000,"Clinical notes, UGI Endoscopy confirming the diagnosis","Intra Operative Photograph, Histopathology report, Detailed Operative notes & detailed discharge summary.",No,--
SG,General Surgery,SG003B,Bleeding Ulcer - Partial Gastrectomy with Vagotomy,25000,"Clinical notes, UGI Endoscopy confirming the diagnosis","Intra Operative Photograph, Histopathology report, Detailed Operative notes & detailed discharge summary.",No,--
SG,General Surgery,SG004A,Operative Gastrostomy,15000,Clinical notes and Endoscopy report +/- Video /Biopsy/ CT Scan confirming the diagnosis for which this surgery is done,"Intra procedure clinical photograph, Histopathology report, post procedure clinical photograph, Detailed Operative notes, Detailed discharge summary",No,--
SG,General Surgery,SG005A,G J Vagotomy,23500,Clinical notes and Endoscopy report with confirming the diagnosis for which this surgery is done,"Endoscopic intra operative Photograph,Histopathology report, Detailed Operative notes, detailed discharge summary",No,--
SG,General Surgery,SG005B,Vagotomy + Pyloroplasty,23500,Clinical notes and Endoscopy report with confirming the diagnosis for which this surgery is done,"Endoscopic intra operative Photograph,Histopathology report, Detailed Operative notes, detailed discharge summary",No,--
SG,General Surgery,SG006A,Operation for Bleeding Peptic Ulcer,22500,"Clinical notes and Endoscopy confirming the diagnosis,","Intra procedure clinical Photograph, Detailed discharge summary, Detailed Operative notes",No,--
SG,General Surgery,SG007A,Gastric Perforation,18500,"Clinical notes and X Ray Erect/USG/ CT Abdomen confirming the diagnosis, FIR/MLC in case of traumatic aetiology","Intra procedure clinical photograph, Detailed Operative notes, detailed discharge summary",No,--
SG,General Surgery,SG007B,Duodenal Perforation,18500,"Clinical notes and X Ray Erect/USG/ CT Abdomen confirming the diagnosis, FIR/MLC in case of traumatic aetiology","Intra procedure clinical photograph, Detailed Operative notes, detailed discharge summary",No,--
SG,General Surgery,SG008A,Pyloroplasty,14000,Clinical notes and Endoscopy confirming the diagnosis for which the surgery is done,"Intra procedure clinical photograph, detailed discharge summary, Detailed Operative notes",No,--
SG,General Surgery,SG009A,Pyloromyotomy,15000,Clinical notes and Endoscopy report confirming the diagnosis of nfantile hypertrophic pyloric stenosis,"Endoscopic still Photograph, Detailed discharge summary, Detailed Operative notes",No,--
SG,General Surgery,SG011A,CystoJejunostomy - Open,20000,Clinical notes and USG / CT confirming the diagnosis for which procedure is needed,"Detailed discharge summary, post procedure clinical photograph, Detailed Operative notes, scar photo",No,--
SG,General Surgery,SG011B,CystoJejunostomy - Lap.,20000,Clinical notes and USG / CT confirming the diagnosis for which procedure is needed,"Detailed discharge summary, post procedure clinical photograph, Detailed Operative notes, scar photo",No,--
SG,General Surgery,SG011C,Cystogastrostomy - Open,20000,Clinical notes and USG / CT confirming the diagnosis for which procedure is needed,"Detailed discharge summary, post procedure clinical photograph, Detailed Operative notes, scar photo",No,--
SG,General Surgery,SG011D,Cystogastrostomy - Lap.,20000,Clinical notes and USG / CT confirming the diagnosis for which procedure is needed,"Detailed discharge summary, post procedure clinical photograph, Detailed Operative notes, scar photo",No,--
SG,General Surgery,SG013A,Ileostomy,14000,Clinical notes and Endoscopy / Biopsy/ CT Scan confirming the diagnosis for which this surgery is done,"Histopath, Post procedure clinical photograph, Detailed Operative notes, detailed discharge summary",No,--
SG,General Surgery,SG014A,Congenital Atresia & Stenosis of Small Intestine,23000,"Clinical notes and X ray, CT/MRI Abd confirming the diagnosis","Intra procedure clinical stills, Detailed Operative notes, Detailed discharge summary",No,--
SG,General Surgery,SG015A,Operation for Duplication of Intestine,18000,Clinical notes and USG Abd/ CT/MRI /Endoscopic Ultrasound - any one test confirming the diagnosis.,"USG, Intra operative clinical photograph, Detailed Operative notes, Detailed discharge summary, histopath of removed part.",No,--
SG,General Surgery,SG016A,Excision Duodenal Diverticulum,20000,Clinical notes and CT Scan/Endoscopy/Double balloon enteroscopy confirming the diagnosis,"Intra operative clinical photograph, Detailed Operative notes, scar photo Detailed discharge summary",No,--
SG,General Surgery,SG016B,Excision Meckel's Diverticulum,15000,Clinical notes and USG/CT/MRI report confirming the diagnosis,"Histopath, Intra operative clinical photograph, Detailed Operative notes; detailed discharge summary",No,--
SG,General Surgery,SG017A,Open,11000,Clinical notes and USG confirming the diagnosis,"Histopathology report, Intra procedure clinical photograph of removed appendix, post procedure clinical photograph, Detailed Operative notes, Detailed discharge summary",Yes,No
SG,General Surgery,SG017B,Lap.,11000,Clinical notes and USG confirming the diagnosis,"Histopathology report, Intra procedure clinical photograph of removed appendix, post procedure clinical photograph, Detailed Operative notes, Detailed discharge summary",Yes,No
SG,General Surgery,SG018A,Appendicular Perforation,17500,Clinical notes and X Ray Abdomen Erect/USG confirming the diagnosis,"Histopath, Intra procedure clinical photograph, detailed discharge summary and Detailed Operative notes",No,--
SG,General Surgery,SG019A,Operative drainage of Appendicular Abscess,12000,"Clinical notes, USG","Intra Operative clinical photograph, Detailed Operative notes & discharge summary.",No,--
SG,General Surgery,SG022A,Operative Management of Volvulus of Large Bowel,25000,"Clinical notes and X Ray Abdomen / CT Contrast confirming the diagnosis,","Detailed discharge summary, X Ray Abdomen, Detailed Operative notes.",No,--
SG,General Surgery,SG025A,Sigmoid Resection,21500,"Clinical notes and Barium X-rays / CT scan/ sigmoidoscopy, confirming the diagnosis","Histopathology, Intra procedure clinical photograph, Detailed Operative notes, detailed discharge summary",No,--
SG,General Surgery,SG026A,Perineal Procedure for Rectal Prolapse,14000,"Clinical notes +/- Colonoscopy / CT confirming the diagnosis,","Histopath, Intra procedure clinical photograph, detailed discharge summary, Detailed Operative notes",No,--
SG,General Surgery,SG027A,Open,19000,Clinical notes +/- Colonoscopy confirming the diagnosis of prolapse,"Intra procedure clinical photograph, detailed discharge summary, Detailed Operative notes,",No,--
SG,General Surgery,SG027B,Lap.,19000,Clinical notes +/- Colonoscopy confirming the diagnosis of prolapse,"Intra procedure clinical photograph, detailed discharge summary, Detailed Operative notes,",No,--
SG,General Surgery,SG030A,Open,25000,Clinical notes and X Ray Abdomen Erect/USG / CT confirming the diagnosis,"Histopath of resected part, Intra procedure clinical photograph, detailed discharge summary and Detailed Operative notes",No,--
SG,General Surgery,SG030B,Lap.,25000,Clinical notes and X Ray Abdomen Erect/USG / CT confirming the diagnosis,"Histopath of resected part, Intra procedure clinical photograph, detailed discharge summary and Detailed Operative notes",No,--
SG,General Surgery,SG031A,Procedure for Fissure in Ano,8000,"Clinical notes and proctoscpic findings confirming the diagnosis for which this surgery is done,",Detailed Operative notes; detailed discharge summary,Yes,No
SG,General Surgery,SG032A,without Stapler,15000,Clinical notes and proctoscopy notes confirming the diagnosis,"Post procedure clinical photograph, Detailed Operative notes, detailed discharge summary",Yes,No
SG,General Surgery,SG032B,with Stapler,15000,Clinical notes and proctoscopy notes confirming the diagnosis,"Post procedure clinical photograph, Detailed Operative notes, detailed discharge summary",Yes,No
SG,General Surgery,SG033A,Management of Pilonidal Sinus,5000,Clinical notes and confirmation of Pilonidal sinus on examination,"Histopath, Intra-operative clinical photograph, Detailed Operative notes",Yes,No
SG,General Surgery,SG034A,Exicision of Sinus and Curettage,5000,"Clinical notes and some imaging to show tract of sinus, confirming the diagnosis, Clinical Photograph","post procedure clinical photograph, Detailed Operative notes; detailed discharge summary. +/- Histopath of surreted material",Yes,No
SG,General Surgery,SG035A,Exploratory Laparotomy,10000,Clinical notes detailing original pathology that led to peritonitis; supported by X Ray/USG/CT Scan Abdomen,"Intra procedure clinical photograph, Analysis of fluid removed, Detailed discharge summary, Detailed Operative notes describing management done of pathology that led to peritonitis; cautious about OT time; this should take 2-3 hours.",No,--
SG,General Surgery,SG036A,Closure of Burst Abdomen,15000,Clinical notes describing the original surgery that led to burst abdomen and X Ray/USG/ CT Abdomen confirming the diagnosis for which the surgery is done,"Intra procedure clinical photograph, Detailed Operative notes, detailed discharge summary",No,--
SG,General Surgery,SG038A,Abdominal Hydatid Cyst (Single Organ),15800,Clinical notes and USG/CT/MRI report confirming the diagnosis.,"Histopath, Intra procedure clinical photograph, Detailed Operative notes and detailed discharge summary",No,--
SG,General Surgery,SG039A,Without Exploration of CBD - Open,22800,Clinical notes and USG confirming the diagnosis,"Intra procedure clinical photograph, Detailed discharge summary, Detailed Operative notes",Yes,No
SG,General Surgery,SG039B,With Exploration of CBD - Open,22800,Clinical notes and USG confirming the diagnosis,"Intra procedure clinical photograph, Detailed discharge summary, Detailed Operative notes",Yes,No
SG,General Surgery,SG039C,Without Exploration of CBD - Lap.,22800,Clinical notes and USG confirming the diagnosis,"Intra procedure clinical photograph, Detailed discharge summary, Detailed Operative notes",Yes,No
SG,General Surgery,SG039D,With Exploration of CBD - Lap.,22800,Clinical notes and USG confirming the diagnosis,"Intra procedure clinical photograph, Detailed discharge summary, Detailed Operative notes",Yes,No
SG,General Surgery,SG040A,Open,10000,"Clinical notes and USG/CT Scan confirming the diagnosis for which the surgery is done,","Intra procedure clinical photograph, Detailed discharge summary, Detailed Operative notes",Yes,No
SG,General Surgery,SG040B,Lap.,10000,"Clinical notes and USG/CT Scan confirming the diagnosis for which the surgery is done,","Intra procedure clinical photograph, Detailed discharge summary, Detailed Operative notes",Yes,No
SG,General Surgery,SG041A,Operation of Choledochal Cyst,24500,Clinical notes and USG/CT Abdomen,"Histopath, Detailed discharge summary, Scar photo, Detailed Operative notes",Yes,No
SG,General Surgery,SG042A,Open,25000,Clinical notes and USG/CT Scan and Lab investigations confirming the diagnosis and justifying the surgery.,"Detailed Operative notes, histopath, detailed discharge summary,",No,--
SG,General Surgery,SG042B,Lap.,25000,Clinical notes and USG/CT Scan and Lab investigations confirming the diagnosis and justifying the surgery.,"Detailed Operative notes, histopath, detailed discharge summary,",No,--
SG,General Surgery,SG046A,Porto Caval Anastomosis,31500,Clinical notes and USG-doppler /CT/MRI report confirming the diagnosis for which the surgery is done,"Intra procedure clinical photograph, detailed discharge summary, Detailed Operative notes",No,--
SG,General Surgery,SG047A,Mesenteric Caval Anastomosis,28500,Clinical notes and USG/CT/MRI/ Endoscopy report confirming the diagnosis for which the anastomosis is done,"Intra procedure clinical photograph, detailed discharge summary and Detailed Operative notes",No,--
SG,General Surgery,SG048A,Mesenteric Cyst ? Excision,15000,Clinical notes and USG/CT/MRI report confirming the diagnosis,"Histopath, Intra procedure clinical photograph, detailed discharge summary and Detailed Operative notes",No,--
SG,General Surgery,SG050A,Inguinal - Open,14200,"Clinical notes and USG (specifying size of defect), Clinical photograph","Post procedure clinical photograph, detailed discharge summary Detailed Operative notes, Invoice of Mesh used",Yes,No
SG,General Surgery,SG050B,Inguinal - Lap.,14200,"Clinical notes and USG (specifying size of defect), Clinical photograph","Post procedure clinical photograph, detailed discharge summary Detailed Operative notes, Invoice of Mesh used",Yes,No
SG,General Surgery,SG050C,Femoral - Open,14200,"Clinical notes and USG (specifying size of defect), Clinical photograph","Post procedure clinical photograph, detailed discharge summary Detailed Operative notes, Invoice of Mesh used",Yes,No
SG,General Surgery,SG050D,Femoral - Lap,14200,"Clinical notes and USG (specifying size of defect), Clinical photograph","Post procedure clinical photograph, detailed discharge summary Detailed Operative notes, Invoice of Mesh used",Yes,No
SG,General Surgery,SG050E,Obturator - Lap.,20000,"Clinical notes and USG (specifying size of defect), Clinical photograph","Post procedure clinical photograph, detailed discharge summary Detailed Operative notes, Invoice of Mesh used",Yes,No
SG,General Surgery,SG051A,Epigastric,17400,"Clinical notes and USG (specifying size of defect), Clinical photograph","Post procedure clinical photograph, detailed discharge summary Detailed Operative notes +/- Invoice of Mesh used",Yes,No
SG,General Surgery,SG051B,Umbilical,17400,"Clinical notes and USG (specifying size of defect), Clinical photograph","Post procedure clinical photograph, detailed discharge summary Detailed Operative notes +/- Invoice of Mesh used",Yes,No
SG,General Surgery,SG051C,Paraumbilical,17400,"Clinical notes and USG (specifying size of defect), Clinical photograph","Post procedure clinical photograph, detailed discharge summary Detailed Operative notes +/- Invoice of Mesh used",Yes,No
SG,General Surgery,SG051D,Spigelian,17400,"Clinical notes and USG (specifying size of defect), Clinical photograph","Post procedure clinical photograph, detailed discharge summary Detailed Operative notes +/- Invoice of Mesh used",Yes,No
SG,General Surgery,SG052A,Repair of Incisional Hernia,20000,"Clinical notes including info about previous surgery in whose incision this hernia has occurred and USG (specifying size of defect), Clinical photograph","Post procedure clinical photograph, detailed discharge summary Detailed Operative notes +/- Invoice of Mesh used",Yes,No
SG,General Surgery,SG053A,Hiatus Hernia Repair - Open,23500,Clinical notes and X-ray/ USG + UGI Endoscopy,"Intra procedure clinical photograph, Detailed Operative notes & discharge summary",No,--
SG,General Surgery,SG053B,Hiatus Hernia Repair - Lap. ,23500,Clinical notes and X-ray/ USG + UGI Endoscopy,"Intra procedure clinical photograph, Detailed Operative notes & discharge summary",No,--
SG,General Surgery,SG053C,Fundoplication - Open,23500,Clinical notes and X-ray/ USG + UGI Endoscopy,"Intra procedure clinical photograph, Detailed Operative notes & discharge summary",No,--
SG,General Surgery,SG053D,Fundoplication - Lap. ,23500,Clinical notes and X-ray/ USG + UGI Endoscopy,"Intra procedure clinical photograph, Detailed Operative notes & discharge summary",No,--
SG,General Surgery,SG054A,Single Cyst,2000,Deailed Clinical notes,"Intra operative clinical photograph, Detailed Operative notes; detailed discharge summary.",Yes,No
SG,General Surgery,SG054B,Multiple Cysts,7000,Deailed Clinical notes,"Intra operative clinical photograph, Detailed Operative notes; detailed discharge summary.",Yes,No
SG,General Surgery,SG055A,Excision Filarial Scrotum,6500,Clinical notes +/- USG report confirming the diagnosis,"Histopath, detailed Operative notes, Detailed discharge summary",Yes,No
SG,General Surgery,SG056A,Operation for Hydrocele (U/L),5000,Clinical notes and +/- Scrotal USG confirming the diagnosis,"Histopath, Intra procedure clinical photograph, Detailed Operative notes and detailed discharge summary",Yes,No
SG,General Surgery,SG057A,Epididymal Cyst exision,4600,Clinical notes and USG report confirming the diagnosis,"Histopath, Intra operative clinical photograph, Detailed Operative notes, Detailed discharge summary",Yes,No
SG,General Surgery,SG057B,Epididymal Nodule excision,4600,Clinical notes and USG report confirming the diagnosis,"Histopath, Intra operative clinical photograph, Detailed Operative notes, Detailed discharge summary",Yes,No
SG,General Surgery,SG058A,Vasovasostomy,12000,Clinical notes detailing need of surgery after vasectomy? Evidence of When and where was vasectomy done? Is the EHCP equipped for microsurgery?,"Detailed discharge summary, Detailed Operative notes. Since this is microsurgery evaluate time taken (2 hours+)",No,--
SG,General Surgery,SG060A,Inguinal Node (dissection) - U/L,16000,Clinical notes and USG/ Biopsy report confirming the diagnosis for which the surgery is done,"Histopath, Intra procedure clinical photograph detailed discharge summary, Detailed Operative notes",Yes,No
SG,General Surgery,SG065A,Microlaryngoscopic Surgery,18500,Clinical notes and Nasal Endoscopy confirming the diagnosis for which this surgery is done,"Post procedure Nasal Endoscopy and post procedure clinical photograph OR Intra procedure clinical photograph, detailed discharge summary, Detailed Operative notes",No,--
SG,General Surgery,SG068A,Surgical removal of Branchial Cyst,15000,Clinical notes with USG or CT Scan confirming diagnosis; Pre-op Clinical Photograph,"Histopathology report, post procedure clinical photograph, Detailed Operative notes & detailed discharge summary.",No,--
SG,General Surgery,SG072A,Thymectomy,28000,"Clinical notes and Investigation report confirming the need for surgery (CT/MRI), Single-fiber electromyography in case of myasthenia gravis, Clinical photograph","Histopath, Post procedure clinical photograph, Detailed Operative notes, Detailed discharge summary",No,--
SG,General Surgery,SG073A,Sympathectomy,15000,"Clinical notes and supporting Evidence of need of surgery (EMG,Nerve conduction study, CT/MRI) Clinical Photograph","Intra procedure clinical photograph, detailed discharge summary, Detailed Operative notes",No,--
SG,General Surgery,SG076A,Excision Mammary Fistula,14500,"Clinical notes and sonomammogram report confirming the diagnosis,","Histopath, Detailed Operative notes, Detailed discharge summary",No,--
SG,General Surgery,SG077A,Intercostal drainage Only,4800,"Clinical notes and detailing need of ICD; Clinical photograph, Chest X-Ray PA","Analysis report of drained fluid; post procedure clinical photograph, Detailed Operative notes; Detailed discharge summary",Yes,No
SG,General Surgery,SG078A,Rib Resection & Drainage,14000,"Clinical notes and X Ray, CT/ MRI confirming the diagnosis for which the surgery is done, Clinical photograph","Pus C/S, Post procedure X Ray, Post procedure clinical photograph, Detailed Operative notes, detailed discharge summary",Yes,No
SG,General Surgery,SG079A,Thoracoplasty,20000,"Clinical notes and X Ray, CT/MRI Chest confirming the indication for this surgery, Clinical Photograph","Post procedure clinical photograph, Detailed Operative notes, Intra procedure clinical photograph, Detailed discharge summary",No,--
SG,General Surgery,SG080A,Decortication (Pleurectomy),28000,"Clinical notes and USG/CT Scan confirming the diagnosis for which the surgery is done, Biopsy","Histopathology, Detailed discharge summary and Detailed Operative notes",No,--
SG,General Surgery,SG082A,Thoracoscopic Segmental Resection,25000,"Clinical notes and CT Thorax confirming the diagnosis, +/- Biopsy report","Intra procedure clinical photograph, Detailed Operative notes, histopath, Detailed discharge summary, Scar Photo",No,--
SG,General Surgery,SG083A,Lung Hydatid Cyst removal,20000,"Clinical notes and X Ray, CT/MRI Chest confirming the diagnosis, Clinical Photograph","Post procedure clinical photograph, Detailed Operative notes, Intra procedure clinical photograph, Detailed discharge summary, Histopathology",No,--
SG,General Surgery,SG084A,Incision & Drainage of Abscess,5000,Clinical notes and USG report confirming large abscess.,"C/S report of Wound or Pus, Intra operative clinical photograph, Detailed Operative notes & detailed discharge summary.",Yes,No
SG,General Surgery,SG085A,Lipoma Excision,5000,Clinical notes and clinical photograph to confirm diagnosis.,"Histopath, Post procedure clinical photograph, Detailed Operative notes, detailed discharge summary",Yes,No
SG,General Surgery,SG085B,Cyst Excision,5000,Clinical notes and clinical photograph to confirm diagnosis.,"Histopath, Post procedure clinical photograph, Detailed Operative notes, detailed discharge summary",Yes,No
SG,General Surgery,SG085C,Other cutaneous swellings Excision,5000,Clinical notes and clinical photograph to confirm diagnosis.,"Histopath, Post procedure clinical photograph, Detailed Operative notes, detailed discharge summary",Yes,No
SG,General Surgery,SG086A,Debridement of Ulcer,5000,"Clinical notes and Clinical photograph of affected part, Evidence of confirmed diagnosis of Leprosy","Post procedure clinical photograph, Detailed Operative notes, Detailed discharge summary",Yes,No
SG,General Surgery,SG088A,Free Grafts - Wolfe Grafts,14000,"Clinical notes detailing original pathology, with suporting reports, Clinical Photograph","Post procedure clinical photograph, Detailed Operative notes, Detailed discharge summary",No,--
SG,General Surgery,SG089A,Tissue Reconstruction Flap,25000,Clinical notes and Clinical photograph of affected part justifying surgery. Evidence of confirmed diagnosis of Leprosy,"Intra procedure clinical photograph, Post procedure clinical photograph (if flap taken from other site; even of donor site), Detailed Operative notes, Detailed discharge summary",No,--
SG,General Surgery,SG090A,Small (< 4% TBSA),13500,"Clinical notes detailing time of Burns,, Clinical Photograph","Post procedure clinical photograph, Detailed Operative notes, Detailed discharge summary",No,--
SG,General Surgery,SG090B,Medium (4 - 8% TBSA),13500,"Clinical notes detailing time of Burns,, Clinical Photograph","Post procedure clinical photograph, Detailed Operative notes, Detailed discharge summary",No,--
SG,General Surgery,SG090C,Large (> 8% TBSA),13500,"Clinical notes detailing time of Burns,, Clinical Photograph","Post procedure clinical photograph, Detailed Operative notes, Detailed discharge summary",No,--
SG,General Surgery,SG091A,Skin Flaps - Rotation Flaps,11400,"Clinical notes and Clinical Photograph, medical records of previous surgeries and indication of this surgery","Post procedure clinical photograph, Detailed Operative notes, detailed discharge summary",No,--
SG,General Surgery,SG093A,Lymphatics Excision of Subcutaneous Tissues In Lymphoedema,10000,"Clinical notes and detailing history, Clinical Photograph","Histopathology report, post procedure clinical photograph, Detailed Operative notes, Detailed discharge summary.",No,--
SG,General Surgery,SG094A,AV Fistula without prosthesis,6000,Clinical notes detailing need for AV shunt with supporting Evidence of Creatinine/ RFT,"Post Procedure clinical photograph, Detailed Operative notes, Detailed discharge summary",No,--
SG,General Surgery,SG095A,Management of Varicose Veins,14000,"Clinical notes and Duplex ultrasonography/ Colour Doppler confirming the diagnosis, pre-op clinical photograph","Detailed discharge summary, Post procedure clinical photograph, Detailed Operative notes",Yes,No
SG,General Surgery,SG096A,Lymph Node,5000,Clinical notes and Clinical Photograph of Enlarged lymph nodes +/- FNAC report,"Histopathology report, post procedure clinical photograph, Detailed Operative notes",Yes,No
SG,General Surgery,SG096B,Endometrial Aspiration,2000,Clinical notes with supporting investigations ,"Pic of specimen, Histopathology report, discharge summary",Yes,No
SG,General Surgery,SG096C,Cervix Cancer screening (PAP + Colposcopy),1000,Clinical notes with supporting investigations ,"Pic of specimen, Histopathology report, discharge summary",Yes,No
SG,General Surgery,SG096D,Cervical (Neck),1500,Clinical notes with supporting investigations ,"Pic of specimen, Histopathology report, discharge summary",Yes,No
SG,General Surgery,SG096E,Vulval,1500,Clinical notes with supporting investigations ,"Pic of specimen, Histopathology report, discharge summary",Yes,No
SG,General Surgery,SG097A,Stoma Management follow up of Ileostomy,4500,"Earlier discharge summary, Clinical Notes",Invoice / Receipt of drugs and consumables,No,--
SG,General Surgery,SG097B,Stoma Management follow up of Colostomy,4500,"Earlier discharge summary, Clinical Notes",Invoice / Receipt of drugs and consumables,No,--
SG,General Surgery,SG098A,Foreign Body Removal,5000,"Clinical notes and X-ray/ USG report of the affected part confirming the diagnosis, Still Photograph of the imaging","Post procedure clinical photograph, Detailed Operative notes, detailed discharge summary and relevant imaging study for comparison",No,--
SG,General Surgery,SGU100,Unspecified Surgical Package,0,NA,NA,No,--
SG,General Surgery,SL028A,Deep neck abscess drainage,16800,"Clinical notes and clinical photgraph/ investigation supporting diagnosis, CT","C/S of pus, post procedure clinical photograph of affected part, detailed Procedure / Operative Notes; detailed discharge summary",No,--
SG,General Surgery,SL028B,Post trauma neck exploration,16800,"Clinical notes and clinical photgraph/ investigation supporting diagnosis, CT","C/S of pus, post procedure clinical photograph of affected part, detailed Procedure / Operative Notes; detailed discharge summary",No,--
SG,General Surgery,SV015A,Aortic Arch Replacement using bypass,150000,Clinical notes and angio / CT angio / MRI reports ,"Detailed procedure notes, detailed discharge summary.",No,--
SG,General Surgery,SV015B,Thoracoabdominal aneurysm Repair using bypass,150000,Clinical notes and angio / CT angio / MRI reports ,"Detailed procedure notes, detailed discharge summary.",No,--
SG,General Surgery,SV016A,Aortic Aneurysm Repair using Cardiopulmonary bypass (CPB),120000,Clinical notes and ECHO / Angio / CT angio / MRI reports showing aneurysm,"Detailed procedure notes, detailed discharge summary.",No,--
SG,General Surgery,SV016B,Aortic Aneurysm Repair using Left Heart Bypass,120000,Clinical notes and ECHO / Angio / CT angio / MRI reports showing aneurysm,"Detailed procedure notes, detailed discharge summary.",No,--
SG,General Surgery,SV016C,Aortic Aneurysm Repair without using Cardiopulmonary bypass (CPB),65500,Clinical notes  angio / CT angio / MRI  reports ,"Detailed procedure notes, detailed discharge summary.",No,--
SG,General Surgery,SV016D,Aortic Aneurysm Repair without using Left Heart Bypass,65500,Clinical notes  angio / CT angio / MRI  reports ,"Detailed procedure notes, detailed discharge summary.",No,--
SG,General Surgery,SV020A,Thromboembolectomy ,28000,"Soon as documents are uploaded, confirm evidence of embolus/ Thrombus in duples USG/ Angio",Detailed discharge summary and operative notes,No,--
SG,General Surgery,SV025A,Foreign Body Removal with scope,20000,Clinical notes and Radiological evidence of foreign body,"Detailed Operative notes, Detailed discharge summary, Photograph of Removed Foreign body",No,--
SG,General Surgery,SV027A,Space - Occupying Lesion (SOL) mediastinum,65500,Clinical notes and CT Chest,"Detailed discharge summary, Detailed Operation notes, HPE of SOL",No,--
SG,General Surgery,SV028A,"Isolated Intercostal Drainage and Management of ICD, Intercostal Block, Antibiotics & Physiotherapy",10000,Cl notes detailing need of ICD; X-ray chest,Detailed procedure notes. Detailed discharge summary,No,--
SL,Otorhinolaryngology,SL001B,Pinna surgery for trauma,8600,"History, Pre-op Clinical photograph","Post procedure clinical photograph of affected part, detailed Procedure / Operative Notes, detailed discharge summary",No,--
SL,Otorhinolaryngology,SL002A,Tympanoplasty,12900,Clinical notes and Audiogram/ Tympanometry (or impedence audiometry) as justification of surgery,"Intra procedure clinical photograph, Post procedure clinical photograph of affected part, detailed Procedure / Operative Notes. Detailed discharge summary Invoice of graft used",No,--
SL,Otorhinolaryngology,SL003A,Stapedectomy,13000,Clinical notes and audiometry confirming conductive deafness,"Intra procedure microscope clinical photograph; detailed Procedure / Operative Notes, detailed discharge summary",No,--
SL,Otorhinolaryngology,SL003B,Tympanotomy,13000,Clinical notes and audiometry confirming conductive deafness,"Intra procedure microscope clinical photograph; detailed Procedure / Operative Notes, detailed discharge summary",No,--
SL,Otorhinolaryngology,SL006A,Endoscopic DCR,19300,"Clinical notes and endoscopy findings, Clinical photograph","Endoscopic still images, Detailed discharge summary, Post procedure clinical photograph of affected part, detailed Procedure / Operative Notes.",No,--
SL,Otorhinolaryngology,SL007A,Epistaxis treatment - packing ,0,Clinical notes with planned line of treatment,"Clinical photograph, Detailed Discharge Summary",Yes,No
SL,Otorhinolaryngology,SL008A,Functional septo rhinoplasty,21800,"Clinical notes Indication for this surgery with supporting medical records, X-ray, MLC/FIR for traumatic injuries and circumstances of the incident which led to disfigurement, Clinical picture",Post procedure clinical photograph of affected part; Detailed Procedure / Operative Notes; Detailed discharge summary,No,--
SL,Otorhinolaryngology,SL009A,Septoplasty,12000,"Indication for this surgery with supporting medical records, MLC/FIR for traumatic injuries, Endoscopic picture/ Clinical picture","Post procedure clinical photograph of affected part, Detailed Procedure / Operative Notes. Detailed discharge summary",Yes,No
SL,Otorhinolaryngology,SL010A,Fracture - setting nasal bone,8000,"MLC/FIR for traumatic injuries and circumstances of the incident which led to fracture, X Ray/CT","Post procedure X-ray, Post procedure clinical photograph of affected part, detailed Procedure / Operative Notes. Detailed discharge summary",Yes,No
SL,Otorhinolaryngology,SL011A,Inferior turbinate reduction under GA,5700,"Clinical notes and EXAMINATION FINDINGS, nasoendoscopy findings","Intraoperative Stills, Post procedure clinical photograph of affected part, Detailed discharge summary Detailed Procedure / Operative Notes",Yes,No
SL,Otorhinolaryngology,SL012A,Open sinus surgery,15000,Clinical notes detailing chronicity of sinusitis . indications for surgery with supporting CTpre-procedure photograph,"Post procedure Imaging, Post procedure clinical photograph of affected part. Histopathology,, detailed Procedure / Operative Notes. Intra procedure clinical photograph",No,--
SL,Otorhinolaryngology,SL013A,Functional Endoscopic Sinus (FESS),11000,Clinical notes and CT confirming the diagnosis,"Stills of procedure being done, post procedure clinical photograph , Detailed Procedure / Operative Notes, detailed discharge summary",Yes,No
SL,Otorhinolaryngology,SL014A,Ant. Ethmoidal artery ligation - Open,15000,Indications of this surgery with clinical evidence (CT),"Intraoperative photograph, X-ray of clips used, post procedure clinical photograph of affected part. Detailed Procedure / Operative Notes and discharge summary.",No,--
SL,Otorhinolaryngology,SL014B,Ant. Ethmoidal artery ligation - Endoscopic,15000,Indications of this surgery with clinical evidence (CT),"Intraoperative photograph, X-ray of clips used, post procedure clinical photograph of affected part. Detailed Procedure / Operative Notes and discharge summary.",No,--
SL,Otorhinolaryngology,SL014C,Sphenopalatine artery ligation - Open,15000,Indications of this surgery with clinical evidence (CT),"Intraoperative photograph, X-ray of clips used, post procedure clinical photograph of affected part. Detailed Procedure / Operative Notes and discharge summary.",No,--
SL,Otorhinolaryngology,SL014D,Sphenopalatine artery ligation - Endoscopic,15000,Indications of this surgery with clinical evidence (CT),"Intraoperative photograph, X-ray of clips used, post procedure clinical photograph of affected part. Detailed Procedure / Operative Notes and discharge summary.",No,--
SL,Otorhinolaryngology,SL015A,Adenoidectomy,5000,"Clinical notes with supporting investigation reports,X Ray Adenoids, Clinical Photograph","Histopathology report, post procedure clinical photograph of affected part, detailed Procedure / Operative Notes. Detailed discharge summary",Yes,No
SL,Otorhinolaryngology,SL016A,Tonsillectomy - U/L,7500,"Indication for surgery from treating doctor with supporting case history, physical examination findings, supporting investigation reports, Clinical Photograph","Histopathology report, post procedure clinical photograph of affected part, detailed Procedure / Operative Notes",Yes,No
SL,Otorhinolaryngology,SL016B,Tonsillectomy - B/L,7500,"Indication for surgery from treating doctor with supporting case history, physical examination findings, supporting investigation reports, Clinical Photograph","Histopathology report, post procedure clinical photograph of affected part, detailed Procedure / Operative Notes",Yes,No
SL,Otorhinolaryngology,SL017A,Peritonsillar abscess drainage,5800,"Doctor's notes with presenting complaints, duration and physicial examination findings of oral cavity and tonsils, clinical photograph if possible","C/S of pus, post procedure clinical photograph of affected part, detailed Procedure / Operative Notes; detailed discharge summary",Yes,No
SL,Otorhinolaryngology,SL017B,Intraoral calculus removal,5800,"Doctor's notes with presenting complaints, duration and physicial examination findings of oral cavity and tonsils, clinical photograph if possible","C/S of pus, post procedure clinical photograph of affected part, detailed Procedure / Operative Notes; detailed discharge summary",Yes,No
SL,Otorhinolaryngology,SL018A,Thyroglossal cyst excision,15300,Clinical notes and pre-operative clincial photograph,"Histopathology report, post procedure clinical photograph of affected part, detailed Procedure / Operative Notes. Detailed discharge summary",No,--
SL,Otorhinolaryngology,SL018B,Thyroglossal sinus excision,15300,Clinical notes and pre-operative clincial photograph,"Histopathology report, post procedure clinical photograph of affected part, detailed Procedure / Operative Notes. Detailed discharge summary",No,--
SL,Otorhinolaryngology,SL018C,Thyroglossal fistula excision,15300,Clinical notes and pre-operative clincial photograph,"Histopathology report, post procedure clinical photograph of affected part, detailed Procedure / Operative Notes. Detailed discharge summary",No,--
SL,Otorhinolaryngology,SL018D,Branchial sinus excision,15300,Clinical notes and pre-operative clincial photograph,"Histopathology report, post procedure clinical photograph of affected part, detailed Procedure / Operative Notes. Detailed discharge summary",No,--
SL,Otorhinolaryngology,SL018E,Branchial fistula excision,15300,Clinical notes and pre-operative clincial photograph,"Histopathology report, post procedure clinical photograph of affected part, detailed Procedure / Operative Notes. Detailed discharge summary",No,--
SL,Otorhinolaryngology,SL019A,Uvulopalatopharyngoplasty (UPPP),18600,Clinical notes and Polysomnography (Sleep Study) + CT/MRI,"Post procedure clinical photograph of affected part, detailed Procedure / Operative Notes; detailed discharge summary",No,--
SL,Otorhinolaryngology,SL022A,Removal of Submandibular Salivary gland,9000,"Clinical notes to establigh indication; Biopsy if tumour, Clinical Photograph of affected part","Histopathology report, post procedure clinical photograph of affected part, detailed Procedure / Operative Notes; detailed discharge summary",No,--
SL,Otorhinolaryngology,SL022B,Removal of Ranula,9000,"Clinical notes and Clinical photograph, MLC/FIR for traumatic injuries and circumstances of the incident which led to rupture of salivary duct","Histopathology report, post procedure clinical photograph of affected part, detailed Procedure / Operative Notes; detailed discharge summary",No,--
SL,Otorhinolaryngology,SL022C,Removal of Submandibular Lymph node,9000,"Clinical notes to establigh indication; Biopsy if tumour, Clinical Photograph of affected part","Histopathology report, post procedure clinical photograph of affected part, detailed operative notes; detailed discharge summary",No,--
SL,Otorhinolaryngology,SL023A,Rigid laryngoscopy - Diagnostic + / - biopsy,7000,Clinical notes with planned line of treatment,"Procedure / Operative Notes,Post Procedure  Photograph of affected part, Histopathology report",No,--
SL,Otorhinolaryngology,SL023B,Rigid bronchoscopy -  Diagnostic + / - biopsy,7000,Clinical notes with planned line of treatment,"Procedure / Operative Notes,Post Procedure  Photograph of affected part, Histopathology report",No,--
SL,Otorhinolaryngology,SL023C,Rigid oesophagoscopy - Diagnostic + / - biopsy,7000,Clinical notes with planned line of treatment,"Procedure / Operative Notes,Post Procedure  Photograph of affected part, Histopathology report",No,--
SL,Otorhinolaryngology,SL024A,Microlaryngeal surgery with or without laser,17000,"Indication for surgery with supporting investigation reports, laryngoscopy findings +/- Laryngeal electromyography","Procedure / Operative Notes,Post Procedure  Photograph of affected part, Histopathology report",No,--
SL,Otorhinolaryngology,SL026A,Tracheostomy,6000,Clinical notes with planned line of treatment justifying indication,"Procedure / Operative Notes,Post Procedure  Photograph of affected part, Histopathology report",No,--
SL,Otorhinolaryngology,SL026B,Tracheotomy,6000,Clinical notes with planned line of treatment justifying indication,"Procedure / Operative Notes,Post Procedure  Photograph of affected part, Histopathology report",No,--
SL,Otorhinolaryngology,SL033A,Closed reduction for fracture of maxilla,9200,"MLC/FIR for traumatic injuries and circumstances of the incident which led to fracture, X Ray/CT","Procedure / Operative Notes,Post Procedure  Photograph of affected part, Histopathology report",No,--
SL,Otorhinolaryngology,SL033B,Closed reduction for fracture of mandible,9200,"MLC/FIR for traumatic injuries and circumstances of the incident which led to fracture, X Ray/CT","Procedure / Operative Notes,Post Procedure  Photograph of affected part, Histopathology report",No,--
SL,Otorhinolaryngology,SL033C,Closed reduction for fracture of zygoma,9200,"MLC/FIR for traumatic injuries and circumstances of the incident which led to fracture, X Ray/CT","Procedure / Operative Notes,Post Procedure  Photograph of affected part, Histopathology report",No,--
SL,Otorhinolaryngology,SL033D,Closed reduction and Intermaxillary fixation for fracture of mandible,9200,"MLC/FIR for traumatic injuries and circumstances of the incident which led to fracture, X Ray/CT","Procedure / Operative Notes,Post Procedure  Photograph of affected part, Histopathology report",No,--
SL,Otorhinolaryngology,SL034A,Open reduction and internal fixation of maxilla,14000,"MLC/FIR for traumatic injuries and circumstances of the incident which led to fracture, X Ray/CT","Procedure / Operative Notes,Post Procedure  Photograph of affected part, Histopathology report",No,--
SL,Otorhinolaryngology,SL034B,Open reduction and internal fixation of mandible,14000,"MLC/FIR for traumatic injuries and circumstances of the incident which led to fracture, X Ray/CT","Procedure / Operative Notes,Post Procedure  Photograph of affected part, Histopathology report",No,--
SL,Otorhinolaryngology,SL034C,Open reduction and internal fixation of zygoma,14000,"MLC/FIR for traumatic injuries and circumstances of the incident which led to fracture, X Ray/CT","Procedure / Operative Notes,Post Procedure  Photograph of affected part, Histopathology report",No,--
SL,Otorhinolaryngology,SL035A,Turbinate reduction,1200,"Clinical notes with planned line of treatment and EXAMINATION FINDINGS, nasoendoscopy findings","Procedure / Operative Notes,Post Procedure  Photograph of affected part, Histopathology report",No,--
SL,Otorhinolaryngology,SL035B,Biopsy,1200,"Clinical notes with planned line of treatment and EXAMINATION FINDINGS, nasoendoscopy findings","Procedure / Operative Notes,Post Procedure  Photograph of affected part, Histopathology report",No,--
SL,Otorhinolaryngology,SL035C,Intratympanic injections,1200,"Clinical notes with planned line of treatment and EXAMINATION FINDINGS, nasoendoscopy findings","Procedure / Operative Notes,Post Procedure  Photograph of affected part, Histopathology report",No,--
SL,Otorhinolaryngology,SL035D,Wide bore aspiration,1200,"Clinical notes with planned line of treatment and EXAMINATION FINDINGS, nasoendoscopy findings","Procedure / Operative Notes,Post Procedure  Photograph of affected part, Histopathology report",No,--
SL,Otorhinolaryngology,SLU100,Unspecified Surgical Package,0,NA,NA,No,--
SL,Otorhinolaryngology,SN035B,Neurectomy - Trigeminal,16500,"Clinical notes justifying the surgery,","Post procedure Clinical photgraph showing scar, detailed discharge summary Detailed Procedure / Operative Notes.",No,--
SM,Oral and Maxillofacial Surgery,SM001A,Extraction of impacted tooth under LA,500,Dental X-ray / OPG (Orthopantomogram) showing impacted tooth Clinical Photograph,"Post procedure X-ray, extracted tooth, Detailed Procedure / Operative Notes,",Yes,No
SM,Oral and Maxillofacial Surgery,SM002A,Sequestrectomy ,1500,OPG showing necrosed tissue,"Post procedure clinical photograph; detailed discharge summary, Detailed Procedure / Operative Notes, HPE",Yes,No
SM,Oral and Maxillofacial Surgery,SM003A,TM joint ankylosis of both jaws - under GA,15000,"Clinical Photograph, X-Ray of affected area, CT;","Post procedure clinical photograph with mouth open, X Ray, detailed discharge summary Detailed Procedure / Operative Notes",No,--
SM,Oral and Maxillofacial Surgery,SM004A,Closed reduction (1 jaw) using wires -  under LA,5000,"Circumstances that led to fracture, MLC copy with number, Clinical Photograph, X Ray Mandible,","Detailed Discharge Summary, detailed Procedure / Operative Notes, Post procedure X ray mandible showing wires used",No,--
SM,Oral and Maxillofacial Surgery,SM004B,Open reduction (1 jaw) and fixing of plates / wire ? under GA ,12000,"Circumstances that led to fracture, MLC copy with number, Clinical Photograph, X Ray Mandible,","Detailed Discharge Summary, detailed Procedure / Operative Notes, Post procedure X ray mandible showing wires used",No,--
SM,Oral and Maxillofacial Surgery,SM005A,Enucleation / excision / marsupialization for cyst & tumour of Maxilla under LA,2500,"OPG/ CT Scan confirming the diagnosis; Biopsy/FNAC if tumour, Clinical Photograph","detailed discharge summary, Detailed Procedure / Operative Notes, Histopath, Post procedure clinical photograph; HPE",No,--
SM,Oral and Maxillofacial Surgery,SM005B,Enucleation / excision / marsupialization for cyst & tumour of Mandible under LA,2500,"OPG/ CT Scan confirming the diagnosis; Biopsy/FNAC if tumour, Clinical Photograph","detailed discharge summary, Detailed Procedure / Operative Notes, Histopath, Post procedure clinical photograph; HPE",No,--
SM,Oral and Maxillofacial Surgery,SM006A,Mandible Tumour Resection and reconstruction / Cancer surgery,6000,"OPG/ CT Scan confirming the diagnosis; Biopsy/FNAC if tumour, Clinical Photograph","detailed discharge summary, Detailed Procedure / Operative Notes, Histopath, Post procedure clinical photograph; HPE",No,--
SM,Oral and Maxillofacial Surgery,SM007A,Release of fibrous bands & grafting - in (OSMF) treatment under GA,3000,"Clinical notes and Oral Biopsy confirming the diagnosis, Clinical Photograph","Detailed Procedure / Operative Notes detailing grafting, detailed discharge summary, Post procedure clinical photograph",No,--
SM,Oral and Maxillofacial Surgery,SMU100,Unspecified Surgical Package,0,NA,NA,No,--
SM,Oral and Maxillofacial Surgery,SS001A,Cleft Lip and Palate Surgery (per stage),15000,Clinical notes and Clinical Photograph,"Detailed discharge summary, detailed Procedure / Operative Notes, Post procedure clinical photograph",No,--
SN,Neurosurgery,SN001A,Depressed Fracture,40000,Clinical notes and CT confirming diagnosis,"Post procedure Imaging with film (CT), Post procedure Clinical photgraph showing scar, detailed discharge summary, Detailed Procedure / Operative Notes.",No,--
SN,Neurosurgery,SN002A,CranioPlasty with Endogenous graft,20000,CT/MRI,"Post procedure Imaging wih film (CT/Xray), Post procedure Clinical photgraph , Detailed Procedure / Operative Notes.",No,--
SN,Neurosurgery,SN002B,CranioPlasty with Exogenous graft,20000,CT/MRI,"Post procedure Imaging wih film (CT/Xray), Post procedure Clinical photgraph , Detailed Procedure / Operative Notes.",No,--
SN,Neurosurgery,SN003A,Twist Drill Craniostomy,15000,Clinical notes and CT,"Post procedure Imaging with film (CT/MRI), Post procedure Clinical photgraph showing scar, Detailed Procedure / Operative Notes. Discharge summary ",No,--
SN,Neurosurgery,SN004A,Craniostenosis,28000,Clinical notes and CT/ MRI establishing need of surgery,"Post procedure Imaging with film (CT), Post procedure Clinical photgraph showing Post procedure Clinical photgraph showing scar; detailed discharge summary, Detailed Procedure / Operative Notes.",No,--
SN,Neurosurgery,SN005A,Anterior,36000,Clinical notes and CT/MRI establishing need of surgery,"Post procedure Imaging with film (CT), Post procedure Clinical photgraph showing scar, Detailed discharge summary Detailed Procedure / Operative Notes.",No,--
SN,Neurosurgery,SN005B,Lumbar,36000,Clinical notes and CT/MRI establishing need of surgery,"Post procedure Imaging with film (CT), Post procedure Clinical photgraph showing scar, Detailed discharge summary Detailed Procedure / Operative Notes.",No,--
SN,Neurosurgery,SN005C,Occipital,50000,Clinical notes and CT/MRI establishing need of surgery,"Post procedure Imaging with film (CT), Post procedure Clinical photgraph showing scar, Detailed discharge summary Detailed Procedure / Operative Notes.",No,--
SN,Neurosurgery,SN006A,Gocussa,50000,Clinical notes and CT supporting surgery,"Histopathology, Post procedure Imaging with film (CT), Post procedure Clinical photgraph showing scar , Detailed Procedure / Operative Notes. Detailed discharge summary ",No,--
SN,Neurosurgery,SN006B,Posterior,50000,Clinical notes and CT supporting surgery,"Histopathology, Post procedure Imaging with film (CT), Post procedure Clinical photgraph showing scar , Detailed Procedure / Operative Notes. Detailed discharge summary ",No,--
SN,Neurosurgery,SN007A,Duroplasty with Endogenous graft,12500,Clinical notes and CT/ MRI establishing need of surgery,"Post procedure Imaging with film (CT), Post procedure Clinical photgraph showing Post procedure Clinical photgraph showing scar; detailed discharge summary, Detailed Procedure / Operative Notes.",No,--
SN,Neurosurgery,SN007B,Duroplasty with Exogenous graft,12500,Clinical notes and CT/ MRI establishing need of surgery,"Post procedure Imaging with film (CT), Post procedure Clinical photgraph showing Post procedure Clinical photgraph showing scar; detailed discharge summary, Detailed Procedure / Operative Notes.",No,--
SN,Neurosurgery,SN008A,Burr hole,7000,Clinical notes and CT/MRI establishing need of surgery,"Post procedure Imaging with film (CT), Post procedure Clinical photgraph showing scar , Detailed discharge summary, Detailed Procedure / Operative Notes.",No,--
SN,Neurosurgery,SN008B,Burr hole surgery with chronic Sub Dural Haematoma ,20000,Clinical notes and CT/MRI establishing need of surgery,"Post procedure Imaging with film (CT), Post procedure Clinical photgraph showing scar , Detailed discharge summary, Detailed Procedure / Operative Notes.",No,--
SN,Neurosurgery,SN009A,Head injuries,55000,Clinical notes and CT/ MRI establishing need of surgery,"Post procedure Imaging with film (CT), Post procedure Clinical photgraph showing scar , Detailed Procedure / Operative Notes. Detailed discharge summary ",No,--
SN,Neurosurgery,SN009B,Hypertensive,50000,Clinical notes and CT/ MRI establishing need of surgery,"Post procedure Imaging with film (CT), Post procedure Clinical photgraph showing scar , Detailed Procedure / Operative Notes. Detailed discharge summary ",No,--
SN,Neurosurgery,SN009C,Child - subdural ,50000,Clinical notes and CT/ MRI establishing need of surgery,"Post procedure Imaging with film (CT), Post procedure Clinical photgraph showing scar , Detailed Procedure / Operative Notes. Detailed discharge summary ",No,--
SN,Neurosurgery,SN010A,Excision of Brain Abscess,36000,Clinical notes and CT,"Pus C/s, Post procedure Imaging with film (CT), Post procedure Clinical photgraph showing scar, Detailed discharge summary, Detailed Procedure / Operative Notes",No,--
SN,Neurosurgery,SN011A,Abscess Tapping,20000,Clinical notes and CT,"Pus C/s, Post procedure Imaging with film (CT), Post procedure Clinical photgraph showing scar, Detailed discharge summary, Detailed Procedure / Operative Notes",No,--
SN,Neurosurgery,SN012A,Epilepsy Surgery,50000,"Clinical notes and EEG, Neurologist report, CT/MRI","Post procedure Imaging with film (CT), Post procedure Clinical photgraph showing scar, Detailed discharge summary, Detailed Procedure / Operative Notes.",No,--
SN,Neurosurgery,SN013A,Brain Biopsy,15000,"Clinical notes and CT/MRI, suspected differential diagnosis","Histopathology, Post procedure Clinical photgraph showing scar, Detailed discharge summary, Detailed Procedure / Operative Notes.",No,--
SN,Neurosurgery,SN014A,Excision of Orbital Tumour ,40000,Clinical notes and CT/ MRI report,"Post procedure Imaging with film (CT), Post procedure Clinical photgraph showing scar, Detailed discharge summary, Detailed Procedure / Operative Notes. HPE report",No,--
SN,Neurosurgery,SN015A,Parasagital,50000,Clinical notes and CT/MRI,"Histopathology, Post procedure Imaging with film (CT), Post procedure Clinical photgraph showing scar, Detailed discharge summary, Detailed Procedure / Operative Notes.",No,--
SN,Neurosurgery,SN015B,Basal,50000,Clinical notes and CT/MRI,"Histopathology, Post procedure Imaging with film (CT), Post procedure Clinical photgraph showing scar, Detailed discharge summary, Detailed Procedure / Operative Notes.",No,--
SN,Neurosurgery,SN015C,Brainstem,50000,Clinical notes and CT/MRI,"Histopathology, Post procedure Imaging with film (CT), Post procedure Clinical photgraph showing scar, Detailed discharge summary, Detailed Procedure / Operative Notes.",No,--
SN,Neurosurgery,SN015D,C P Angle,50000,Clinical notes and CT/MRI,"Histopathology, Post procedure Imaging with film (CT), Post procedure Clinical photgraph showing scar, Detailed discharge summary, Detailed Procedure / Operative Notes.",No,--
SN,Neurosurgery,SN015E,Supratentorial & others ,55000,Clinical notes and CT/MRI,"Histopathology, Post procedure Imaging with film (CT), Post procedure Clinical photgraph showing scar, Detailed discharge summary, Detailed Procedure / Operative Notes.",No,--
SN,Neurosurgery,SN016A,Stereotactic Lesioning,60000,Clinical notes from neuorlogist/ psychiatriat / MRI,"Post procedure Imaging with film (CT), Post procedure Clinical photgraph showing scar, Detailed Procedure / Operative Notes. Detailed discharge summary ",No,--
SN,Neurosurgery,SN017A,Trans Sphenoidal  Surgery,50000,Clinical notes and MRI supporting surgery,"Histopathology, Post procedure Imaging with film (MRI), Detailed Procedure / Operative Notes. Detailed discharge summary. ",No,--
SN,Neurosurgery,SN018A,Trans oral Surgery,40000,X ray and MRI Spine,"Post procedure Imaging with film (X-ray), Detailed discharge summary, Detailed Procedure / Operative Notes. HPE report",No,--
SN,Neurosurgery,SN019A,Transoral surgery (Anterior) and CV Junction (Posterior Sterilisation),55000,X ray and MRI Spine,"Post procedure Imaging with film (X-ray), Detailed discharge summary, Detailed Procedure / Operative Notes.",No,--
SN,Neurosurgery,SN020A,"External Ventricular Drainage (EVD) 
including antibiotics",30000,Clinical noteand CT,"Analysis/ C/S of pus/ fluid removed, Post procedure Imaging with film (CT), Post procedure Clinical photgraph showing scar , Detailed discharge summary, Detailed Procedure / Operative Notes.",No,--
SN,Neurosurgery,SN021A,Ventricular Puncture,15000,Clinical notes and CT justifying procedure,"Post procedure Imaging with film (CT), Post procedure Clinical photgraph showing scar, Detailed discharge summary, Detailed Procedure / Operative Notes.",No,--
SN,Neurosurgery,SN022A,Ventriculo - peritoneal,30000,Clinical notes and CT/MRI,"Detailed discharge summary, Detailed Procedure / Operative Notes.Clinical Photograph",No,--
SN,Neurosurgery,SN022B,Ventriculo - pleural,30000,Clinical notes and CT/MRI,"Detailed discharge summary, Detailed Procedure / Operative Notes.Clinical Photograph",No,--
SN,Neurosurgery,SN022C,Ventriculo - atrial,30000,Clinical notes and CT/MRI,"Detailed discharge summary, Detailed Procedure / Operative Notes.Clinical Photograph",No,--
SN,Neurosurgery,SN022D,Theco - peritoneal,30000,Clinical notes and CT/MRI,"Detailed discharge summary, Detailed Procedure / Operative Notes.Clinical Photograph",No,--
SN,Neurosurgery,SN023A,Aneurysm Clipping including angiogram,50000,Clinical notes and CT-angio/MRA/DSA,"Post procedure Imaging with film (CT) showing clips, Post procedure Clinical photgraph showing scar, Detailed discharge summary, Detailed Procedure / Operative Notes., invoice of all the clip(s) used",No,--
SN,Neurosurgery,SN024A,Superficial Temporal Artery (STA): middle cerebral artery (MCA) or (other EC - IC) Bypass procedure,60000,Clinical notes and MRA/ DSA report,"Post procedure Imaging with film (CT), Post procedure Clinical photgraph showing scar, Detailed discharge summary, Detailed Procedure / Operative Notes.",No,--
SN,Neurosurgery,SN025A,Intracranial,50000,Clinical notes and MRA/ DSA report,"Post procedure Imaging with film (CT), Post procedure Clinical photgraph showing Post procedure Clinical photgraph showing scar, Detailed discharge summary, Detailed Procedure / Operative Notes.",No,--
SN,Neurosurgery,SN025B,Intraspinal,50000,Clinical notes and MRA/ DSA report,"Post procedure Imaging with film (CT), Post procedure Clinical photgraph showing Post procedure Clinical photgraph showing scar, Detailed discharge summary, Detailed Procedure / Operative Notes.",No,--
SN,Neurosurgery,SN025C,Scalp,25000,Clinical notes and MRA/ DSA report,"Post procedure Imaging with film (CT), Post procedure Clinical photgraph showing Post procedure Clinical photgraph showing scar, Detailed discharge summary, Detailed Procedure / Operative Notes.",No,--
SN,Neurosurgery,SN026A,Foramen Magnum Decompression,45000,Clinical notes and CT/MRI,"Post procedure Clinical photgraph showing scar, detailed discharge summary, Detailed Procedure / Operative Notes.",No,--
SN,Neurosurgery,SN027A,Skull Traction,8000,Clinical notes and Indication for skull traction supporting radiological evdience (CT/MRI).,"Clinical photgraph with traction applied, Detailed Procedure / Operative Notes detailing weights applied; Detailed discharge summary .",No,--
SN,Neurosurgery,SN028A,Posterior Cervical Discetomy without implant ,30000,Clinical notes and MRI,"Post procedure Clinical photgraph showing scar, Detailed discharge summary, Detailed Procedure / Operative Notes.",No,--
SN,Neurosurgery,SN029A,"Posterior Cervical Fusion with implant 
(Lateral mass fixation) ",50000,Clinical notes and MRI,"Post procedure Clinical photgraph showing scar, Detailed discharge summary, Detailed Procedure / Operative Notes. Cervical spine X-ray showing implant",No,--
SN,Neurosurgery,SN030A,Cervical Disc Multiple level without Fusion ,40000,Clinical notes and MRI,"Post procedure Clinical photgraph showing scar, Detailed discharge summary, Detailed Procedure / Operative Notes. Cervical spine X-ray",No,--
SN,Neurosurgery,SN031A,Excision of Cervical Ribs ,20000,X-Ray chest/CT/MRI confirming Diagnosis.,"Post procedure Imaging with film (X Ray) Detailed Procedure / Operative Notes. Post procedure scar photo, Detailed discharge summary ",No,--
SN,Neurosurgery,SN033A,Lumbar Discectomy ,30000,Clinical notes and MRI establishing need of surgery,"Post op MRI, Post procedure Clinical photgraph showing scar, Detailed discharge summary Detailed Procedure / Operative Notes.",No,--
SN,Neurosurgery,SN035A,Neurectomy,16000,"Clinical notes justifying the surgery,","Post procedure Clinical photgraph showing scar, detailed discharge summary Detailed Procedure / Operative Notes.",No,--
SN,Neurosurgery,SN036A,Cervical,40000,Clinical notes and MRI,"Intra procedure still photograph Post procedure Clinical photgraph showing scar, Detailed discharge summary, Detailed Procedure / Operative Notes.",No,--
SN,Neurosurgery,SN036B,Lumbar,40000,Clinical notes and MRI,"Intra procedure still photograph Post procedure Clinical photgraph showing scar, Detailed discharge summary, Detailed Procedure / Operative Notes.",No,--
SN,Neurosurgery,SN037A,Surgery for Spinal Canal Stenosis,40000,Clinical notes and MRI supporting surgery,Post op X-ray with film; Detailed discharge summary; Detailed Procedure / Operative Notes;,No,--
SN,Neurosurgery,SN039A,Spine - Extradural Haematoma,30000,Clinical notes and MRI supporting surgery,"Post procedure Clinical photgraph showing scar, detailed discharge summary, Detailed Procedure / Operative Notes",No,--
SN,Neurosurgery,SN039B,Spine - Extradural Haematoma with fixation,30000,Clinical notes and MRI supporting surgery,"Post procedure Clinical photgraph showing scar, detailed discharge summary, Detailed Procedure / Operative Notes",No,--
SN,Neurosurgery,SN040A,Spine - Intradural  Haematoma,40000,Clinical notes and MRI supporting surgery,"Post procedure Clinical photgraph showing scar, detailed discharge summary, Detailed Procedure / Operative Notes",No,--
SN,Neurosurgery,SN040B,Spine - Intradural  Haematoma with fixation,40000,Clinical notes and MRI supporting surgery,"Post procedure Clinical photgraph showing scar, detailed discharge summary, Detailed Procedure / Operative Notes",No,--
SN,Neurosurgery,SN041A,Spine - Extradural Tumour,30000,Clinical notes and MRI supporting surgery,"Histopathology/ Biopsy report, Post procedure Clinical photgraph showing scar, Detailed discharge summary Detailed Procedure / Operative Notes.",No,--
SN,Neurosurgery,SN041B,Spine - Extradural Tumour with fixation,30000,Clinical notes and MRI supporting surgery,"Histopathology/ Biopsy report, Post procedure Clinical photgraph showing scar, Detailed discharge summary Detailed Procedure / Operative Notes.",No,--
SN,Neurosurgery,SN042A,Spine - Intradural Tumour,40000,Clinical notes and MRI supporting surgery,"Biopsy & HPE report; Post procedure Clinical photgraph showing scar, detailed discharge summary, Detailed Procedure / Operative Notes",No,--
SN,Neurosurgery,SN042B,Spine - Intradural Tumour with fixation,40000,Clinical notes and MRI supporting surgery,"Biopsy & HPE report; Post procedure Clinical photgraph showing scar, detailed discharge summary, Detailed Procedure / Operative Notes",No,--
SN,Neurosurgery,SN043A,Spine - Intramedullar Tumour,50000,Clinical notes and MRI supporting surgery,"Histopathology, Post procedure Imaging with film (X-ray/ CT), Post procedure Clinical photgraph showing scar, Detailed Procedure / Operative Notes. Detailed discharge summary ",No,--
SN,Neurosurgery,SN043B,Spine - Intramedullar Tumour with fixation,50000,Clinical notes and MRI supporting surgery,"Histopathology, Post procedure Imaging with film (X-ray/ CT), Post procedure Clinical photgraph showing scar, Detailed Procedure / Operative Notes. Detailed discharge summary ",No,--
SN,Neurosurgery,SN044A,R. F. Lesioning for Trigeminal Neuralgia ,16500,Clinical notes establishing diagnosis of Trigeminal neuralgia and justification of local neurectomy with MRI / CT,"Intra procedure clinical CD/ series of still photographs; Detailed Procedure / Operative Notes, detailed discharge summary; invoice of RF probe",No,--
SN,Neurosurgery,SN045A,Brachial Plexus ? Repair,27000,Clinical notes and MRI report,"Detailed discharge summary, Post procedure Clinical photgraph showing scar, Detailed Procedure / Operative Notes.",No,--
SN,Neurosurgery,SN047A,Nerve Decompression,16000,Clinical notes and NCV,"Detailed discharge summary, Post procedure Clinical photgraph showing scar, Detailed Procedure / Operative Notes.",No,--
SN,Neurosurgery,SN048A,Cranial Nerve Anastomosis,32000,Clinical notes and MRI justifying surgery,"Post procedure Imaging with film (CT), Post procedure Clinical photgraph showing scar, detailed discharge summary, Detailed Procedure / Operative Notes.",No,--
SN,Neurosurgery,SN049A,Minor,15000,Clinical notes and Nerve Conduction Velocity (NCV) and Electromyography (EMG) reports,"Detailed discharge summary, Post procedure Clinical photgraph showing scar, Detailed Procedure / Operative Notes.",No,--
SN,Neurosurgery,SN049B,Major,30000,Clinical notes and Nerve Conduction Velocity (NCV) and Electromyography (EMG) reports,"Detailed discharge summary, Post procedure Clinical photgraph showing scar, Detailed Procedure / Operative Notes.",No,--
SN,Neurosurgery,SN050A,Nerve Biopsy excluding Hensens,7000,"Clinical notes and Reports of previous investigations and treatment taken ruling out Hensen's, differentials suspected, need for Nerve Biopsy",HPE Report of Nerve Biopsy: Detailed Proedure notes; detailed discharge summary,No,--
SN,Neurosurgery,SN051A,Muscle Biopsy with report,7000,Clinical notes and Electromyography (EMG) reports,"Histopathology, Post procedure Clinical photgraph showing scar Detailed discharge summary,, Detailed Procedure / Operative Notes.",No,--
SN,Neurosurgery,SN052A,Anterior Encephalocele,50000,Clinical notes and CT/MRI as Evidence,"Post procedure Imaging with film (CT), Post procedure Clinical photgraph showing scar, Detailed discharge summary Detailed Procedure / Operative Notes.",No,--
SN,Neurosurgery,SN053A,Spina Bifida Surgery,36000,Clinical notes and CT,"Post procedure Clinical photgraph showing scar, Detailed discharge summary, Detailed Procedure / Operative Notes.",No,--
SN,Neurosurgery,SN054A,Gamma Knife radiosurgery (GKRS) / SRS for tumours / Arteriovenous malformation (AVM),75000,Clinical notes and CT/ MRI report; Is the EHCP equipped with Gamma Knife?,"Intra procedure clinical photograph, treating doctor's consultation paper showing planning for RT treatment and the RT chart, detailed discharge summary",No,--
SN,Neurosurgery,SNU100,Unspecified Surgical Package,0,NA,NA,No,--
SO,Obstetrics  Gynaecology,SO001A,Lap. Salpingo-oophrectomy,14000,"Clinical notes establishing indication, USG Abdomen Pelvis/ CT/ MRI abdomen Pelvis","Detailed Operative notes,HPE Pic of specimen. Intraop stills with date & patient ID, Detailed discharge summary",No,--
SO,Obstetrics  Gynaecology,SO003A,"Laparoscopic tubal surgeries 
(for any indication including ectopic pregnancy)",13900,"Clinical notes establishing indication for the procedure, USG uterus & adnexa, Beta HCG","Detailed Operative notes, HPE if ectopic pregnancy or salpingectomy for any other indication, Detailed discharge summary ",No,--
SO,Obstetrics  Gynaecology,SO004A,Procedure on Fallopian Tube for establishing Tubal Patency,11600,Indication of the procedure preferably with record of previous sterilization/ reason for non-availability,Detailed discharge summary; Detailed Operative notes. Intra procedure clinical photograph,No,--
SO,Obstetrics  Gynaecology,SO005A,Laparotomy for broad ligament haematoma,16000,Clinical notes with physical examination findings supported by evidence of hematoma (USG),Detailed discharge summary; Detailed Operative notes. Intra procedure clinical photograph,No,--
SO,Obstetrics  Gynaecology,SO006A,Abdominal Myomectomy,20000,"Clinical notes establishing indication, USG Abdomen Pelvis/ MRI abdomen. Pap smear","Detailed Operative notes,HPE, Pic of specimen removed- Gross and Histopathology, Detailed discharge summary",Yes,No
SO,Obstetrics  Gynaecology,SO007A,Hysteroscopic myomectomies,9900,physical examination findings with indications for the procedure. USG pelvis / MRI Pelvis,"Detailed Operative notes, HPE, Intraop stills with date & patient ID, Detailed discharge summary ",No,--
SO,Obstetrics  Gynaecology,SO008A,Polypectomy,1500,"Clinical notes with planned line of treatment (including System Examination) and Relavant Investigations (USG Abdomen + Pelvis/ CT abdomen+ Pelvis), ","Procedure / Operative Notes, Intraop. Stills,Pic of specimen, Histopathology report, Detailed Discharge Summary",Yes,No
SO,Obstetrics  Gynaecology,SO009A,Hysteroscopic polypectomy,7200,"Admission Notes comprising of history and examination  with indications for the procedure, Relavant Investigations (establishing diagnosis),USG showing polyp","Detailed Procedure / Operative Notes together with indication of surgery, Intraop. stills with date & patient ID, pic off gross specimen removed , HPE,Progress notes,detailed discharge summary.",No,--
SO,Obstetrics  Gynaecology,SO010C,Non descent vaginal hysterectomy,20000,"Clinical notes with planned line of treatment (clearly indicating medical management tried and failed or not indicated. If failed documents proving duration of treatment and failure. The medical management should have been tried for atleast 4-6 months covering 1 course of hormone cycle), USG Abdomen + Pelvis, Pap smear, EB/EAC","Detailed Procedure / Operative Notes together with indication of surgery, Intraop. stills with date & patient ID, pic off gross specimen removed , HPE, Progress notes,detailed discharge summary.",Yes,No
SO,Obstetrics  Gynaecology,SO010D,Vaginal hysterectomy with anterior and posterior colpoperineorrhaphy,20000,"Clinical notes with planned line of treatment (clearly indicating medical management tried and failed or not indicated with reason. If failed documents proving duration of treatment and failure. The medical management should have been tried for atleast 4-6 months covering 1 course of hormone cycle), Photographic documentation with patient?s consent, Pap smear ( EB/EAC is optional )","Detailed Procedure / Operative Notes together with indication of surgery, Intraop. stills with date & patient ID, pic off gross specimen removed , HPE, Progress notes,detailed discharge summary.",No,--
SO,Obstetrics  Gynaecology,SO010E,Laparoscopic hysterectomy (TLH),20000,Clinical notes with planned line of treatment and USG Abdomen + Pelvis/ CT abdomen+ Pelvis confirming the indication,"Histopathology, Detailed Discharge Summary with Detailed operative notes",Yes,No
SO,Obstetrics  Gynaecology,SO010F,Laparoscopically assisted vaginal hysterectomy (LAVH),20000,"Admission Notes comprising of history and examination(clearly indicating medical management tried and failed or not indicated, with reason. If failed documents proving duration of treatment and failure. The medical management should have been tried for atleast 4-6 months covering 1 course of hormone cycle) , USG Abdomen + Pelvis/ MRI abdomen+ Pelvis confirming the indication, Pap smear, EB/EAC","Detailed Procedure / Operative Notes together with indication of surgery, Intraop. stills with date & patient ID, pic off gross specimen removed , HPE, Progress notes,detailed discharge summary.",Yes,No
SO,Obstetrics  Gynaecology,SO011A,Caesarean hysterectomy,20000,"Admission Notes comprising of history and examination  (clearly indicating medical management tried and failed or not indicated with reason. If failed documents proving duration of treatment and failure. The medical management should have been tried for atleast 4-6 months covering 1 course of hormone cycle), detailed Ante natal care records/ reasons for non-availability of ANC records. Per op clinical pic is optional","Detailed Procedure / Operative Notes. Histopath of uterus removed, per op pic of specimen removed; status of the child at the time of delivery and at the time of discharge; progress notes,Detailed discharge summary",Yes,Yes
SO,Obstetrics  Gynaecology,SO012A,Manchester Repair,15000,"Admission Notes comprising of history and examination  with indications for the procedure,Relavant Investigations (establishing diagnosis), ","Detailed Procedure / Operative Notes, Intraop. Stills, Progress notes, Detailed discharge summary",Yes,No
SO,Obstetrics  Gynaecology,SO013A,Surgeries for Prolapse - Sling Surgeries,28900,"Admission Notes comprising of history and examination  with indications for the procedure,Relavant Investigations (establishing diagnosis) ; Photographic documentation of degree/severity of prolapse with patient?s consent,Pap smear.","Detailed Procedure / Operative Notes,  Intraop. stills ,Barcode of sling used; progress notes,Detailed discharge summary",No,--
SO,Obstetrics  Gynaecology,SO014A,Hysterotomy,5000,"Admission Notes comprising of history and examination  with indications for the procedure,Relavant Investigations (establishing diagnosis), USG - Obstetric confirming the above package. Has medicolegal compliance been done?","Detailed Procedure / Operative Notes, Intraop. stills with date & patient ID, HPE of specimen,Progress notes, Detailed discharge summary",Yes,No
SO,Obstetrics  Gynaecology,SO015A,"Lap. Surgery for Endometriosis 
(Other than Hysterectomy)",11200,"Admission Notes comprising of history and examination, Relavant Investigations (establishing diagnosis) USG/ CT/ MRI/ laparoscopy findings","Detailed Procedure / Operative Notes together with indication of surgery, Intraop. stills with date & patient ID, pic off gross specimen removed , HPE, Progress notes,detailed discharge summary.",Yes,No
SO,Obstetrics  Gynaecology,SO016A,With biopsy,6000,"Admission Notes comprising of history and examination  with indications for the procedure, Relavant Investigations (establishing diagnosis),USG uterus & adnexa ","Detailed Procedure / Operative Notes together with indication of surgery, Intraop. stills with date & patient ID, pic off gross specimen removed , HPE of biopsy specimen,Progress notes, Detailed discharge summary",No,--
SO,Obstetrics  Gynaecology,SO016B,Without biopsy,6000,"Admission Notes comprising of history and examination  with indications for the procedure, Relavant Investigations (establishing diagnosis),USG uterus & adnexa ","Detailed Procedure / Operative Notes together with indication of surgery, Intraop. stills with date & patient ID, pic off gross specimen removed , HPE of biopsy specimen,Progress notes, Detailed discharge summary",No,--
SO,Obstetrics  Gynaecology,SO017A,Hysteroscopic IUCD removal,4700,"Clinical notes with details of IUCD insertion (reason for non availability of details), indication for removing IUCD, USG showing misplaced IUD","Detailed Procedure / Operative Notes together with indication of surgery, Intraop. stills with date & patient ID, pic off gross specimen removed , HPE,Progress notes,detailed discharge summary.",Yes,No
SO,Obstetrics  Gynaecology,SO018A,D&C (Dilatation&curretage),3000,"Admission Notes comprising of history and examination  with indications for the procedure,Relavant Investigations (establishing diagnosis), (USG Abdomen + Pelvis)- optional","Detailed Procedure / Operative Notes, Intraop. Stills, Histopathology of curetted material, Progress notes, Detailed discharge summary",Yes,No
SO,Obstetrics  Gynaecology,SO019A,Dilation and Evacuation (D&E),5000,"Admission Notes comprising of history and examination  with indications for the procedure,Relavant Investigations (establishing diagnosis),USG abdomen and pelvis)","Detailed Procedure / Operative Notes, Intraop. Stills,Histopathology of evacuated material, Progress notes, Detailed discharge summary",Yes,No
SO,Obstetrics  Gynaecology,SO020A,Pyometra drainage,5000,"Admission Notes comprising of history and examination  with indications for the procedure,Relavant Investigations (establishing diagnosis)","Detailed Procedure / Operative Notes, Intraop. Stills, Progress notes, Detailed discharge summary",No,--
SO,Obstetrics  Gynaecology,SO021A,Intrauterine transfusions,11000,"Admission Notes comprising of history and examination  with indications for the procedure,Relavant Investigations (establishing diagnosis)","Detailed Procedure / Operative Notes, Intraop. Stills, Progress notes, Detailed discharge summary",No,--
SO,Obstetrics  Gynaecology,SO022A,Hysteroscopic adhesiolysis,6900,"Admission Notes comprising of history and examination  with indications for the procedure, Relavant Investigations (establishing diagnosis),USG Abdomen Pelvis / CT/MRI Abdomen Pelvis","Detailed Procedure / Operative Notes together with indication of surgery, Intraop. stills with date & patient ID, pic off gross specimen removed , HPE,Progress notes,detailed discharge summary.",No,--
SO,Obstetrics  Gynaecology,SO023A,Laparoscopic adhesiolysis,6000,"Admission Notes comprising of history and examination, Relavant Investigations (establishing diagnosis),  USG Abdomen/ Pelvis (CT abdomen- Optional)","Detailed Procedure / Operative Notes together with indication of surgery, Intraop. stills with date & patient ID, pic off gross specimen removed , HPE, Progress notes,detailed discharge summary.",No,--
SO,Obstetrics  Gynaecology,SO024A,Trans-vaginal tape,15200,"Admission Notes comprising of history and examination  with indications for the procedure,Relavant Investigations (establishing diagnosis) ","Detailed Procedure / Operative Notes, Barcode of TVT/TOT tape used; progress notes,Detailed discharge summary",No,--
SO,Obstetrics  Gynaecology,SO024B,Trans-obturator tape,15200,"Admission Notes comprising of history and examination  with indications for the procedure,Relavant Investigations (establishing diagnosis) ","Detailed Procedure / Operative Notes, Barcode of TVT/TOT tape used; progress notes,Detailed discharge summary",No,--
SO,Obstetrics  Gynaecology,SO025A,Open,23900,"Admission Notes comprising of history and examination  with indications for the procedure,Relavant Investigations (establishing diagnosis) , Photographic documentation with patient?s consent. ","Detailed Procedure / Operative Notes, Intraop. stills with date & patient ID, Barcode of mesh used; progress notes,Detailed discharge summary summary",Yes,No
SO,Obstetrics  Gynaecology,SO025B,Lap.,23900,"Admission Notes comprising of history and examination  with indications for the procedure,Relavant Investigations (establishing diagnosis) , Photographic documentation with patient?s consent. ","Detailed Procedure / Operative Notes, Intraop. stills with date & patient ID, Barcode of mesh used; progress notes,Detailed discharge summary summary",Yes,No
SO,Obstetrics  Gynaecology,SO026A,LLETZ (including PAP smear and colposcopy),9900,"Admission Notes comprising of history and examination  with indications for the procedure,Relavant Investigations (establishing diagnosis) , Evidence of cervical pre-cancer (PAP smear) Colposcopiy. Cervical Biopsy is optional","Detailed Procedure / Operative Notes, Intraop. stills with date & patient ID, HPE of specimen,Progress notes, Detailed discharge summary",No,--
SO,Obstetrics  Gynaecology,SO027A,Vaginal Sacrospinus fixation with repair,15000,"Admission Notes comprising of history and examination  with indications for the procedure,Relavant Investigations (establishing diagnosis), ","Detailed Procedure / Operative Notes, Intraop. Stills, Progress notes, Detailed discharge summary",No,--
SO,Obstetrics  Gynaecology,SO028A,Excision of Vaginal Septum (vaginal route),14500,"Admission Notes comprising of history and examination  with indications for the procedure,Relavant Investigations (establishing diagnosis), need of procedure (USG Abdomen + Pelvis)","Detailed Procedure / Operative Notes, Intraop. Stills, Progress notes, Detailed discharge summary",No,--
SO,Obstetrics  Gynaecology,SO029A,Hymenectomy for imperforate hymen,3000,Admission Notes comprising of history and examination  with indications for the procedure and need of procedure,"Detailed Procedure / Operative Notes, Intraop. Stills, Progress notes, Detailed discharge summary",Yes,No
SO,Obstetrics  Gynaecology,SO030A,Anterior & Posterior Colpoperineorrhapy,8000,"Admission Notes comprising of history and examination  with indications for the procedure,Relavant Investigations (establishing diagnosis), clinical pic if feasible","Detailed Procedure / Operative Notes, Intraop. Stills, Progress notes, Detailed discharge summary",Yes,No
SO,Obstetrics  Gynaecology,SO031A,Vaginoplasty (McIndoe procedure),11000,"Admission Notes comprising of history and examination  with indications for the procedure,Relavant Investigations (establishing diagnosis), need of procedure (USG Abdomen + Pelvis)","Detailed Procedure / Operative Notes, Intraop. Stills, Progress notes, Detailed discharge summary",No,--
SO,Obstetrics  Gynaecology,SO032A,Vaginal repair for vesico-vaginal fistula,34000,"Admission Notes comprising of history and examination  with indications for the procedure,Relavant Investigations (establishing diagnosis) and Cystoscopy/ Cystourethroscopy. Voiding Cystourethrogram is optional. ","Detailed Procedure / Operative Notes, Intraop. stills with date & patient ID, Progress notes,detailed discharge summary.detailed discharge summary.",Yes,No
SO,Obstetrics  Gynaecology,SO033A,Rectovaginal fistula repair,24000,"Admission Notes comprising of history and examination  with indications for the procedure,Relavant Investigations (establishing diagnosis) ","Detailed Procedure / Operative Notes, Intraop. stills with date & patient ID, Progress notes,detailed discharge summary.",Yes,No
SO,Obstetrics  Gynaecology,SO034A,Vulval Hamatoma drainage,3000,"Admission Notes comprising of history and examination  with indications for the procedure,Relavant Investigations (establishing diagnosis), ","Detailed Procedure / Operative Notes, Intraop. Stills, Progress notes, Detailed discharge summary",No,--
SO,Obstetrics  Gynaecology,SO037A,Abdomino Perineal repair for Mullerian Anomaly,20000,"Admission Notes comprising of history and examination  with indications for the procedure,Relavant Investigations (establishing diagnosis), (USG/ CT/ MRI)","Detailed Procedure / Operative Notes, Intraop. Stills, Progress notes, Detailed discharge summary",No,--
SO,Obstetrics  Gynaecology,SO038A,Pelvic Abscess Management including Colpotomy,1200,"Admission Notes comprising of history and examination  with indications for the procedure,Relavant Investigations (establishing diagnosis) , USG Abdomen & Pelvis","Detailed Procedure / Operative Notes, Intra procedure clinical photograph/ stills; progress notes,Detailed discharge summary",No,--
SO,Obstetrics  Gynaecology,SO040A,Ectopic,14000,"Admission Notes comprising of history and examination  with indications for the procedure,Clinical notes establishing ruptured ectopic with Evidence of beta hCG & USG","Detailed Procedure / Operative Notes together with indication of surgery, Intraop. stills with date & patient ID, pic off gross specimen removed , HPE,detailed discharge summary.",No,--
SO,Obstetrics  Gynaecology,SO040B,PID,14000,"Admission Notes comprising of history and examination  with indications for the procedure,Clinical notes establishing ruptured ectopic with Evidence of beta hCG & USG","Detailed Procedure / Operative Notes together with indication of surgery, Intraop. stills with date & patient ID, pic off gross specimen removed , HPE,detailed discharge summary.",No,--
SO,Obstetrics  Gynaecology,SO041A,Laparoscopic cystectomy,15000,"Admission Notes comprising of history and examination, Relavant Investigations (establishing diagnosis), USG Abdomen Pelvis/ CT abdomen.","Detailed Procedure / Operative Notes together with indication of surgery, Intraop. stills with date & patient ID, pic off gross specimen removed , HPE, Progress notes,detailed discharge summary.",No,--
SO,Obstetrics  Gynaecology,SO042A,Cystocele - Anterior repair,6000,Admission Notes comprising of history and examination with findings establishing Cystocoele . Clinical pic if feasible,"Detailed Procedure / Operative Notes, Intraop. Stills, Progress notes, Detailed discharge summary",No,--
SO,Obstetrics  Gynaecology,SO043A,Abdominal ,30000,"Admission Notes comprising of history and examination  with indications for the procedure,Relavant Investigations (establishing diagnosis) ; Urodynamic studies are optional.","Detailed Procedure / Operative Notes;  Intraop. stills ,progress notes,Detailed discharge summary",No,--
SO,Obstetrics  Gynaecology,SO043B,Laparoscopic ,30000,"Admission Notes comprising of history and examination  with indications for the procedure,Relavant Investigations (establishing diagnosis) ; Urodynamic studies are optional.","Detailed Procedure / Operative Notes;  Intraop. stills ,progress notes,Detailed discharge summary",No,--
SO,Obstetrics  Gynaecology,SO044A,Electro Cauterisation / Cryo Surgery,4000,"Admission Notes comprising of history and examination  with indications for the procedure,Relavant Investigations (establishing diagnosis), pap smear- optional","Detailed Procedure / Operative Notes, Intraop. Stills, Progress notes, Detailed discharge summary",No,--
SO,Obstetrics  Gynaecology,SO045A,EUA for (minor girls / unmarried sexually inactive / victims of sexual abuse) ,2000,"Admission Notes comprising of history and examination  with indications for the procedure,Relavant Investigations (establishing diagnosis),  and parental consent (incase of minor girls) ","Detailed Procedure / Operative Notes, Intraop. Stills, Progress notes, Detailed discharge summary",Yes,No
SO,Obstetrics  Gynaecology,SO046A,Hospitalisation for Antenatal Complications,0,"Admission Notes comprising of history and examination  with indications for the procedure,Relavant Investigations (establishing diagnosis), ","Detailed Procedure / Operative Notes, Intraop. Stills, Progress notes, Detailed discharge summary",No,--
SO,Obstetrics  Gynaecology,SO047A,Amniocentesis,14500,Consulting notes giving the indication for amniocentesis; does the hospital have fetal medicine expert?,"Detailed Procedure / Operative Notes, Intraop. Stills, ; Amniotic fluid analysis report; Progress notes, Detailed discharge summary",No,--
SO,Obstetrics  Gynaecology,SO048A,Chorionic villus sampling,14500,"Admission Notes comprising of history and examination  with indications for the procedure,Relavant Investigations (establishing diagnosis), ","Procedure / Operative Notes with report of chorionic villi sampling; Progress notes, Detailed discharge summary",No,--
SO,Obstetrics  Gynaecology,SO049A,Cordocentesis,14500,"Admission Notes comprising of history and examination  with indications for the procedure,Relavant Investigations (establishing diagnosis), ","Detailed Procedure / Operative Notes, Intraop. Stills, report of cordocentesis; Progress notes, Detailed discharge summary",No,--
SO,Obstetrics  Gynaecology,SO050A,McDonald's stitch,4000,Admission Notes comprising of history and ANC findings justifying cervical incompetence and the procedure.,"Detailed Procedure / Operative Notes, Intraop. Stills, Progress notes, Detailed discharge summary",No,--
SO,Obstetrics  Gynaecology,SO051A,Shirodkar's stitch,4000,Admission Notes comprising of history and ANC findings justifying cervical incomptenecs and the procedure.,"Detailed Procedure / Operative Notes, Intraop. Stills, Progress notes, Detailed discharge summary",No,--
SO,Obstetrics  Gynaecology,SO052A,Medical management of ectopic pregnancy,0,"Admission Notes comprising of history and examination  with indications for the procedure,Relavant Investigations (establishing diagnosis), ","Detailed Procedure / Operative Notes, Intraop. Stills, Progress notes, Detailed discharge summary",No,--
SO,Obstetrics  Gynaecology,SO053A,MTP upto 8 weeks,3500,"Admission Notes comprising of history and examination  with indications for the procedure,Relavant Investigations (establishing diagnosis), USG - Obstetric confirming the above package. Has medicolegal compliance been done?","Detailed Procedure / Operative Notes, Intraop. stills , HPE of specimen,Progress notes, Detailed discharge summary",Yes,No
SO,Obstetrics  Gynaecology,SO053B,MTP 8 to 12 weeks,5000,"Admission Notes comprising of history and examination  with indications for the procedure,Relavant Investigations (establishing diagnosis), USG - Obstetric confirming the above package. Has medicolegal compliance been done?","Detailed Procedure / Operative Notes, Intraop. stills , HPE of specimen,Progress notes, Detailed discharge summary",Yes,No
SO,Obstetrics  Gynaecology,SO053C,MTP > 12 weeks,6500,"Admission Notes comprising of history and examination  with indications for the procedure,Relavant Investigations (establishing diagnosis), USG - Obstetric confirming the above package. Has medicolegal compliance been done?","Detailed Procedure / Operative Notes, Intraop. stills , HPE of specimen,Progress notes, Detailed discharge summary",Yes,No
SO,Obstetrics  Gynaecology,SO054A,Pre-mature delivery,11500,Admission Notes comprising of history and detailed Ante natal care records/ reasons for non-availability of ANC records. Obstetric USG. All high risk deliveries are to be clubbed & case specific documents required.,"Detailed delivery notes, PNC notes along with relevant investigation details; status of the child at the time of delivery and at the time of discharge; progress notes, Detailed discharge summary.",Yes,Yes
SO,Obstetrics  Gynaecology,SO054B,Mothers with eclampsia / imminent eclampsia / severe pre-eclampsia,11500,Admission Notes comprising of history and detailed Ante natal care records/ reasons for non-availability of ANC records. Obstetric USG. All high risk deliveries are to be clubbed & case specific documents required.,"Detailed delivery notes, PNC notes along with relevant investigation details; status of the child at the time of delivery and at the time of discharge; progress notes, Detailed discharge summary.",Yes,Yes
SO,Obstetrics  Gynaecology,SO054C,Major Fetal malformation requiring intervention immediately after birth,11500,Admission Notes comprising of history and detailed Ante natal care records/ reasons for non-availability of ANC records. Obstetric USG. All high risk deliveries are to be clubbed & case specific documents required.,"Detailed delivery notes, PNC notes along with relevant investigation details; status of the child at the time of delivery and at the time of discharge; progress notes, Detailed discharge summary.",Yes,Yes
SO,Obstetrics  Gynaecology,SO054D,Mothers with severe anaemia (<7 g/dL),11500,Admission Notes comprising of history and detailed Ante natal care records/ reasons for non-availability of ANC records. Obstetric USG. All high risk deliveries are to be clubbed & case specific documents required.,"Detailed delivery notes, PNC notes along with relevant investigation details; status of the child at the time of delivery and at the time of discharge; progress notes, Detailed discharge summary.",Yes,Yes
SO,Obstetrics  Gynaecology,SO054E,"Other maternal and fetal conditions as per guidelines-eg previous caesarean section, diabetes, severe growth retardation, etc that qualify for high risk delivery.",11500,Admission Notes comprising of history and detailed Ante natal care records with special reference to investigations supporting the diagnosis/ reasons for non-availability of ANC records. Obstetric USG. All high risk deliveries are to be clubbed & case specific documents required.,"Detailed delivery notes, PNC notes along with relevant investigation details; status of the child at the time of delivery and at the time of discharge; progress notes, Detailed discharge summary.",Yes,Yes
SO,Obstetrics  Gynaecology,SO055A,Manual removal of placenta,8500,Clinical notes documenting need of manual removal of placenta/ use of Active Management of Third Stage of Labor (AMTSL),"Detailed Procedure / Operative Notes,stills of placenta, progress note Detailed discharge summary; Post natal course",Yes,No
SO,Obstetrics  Gynaecology,SO056A,Secondary suturing of episiotomy,2500,"Admission Notes comprising of history  detailing when was first surgery done? and examination  with indications for the procedure, Physical examination findings with indications for the procedure.","Detailed Procedure / Operative Notes, Intraop. Stills, Progress notes, Detailed discharge summary",Yes,No
SO,Obstetrics  Gynaecology,SO057A,Caesarean Delivery,11500,"Admission Notes comprising of history and examination  with detailed Ante natal care records/ reasons for non-availability of ANC records. Indications for the procedure. USG Obstetrics with Doppler is case specific & optional. Labor charting, CTG if available.","Detailed Procedure / Operative Notes, status of the child at the time of delivery and at the time of discharge; progress notes,Detailed discharge summary",Yes,Yes
SO,Obstetrics  Gynaecology,SO058A,Re exploration after Caesarean Section,14000,"Admission Notes comprising of history and examination  with indications for the procedure,Relavant Investigations (establishing diagnosis) , USG","Detailed Procedure / Operative Notes, Intra procedure clinical photograph/ stills; progress notes,Detailed discharge summary",Yes,No
SO,Obstetrics  Gynaecology,SO058B,Re exploration after laparotomy,14000,"Admission Notes comprising of history and examination  with indications for the procedure,Relavant Investigations (establishing diagnosis) , USG","Detailed Procedure / Operative Notes, Intra procedure clinical photograph/ stills; progress notes,Detailed discharge summary",Yes,No
SO,Obstetrics  Gynaecology,SO059A,Vulvo vaginal cyst enucleation,4700,"Admission Notes comprising of history and examination  with indications for the procedure, Relavant Investigations (establishing diagnosis)","Detailed operative notes, discharge summary,  histopathology report of tissue removed",Yes,No
SO,Obstetrics  Gynaecology,SO059B,Vulvo vaginal cyst drainage,4700,"Admission Notes comprising of history and examination  with indications for the procedure, Relavant Investigations (establishing diagnosis)","Detailed operative notes, discharge summary",Yes,No
SO,Obstetrics  Gynaecology,SOU100,Unspecified Surgical Package,0,NA,NA,No,--
SO,Obstetrics  Gynaecology,SU029A,Uretero - vaginal fistula repair - Open,25000,"Clinical notes and IVP/ CT-IVP + cystoscopy and vaginoscopy Scopy confirming the diagnosis for which the surgery is done,","Intra procedure still photograph,Detailed discharge summary, detailed Procedure / Operative Notes",No,--
SO,Obstetrics  Gynaecology,SU029B,Uretero - Uterine fistula repair - Open,25000,"Clinical notes and IVP/ CT-IVP + cystoscopy and vaginoscopy Scopy confirming the diagnosis for which the surgery is done,","Intra procedure still photograph,Detailed discharge summary, detailed Procedure / Operative Notes",No,--
SO,Obstetrics  Gynaecology,SU029C,Uretero - vaginal fistula repair - Laparoscopic,25000,"Clinical notes and IVP/ CT-IVP + cystoscopy and vaginoscopy Scopy confirming the diagnosis for which the surgery is done,","Intra procedure still photograph,Detailed discharge summary, detailed Procedure / Operative Notes",No,--
SO,Obstetrics  Gynaecology,SU029D,Uretero - Uterine fistula repair - Laparoscopic,25000,"Clinical notes and IVP/ CT-IVP + cystoscopy and vaginoscopy Scopy confirming the diagnosis for which the surgery is done,","Intra procedure still photograph,Detailed discharge summary, detailed Procedure / Operative Notes",No,--
SO,Obstetrics  Gynaecology,SU075A,Urethrovaginal fistula repair,30000,Clinical notes and urethro Cystoscopy +vaginoscopy +USG confirming the diagnosis,"Detailed Procedure / Operative Notes, detailed discharge summary.",No,--
SO,Obstetrics  Gynaecology,SU092A,Hysterectomy as part of VVF / uterovaginal fistula repair,5000,Clinical notes and Cystoscopy+vaginoscopy+CT - IVP/IVP +/- cystogram confirming the diagnosis,"Histopathology, Detailed Procedure / Operative Notes, detailed discharge summary.",No,--
SP,Plastic  reconstructive Surgery,SP001A,Pressure Sore ? Surgery,30000,Clinical notes detailing events that led to pressure sores; clinical photograph,"Post procedure clinical photograph; Detailed Procedure / Operative Notes, detailed discharge summary",No,--
SP,Plastic  reconstructive Surgery,SP002A,Diabetic Foot ? Surgery,30000,Clinical notes with planned line of treatment detailing diabetic foot extent of damage; clinical photograph,"Post procedure clinical photograph; Detailed Operative notes, detailed discharge summary",No,--
SP,Plastic  reconstructive Surgery,SP003A,Revascularization of limb / digit,25000,"Clinical notes and Clinical photograph, Doppler; If traumatic then MLC/FIR report.","Intra procedure clinical photograph, Detailed discharge summary, Detailed Procedure / Operative Notes,",No,--
SP,Plastic  reconstructive Surgery,SP004A,"Ear Pinna Reconstruction with costal cartilage / Prosthesis 
(including the cost of prosthesis / implants)",30000,"Clinical notes and Clinical photograph in case of injury, If traumatic then MLC/FIR report. Documents supporting if indication is non-traumatic.","Clinical photograph of donor and recipient sites, Intra operative clinical photograph Invoice of Prosthesis/ Implant used. Detailed discharge summary",No,--
SP,Plastic  reconstructive Surgery,SP005A,Scalp avulsion reconstruction,50000,"Clinical notes detailing how avulsion occurred; Clinical Photograph, MLC copy with number since traumatic","Intra procedure clinical photograph and Post procedure clinical photograph, Detailed Procedure / Operative Notes, detailed discharge summary",No,--
SP,Plastic  reconstructive Surgery,SP006A,Tissue Expander for disfigurement following burns,50000,"Detailed Clinical notes of original clinical event having led to disfigurement or confirming details / invetsigations of congenital event; Clinical Photograph,","Detailed discharge summary, Detailed Procedure / Operative Notes, Post procedure clinical photograph, Invoice of expander/Implant used",No,--
SP,Plastic  reconstructive Surgery,SP006B,Tissue Expander for disfigurement following trauma,50000,"Detailed Clinical notes of original clinical event having led to disfigurement or confirming details / invetsigations of congenital event; Clinical Photograph,","Detailed discharge summary, Detailed Procedure / Operative Notes, Post procedure clinical photograph, Invoice of expander/Implant used",No,--
SP,Plastic  reconstructive Surgery,SP006C,Tissue Expander for disfigurement following congenital deformity,50000,"Detailed Clinical notes of original clinical event having led to disfigurement or confirming details / invetsigations of congenital event; Clinical Photograph,","Detailed discharge summary, Detailed Procedure / Operative Notes, Post procedure clinical photograph, Invoice of expander/Implant used",No,--
SP,Plastic  reconstructive Surgery,SP007A,Sclerotherapy under GA,35000,Clinical notes and Clinical Photograph,"Post procedure clinical photograph, Invoice of sclerosing agent used. Detailed discharge summary, Detailed Procedure / Operative Notes.",No,--
SP,Plastic  reconstructive Surgery,SP007B,Debulking,35000,Clinical notes and Clinical Photograph,"Post procedure clinical photograph, Invoice of sclerosing agent used. Detailed discharge summary, Detailed Procedure / Operative Notes.",No,--
SP,Plastic  reconstructive Surgery,SP007C,Excision,35000,Clinical notes and Clinical Photograph,"Post procedure clinical photograph, Invoice of sclerosing agent used. Detailed discharge summary, Detailed Procedure / Operative Notes.",No,--
SP,Plastic  reconstructive Surgery,SP008A,NPWT,2000,Clinical notes detailing events that led to chronic/ non healing woulds; clinical photograph,"Post procedure clinical photograph with tube and pump; detailed discharge summary, Detailed Procedure / Operative Notes,",No,--
SP,Plastic  reconstructive Surgery,SPU100,Unspecified Surgical Package,0,NA,NA,No,--
SP,Plastic  reconstructive Surgery,SU071A,Single stage,28000,Clinical notes and Clinical Photograph,"Post Procedure Clinical Photograph of affected part, detailed Procedure / Operative Notes; Detailed Procedure / Operative Notes",No,--
SP,Plastic  reconstructive Surgery,SU071B,Two or more stage (First Stage),12000,Clinical notes and Clinical Photograph,"Post Procedure Clinical Photograph of affected part, detailed Procedure / Operative Notes",No,--
SP,Plastic  reconstructive Surgery,SU071C,Two or more stage (Intermediate Stage),2,Clinical notes and Clinical Photograph; evidence of stage 1 (Discharge Summary),"Post Procedure Clinical Photograph of affected part, detailed Procedure / Operative Notes",No,--
SP,Plastic  reconstructive Surgery,SU071D,Two or more stage (Final Stage),30000,Clinical notes and Clinical Photograph; evidence of stage 1 / 2 (Discharge Summary),"Post Procedure Clinical Photograph of affected part, detailed Procedure / Operative Notes",No,--
SS,Paediatric surgery,SS002A,Ankyloglossia Minor,5000,Clinical notes and pre-op photograph,"Detailed discharge summary, detailed Procedure / Operative Notes, post procedure clinical photograph",No,--
SS,Paediatric surgery,SS002B,Ankyloglossia Major,15000,Clinical notes and pre-op photograph,"Detailed discharge summary, detailed Procedure / Operative Notes, post procedure clinical photograph",No,--
SS,Paediatric surgery,SS003A,Anti GERD Surgery,10000,Clinical notes and UGI Endoscopy report,"Intra procedure clinical photograph, detailed Procedure / Operative Notes, detailed discharge summary",No,--
SS,Paediatric surgery,SS004A,Gastrostomy + Esophagoscopy + Threading,20000,"USG/CT Abd, Endoscopy, Biopsy","detailed Procedure / Operative Notes, Post procedure clinical photograph",No,--
SS,Paediatric surgery,SS005A,Ladds Procedure,30000,X Ray/ CT Scan Abdomen/ UGI contrast study confirming the malrotation,"Histopathology, detailed Procedure / Operative Notes, Post procedure clinical photograph of the operated region",No,--
SS,Paediatric surgery,SS006A,Duplication Cyst Excision,20000,"Clinical notes and USG/CT Abd, +/- Endoscopic USG","Histopathology, detailed Procedure / Operative Notes, Intra procedure clinical photograph, detailed discharge summary",No,--
SS,Paediatric surgery,SS007A,Non ? Operative Reduction in infants,20000,Clinical notes and stills of: X-ray Abdomen/USG Abdomen,"Detailed Procedure / Operative Notes,, Detailed discharge summary , Post procedure X Ray Abdomen.",No,--
SS,Paediatric surgery,SS007B,Operative in infants,25000,Clinical notes and stills of: X-ray Abdomen/USG Abdomen,"Detailed Procedure / Operative Notes,, Detailed discharge summary , Post procedure X Ray Abdomen.",No,--
SS,Paediatric surgery,SS008A,Myectomy,25000,Clinical notes and USG/ Dye test,"Histopathology, detailed Procedure / Operative Notes, detailed discharge summary",No,--
SS,Paediatric surgery,SS008B,Pull Through,20000,Clinical notes and USG/ Dye test,"Histopathology, detailed Procedure / Operative Notes, detailed discharge summary",No,--
SS,Paediatric surgery,SS008C,Rectal Biopsy - Punch,10000,Clinical notes and USG/ Dye test,"Histopathology, detailed Procedure / Operative Notes, detailed discharge summary",No,--
SS,Paediatric surgery,SS008D,Rectal Biopsy ? Open,10000,Clinical notes and USG/ Dye test,"Histopathology, detailed Procedure / Operative Notes, detailed discharge summary",No,--
SS,Paediatric surgery,SS008E,Sphinecterotomy,15000,Clinical notes and USG/ Dye test,"Histopathology, detailed Procedure / Operative Notes, detailed discharge summary",No,--
SS,Paediatric surgery,SS009A,Rectal Polypectomy - Sigmoiescopic Under GA,8000,Clinical notes and sigmoidoscopy confirming polyp,"Histopathology, detailed Procedure / Operative Notes, Intra procedure clinical photograph",No,--
SS,Paediatric surgery,SS010A,Abd - Perineal PSARP,20000,"Clinical notes and Clinical Photograph, Distal Cologram/ CT, USG Abdomen, Xray Lumbosacral spine (inverted position)","detailed Procedure / Operative Notes, Post procedure clinical
photograph, detailed discharge summary",No,--
SS,Paediatric surgery,SS010B,Anoplasty,20000,"Clinical notes and Clinical Photograph, Distal Cologram/ CT, USG Abdomen, Xray Lumbosacral spine (inverted position)","detailed Procedure / Operative Notes, Post procedure clinical
photograph, detailed discharge summary",No,--
SS,Paediatric surgery,SS010C,Cutback,20000,"Clinical notes and Clinical Photograph, Distal Cologram/ CT, USG Abdomen, Xray Lumbosacral spine (inverted position)","detailed Procedure / Operative Notes, Post procedure clinical
photograph, detailed discharge summary",No,--
SS,Paediatric surgery,SS010D,PSARP,20000,"Clinical notes and Clinical Photograph, Distal Cologram/ CT, USG Abdomen, Xray Lumbosacral spine (inverted position)","detailed Procedure / Operative Notes, Post procedure clinical
photograph, detailed discharge summary",No,--
SS,Paediatric surgery,SS010E,Redo - Pullthrough,15000,"Clinical notes and Clinical Photograph, Distal Cologram/ CT, USG Abdomen, Xray Lumbosacral spine (inverted position)","detailed Procedure / Operative Notes, Post procedure clinical
photograph, detailed discharge summary",No,--
SS,Paediatric surgery,SS010F,Transposition,15000,"Clinical notes and Clinical Photograph, Distal Cologram/ CT, USG Abdomen, Xray Lumbosacral spine (inverted position)","detailed Procedure / Operative Notes, Post procedure clinical
photograph, detailed discharge summary",No,--
SS,Paediatric surgery,SS011A,Fecal Fistula Closure,25000,Clinical notes and USG / CT abdomen and pelvis delineating fistula tract.,"Intra procedure clinical photograph, detailed Procedure / Operative Notes, Detailed discharge summary",No,--
SS,Paediatric surgery,SS012A,GI Tumor Excision,30000,Clinical notes and USG/ CT / biopsy,"HPR, detailed Procedure / Operative Notes, Intra procedure clinical photograph, Detailed Procedure / Operative Notes, detailed discharge summary",No,--
SS,Paediatric surgery,SS013A,Congenital Diaphragmatic Hernia,25000,"Clinical notes and Chest X-ray AP/Lat, USG/CT scan stills","Detailed Procedure / Operative Notes, detailed discharge summary, Foetal Cardiogram, Xray Chest AP/Lat stills",No,--
SS,Paediatric surgery,SS014A,Exomphalos,25000,Clinical notes and Clinical Photograph,"Detailed discharge summary, detailed Procedure / Operative Notes, Post procedure clinical photograph",No,--
SS,Paediatric surgery,SS014B,Gastroschisis,25000,Clinical notes and Clinical Photograph,"Detailed discharge summary, detailed Procedure / Operative Notes, Post procedure clinical photograph",No,--
SS,Paediatric surgery,SS015A,Hernia & Hydrocele,20000,"Clinical notes and USG, Clinical Photograph","detailed Procedure / Operative Notes, Post procedure clinical
photograph showing scar, detailed Procedure / Operative Notes,",No,--
SS,Paediatric surgery,SS016A,Retro - Peritoneal Lymphangioma Excision,25000,Clinical notes and USG/MRI Abd,"Histopathology, detailed Procedure / Operative Notes, Intra procedure clinical photograph, Detailed discharge summary",No,--
SS,Paediatric surgery,SS017A,Surgery for Sacrococcygeal Teratoma,20000,"Clinical notes and CT/MRI confirming the diagnosis, Biopsy","Histopathology, detailed Procedure / Operative Notes, Post procedure clinical photograph showing scar",No,--
SS,Paediatric surgery,SS018A,Surgery for Congenital Lobar Emphysema,25000,Clinical notes and X Ray/CT Scan stills confirming the diagnosis,"detailed Procedure / Operative Notes, Post procedure X-ray stills, detailed discharge summary",No,--
SS,Paediatric surgery,SS019A,Bilateral - Palpable + Nonpalpable,15000,"Clinical notes and USG, Clinical Photograph","detailed Procedure / Operative Notes, Post procedure clinical
photograph showing scar, detailed Procedure / Operative Notes,",No,--
SS,Paediatric surgery,SS019B,Bilateral Palpable,15000,"Clinical notes and USG, Clinical Photograph","detailed Procedure / Operative Notes, Post procedure clinical
photograph showing scar, detailed Procedure / Operative Notes, Detailed Discharge summary",No,--
SS,Paediatric surgery,SS019C,Bilateral Non - Palpable,20000,"Clinical notes and USG, Clinical Photograph","detailed Procedure / Operative Notes, Post procedure clinical
photograph showing scar, detailed Procedure / Operative Notes, Detailed Discharge summary",No,--
SS,Paediatric surgery,SS019D,Unilateral - Palpable,15000,"Clinical notes and USG, Clinical Photograph","detailed Procedure / Operative Notes, Post procedure clinical
photograph showing scar, detailed Procedure / Operative Notes, Detailed Discharge summary",No,--
SS,Paediatric surgery,SS019E,Reexploration / Second Stage,20000,"Clinical notes and USG, Clinical Photograph","detailed Procedure / Operative Notes, Post procedure clinical
photograph showing scar, detailed Procedure / Operative Notes,",No,--
SS,Paediatric surgery,SSU100,Unspecified Surgical Package,0,NA,NA,No,--
SS,Paediatric surgery,SU001A,Open,27500,"Clinical notes confirming diagnosis with Evidence of /CT/MRI +/- FNAC/Biopsy, Sr. Cortisol, Sr. electrolytes, 24 hr urinary catacholamine level / sr. or urinary metanephrine normetanephrine, MIBG Scan/ DOTONOC scan","Histopathology, Detailed discharge summary detailed Procedure / Operative Notes",No,--
SS,Paediatric surgery,SU001B,Lap.,27500,"Clinical notes confirming diagnosis with Evidence of /CT/MRI +/- FNAC/Biopsy, Sr. Cortisol, Sr. electrolytes, 24 hr urinary catacholamine level / sr. or urinary metanephrine normetanephrine, MIBG Scan/ DOTONOC scan","Histopathology, Detailed discharge summary detailed Procedure / Operative Notes",No,--
SS,Paediatric surgery,SU002A,Open,25000,Clinical notes and USG/CT scan confirming the renal cyst and justification of the surgery,Intra procedure still photograph; detailed discharge summary; detailed Procedure / Operative Notes,No,--
SS,Paediatric surgery,SU002B,Lap.,25000,Clinical notes and USG/CT scan confirming the renal cyst and justification of the surgery,Intra procedure still photograph; detailed discharge summary; detailed Procedure / Operative Notes,No,--
SS,Paediatric surgery,SU018A,Open,20000,Clinical notes and IVP / NCCT+ CT-IVP confirming the indication ,"Detailed discharge summary,  detailed Procedure / Operative Notes,Post procedure Imaging (X Ray/USG), showing stone removed",No,--
SS,Paediatric surgery,SU018B,Lap.,20000,Clinical notes and IVP / NCCT+ CT-IVP confirming the indication ,"Detailed discharge summary, Post procedure Imaging (X Ray/USG), showing stone removed detailed Procedure / Operative Notes",No,--
SS,Paediatric surgery,SU021A,Pyeloplasty - Open,27500,"Clinical notes and IVP/CT/ CT-IVP,+/-DTPA renal scan, confirming indication and the need for surgery","Intra operative photograph. Detailed discharge summary, detailed Procedure / Operative Notes",No,--
SS,Paediatric surgery,SU021B,Pyeloplasty - Laparoscopic,27500,"Clinical notes and IVP/CT/ CT-IVP,+/-DTPA renal scan, confirming indication and the need for surgery","Intra operative photograph. Detailed discharge summary, detailed Procedure / Operative Notes",No,--
SS,Paediatric surgery,SU021C,Pyeloureterostomy - Open,27500,"Clinical notes and IVP/CT/ CT-IVP,+/-DTPA renal scan, confirming indication and the need for surgery","Intra operative photograph. Detailed discharge summary, detailed Procedure / Operative Notes",No,--
SS,Paediatric surgery,SU021D,Pyeloureterostomy - Laparoscopic,27500,"Clinical notes and IVP/CT/ CT-IVP,+/-DTPA renal scan, confirming indication and the need for surgery","Intra operative photograph. Detailed discharge summary, detailed Procedure / Operative Notes",No,--
SS,Paediatric surgery,SU021E,Pyelopyelostomy - Open,27500,"Clinical notes and IVP/CT/ CT-IVP,+/-DTPA renal scan, confirming indication and the need for surgery","Intra operative photograph. Detailed discharge summary, detailed Procedure / Operative Notes",No,--
SS,Paediatric surgery,SU021F,Pyelopyelostomy - Laparoscopic,27500,"Clinical notes and IVP/CT/ CT-IVP,+/-DTPA renal scan, confirming indication and the need for surgery","Intra operative photograph. Detailed discharge summary, detailed Procedure / Operative Notes",No,--
SS,Paediatric surgery,SU023A,Ureterocalycostomy - Open,25000,"Clinical notes and IVP/CT/ CT-IVP,+/-DTPA renal scan","Intra operative photograph. Detailed discharge summary, detailed Procedure / Operative Notes",No,--
SS,Paediatric surgery,SU023B,Ureterocalycostomy - Laparoscopic,25000,"Clinical notes and IVP/CT/ CT-IVP,+/-DTPA renal scan","Intra operative photograph. Detailed discharge summary, detailed Procedure / Operative Notes",No,--
SS,Paediatric surgery,SU024A,Open ,28000,Clinical notes and IVP / NCCT+ CT-IVP confirming the indication ,"Post procedure Imaging (X Ray/USG), showing stone removed; Detailed discharge summary, detailed Procedure / Operative Notes",No,--
SS,Paediatric surgery,SU024B,Lap.,28000,Clinical notes and IVP / NCCT+ CT-IVP confirming the indication ,"Post procedure Imaging (X Ray/USG), showing stone removed; Detailed discharge summary, detailed Procedure / Operative Notes",No,--
SS,Paediatric surgery,SU027A,Ureterostomy (Cutaneous),20000,Clinical notes and CT/MRI confirming the diagnosis for ureterostomy and need for creating a stoma for ureter,"Post Procedure Clinical Photograph stoma, Detailed discharge summary, detailed Procedure / Operative Notes",No,--
SS,Paediatric surgery,SU028A,Open ,25000,"Clinical notes and IVP/CT/ CT-IVP,+/-DTPA renal scan","Intra operative photograph. Detailed discharge summary, detailed Procedure / Operative Notes",No,--
SS,Paediatric surgery,SU028B,Lap.,25000,"Clinical notes and IVP/CT/ CT-IVP,+/-DTPA renal scan","Intra operative photograph. Detailed discharge summary, detailed Procedure / Operative Notes",No,--
SS,Paediatric surgery,SU030A,Open ,23000,Clinical notes and and CT-IVP/MRI Urogram + MCU confirming reflux and need of surgery.,"Intra procedure clinical photograph,Detailed discharge summary, detailed Procedure / Operative Notes",No,--
SS,Paediatric surgery,SU030B,Lap.,23000,Clinical notes and and CT-IVP/MRI Urogram + MCU confirming reflux and need of surgery.,"Intra procedure still photograph,Detailed discharge summary, detailed Procedure / Operative Notes",No,--
SS,Paediatric surgery,SU033A,"DJ stenting including cystoscopy, ureteric catheterization, retrograde pyelogram",9800,Clinical notes and CT-IVP/ IVP confirming the diagnosis and the need of this surgery is done,Post Procedure x-ray showing stent; detailed Procedure / Operative Notes detailing findings of cystoscopy/ Retrogradepyelogram and ureteric catheterization; detailed discharge summary.,No,--
SS,Paediatric surgery,SU037A,"Acute management of upper urinary tract trauma ? 
conservative",0,"Clinical notes detailing the case history, circumstances that led to trauma, presenting complaints, local examination findings, injuries sustained as result of trauma, USG/CT Abdomen","Reports of all investigations done and consultation paper of treating doctor mentioning the final diagnosis and line of treatment, Detailed discharge summary;",No,--
SS,Paediatric surgery,SU040A,Open - including cystoscopy,18500,Clinical notes and X ray KUB/USG/IVP/NCCT confirming the diagnosis of large bladder stone," Detailed discharge summary , detailed Procedure / Operative Notes",No,--
SS,Paediatric surgery,SU041A,"Cystolithotripsy endoscopic, including cystoscopy",18500,Clinical notes and X ray KUB/USG/IVP/NCCT confirming the diagnosis of large bladder stone,"Detailed discharge summary, detailed Procedure / Operative Notes",No,--
SS,Paediatric surgery,SU041B,"Urethral Stone removal endoscopic, including cystoscopy",18500,Clinical notes and X ray KUB/USG/IVP/NCCT confirming the diagnosis of large bladder stone,"Detailed discharge summary, detailed Procedure / Operative Notes",No,--
SS,Paediatric surgery,SU042A,Diagnostic Cystoscopy,6500,"Clinical notes and Reports of all work up done ( Xray/USG/CT Scan/MRI), suspected differential diagnosis",Intra procedure still photograph; Detailed discharge summary Detailed Procedure / Operative Notes,No,--
SS,Paediatric surgery,SU045A,Open,30000,"Clinical notes and IVP/CT IVP/MRI +Cystogram+/- Cystoscopy/,  confirming the indication for which the surgery is done,","Intraoperative still images, Post procedure Imaging, Detailed discharge summary, detailed Procedure / Operative Notes",No,--
SS,Paediatric surgery,SU045B,Lap.,30000,"Clinical notes and IVP/CT IVP/MRI +Cystogram+/- Cystoscopy/,  confirming the indication for which the surgery is done,","Intraoperative still images, Post procedure Imaging, Detailed discharge summary, detailed Procedure / Operative Notes",No,--
SS,Paediatric surgery,SU048A,Open bladder diverticulectomy with / without ureteric re-implantation,25000,Clinical notes and USG/CT/MRI+/-Cystoscopy confirming bladder diverticulum and need for surgery,"Intra procedure clinical photograph, Detailed discharge summary, detailed Procedure / Operative Notes",No,--
SS,Paediatric surgery,SU049A,"Bladder injury repair 
(with or without urethral injury)",23000,Clinical notes and USG/CT/MRI+/-  cystogram confirming the diagnosis of bladder injury; MLC/ FIR if traumatic.,Detailed discharge summary; detailed Procedure / Operative Notes,No,--
SS,Paediatric surgery,SU050A,"Bladder injury repair with colostomy 
(with or without urethral injury)",27500,Clinical notes and USG/CT/MRI+/-  cystogram confirming the diagnosis of bladder injury; MLC/ FIR if traumatic.,Detailed discharge summary of both surgeries; detailed Procedure / Operative Notes; Post procedue pic of Colostomy,No,--
SS,Paediatric surgery,SU051A,Extrophy Bladder repair including osteotomy if needed + epispadias repair + ureteric reimplant,65000,Clinical notes and USG/CT/MRI confirming the diagnosis of extrophy of bladder/ epispadias. Clinical Photograph of affected part,"Post Procedure Clinical Photograph of affected part, detailed Procedure / Operative Notes",No,--
SS,Paediatric surgery,SU052A,Neurogenic bladder - Package for evaluation / investigation (catheter + ultrasound + culture + RGU/ MCU) for 1 month (medicines - antibiotics),14300,Clinical notes detailing the case history with previous work up / initial diagnosis,Evidence of all investigations done and still images of RGU/ MCU done with patient name & date,No,--
SS,Paediatric surgery,SU053A,Y V Plasty of Bladder Neck / Bladder Neck Reconstruction,23000,Clinical notes and urethro Cystoscopy +USG confirming the diagnosis,"Detailed Procedure / Operative Notes, detailed discharge summary.",No,--
SS,Paediatric surgery,SU061A,Suprapubic Drainage - Closed / Trocar,5000,Clinical notes and USG/CT confirming the diagnosis for which the surgery is done,"Detailed Procedure / Operative Notes detailing how mcuh urine was drained, detailed discharge summary",No,--
SS,Paediatric surgery,SU064A,Emergency management of Acute retention of Urine,0,Clinical notes detailing chroniciy and and USG proving retention of urine,Evidence of simple catheterization and details of how much urine drained. Detailed discharge summary giving aetiology of retention,No,--
SS,Paediatric surgery,SU065A,Meatotomy,3500,Clinical notes and confirmed diagnosis of meatal stenosis,"Detailed discharge summary, detailed Procedure / Operative Notes",No,--
SS,Paediatric surgery,SU065B,Meatoplasty,3500,Clinical notes and confirmed diagnosis of meatal stenosis,"Detailed discharge summary, detailed Procedure / Operative Notes",No,--
SS,Paediatric surgery,SU066A,Urethroplasty - End to end,28000,Clinical notes and ACU (Anterograde urethrography)/micturating cysto-urethrogram (MCU) + Retrograde urethrography justifying the surgery.,"Intra procedure clinical photograph, Detailed discharge summary, detailed Procedure / Operative Notes",No,--
SS,Paediatric surgery,SU066B,Urethroplasty - Substitution - single stage,28000,Clinical notes and ACU (Anterograde urethrography)/micturating cysto-urethrogram (MCU) + Retrograde urethrography justifying the surgery.,"Intra procedure clinical photograph, Detailed discharge summary, detailed Procedure / Operative Notes",No,--
SS,Paediatric surgery,SU066C,Urethroplasty - Substitution - two stage,41500,Clinical notes and ACU (Anterograde urethrography)/micturating cysto-urethrogram (MCU) + Retrograde urethrography justifying the surgery.,"Intra procedure clinical photograph, Detailed discharge summary, detailed Procedure / Operative Notes",No,--
SS,Paediatric surgery,SU066D,Urethroplasty - Transpubic,32000,Clinical notes and ACU (Anterograde urethrography)/micturating cysto-urethrogram (MCU) + Retrograde urethrography justifying the surgery.,"Intra procedure clinical photograph, Detailed discharge summary, detailed Procedure / Operative Notes",No,--
SS,Paediatric surgery,SU068A,Non endocopic as an independent procedure,2000,Clinical notes and Investigation reports confirming urethral stricture (RGU+/- MCU),"Detailed discharge summary, Detailed Procedure / Operative Notes detailing size of dilators used",No,--
SS,Paediatric surgery,SU068B,Endocopic as an independent procedure,5000,Clinical notes and Investigation reports confirming urethral stricture (RGU+/- MCU),"Endoscopic Intra procedure still photograph, detailed discharge summary, Detailed Procedure / Operative Notes",No,--
SS,Paediatric surgery,SU069A,Perineal Urethrostomy without closure,20000,Clinical notes detailing the pathology for which performed with supporting Evidence of RGU (Retrograde urethrography) + MCU,"Intra procedure clinical photograph, Detailed discharge summary, detailed Procedure / Operative Notes",No,--
SS,Paediatric surgery,SU070A,Post. Urethral Valve fulguration,14000,Clinical notes and confirmation of stenosis of posterir urethral valve by Voiding cystourethrogram (preferred) + USG +/- uroflowmetry.,"Intra procedure clinical photograph, Post procedure Imaging (USG), Detailed discharge summary, detailed Procedure / Operative Notes",No,--
SS,Paediatric surgery,SU076A,Urethrorectal fistula repair,40000,Clinical notes and confirmation of fistula and it's tract by Cystoscopy+Sigmoidoscopy+/-RGU+MCU," detailed Procedure / Operative Notes, Detailed discharge summary",No,--
SS,Paediatric surgery,SU088A,Orchiopexy with laparoscopy,30000,Clinical notes and USG confirming that laparoscopy is needed for locating the testes. Clinical Photograph of affected part,"Post Procedure Clinical Photograph of affected part, detailed Procedure / Operative Notes; Detailed discharge summary",No,--
SS,Paediatric surgery,SU088B,Orchiopexy without laparoscopy - U/L,15000,"Clinical notes and USG confirming location of undescended testis, Clinical Photograph of affected part","Post Procedure Clinical Photograph of affected part, detailed Procedure / Operative Notes; Detailed discharge summary",No,--
SS,Paediatric surgery,SU088C,Orchiopexy without laparoscopy - B/L,15000,"Clinical notes and USG confirming location of undescended testis, Clinical Photograph of affected part","Post Procedure Clinical Photograph of affected part, detailed Procedure / Operative Notes; Detailed discharge summary",No,--
SS,Paediatric surgery,SU094A,Emergency management of Ureteric stone - Package for evaluation / investigation (ultrasound + culture) for 3 weeks (medicines).,3500,Clinical notes detailing the case history with previous work up / initial diagnosis with stills of ureteric stone and treatment done so far,Detailed reports of all investigations done and consultation paper of treating doctor; culture & ABS report and Evidence of 3 weeks medicines,No,--
SS,Paediatric surgery,SV022A,"Thoracotomy, Thoraco Abdominal Approach",30000,Clinical notes and CT Chest establishing the aetiology for which surgery is done,"Detailed Operation notes, detailed discharge summary.",No,--
SS,Paediatric surgery,SV023A,Lung cyst exision,45000,Clinical notes and CT Chest,"Detailed Operation notes, Discharge summary",No,--
SS,Paediatric surgery,SV023B,Decortication,45000,Clinical notes and CT Chest,"Detailed Operation notes, Discharge summary",No,--
SS,Paediatric surgery,SV023C,Hydatid cyst,45000,Clinical notes and CT Chest,"Detailed Operation notes, Discharge summary",No,--
SS,Paediatric surgery,SV023D,Other simple lung procedure excluding lung resection ,45000,Clinical notes and CT Chest,"Detailed Operation notes, Discharge summary",No,--
SS,Paediatric surgery,SV029A,Diaphragmatic Repair,30000,"Clinical notes and Chest XRAY, CT Chest","Detailed procedure notes, detailed discharge summary.",No,--
ST,Polytrauma,STU100,Unspecified Surgical Package,0,NA,NA,No,--
SU,Urology,SU005A,Open,30000,Clinical notes and IVP / NCCT+ CT-IVP confirming the indication ,"Post procedure Imaging (X Ray/USG), showing stone removed; Detailed discharge summary, detailed Procedure / Operative Notes",No,--
SU,Urology,SU005B,Anatrophic,30000,Clinical notes and IVP / NCCT+ CT-IVP confirming the indication ,"Post procedure Imaging (X Ray/USG), showing stone removed; Detailed discharge summary, detailed Procedure / Operative Notes",No,--
SU,Urology,SU006A,Open Nephrolithotomy - Follow Up,1000,Earlier Discharge Summary,"USG / Urine Routine, Drugs",No,--
SU,Urology,SU007A,PCNL (Percutaneous Nephrolithotomy),35000,Clinical notes and IVP / NCCT+ CT-IVP confirming the indication and need for PCNL,"Intra operative photograph. Detailed discharge summary, detailed Procedure / Operative Notes; Post procedure Imaging (X Ray/USG),",No,--
SU,Urology,SU009A,Nephrostomy (PCN) - Follow Up,1200,Earlier Discharge Summary,USG / X-RAY  KUB,No,--
SU,Urology,SU013A,Open,14000,Clinical notes and USG/CT confirming the diagnosis of perinephric abscess.,Intra procedure still photograph; detailed discharge summary; detailed Procedure / Operative Notes,No,--
SU,Urology,SU013B,Percutaneous,14000,Clinical notes and USG/CT confirming the diagnosis of perinephric abscess.,Intra procedure still photograph; detailed discharge summary; detailed Procedure / Operative Notes,No,--
SU,Urology,SU014A,Lower Ureter,28000,Clinical notes and IVP / NCCT+ CT-IVP confirming the indication ,"Detailed discharge summary, Post procedure Imaging (X Ray/USG), showing stone removed detailed Procedure / Operative Notes",No,--
SU,Urology,SU014B,Upper Ureter,28000,Clinical notes and IVP / NCCT+ CT-IVP confirming the indication ,"Detailed discharge summary, Post procedure Imaging (X Ray/USG), showing stone removed detailed Procedure / Operative Notes",No,--
SU,Urology,SU015A,URSL / URSL - Laser - Follow Up,1000,Earlier Discharge Summary,"USG / Urine Routine, Drugs",No,--
SU,Urology,SU016A,"Extracoporeal shock - wave Lithotripsy (ESWL) stone, with or without stent (one side)",18500,"Clinical notes and IVP / NCCT+ CT-IVP confirming the indication and need for ESWL, Is EHCP registered for ESWL?","Intra operative photograph. Detailed discharge summary, detailed Procedure / Operative Notes; ",No,--
SU,Urology,SU017A,ESWL - Follow Up,1000,Earlier Discharge Summary,USG / X-RAY KUB,No,--
SU,Urology,SU019A,Lap Ureterolithotomy - Follow Up,1000,Earlier Discharge Summary,"USG / Urine Routine, Drugs",No,--
SU,Urology,SU020A,Open Ureterolithotomy - Follow Up,1000,Earlier Discharge Summary,"USG / Urine Routine, Drugs",No,--
SU,Urology,SU022A,Pyeloplasty - Follow Up,1500,Earlier Discharge Summary,USG / UFM / Urine Routine,No,--
SU,Urology,SU025A,Internal Ureterotomy including cystoscopy as an independent procedure,10000,Clinical notes and Investigation reports confirming urethral stricture (RGU+/- MCU),"Endoscopic Intra procedure still photograph, detailed discharge summary, Detailed Procedure / Operative Notes",No,--
SU,Urology,SU026A,Open ,28000,"Clinical notes and CT-IVP/ MRI Urogram confirming the diagnosis for which the surgery is done,","Intra procedure still photograph,Detailed discharge summary, detailed Procedure / Operative Notes including details of omental wrapping if done",No,--
SU,Urology,SU026B,Lap.,28000,"Clinical notes and CT-IVP/ MRI Urogram confirming the diagnosis for which the surgery is done,","Intra procedure still photograph,Detailed discharge summary, detailed Procedure / Operative Notes including details of omental wrapping if done",No,--
SU,Urology,SU031A,Open ,30000,Clinical notes and IVP/CT-IVP+/-MCU confirming the stricture longer than 5 cms for which the surgery is done,"Intra procedure still photograph,Detailed discharge summary, detailed Procedure / Operative Notes including details of omental wrapping if done",No,--
SU,Urology,SU031B,Lap.,30000,Clinical notes and IVP/CT-IVP+/-MCU confirming the stricture longer than 5 cms for which the surgery is done,"Intra procedure still photograph,Detailed discharge summary, detailed Procedure / Operative Notes including details of omental wrapping if done",No,--
SU,Urology,SU032A,Ileal replacement for ureteric stricture,46000,Clinical notes and IVP/CT-IVP+/-MCU confirming the stricture longer than 5 cms for which the surgery is done,"Intra procedure still photograph,Detailed discharge summary, detailed Procedure / Operative Notes including details of omental wrapping if done",No,--
SU,Urology,SU034A,DJ Stent Removal,5000,"Clinical notes with planned line of treatment including planned line of treatment, X-ray films with reports, Discharge Summary of DJ Stenting ",discharge summary,No,--
SU,Urology,SU035A,"Ureterocele incision including cystoscopy, ureteric catheterization, retrograde pyelogram",15000,"Clinical notes and IVP/CT-IVP confirming the diagnosis for which the surgery is done,","Evidence of cystoscopy, ureteric catheterization, retrograde pyelogram; Detailed discharge summary, detailed Procedure / Operative Notes",No,--
SU,Urology,SU036A,"Ureteric sampling including cystoscopy, ureteric catheterization, retrograde pyelogram",11000,"Clinical notes and Reports of all previous work up done (Xray/USG/CT Scan), clinical diagnosis suspected for this procedure.","Evidence of cystoscopy, ureteric catheterization, retrograde pyelogram and the diagnosis arrived at; Detailed discharge summary, detailed Procedure / Operative Notes",No,--
SU,Urology,SU038A,Retrograde with laser / bugbee,25000,"Clinical notes and IVP/CT/ CT-IVP,+/-DTPA renal scan, is the hospital equipped with Laser?","Intra operative photograph. Detailed discharge summary, detailed Procedure / Operative Notes. If bugbee electrode is billed, insist on invoice/ barcode.",No,--
SU,Urology,SU038B,Antegrade with laser / bugbee,25000,"Clinical notes and IVP/CT/ CT-IVP,+/-DTPA renal scan, is the hospital equipped with Laser?","Intra operative photograph. Detailed discharge summary, detailed Procedure / Operative Notes. If bugbee electrode is billed, insist on invoice/ barcode.",No,--
SU,Urology,SU039A,Open Pyelolithotomy - Follow Up,1200,Earlier Discharge Summary,"USG / Urine Routine, Drugs",No,--
SU,Urology,SU044A,Partial Cystectomy - Follow Up,1000,Earlier Discharge Summary,USG,No,--
SU,Urology,SU046A,Deflux for VUR,1200,Clinical notes with planned line of treatment,IVU,No,--
SU,Urology,SU047A,Bladder Diverticulectomy - Follow Up,1000,Earlier Discharge Summary,USG,No,--
SU,Urology,SU054A,Bladder Neck incision - Endoscopic,15000,"USG-KUB/PVR, Uroflometry",Endoscopic picture,No,--
SU,Urology,SU057A,Post TURBT - Check Cystoscopy (Per sitting) with cold-cup biopsy,10000,Clinical notes and Histopathology/ biopsy confirming the diagnosis of bladder cancer,Intra procedure still photograph; detailed discharge summary; detailed Procedure / Operative Notes,No,--
SU,Urology,SU058A,Urachal Cyst excision - Open,18500,Clinical notes and USG/CT/MRI confirming the diagnosis of Urachus,"Histopathology, Detailed discharge summary , detailed Procedure / Operative Notes",No,--
SU,Urology,SU058B,Urachal Cyst excision - Laparoscopic,18500,Clinical notes and USG/CT/MRI confirming the diagnosis of Urachus,"Histopathology, Detailed discharge summary , detailed Procedure / Operative Notes",No,--
SU,Urology,SU059A,VVF Repair - Follow Up,1500,Earlier Discharge Summary,USG / UFM / Urine Routine,No,--
SU,Urology,SU063A,Repair of stress incontinence - Follow Up,1000,Earlier Discharge Summary,Clinical notes with planned line of treatment,No,--
SU,Urology,SU067A,Urethroplasty Follow Up,1000,Earlier Discharge Summary,USG / UFM / Urine Routine,No,--
SU,Urology,SU072A,Hypospadias Repair - Follow Up,1000,Discharge Summary,USG / UFM / Urine Routine,No,--
SU,Urology,SU074A,Excision of Urethral Caruncle,5000,Clinical notes and confirmed diagnosis of urethral carunclule.,"Histopathology, Detailed discharge summary, detailed Procedure / Operative Notes",No,--
SU,Urology,SU077A,Open simple prostatetctomy for BPH,27500,"Clinical notes and USG with prostate size and Post Void Volume +/- PSA, +/- uroflometry","Histopathology, Detailed discharge summary, detailed Procedure / Operative Notes",No,--
SU,Urology,SU078A,Open,50000,Clinical notes and MRI /CT prostrate + PSA+Biopsy;,"Histopathology of prostate, Detailed discharge summary, detailed Procedure / Operative Notes with details of nodes removed.",No,--
SU,Urology,SU078B,Lap.,50000,Clinical notes and MRI /CT prostrate + PSA+Biopsy;,"Histopathology of prostate, Detailed discharge summary, detailed Procedure / Operative Notes with details of nodes removed.",No,--
SU,Urology,SU079A,Holmium Laser Prostatectomy,40000,"Clinical notes and USG with prostate size and Post Void Volume +/- PSA, +/- uroflometry Is the hospital registered for holmium laser?","Histopathology, Detailed discharge summary, detailed Procedure / Operative Notes",No,--
SU,Urology,SU080A,Monopolar,27500,"Clinical notes and USG with prostate size and Post Void Volume +/- PSA, +/- uroflometry","Histopathology, Detailed discharge summary, detailed Procedure / Operative Notes",No,--
SU,Urology,SU080B,Bipolar,27500,"Clinical notes and USG with prostate size and Post Void Volume +/- PSA, +/- uroflometry","Histopathology, Detailed discharge summary, detailed Procedure / Operative Notes",No,--
SU,Urology,SU081A,Transrectal Ultrasound guided prostate biopsy (minimum 12 core),10000,"Clinical notes and USG with prostate size and Post Void Volume establishing suspicion of malignancy, +/- PSA","Histopathology showing reporting of minimum 12 core samples of prostate, Detailed discharge summary, detailed Procedure / Operative Notes.",No,--
SU,Urology,SU083A,Aspiration,15000,Color-flow penile Doppler imaging/ USG (patients with high-flow priapism),Detailed discharge summary; detailed Procedure / Operative Notes,No,--
SU,Urology,SU083B,Shunt,15000,Color-flow penile Doppler imaging/ USG (patients with high-flow priapism),Detailed discharge summary; detailed Procedure / Operative Notes,No,--
SU,Urology,SU084A,Surgery for Priaprism - Follow Up,1000,Earlier Discharge Summary,Clinical notes with planned line of treatment,No,--
SU,Urology,SU085A,Penile prosthesis insertion,35000,Clinical notes with Previous medical reports showing the panectomy and its indication,"Detailed discharge summary, detailed Procedure / Operative Notes, Bar code of implant used",No,--
SU,Urology,SU089A,Non Microsurgical,10000,Clinical notes and USG Scrotum,Detailed discharge summary; detailed Procedure / Operative Notes,No,--
SU,Urology,SU089B,Microsurgical,15000,Clinical notes and USG Scrotum; is the EHCP registred for microsurgery?,Detailed discharge summary; detailed Procedure / Operative Notes,No,--
SU,Urology,SU093A,PCNL - Follow Up,1200,Earlier Discharge Summary,"USG / Urine Routine, Drugs",No,--
SU,Urology,SUU100,Unspecified Surgical Package,0,NA,NA,No,--
SV,Cardio-thoracic  Vascular surgery,SV001A,Unifocalization of MAPCA,100000,Clinical notes and ECHO and / or doppler reports,"Detailed discharge summary, Detailed Operative notes, barcode of Implant, if used.",No,--
SV,Cardio-thoracic  Vascular surgery,SV001B,Isolated Secundum Atrial Septal Defect (ASD) Repair,100000,Clinical notes and ECHO and / or doppler reports,"Detailed discharge summary, Detailed Operative notes, barcode of Implant, if used.",No,--
SV,Cardio-thoracic  Vascular surgery,SV001C,Glenn procedure,100000,Clinical notes and ECHO and / or doppler reports,"Detailed discharge summary, Detailed Operative notes, barcode of Implant, if used.",No,--
SV,Cardio-thoracic  Vascular surgery,SV001D,Pulmonary Artery Banding,100000,Clinical notes and ECHO and / or doppler reports,"Detailed discharge summary, Detailed Operative notes, barcode of Implant, if used.",No,--
SV,Cardio-thoracic  Vascular surgery,SV001E,Systemic - Pulmonary Artery shunt,100000,Clinical notes and ECHO and / or doppler reports,"Detailed discharge summary, Detailed Operative notes, barcode of Implant, if used.",No,--
SV,Cardio-thoracic  Vascular surgery,SV001F,Vascular Ring division,100000,Clinical notes and ECHO and / or doppler reports,"Detailed discharge summary, Detailed Operative notes, barcode of Implant, if used.",No,--
SV,Cardio-thoracic  Vascular surgery,SV001G,Coarctation repair,100000,Clinical notes and ECHO and / or doppler reports,"Detailed discharge summary, Detailed Operative notes, barcode of Implant, if used.",No,--
SV,Cardio-thoracic  Vascular surgery,SV002A,ASD closure + Partial Anomalous Venous Drainage Repair,120000,Clinical notes and  ECHO report,"Detailed discharge summary, Detailed Operative notes, barcode of Implant, if used.",No,--
SV,Cardio-thoracic  Vascular surgery,SV002B,ASD Closure + Mitral procedure,120000,Clinical notes and  ECHO report,"Detailed discharge summary, Detailed Operative notes, barcode of Implant, if used.",No,--
SV,Cardio-thoracic  Vascular surgery,SV002C,ASD Closure + Tricuspid procedure,120000,Clinical notes and  ECHO report,"Detailed discharge summary, Detailed Operative notes, barcode of Implant, if used.",No,--
SV,Cardio-thoracic  Vascular surgery,SV002D,ASD Closure + Pulmonary procedure,120000,Clinical notes and  ECHO report,"Detailed discharge summary, Detailed Operative notes, barcode of Implant, if used.",No,--
SV,Cardio-thoracic  Vascular surgery,SV002E,ASD Closure + Infundibular procedure,120000,Clinical notes and  ECHO report,"Detailed discharge summary, Detailed Operative notes, barcode of Implant, if used.",No,--
SV,Cardio-thoracic  Vascular surgery,SV002F,VSD closure,120000,Clinical notes and  ECHO report,"Detailed discharge summary, Detailed Operative notes, barcode of Implant, if used.",No,--
SV,Cardio-thoracic  Vascular surgery,SV002G,Infundibular PS repair ,120000,Clinical notes and  ECHO report,"Detailed discharge summary, Detailed Operative notes, barcode of Implant, if used.",No,--
SV,Cardio-thoracic  Vascular surgery,SV002H,Valvular PS / PR repair,120000,Clinical notes and  ECHO report,"Detailed discharge summary, Detailed Operative notes, barcode of Implant, if used.",No,--
SV,Cardio-thoracic  Vascular surgery,SV002I,Partial AV canal repair,120000,Clinical notes and  ECHO report,"Detailed discharge summary, Detailed Operative notes, barcode of Implant, if used.",No,--
SV,Cardio-thoracic  Vascular surgery,SV002J,Intermediate AV canal repair,120000,Clinical notes and  ECHO report,"Detailed discharge summary, Detailed Operative notes, barcode of Implant, if used.",No,--
SV,Cardio-thoracic  Vascular surgery,SV002K,Atrial septectomy + Glenn,120000,Clinical notes and  ECHO report,"Detailed discharge summary, Detailed Operative notes, barcode of Implant, if used.",No,--
SV,Cardio-thoracic  Vascular surgery,SV002L,Atrial septectomy + PA Band ,120000,Clinical notes and  ECHO report,"Detailed discharge summary, Detailed Operative notes, barcode of Implant, if used.",No,--
SV,Cardio-thoracic  Vascular surgery,SV002M,Sinus of Valsalva aneurysm repair with aortic valve procedure,120000,Clinical notes and  ECHO report,"Detailed discharge summary, Detailed Operative notes, barcode of Implant, if used.",No,--
SV,Cardio-thoracic  Vascular surgery,SV002N,Sinus of Valsalva aneurysm repair without aortic valve procedure,120000,Clinical notes and  ECHO report,"Detailed discharge summary, Detailed Operative notes, barcode of Implant, if used.",No,--
SV,Cardio-thoracic  Vascular surgery,SV002O,Sub-aortic membrane resection,120000,Clinical notes and  ECHO report,"Detailed discharge summary, Detailed Operative notes, barcode of Implant, if used.",No,--
SV,Cardio-thoracic  Vascular surgery,SV003A,Ebstien repair,150000,ECHO / Doppler Report,"Detailed discharge summary, Detailed Operative notes, barcode of Implant, if used.",No,--
SV,Cardio-thoracic  Vascular surgery,SV003B,Double switch operation,150000,ECHO / Doppler Report,"Detailed discharge summary, Detailed Operative notes, barcode of Implant, if used.",No,--
SV,Cardio-thoracic  Vascular surgery,SV003C,Rastelli Procedure,150000,ECHO / Doppler Report,"Detailed discharge summary, Detailed Operative notes, barcode of Implant, if used.",No,--
SV,Cardio-thoracic  Vascular surgery,SV003D,Fontan procedure,150000,ECHO / Doppler Report,"Detailed discharge summary, Detailed Operative notes, barcode of Implant, if used.",No,--
SV,Cardio-thoracic  Vascular surgery,SV003E,AP window repair,150000,ECHO / Doppler Report,"Detailed discharge summary, Detailed Operative notes, barcode of Implant, if used.",No,--
SV,Cardio-thoracic  Vascular surgery,SV003F,Arch interruption Repair without VSD closure,150000,ECHO / Doppler Report,"Detailed discharge summary, Detailed Operative notes, barcode of Implant, if used.",No,--
SV,Cardio-thoracic  Vascular surgery,SV003G,Arch interruption Repair with VSD closure,150000,ECHO / Doppler Report,"Detailed discharge summary, Detailed Operative notes, barcode of Implant, if used.",No,--
SV,Cardio-thoracic  Vascular surgery,SV003H,DORV Repair,150000,ECHO / Doppler Report,"Detailed discharge summary, Detailed Operative notes, barcode of Implant, if used.",No,--
SV,Cardio-thoracic  Vascular surgery,SV003I,Supravalvular AS repair,150000,ECHO / Doppler Report,"Detailed discharge summary, Detailed Operative notes, barcode of Implant, if used.",No,--
SV,Cardio-thoracic  Vascular surgery,SV003J,Konno procedure,150000,ECHO / Doppler Report,"Detailed discharge summary, Detailed Operative notes, barcode of Implant, if used.",No,--
SV,Cardio-thoracic  Vascular surgery,SV003K,Norwood procedure,150000,ECHO / Doppler Report,"Detailed discharge summary, Detailed Operative notes, barcode of Implant, if used.",No,--
SV,Cardio-thoracic  Vascular surgery,SV003L,VSD closure + RV - PA conduit,150000,ECHO / Doppler Report,"Detailed discharge summary, Detailed Operative notes, barcode of Implant, if used.",No,--
SV,Cardio-thoracic  Vascular surgery,SV003M,VSD + Aortic procedure,150000,ECHO / Doppler Report,"Detailed discharge summary, Detailed Operative notes, barcode of Implant, if used.",No,--
SV,Cardio-thoracic  Vascular surgery,SV003N,VSD + Mitral procedure,150000,ECHO / Doppler Report,"Detailed discharge summary, Detailed Operative notes, barcode of Implant, if used.",No,--
SV,Cardio-thoracic  Vascular surgery,SV003O,VSD + Tricuspid procedure,150000,ECHO / Doppler Report,"Detailed discharge summary, Detailed Operative notes, barcode of Implant, if used.",No,--
SV,Cardio-thoracic  Vascular surgery,SV003P,VSD + Pulmonary procedure,150000,ECHO / Doppler Report,"Detailed discharge summary, Detailed Operative notes, barcode of Implant, if used.",No,--
SV,Cardio-thoracic  Vascular surgery,SV003Q,VSD + Infundibular procedure,150000,ECHO / Doppler Report,"Detailed discharge summary, Detailed Operative notes, barcode of Implant, if used.",No,--
SV,Cardio-thoracic  Vascular surgery,SV003R,VSD + Coarctation repair,150000,ECHO / Doppler Report,"Detailed discharge summary, Detailed Operative notes, barcode of Implant, if used.",No,--
SV,Cardio-thoracic  Vascular surgery,SV003S,TAPVC Repair,150000,ECHO / Doppler Report,"Detailed discharge summary, Detailed Operative notes, barcode of Implant, if used.",No,--
SV,Cardio-thoracic  Vascular surgery,SV003T,Truncus arteriosus repair,150000,ECHO / Doppler Report,"Detailed discharge summary, Detailed Operative notes, barcode of Implant, if used.",No,--
SV,Cardio-thoracic  Vascular surgery,SV003U,Tetralogy of Fallot Repair,150000,ECHO / Doppler Report,"Detailed discharge summary, Detailed Operative notes, barcode of Implant, if used.",No,--
SV,Cardio-thoracic  Vascular surgery,SV003V,Complete AV canal repair,150000,ECHO / Doppler Report,"Detailed discharge summary, Detailed Operative notes, barcode of Implant, if used.",No,--
SV,Cardio-thoracic  Vascular surgery,SV003W,Arterial switch operation,150000,ECHO / Doppler Report,"Detailed discharge summary, Detailed Operative notes, barcode of Implant, if used.",No,--
SV,Cardio-thoracic  Vascular surgery,SV003X,Senning Operation,150000,ECHO / Doppler Report,"Detailed discharge summary, Detailed Operative notes, barcode of Implant, if used.",No,--
SV,Cardio-thoracic  Vascular surgery,SV003Y,Mustard Operation,150000,ECHO / Doppler Report,"Detailed discharge summary, Detailed Operative notes, barcode of Implant, if used.",No,--
SV,Cardio-thoracic  Vascular surgery,SV004A,"Coronary artery bypass grafting (CABG), 
including intra operative balloon pump (if required)",118100,ECHO + CAG report stills showing significant multiple blocks & LVEF,"Detailed Operation notes, detailed discharge summary",No,--
SV,Cardio-thoracic  Vascular surgery,SV005A,Aortic Valve,119000,Clinical notes and ECHO / Doppler report,"Post op ECHO , Detailed procedure notes, detailed discharge summary, Barcode of implant, if used.",No,--
SV,Cardio-thoracic  Vascular surgery,SV005B,Mitral Valve,119000,Clinical notes and ECHO / Doppler report,"Post op ECHO , Detailed procedure notes, detailed discharge summary, Barcode of implant, if used.",No,--
SV,Cardio-thoracic  Vascular surgery,SV005C,Tricuspid Valve,119000,Clinical notes and ECHO / Doppler report,"Post op ECHO , Detailed procedure notes, detailed discharge summary, Barcode of implant, if used.",No,--
SV,Cardio-thoracic  Vascular surgery,SV006A,Double Valve Procedure,142000,Clinical notes and ECHO and doppler reports showing two cardiac valves diseased ,"Detailed discharge summary, Detailed Operative notes, barcode of valves/rings used",No,--
SV,Cardio-thoracic  Vascular surgery,SV007A,Triple valve procedure ,170000,Clinical notes and ECHO and doppler reports showing three cardiac valves diseased ,"Detailed discharge summary, Detailed Operative notes, barcode of valves/rings used",No,--
SV,Cardio-thoracic  Vascular surgery,SV008A,Closed Mitral Valvotomy including thoracotomy,57000,Clinical notes and ECHO and / or doppler reports,"Detailed discharge summary, Detailed Operative notes.",No,--
SV,Cardio-thoracic  Vascular surgery,SV009A,Ross Procedure,150000,Clinical notes and ECHO report," Detailed procedure notes, detailed discharge summary, Barcode of RV-PA conduit",No,--
SV,Cardio-thoracic  Vascular surgery,SV010A,Surgery for Hypertrophic Obstructive Cardiomyopathy (HOCM),111000,Clinical notes and ECHO report,"Detailed discharge summary, Detailed Operation notes,",No,--
SV,Cardio-thoracic  Vascular surgery,SV011A,Pericardial window (via thoracotomy),30000,Clinical notes and CT Chest establishing the aetiology for which surgery is done,"Detailed Operation notes, detailed discharge summary.",No,--
SV,Cardio-thoracic  Vascular surgery,SV012A,Pericardiectomy,67000,Clinical notes an ECHO report ,"Detailed Operation notes, Discharge summary",No,--
SV,Cardio-thoracic  Vascular surgery,SV013A,Patent Ductus Arteriosus (PDA) Closure via thoracotomy,57000,Clinical notes and ECHO report,"Detailed Operation notes, Discharge summary",No,--
SV,Cardio-thoracic  Vascular surgery,SV014A,Bental Procedure,150000,"Clinical notes and ECHO report, CT angio / Angio / MRI report","Detailed discharge summary, Detailed Operation notes.",No,--
SV,Cardio-thoracic  Vascular surgery,SV014B,Aortic Dissection,150000,"Clinical notes and ECHO report, CT angio / Angio / MRI report","Detailed discharge summary, Detailed Operation notes.",No,--
SV,Cardio-thoracic  Vascular surgery,SV014C,Aortic Aneurysm,150000,"Clinical notes and ECHO report, CT angio / Angio / MRI report","Detailed discharge summary, Detailed Operation notes.",No,--
SV,Cardio-thoracic  Vascular surgery,SV014D,Valve sparing root replacement,150000,"Clinical notes and ECHO report, CT angio / Angio / MRI report","Detailed discharge summary, Detailed Operation notes.",No,--
SV,Cardio-thoracic  Vascular surgery,SV014E,AVR + Root enlargement,150000,"Clinical notes and ECHO report, CT angio / Angio / MRI report","Detailed discharge summary, Detailed Operation notes.",No,--
SV,Cardio-thoracic  Vascular surgery,SV017A,Aorto Iliac bypass - U/L,64500,Clinical notes and MRA / CT angio / Angio reports,"Detailed discharge summary, Detailed Operative notes,, barcode of synthetic graft",No,--
SV,Cardio-thoracic  Vascular surgery,SV017B,Aorto femoral bypass - U/L,64500,Clinical notes and MRA / CT angio / Angio reports,"Detailed discharge summary, Detailed Operative notes,, barcode of synthetic graft",No,--
SV,Cardio-thoracic  Vascular surgery,SV017C,Aorto Iliac bypass - B/L,64500,Clinical notes and MRA / CT angio / Angio reports,"Detailed discharge summary, Detailed Operative notes,, barcode of synthetic graft",No,--
SV,Cardio-thoracic  Vascular surgery,SV017D,Aorto femoral bypass - B/L,64500,Clinical notes and MRA / CT angio / Angio reports,"Detailed discharge summary, Detailed Operative notes,, barcode of synthetic graft",No,--
SV,Cardio-thoracic  Vascular surgery,SV018A,Pulmonary Embolectomy,141000,Clinical notes and ECHO report + CT Chest report ,"Detailed Operation notes, Discharge summary",No,--
SV,Cardio-thoracic  Vascular surgery,SV018B,Thromboendarterectomy,141000,Clinical notes and ECHO report + CT Chest report ,"Detailed Operation notes, Discharge summary",No,--
SV,Cardio-thoracic  Vascular surgery,SV019A,Femoro - Femoral Bypass ,50000,Clinical notes and Angiogram / CT Angiogram / MRI reports,"Detailed operative notes, Discharge summary; barcode of graft used.",No,--
SV,Cardio-thoracic  Vascular surgery,SV019B,Carotid - endearterectomy,50000,Clinical notes and Angiogram / CT Angiogram / MRI reports,"Detailed operative notes, Discharge summary; barcode of graft used.",No,--
SV,Cardio-thoracic  Vascular surgery,SV019C,Carotid Body Tumor Excision,50000,Clinical notes and Angiogram / CT Angiogram / MRI reports,"Detailed operative notes, Discharge summary; barcode of graft used.",No,--
SV,Cardio-thoracic  Vascular surgery,SV019D,Thoracic Outlet syndrome Repair,50000,Clinical notes and Angiogram / CT Angiogram / MRI reports,"Detailed operative notes, Discharge summary; barcode of graft used.",No,--
SV,Cardio-thoracic  Vascular surgery,SV019E,Carotid aneurysm repair,50000,Clinical notes and Angiogram / CT Angiogram / MRI reports,"Detailed operative notes, Discharge summary; barcode of graft used.",No,--
SV,Cardio-thoracic  Vascular surgery,SV019F,Subclavian aneurysm repair,50000,Clinical notes and Angiogram / CT Angiogram / MRI reports,"Detailed operative notes, Discharge summary; barcode of graft used.",No,--
SV,Cardio-thoracic  Vascular surgery,SV019G,Axillary aneurysm repair,50000,Clinical notes and Angiogram / CT Angiogram / MRI reports,"Detailed operative notes, Discharge summary; barcode of graft used.",No,--
SV,Cardio-thoracic  Vascular surgery,SV019H,Brachial aneurysm repair,50000,Clinical notes and Angiogram / CT Angiogram / MRI reports,"Detailed operative notes, Discharge summary; barcode of graft used.",No,--
SV,Cardio-thoracic  Vascular surgery,SV019I,Femoral aneurysm repair,50000,Clinical notes and Angiogram / CT Angiogram / MRI reports,"Detailed operative notes, Discharge summary; barcode of graft used.",No,--
SV,Cardio-thoracic  Vascular surgery,SV019J,Popliteal aneurysm repair,50000,Clinical notes and Angiogram / CT Angiogram / MRI reports,"Detailed operative notes, Discharge summary; barcode of graft used.",No,--
SV,Cardio-thoracic  Vascular surgery,SV019K,Femoral - popliteal Bypass,50000,Clinical notes and Angiogram / CT Angiogram / MRI reports,"Detailed operative notes, Discharge summary; barcode of graft used.",No,--
SV,Cardio-thoracic  Vascular surgery,SV019L,Axillo - Brachial Bypass,50000,Clinical notes and Angiogram / CT Angiogram / MRI reports,"Detailed operative notes, Discharge summary; barcode of graft used.",No,--
SV,Cardio-thoracic  Vascular surgery,SV019M,Carotio - carotid Bypass,50000,Clinical notes and Angiogram / CT Angiogram / MRI reports,"Detailed operative notes, Discharge summary; barcode of graft used.",No,--
SV,Cardio-thoracic  Vascular surgery,SV019N,Carotido - subclavian bypass,50000,Clinical notes and Angiogram / CT Angiogram / MRI reports,"Detailed operative notes, Discharge summary; barcode of graft used.",No,--
SV,Cardio-thoracic  Vascular surgery,SV019O,Carotido - axillary bypass,50000,Clinical notes and Angiogram / CT Angiogram / MRI reports,"Detailed operative notes, Discharge summary; barcode of graft used.",No,--
SV,Cardio-thoracic  Vascular surgery,SV019P,Axillo - femoral bypass - U/L,50000,Clinical notes and Angiogram / CT Angiogram / MRI reports,"Detailed operative notes, Discharge summary; barcode of graft used.",No,--
SV,Cardio-thoracic  Vascular surgery,SV019Q,Axillo - femoral bypass - B/L,50000,Clinical notes and Angiogram / CT Angiogram / MRI reports,"Detailed operative notes, Discharge summary; barcode of graft used.",No,--
SV,Cardio-thoracic  Vascular surgery,SV019R,Aorto - carotid bypass,50000,Clinical notes and Angiogram / CT Angiogram / MRI reports,"Detailed operative notes, Discharge summary; barcode of graft used.",No,--
SV,Cardio-thoracic  Vascular surgery,SV019S,Aorto - subclavian bypass,50000,Clinical notes and Angiogram / CT Angiogram / MRI reports,"Detailed operative notes, Discharge summary; barcode of graft used.",No,--
SV,Cardio-thoracic  Vascular surgery,SV021A,Peripheral arterial injury repair (without bypass),30000,"Clinical notes with planned line of treatment, Doppler",Detailed discharge summary and operative notes,No,--
SV,Cardio-thoracic  Vascular surgery,SV024A,Pulmonary Resection,70000,Clinical notes and Pre-Op X-ray / CT Scan,"HPE of resected tissue detailed operation notes, discharge summary.",No,--
SV,Cardio-thoracic  Vascular surgery,SV031A,Tetralogy of Fallot Repair,75000,"ECHO / Doppler Report, Detailed Operative notes indicating need for Reoperation","Detailed discharge summary, Detailed Operative notes, barcode of Implant, if used. Ascertain the need for reoperation.",No,--
SV,Cardio-thoracic  Vascular surgery,SV031B,Aortic Valve,59500,"Clinical notes and ECHO / Doppler report, Detailed Operative notes indicating need for Reoperation","Post op ECHO , Detailed procedure notes, detailed discharge summary, Barcode of implant, if used. Ascertain the need for reoperation.",No,--
SV,Cardio-thoracic  Vascular surgery,SV031C,Mitral Valve,59500,"Clinical notes and ECHO / Doppler report, Detailed Operative notes indicating need for Reoperation","Post op ECHO , Detailed procedure notes, detailed discharge summary, Barcode of implant, if used. Ascertain the need for reoperation.",No,--
SV,Cardio-thoracic  Vascular surgery,SV031D,Tricuspid Valve,59500,"Clinical notes and ECHO / Doppler report, Detailed Operative notes indicating need for Reoperation","Post op ECHO , Detailed procedure notes, detailed discharge summary, Barcode of implant, if used. Ascertain the need for reoperation.",No,--
SV,Cardio-thoracic  Vascular surgery,SV031E,Double Valve Procedure,71000,"Clinical notes and ECHO and doppler reports, Detailed Operative notes indicating need for Reoperation","Detailed discharge summary, Detailed Operative notes, barcode of valves/rings used. Ascertain the need for reoperation.",No,--
SV,Cardio-thoracic  Vascular surgery,SV031F,Triple valve procedure ,85000,"Clinical notes and ECHO and doppler reports, Detailed Operative notes indicating need for Reoperation","Detailed discharge summary, Detailed Operative notes, barcode of valves/rings used. Ascertain the need for reoperation.",No,--
SV,Cardio-thoracic  Vascular surgery,SV032A,Low Cardiac Output syndrome requiring IABP insertion post - operatively,50000,"Clinical notes with planned line of treatment 
(including indication for need of required Procedure )","Procedure / Operative Notes, Detailed Discharge Summary",No,--
SV,Cardio-thoracic  Vascular surgery,SV033A,Re-do sternotomy,20000,"Clinical notes with planned line of treatment 
(including indication for need of required Procedure )","Procedure / Operative Notes, Detailed Discharge Summary",No,--
SV,Cardio-thoracic  Vascular surgery,SV034A,Excessive bleeding requiring re-exploration,10000,"Clinical notes with planned line of treatment 
(including indication for need of required Procedure )","Procedure / Operative Notes, Detailed Discharge Summary",No,--
SV,Cardio-thoracic  Vascular surgery,SVU100,Unspecified Surgical Package,0,NA,NA,No,--
